==== METHOD 1: exact flag-anchored similarity search [t=0s]
data file: /Users/daniel/github/skeletal-polytopes/research/petcox-facet-extensions/audits/fable-ultra-equivalence/build/producer/research/petcox-facet-extensions/logs/alpha-survivors.g
  [ok]   data file loaded: 24 records

---- case 1: L3-{4,3,3}-1   T={4,3,3}   alpha=1/2  (~0.5)
  [ok]   generators S1,S2,X are orthogonal (exact)
  [ok]   generators have determinant +1 (Gamma < SO(4))
  [note] p = Order(S1) = 8,  Order(S2) = 3,  Order(X) = 3
  [note] |w|^2 = 3  (~3.)
  [ok]   S2 fixes the base vertex w
  [ok]   (S1*S2)^2 = I
  [ok]   w*S1*S2 = w*S1^-1 (so e = {w, w S1^-1} lies in f*S2)
  [ok]   vertex set spans E^4
  [ok]   sum of all vertices is the zero vector (centroid = origin)
  [ok]   all vertices have the same squared norm |w|^2
  [ok]   generators permute the vertex set
  [ok]   |Gamma| = 192 = size of permutation image (faithful since V spans E^4)
  [ok]   base 2-face: the p vertices w S1^k (k=0..p-1) are distinct vertices
  [ok]   base face f (as edge set) = <S1>-orbit of the base edge
  [ok]   f-vector (V,E,F,C) = (16,32,12,4)  expected (16,32,12,4)
  [note] face size p = 8 edges; base cell has 6 faces and 16 vertices
  [ok]   base vertex lies in exactly 2 edges of the base face
  [ok]   base edge lies in exactly 2 faces of the base cell
  [ok]   base face lies in exactly 2 cells
  [ok]   f*S2 is the other face of the base cell through the base edge
  [ok]   number of flags = 384 = 2|Gamma|
  [ok]   Gamma acts freely on flags (stabiliser of the base flag is trivial)
  [ok]   sanity: identity maps base flag to itself
  [ok]   the 2-adjacent flag is NOT in the Gamma-orbit of the base flag => exactly two flag orbits (even/odd), Gamma-chiral
  [ok]   AdjacentFlag agrees with the explicit 0- and 2-adjacent flags
  [ok]   0-adjacent flag of the base flag lies in the odd orbit
  [ok]   0-adjacent flag of the 2-adjacent flag lies in the even orbit
  [ok]   1-adjacent flag of the base flag lies in the odd orbit
  [ok]   1-adjacent flag of the 2-adjacent flag lies in the even orbit
  [ok]   2-adjacent flag of the base flag lies in the odd orbit
  [ok]   2-adjacent flag of the 2-adjacent flag lies in the even orbit
  [ok]   3-adjacent flag of the base flag lies in the odd orbit
  [ok]   3-adjacent flag of the 2-adjacent flag lies in the even orbit
  [ok]   S1 maps the base flag to its (1,0)-adjacent flag (fixes f and c)
  [ok]   S2 fixes w and c and maps f to f*S2
  [ok]   X fixes w and e and moves c
  [ok]   the base face vertices span E^4
  [ok]   w, wS1, wS1^2, wS1^3 are linearly independent (anchor exponents [0,1,2,3])
  [ok]   anchor matrix P (rows w S1^kk) is invertible
  [note] vertex degree 4;  |Gamma| = 192;  flags = 384 [t=0s]

---- case 2: L3-{4,3,3}-2   T={4,3,3}   alpha=2  (~2.)
  [ok]   generators S1,S2,X are orthogonal (exact)
  [ok]   generators have determinant +1 (Gamma < SO(4))
  [note] p = Order(S1) = 8,  Order(S2) = 3,  Order(X) = 3
  [note] |w|^2 = 3/4  (~0.75)
  [ok]   S2 fixes the base vertex w
  [ok]   (S1*S2)^2 = I
  [ok]   w*S1*S2 = w*S1^-1 (so e = {w, w S1^-1} lies in f*S2)
  [ok]   vertex set spans E^4
  [ok]   sum of all vertices is the zero vector (centroid = origin)
  [ok]   all vertices have the same squared norm |w|^2
  [ok]   generators permute the vertex set
  [ok]   |Gamma| = 192 = size of permutation image (faithful since V spans E^4)
  [ok]   base 2-face: the p vertices w S1^k (k=0..p-1) are distinct vertices
  [ok]   base face f (as edge set) = <S1>-orbit of the base edge
  [ok]   f-vector (V,E,F,C) = (16,32,12,4)  expected (16,32,12,4)
  [note] face size p = 8 edges; base cell has 6 faces and 16 vertices
  [ok]   base vertex lies in exactly 2 edges of the base face
  [ok]   base edge lies in exactly 2 faces of the base cell
  [ok]   base face lies in exactly 2 cells
  [ok]   f*S2 is the other face of the base cell through the base edge
  [ok]   number of flags = 384 = 2|Gamma|
  [ok]   Gamma acts freely on flags (stabiliser of the base flag is trivial)
  [ok]   sanity: identity maps base flag to itself
  [ok]   the 2-adjacent flag is NOT in the Gamma-orbit of the base flag => exactly two flag orbits (even/odd), Gamma-chiral
  [ok]   AdjacentFlag agrees with the explicit 0- and 2-adjacent flags
  [ok]   0-adjacent flag of the base flag lies in the odd orbit
  [ok]   0-adjacent flag of the 2-adjacent flag lies in the even orbit
  [ok]   1-adjacent flag of the base flag lies in the odd orbit
  [ok]   1-adjacent flag of the 2-adjacent flag lies in the even orbit
  [ok]   2-adjacent flag of the base flag lies in the odd orbit
  [ok]   2-adjacent flag of the 2-adjacent flag lies in the even orbit
  [ok]   3-adjacent flag of the base flag lies in the odd orbit
  [ok]   3-adjacent flag of the 2-adjacent flag lies in the even orbit
  [ok]   S1 maps the base flag to its (1,0)-adjacent flag (fixes f and c)
  [ok]   S2 fixes w and c and maps f to f*S2
  [ok]   X fixes w and e and moves c
  [ok]   the base face vertices span E^4
  [ok]   w, wS1, wS1^2, wS1^3 are linearly independent (anchor exponents [0,1,2,3])
  [ok]   anchor matrix P (rows w S1^kk) is invertible
  [note] vertex degree 4;  |Gamma| = 192;  flags = 384 [t=0s]

---- case 3: L3-{4,3,3}-3   T={4,3,3}   alpha=infinity  (~infinity)
  [ok]   generators S1,S2,X are orthogonal (exact)
  [ok]   generators have determinant +1 (Gamma < SO(4))
  [note] p = Order(S1) = 8,  Order(S2) = 3,  Order(X) = 3
  [note] |w|^2 = 1  (~1.)
  [ok]   S2 fixes the base vertex w
  [ok]   (S1*S2)^2 = I
  [ok]   w*S1*S2 = w*S1^-1 (so e = {w, w S1^-1} lies in f*S2)
  [ok]   vertex set spans E^4
  [ok]   sum of all vertices is the zero vector (centroid = origin)
  [ok]   all vertices have the same squared norm |w|^2
  [ok]   generators permute the vertex set
  [ok]   |Gamma| = 192 = size of permutation image (faithful since V spans E^4)
  [ok]   base 2-face: the p vertices w S1^k (k=0..p-1) are distinct vertices
  [ok]   base face f (as edge set) = <S1>-orbit of the base edge
  [ok]   f-vector (V,E,F,C) = (16,32,12,4)  expected (16,32,12,4)
  [note] face size p = 8 edges; base cell has 6 faces and 16 vertices
  [ok]   base vertex lies in exactly 2 edges of the base face
  [ok]   base edge lies in exactly 2 faces of the base cell
  [ok]   base face lies in exactly 2 cells
  [ok]   f*S2 is the other face of the base cell through the base edge
  [ok]   number of flags = 384 = 2|Gamma|
  [ok]   Gamma acts freely on flags (stabiliser of the base flag is trivial)
  [ok]   sanity: identity maps base flag to itself
  [ok]   the 2-adjacent flag is NOT in the Gamma-orbit of the base flag => exactly two flag orbits (even/odd), Gamma-chiral
  [ok]   AdjacentFlag agrees with the explicit 0- and 2-adjacent flags
  [ok]   0-adjacent flag of the base flag lies in the odd orbit
  [ok]   0-adjacent flag of the 2-adjacent flag lies in the even orbit
  [ok]   1-adjacent flag of the base flag lies in the odd orbit
  [ok]   1-adjacent flag of the 2-adjacent flag lies in the even orbit
  [ok]   2-adjacent flag of the base flag lies in the odd orbit
  [ok]   2-adjacent flag of the 2-adjacent flag lies in the even orbit
  [ok]   3-adjacent flag of the base flag lies in the odd orbit
  [ok]   3-adjacent flag of the 2-adjacent flag lies in the even orbit
  [ok]   S1 maps the base flag to its (1,0)-adjacent flag (fixes f and c)
  [ok]   S2 fixes w and c and maps f to f*S2
  [ok]   X fixes w and e and moves c
  [ok]   the base face vertices span E^4
  [ok]   w, wS1, wS1^2, wS1^3 are linearly independent (anchor exponents [0,1,2,3])
  [ok]   anchor matrix P (rows w S1^kk) is invertible
  [note] vertex degree 4;  |Gamma| = 192;  flags = 384 [t=0s]

---- case 4: L3-{4,3,3}-6   T={4,3,3}   alpha=0  (~0.)
  [ok]   generators S1,S2,X are orthogonal (exact)
  [ok]   generators have determinant +1 (Gamma < SO(4))
  [note] p = Order(S1) = 8,  Order(S2) = 3,  Order(X) = 3
  [note] |w|^2 = 4  (~4.)
  [ok]   S2 fixes the base vertex w
  [ok]   (S1*S2)^2 = I
  [ok]   w*S1*S2 = w*S1^-1 (so e = {w, w S1^-1} lies in f*S2)
  [ok]   vertex set spans E^4
  [ok]   sum of all vertices is the zero vector (centroid = origin)
  [ok]   all vertices have the same squared norm |w|^2
  [ok]   generators permute the vertex set
  [ok]   |Gamma| = 192 = size of permutation image (faithful since V spans E^4)
  [ok]   base 2-face: the p vertices w S1^k (k=0..p-1) are distinct vertices
  [ok]   base face f (as edge set) = <S1>-orbit of the base edge
  [ok]   f-vector (V,E,F,C) = (16,32,12,4)  expected (16,32,12,4)
  [note] face size p = 8 edges; base cell has 6 faces and 16 vertices
  [ok]   base vertex lies in exactly 2 edges of the base face
  [ok]   base edge lies in exactly 2 faces of the base cell
  [ok]   base face lies in exactly 2 cells
  [ok]   f*S2 is the other face of the base cell through the base edge
  [ok]   number of flags = 384 = 2|Gamma|
  [ok]   Gamma acts freely on flags (stabiliser of the base flag is trivial)
  [ok]   sanity: identity maps base flag to itself
  [ok]   the 2-adjacent flag is NOT in the Gamma-orbit of the base flag => exactly two flag orbits (even/odd), Gamma-chiral
  [ok]   AdjacentFlag agrees with the explicit 0- and 2-adjacent flags
  [ok]   0-adjacent flag of the base flag lies in the odd orbit
  [ok]   0-adjacent flag of the 2-adjacent flag lies in the even orbit
  [ok]   1-adjacent flag of the base flag lies in the odd orbit
  [ok]   1-adjacent flag of the 2-adjacent flag lies in the even orbit
  [ok]   2-adjacent flag of the base flag lies in the odd orbit
  [ok]   2-adjacent flag of the 2-adjacent flag lies in the even orbit
  [ok]   3-adjacent flag of the base flag lies in the odd orbit
  [ok]   3-adjacent flag of the 2-adjacent flag lies in the even orbit
  [ok]   S1 maps the base flag to its (1,0)-adjacent flag (fixes f and c)
  [ok]   S2 fixes w and c and maps f to f*S2
  [ok]   X fixes w and e and moves c
  [ok]   the base face vertices span E^4
  [ok]   w, wS1, wS1^2, wS1^3 are linearly independent (anchor exponents [0,1,2,3])
  [ok]   anchor matrix P (rows w S1^kk) is invertible
  [note] vertex degree 4;  |Gamma| = 192;  flags = 384 [t=0s]

---- case 5: L3-{5,3,3}-3   T={5,3,3}   alpha=2*E(40)^7-3*E(40)^8-2*E(40)^13-E(40)^16-E(40)^21+2*E(40)^23-E(40)^24-E(40)^29+E(40)^31-3*E(40)^32-2*E(40)^37+E(40)^39  (~0.3041135359756636)
  [ok]   generators S1,S2,X are orthogonal (exact)
  [ok]   generators have determinant +1 (Gamma < SO(4))
  [note] p = Order(S1) = 30,  Order(S2) = 3,  Order(X) = 3
  [note] |w|^2 = -136*E(5)-356*E(5)^2-356*E(5)^3-136*E(5)^4  (~491.96747752497686)
  [ok]   S2 fixes the base vertex w
  [ok]   (S1*S2)^2 = I
  [ok]   w*S1*S2 = w*S1^-1 (so e = {w, w S1^-1} lies in f*S2)
  [ok]   vertex set spans E^4
  [ok]   sum of all vertices is the zero vector (centroid = origin)
  [ok]   all vertices have the same squared norm |w|^2
  [ok]   generators permute the vertex set
  [ok]   |Gamma| = 7200 = size of permutation image (faithful since V spans E^4)
  [ok]   base 2-face: the p vertices w S1^k (k=0..p-1) are distinct vertices
  [ok]   base face f (as edge set) = <S1>-orbit of the base edge
  [ok]   f-vector (V,E,F,C) = (600,1200,120,5)  expected (600,1200,120,5)
  [note] face size p = 30 edges; base cell has 48 faces and 480 vertices
  [ok]   base vertex lies in exactly 2 edges of the base face
  [ok]   base edge lies in exactly 2 faces of the base cell
  [ok]   base face lies in exactly 2 cells
  [ok]   f*S2 is the other face of the base cell through the base edge
  [ok]   number of flags = 14400 = 2|Gamma|
  [ok]   Gamma acts freely on flags (stabiliser of the base flag is trivial)
  [ok]   sanity: identity maps base flag to itself
  [ok]   the 2-adjacent flag is NOT in the Gamma-orbit of the base flag => exactly two flag orbits (even/odd), Gamma-chiral
  [ok]   AdjacentFlag agrees with the explicit 0- and 2-adjacent flags
  [ok]   0-adjacent flag of the base flag lies in the odd orbit
  [ok]   0-adjacent flag of the 2-adjacent flag lies in the even orbit
  [ok]   1-adjacent flag of the base flag lies in the odd orbit
  [ok]   1-adjacent flag of the 2-adjacent flag lies in the even orbit
  [ok]   2-adjacent flag of the base flag lies in the odd orbit
  [ok]   2-adjacent flag of the 2-adjacent flag lies in the even orbit
  [ok]   3-adjacent flag of the base flag lies in the odd orbit
  [ok]   3-adjacent flag of the 2-adjacent flag lies in the even orbit
  [ok]   S1 maps the base flag to its (1,0)-adjacent flag (fixes f and c)
  [ok]   S2 fixes w and c and maps f to f*S2
  [ok]   X fixes w and e and moves c
  [ok]   the base face vertices span E^4
  [ok]   w, wS1, wS1^2, wS1^3 are linearly independent (anchor exponents [0,1,2,3])
  [ok]   anchor matrix P (rows w S1^kk) is invertible
  [note] vertex degree 4;  |Gamma| = 7200;  flags = 14400 [t=0s]

---- case 6: L3-{5,3,3}-8   T={5,3,3}   alpha=0  (~0.)
  [ok]   generators S1,S2,X are orthogonal (exact)
  [ok]   generators have determinant +1 (Gamma < SO(4))
  [note] p = Order(S1) = 30,  Order(S2) = 3,  Order(X) = 3
  [note] |w|^2 = -16*E(5)-40*E(5)^2-40*E(5)^3-16*E(5)^4  (~54.832815729997478)
  [ok]   S2 fixes the base vertex w
  [ok]   (S1*S2)^2 = I
  [ok]   w*S1*S2 = w*S1^-1 (so e = {w, w S1^-1} lies in f*S2)
  [ok]   vertex set spans E^4
  [ok]   sum of all vertices is the zero vector (centroid = origin)
  [ok]   all vertices have the same squared norm |w|^2
  [ok]   generators permute the vertex set
  [ok]   |Gamma| = 7200 = size of permutation image (faithful since V spans E^4)
  [ok]   base 2-face: the p vertices w S1^k (k=0..p-1) are distinct vertices
  [ok]   base face f (as edge set) = <S1>-orbit of the base edge
  [ok]   f-vector (V,E,F,C) = (600,1200,120,5)  expected (600,1200,120,5)
  [note] face size p = 30 edges; base cell has 48 faces and 480 vertices
  [ok]   base vertex lies in exactly 2 edges of the base face
  [ok]   base edge lies in exactly 2 faces of the base cell
  [ok]   base face lies in exactly 2 cells
  [ok]   f*S2 is the other face of the base cell through the base edge
  [ok]   number of flags = 14400 = 2|Gamma|
  [ok]   Gamma acts freely on flags (stabiliser of the base flag is trivial)
  [ok]   sanity: identity maps base flag to itself
  [ok]   the 2-adjacent flag is NOT in the Gamma-orbit of the base flag => exactly two flag orbits (even/odd), Gamma-chiral
  [ok]   AdjacentFlag agrees with the explicit 0- and 2-adjacent flags
  [ok]   0-adjacent flag of the base flag lies in the odd orbit
  [ok]   0-adjacent flag of the 2-adjacent flag lies in the even orbit
  [ok]   1-adjacent flag of the base flag lies in the odd orbit
  [ok]   1-adjacent flag of the 2-adjacent flag lies in the even orbit
  [ok]   2-adjacent flag of the base flag lies in the odd orbit
  [ok]   2-adjacent flag of the 2-adjacent flag lies in the even orbit
  [ok]   3-adjacent flag of the base flag lies in the odd orbit
  [ok]   3-adjacent flag of the 2-adjacent flag lies in the even orbit
  [ok]   S1 maps the base flag to its (1,0)-adjacent flag (fixes f and c)
  [ok]   S2 fixes w and c and maps f to f*S2
  [ok]   X fixes w and e and moves c
  [ok]   the base face vertices span E^4
  [ok]   w, wS1, wS1^2, wS1^3 are linearly independent (anchor exponents [0,1,2,3])
  [ok]   anchor matrix P (rows w S1^kk) is invertible
  [note] vertex degree 4;  |Gamma| = 7200;  flags = 14400 [t=0s]

---- case 7: L3-{5,3,5/2}-1   T={5,3,5/2}   alpha=2/3*E(40)^7-1/3*E(40)^8-2/3*E(40)^13-2/3*E(40)^16-2/3*E(40)^21+2/3*E(40)^23-2/3*E(40)^24-2/3*E(40)^29+2/3*E(40)^31-1/3*E(40)^32-2/3*E(40)^37+2/3*E(40)^39  (~1.815487037832028)
  [ok]   generators S1,S2,X are orthogonal (exact)
  [ok]   generators have determinant +1 (Gamma < SO(4))
  [note] p = Order(S1) = 12,  Order(S2) = 3,  Order(X) = 3
  [note] |w|^2 = -56*E(40)^7-80*E(40)^8+56*E(40)^13-208*E(40)^16+146*E(40)^21-56*E(40)^23-208*E(40)^24+146*E(40)^29-146*E(40)^31-80*E(40)^32+56*E(40)^37-146*E(40)^39  (~1.9702860527269195)
  [ok]   S2 fixes the base vertex w
  [ok]   (S1*S2)^2 = I
  [ok]   w*S1*S2 = w*S1^-1 (so e = {w, w S1^-1} lies in f*S2)
  [ok]   vertex set spans E^4
  [ok]   sum of all vertices is the zero vector (centroid = origin)
  [ok]   all vertices have the same squared norm |w|^2
  [ok]   generators permute the vertex set
  [ok]   |Gamma| = 2880 = size of permutation image (faithful since V spans E^4)
  [ok]   base 2-face: the p vertices w S1^k (k=0..p-1) are distinct vertices
  [ok]   base face f (as edge set) = <S1>-orbit of the base edge
  [ok]   f-vector (V,E,F,C) = (240,480,120,20)  expected (240,480,120,20)
  [note] face size p = 12 edges; base cell has 12 faces and 48 vertices
  [ok]   base vertex lies in exactly 2 edges of the base face
  [ok]   base edge lies in exactly 2 faces of the base cell
  [ok]   base face lies in exactly 2 cells
  [ok]   f*S2 is the other face of the base cell through the base edge
  [ok]   number of flags = 5760 = 2|Gamma|
  [ok]   Gamma acts freely on flags (stabiliser of the base flag is trivial)
  [ok]   sanity: identity maps base flag to itself
  [ok]   the 2-adjacent flag is NOT in the Gamma-orbit of the base flag => exactly two flag orbits (even/odd), Gamma-chiral
  [ok]   AdjacentFlag agrees with the explicit 0- and 2-adjacent flags
  [ok]   0-adjacent flag of the base flag lies in the odd orbit
  [ok]   0-adjacent flag of the 2-adjacent flag lies in the even orbit
  [ok]   1-adjacent flag of the base flag lies in the odd orbit
  [ok]   1-adjacent flag of the 2-adjacent flag lies in the even orbit
  [ok]   2-adjacent flag of the base flag lies in the odd orbit
  [ok]   2-adjacent flag of the 2-adjacent flag lies in the even orbit
  [ok]   3-adjacent flag of the base flag lies in the odd orbit
  [ok]   3-adjacent flag of the 2-adjacent flag lies in the even orbit
  [ok]   S1 maps the base flag to its (1,0)-adjacent flag (fixes f and c)
  [ok]   S2 fixes w and c and maps f to f*S2
  [ok]   X fixes w and e and moves c
  [ok]   the base face vertices span E^4
  [ok]   w, wS1, wS1^2, wS1^3 are linearly independent (anchor exponents [0,1,2,3])
  [ok]   anchor matrix P (rows w S1^kk) is invertible
  [note] vertex degree 4;  |Gamma| = 2880;  flags = 5760 [t=4s]

---- case 8: L3-{5,3,5/2}-2   T={5,3,5/2}   alpha=-2/3*E(40)^7-1/3*E(40)^8+2/3*E(40)^13-2/3*E(40)^16+2/3*E(40)^21-2/3*E(40)^23-2/3*E(40)^24+2/3*E(40)^29-2/3*E(40)^31-1/3*E(40)^32+2/3*E(40)^37-2/3*E(40)^39  (~-0.07013104533209813)
  [ok]   generators S1,S2,X are orthogonal (exact)
  [ok]   generators have determinant +1 (Gamma < SO(4))
  [note] p = Order(S1) = 12,  Order(S2) = 3,  Order(X) = 3
  [note] |w|^2 = 56*E(40)^7-80*E(40)^8-56*E(40)^13-208*E(40)^16-146*E(40)^21+56*E(40)^23-208*E(40)^24-146*E(40)^29+146*E(40)^31-80*E(40)^32-56*E(40)^37+146*E(40)^39  (~572.24641506724629)
  [ok]   S2 fixes the base vertex w
  [ok]   (S1*S2)^2 = I
  [ok]   w*S1*S2 = w*S1^-1 (so e = {w, w S1^-1} lies in f*S2)
  [ok]   vertex set spans E^4
  [ok]   sum of all vertices is the zero vector (centroid = origin)
  [ok]   all vertices have the same squared norm |w|^2
  [ok]   generators permute the vertex set
  [ok]   |Gamma| = 2880 = size of permutation image (faithful since V spans E^4)
  [ok]   base 2-face: the p vertices w S1^k (k=0..p-1) are distinct vertices
  [ok]   base face f (as edge set) = <S1>-orbit of the base edge
  [ok]   f-vector (V,E,F,C) = (240,480,120,20)  expected (240,480,120,20)
  [note] face size p = 12 edges; base cell has 12 faces and 48 vertices
  [ok]   base vertex lies in exactly 2 edges of the base face
  [ok]   base edge lies in exactly 2 faces of the base cell
  [ok]   base face lies in exactly 2 cells
  [ok]   f*S2 is the other face of the base cell through the base edge
  [ok]   number of flags = 5760 = 2|Gamma|
  [ok]   Gamma acts freely on flags (stabiliser of the base flag is trivial)
  [ok]   sanity: identity maps base flag to itself
  [ok]   the 2-adjacent flag is NOT in the Gamma-orbit of the base flag => exactly two flag orbits (even/odd), Gamma-chiral
  [ok]   AdjacentFlag agrees with the explicit 0- and 2-adjacent flags
  [ok]   0-adjacent flag of the base flag lies in the odd orbit
  [ok]   0-adjacent flag of the 2-adjacent flag lies in the even orbit
  [ok]   1-adjacent flag of the base flag lies in the odd orbit
  [ok]   1-adjacent flag of the 2-adjacent flag lies in the even orbit
  [ok]   2-adjacent flag of the base flag lies in the odd orbit
  [ok]   2-adjacent flag of the 2-adjacent flag lies in the even orbit
  [ok]   3-adjacent flag of the base flag lies in the odd orbit
  [ok]   3-adjacent flag of the 2-adjacent flag lies in the even orbit
  [ok]   S1 maps the base flag to its (1,0)-adjacent flag (fixes f and c)
  [ok]   S2 fixes w and c and maps f to f*S2
  [ok]   X fixes w and e and moves c
  [ok]   the base face vertices span E^4
  [ok]   w, wS1, wS1^2, wS1^3 are linearly independent (anchor exponents [0,1,2,3])
  [ok]   anchor matrix P (rows w S1^kk) is invertible
  [note] vertex degree 4;  |Gamma| = 2880;  flags = 5760 [t=6s]

---- case 9: L3-{5,3,5/2}-3   T={5,3,5/2}   alpha=-E(40)^7+E(40)^13-E(40)^16+E(40)^21-E(40)^23-E(40)^24+E(40)^29-E(40)^31+E(40)^37-E(40)^39  (~0.2038204263767999)
  [ok]   generators S1,S2,X are orthogonal (exact)
  [ok]   generators have determinant +1 (Gamma < SO(4))
  [note] p = Order(S1) = 12,  Order(S2) = 3,  Order(X) = 3
  [note] |w|^2 = 5*E(40)^7-8*E(40)^8-5*E(40)^13-20*E(40)^16-13*E(40)^21+5*E(40)^23-20*E(40)^24-13*E(40)^29+13*E(40)^31-8*E(40)^32-5*E(40)^37+13*E(40)^39  (~52.793440567030103)
  [ok]   S2 fixes the base vertex w
  [ok]   (S1*S2)^2 = I
  [ok]   w*S1*S2 = w*S1^-1 (so e = {w, w S1^-1} lies in f*S2)
  [ok]   vertex set spans E^4
  [ok]   sum of all vertices is the zero vector (centroid = origin)
  [ok]   all vertices have the same squared norm |w|^2
  [ok]   generators permute the vertex set
  [ok]   |Gamma| = 2880 = size of permutation image (faithful since V spans E^4)
  [ok]   base 2-face: the p vertices w S1^k (k=0..p-1) are distinct vertices
  [ok]   base face f (as edge set) = <S1>-orbit of the base edge
  [ok]   f-vector (V,E,F,C) = (240,480,120,20)  expected (240,480,120,20)
  [note] face size p = 12 edges; base cell has 12 faces and 48 vertices
  [ok]   base vertex lies in exactly 2 edges of the base face
  [ok]   base edge lies in exactly 2 faces of the base cell
  [ok]   base face lies in exactly 2 cells
  [ok]   f*S2 is the other face of the base cell through the base edge
  [ok]   number of flags = 5760 = 2|Gamma|
  [ok]   Gamma acts freely on flags (stabiliser of the base flag is trivial)
  [ok]   sanity: identity maps base flag to itself
  [ok]   the 2-adjacent flag is NOT in the Gamma-orbit of the base flag => exactly two flag orbits (even/odd), Gamma-chiral
  [ok]   AdjacentFlag agrees with the explicit 0- and 2-adjacent flags
  [ok]   0-adjacent flag of the base flag lies in the odd orbit
  [ok]   0-adjacent flag of the 2-adjacent flag lies in the even orbit
  [ok]   1-adjacent flag of the base flag lies in the odd orbit
  [ok]   1-adjacent flag of the 2-adjacent flag lies in the even orbit
  [ok]   2-adjacent flag of the base flag lies in the odd orbit
  [ok]   2-adjacent flag of the 2-adjacent flag lies in the even orbit
  [ok]   3-adjacent flag of the base flag lies in the odd orbit
  [ok]   3-adjacent flag of the 2-adjacent flag lies in the even orbit
  [ok]   S1 maps the base flag to its (1,0)-adjacent flag (fixes f and c)
  [ok]   S2 fixes w and c and maps f to f*S2
  [ok]   X fixes w and e and moves c
  [ok]   the base face vertices span E^4
  [ok]   w, wS1, wS1^2, wS1^3 are linearly independent (anchor exponents [0,1,2,3])
  [ok]   anchor matrix P (rows w S1^kk) is invertible
  [note] vertex degree 4;  |Gamma| = 2880;  flags = 5760 [t=9s]

---- case 10: L3-{5,3,5/2}-4   T={5,3,5/2}   alpha=E(40)^7-E(40)^13-E(40)^16-E(40)^21+E(40)^23-E(40)^24-E(40)^29+E(40)^31-E(40)^37+E(40)^39  (~3.03224755112299)
  [ok]   generators S1,S2,X are orthogonal (exact)
  [ok]   generators have determinant +1 (Gamma < SO(4))
  [note] p = Order(S1) = 12,  Order(S2) = 3,  Order(X) = 3
  [note] |w|^2 = -5*E(40)^7-8*E(40)^8+5*E(40)^13-20*E(40)^16+13*E(40)^21-5*E(40)^23-20*E(40)^24+13*E(40)^29-13*E(40)^31-8*E(40)^32+5*E(40)^37-13*E(40)^39  (~2.0393751629673655)
  [ok]   S2 fixes the base vertex w
  [ok]   (S1*S2)^2 = I
  [ok]   w*S1*S2 = w*S1^-1 (so e = {w, w S1^-1} lies in f*S2)
  [ok]   vertex set spans E^4
  [ok]   sum of all vertices is the zero vector (centroid = origin)
  [ok]   all vertices have the same squared norm |w|^2
  [ok]   generators permute the vertex set
  [ok]   |Gamma| = 2880 = size of permutation image (faithful since V spans E^4)
  [ok]   base 2-face: the p vertices w S1^k (k=0..p-1) are distinct vertices
  [ok]   base face f (as edge set) = <S1>-orbit of the base edge
  [ok]   f-vector (V,E,F,C) = (240,480,120,20)  expected (240,480,120,20)
  [note] face size p = 12 edges; base cell has 12 faces and 48 vertices
  [ok]   base vertex lies in exactly 2 edges of the base face
  [ok]   base edge lies in exactly 2 faces of the base cell
  [ok]   base face lies in exactly 2 cells
  [ok]   f*S2 is the other face of the base cell through the base edge
  [ok]   number of flags = 5760 = 2|Gamma|
  [ok]   Gamma acts freely on flags (stabiliser of the base flag is trivial)
  [ok]   sanity: identity maps base flag to itself
  [ok]   the 2-adjacent flag is NOT in the Gamma-orbit of the base flag => exactly two flag orbits (even/odd), Gamma-chiral
  [ok]   AdjacentFlag agrees with the explicit 0- and 2-adjacent flags
  [ok]   0-adjacent flag of the base flag lies in the odd orbit
  [ok]   0-adjacent flag of the 2-adjacent flag lies in the even orbit
  [ok]   1-adjacent flag of the base flag lies in the odd orbit
  [ok]   1-adjacent flag of the 2-adjacent flag lies in the even orbit
  [ok]   2-adjacent flag of the base flag lies in the odd orbit
  [ok]   2-adjacent flag of the 2-adjacent flag lies in the even orbit
  [ok]   3-adjacent flag of the base flag lies in the odd orbit
  [ok]   3-adjacent flag of the 2-adjacent flag lies in the even orbit
  [ok]   S1 maps the base flag to its (1,0)-adjacent flag (fixes f and c)
  [ok]   S2 fixes w and c and maps f to f*S2
  [ok]   X fixes w and e and moves c
  [ok]   the base face vertices span E^4
  [ok]   w, wS1, wS1^2, wS1^3 are linearly independent (anchor exponents [0,1,2,3])
  [ok]   anchor matrix P (rows w S1^kk) is invertible
  [note] vertex degree 4;  |Gamma| = 2880;  flags = 5760 [t=11s]

---- case 11: L3-{5,3,5/2}-5   T={5,3,5/2}   alpha=-E(40)^7+E(40)^8+E(40)^13-E(40)^23+E(40)^32+E(40)^37  (~1.492066037647537)
  [ok]   generators S1,S2,X are orthogonal (exact)
  [ok]   generators have determinant +1 (Gamma < SO(4))
  [note] p = Order(S1) = 12,  Order(S2) = 3,  Order(X) = 4
  [note] |w|^2 = -5*E(40)^7-8*E(40)^8+5*E(40)^13-20*E(40)^16+13*E(40)^21-5*E(40)^23-20*E(40)^24+13*E(40)^29-13*E(40)^31-8*E(40)^32+5*E(40)^37-13*E(40)^39  (~2.0393751629673655)
  [ok]   S2 fixes the base vertex w
  [ok]   (S1*S2)^2 = I
  [ok]   w*S1*S2 = w*S1^-1 (so e = {w, w S1^-1} lies in f*S2)
  [ok]   vertex set spans E^4
  [ok]   sum of all vertices is the zero vector (centroid = origin)
  [ok]   all vertices have the same squared norm |w|^2
  [ok]   generators permute the vertex set
  [ok]   |Gamma| = 1152 = size of permutation image (faithful since V spans E^4)
  [ok]   base 2-face: the p vertices w S1^k (k=0..p-1) are distinct vertices
  [ok]   base face f (as edge set) = <S1>-orbit of the base edge
  [ok]   f-vector (V,E,F,C) = (48,144,48,8)  expected (48,144,48,8)
  [note] face size p = 12 edges; base cell has 12 faces and 48 vertices
  [ok]   base vertex lies in exactly 2 edges of the base face
  [ok]   base edge lies in exactly 2 faces of the base cell
  [ok]   base face lies in exactly 2 cells
  [ok]   f*S2 is the other face of the base cell through the base edge
  [ok]   number of flags = 2304 = 2|Gamma|
  [ok]   Gamma acts freely on flags (stabiliser of the base flag is trivial)
  [ok]   sanity: identity maps base flag to itself
  [ok]   the 2-adjacent flag is NOT in the Gamma-orbit of the base flag => exactly two flag orbits (even/odd), Gamma-chiral
  [ok]   AdjacentFlag agrees with the explicit 0- and 2-adjacent flags
  [ok]   0-adjacent flag of the base flag lies in the odd orbit
  [ok]   0-adjacent flag of the 2-adjacent flag lies in the even orbit
  [ok]   1-adjacent flag of the base flag lies in the odd orbit
  [ok]   1-adjacent flag of the 2-adjacent flag lies in the even orbit
  [ok]   2-adjacent flag of the base flag lies in the odd orbit
  [ok]   2-adjacent flag of the 2-adjacent flag lies in the even orbit
  [ok]   3-adjacent flag of the base flag lies in the odd orbit
  [ok]   3-adjacent flag of the 2-adjacent flag lies in the even orbit
  [ok]   S1 maps the base flag to its (1,0)-adjacent flag (fixes f and c)
  [ok]   S2 fixes w and c and maps f to f*S2
  [ok]   X fixes w and e and moves c
  [ok]   the base face vertices span E^4
  [ok]   w, wS1, wS1^2, wS1^3 are linearly independent (anchor exponents [0,1,2,3])
  [ok]   anchor matrix P (rows w S1^kk) is invertible
  [note] vertex degree 6;  |Gamma| = 1152;  flags = 2304 [t=12s]

---- case 12: L3-{5,3,5/2}-6   T={5,3,5/2}   alpha=E(40)^7+E(40)^8-E(40)^13+E(40)^23+E(40)^32-E(40)^37  (~-0.2559980601477475)
  [ok]   generators S1,S2,X are orthogonal (exact)
  [ok]   generators have determinant +1 (Gamma < SO(4))
  [note] p = Order(S1) = 12,  Order(S2) = 3,  Order(X) = 4
  [note] |w|^2 = 5*E(40)^7-8*E(40)^8-5*E(40)^13-20*E(40)^16-13*E(40)^21+5*E(40)^23-20*E(40)^24-13*E(40)^29+13*E(40)^31-8*E(40)^32-5*E(40)^37+13*E(40)^39  (~52.793440567030103)
  [ok]   S2 fixes the base vertex w
  [ok]   (S1*S2)^2 = I
  [ok]   w*S1*S2 = w*S1^-1 (so e = {w, w S1^-1} lies in f*S2)
  [ok]   vertex set spans E^4
  [ok]   sum of all vertices is the zero vector (centroid = origin)
  [ok]   all vertices have the same squared norm |w|^2
  [ok]   generators permute the vertex set
  [ok]   |Gamma| = 1152 = size of permutation image (faithful since V spans E^4)
  [ok]   base 2-face: the p vertices w S1^k (k=0..p-1) are distinct vertices
  [ok]   base face f (as edge set) = <S1>-orbit of the base edge
  [ok]   f-vector (V,E,F,C) = (48,144,48,8)  expected (48,144,48,8)
  [note] face size p = 12 edges; base cell has 12 faces and 48 vertices
  [ok]   base vertex lies in exactly 2 edges of the base face
  [ok]   base edge lies in exactly 2 faces of the base cell
  [ok]   base face lies in exactly 2 cells
  [ok]   f*S2 is the other face of the base cell through the base edge
  [ok]   number of flags = 2304 = 2|Gamma|
  [ok]   Gamma acts freely on flags (stabiliser of the base flag is trivial)
  [ok]   sanity: identity maps base flag to itself
  [ok]   the 2-adjacent flag is NOT in the Gamma-orbit of the base flag => exactly two flag orbits (even/odd), Gamma-chiral
  [ok]   AdjacentFlag agrees with the explicit 0- and 2-adjacent flags
  [ok]   0-adjacent flag of the base flag lies in the odd orbit
  [ok]   0-adjacent flag of the 2-adjacent flag lies in the even orbit
  [ok]   1-adjacent flag of the base flag lies in the odd orbit
  [ok]   1-adjacent flag of the 2-adjacent flag lies in the even orbit
  [ok]   2-adjacent flag of the base flag lies in the odd orbit
  [ok]   2-adjacent flag of the 2-adjacent flag lies in the even orbit
  [ok]   3-adjacent flag of the base flag lies in the odd orbit
  [ok]   3-adjacent flag of the 2-adjacent flag lies in the even orbit
  [ok]   S1 maps the base flag to its (1,0)-adjacent flag (fixes f and c)
  [ok]   S2 fixes w and c and maps f to f*S2
  [ok]   X fixes w and e and moves c
  [ok]   the base face vertices span E^4
  [ok]   w, wS1, wS1^2, wS1^3 are linearly independent (anchor exponents [0,1,2,3])
  [ok]   anchor matrix P (rows w S1^kk) is invertible
  [note] vertex degree 6;  |Gamma| = 1152;  flags = 2304 [t=12s]

---- case 13: L3-{5,3,5/2}-7   T={5,3,5/2}   alpha=-E(40)^8-2*E(40)^16+E(40)^21-2*E(40)^24+E(40)^29-E(40)^31-E(40)^32-E(40)^39  (~0.3297883774791578)
  [ok]   generators S1,S2,X are orthogonal (exact)
  [ok]   generators have determinant +1 (Gamma < SO(4))
  [note] p = Order(S1) = 12,  Order(S2) = 3,  Order(X) = 4
  [note] |w|^2 = E(40)^7-4*E(40)^8-E(40)^13-8*E(40)^16-4*E(40)^21+E(40)^23-8*E(40)^24-4*E(40)^29+4*E(40)^31-4*E(40)^32-E(40)^37+4*E(40)^39  (~18.751086351184881)
  [ok]   S2 fixes the base vertex w
  [ok]   (S1*S2)^2 = I
  [ok]   w*S1*S2 = w*S1^-1 (so e = {w, w S1^-1} lies in f*S2)
  [ok]   vertex set spans E^4
  [ok]   sum of all vertices is the zero vector (centroid = origin)
  [ok]   all vertices have the same squared norm |w|^2
  [ok]   generators permute the vertex set
  [ok]   |Gamma| = 1152 = size of permutation image (faithful since V spans E^4)
  [ok]   base 2-face: the p vertices w S1^k (k=0..p-1) are distinct vertices
  [ok]   base face f (as edge set) = <S1>-orbit of the base edge
  [ok]   f-vector (V,E,F,C) = (48,144,48,8)  expected (48,144,48,8)
  [note] face size p = 12 edges; base cell has 12 faces and 48 vertices
  [ok]   base vertex lies in exactly 2 edges of the base face
  [ok]   base edge lies in exactly 2 faces of the base cell
  [ok]   base face lies in exactly 2 cells
  [ok]   f*S2 is the other face of the base cell through the base edge
  [ok]   number of flags = 2304 = 2|Gamma|
  [ok]   Gamma acts freely on flags (stabiliser of the base flag is trivial)
  [ok]   sanity: identity maps base flag to itself
  [ok]   the 2-adjacent flag is NOT in the Gamma-orbit of the base flag => exactly two flag orbits (even/odd), Gamma-chiral
  [ok]   AdjacentFlag agrees with the explicit 0- and 2-adjacent flags
  [ok]   0-adjacent flag of the base flag lies in the odd orbit
  [ok]   0-adjacent flag of the 2-adjacent flag lies in the even orbit
  [ok]   1-adjacent flag of the base flag lies in the odd orbit
  [ok]   1-adjacent flag of the 2-adjacent flag lies in the even orbit
  [ok]   2-adjacent flag of the base flag lies in the odd orbit
  [ok]   2-adjacent flag of the 2-adjacent flag lies in the even orbit
  [ok]   3-adjacent flag of the base flag lies in the odd orbit
  [ok]   3-adjacent flag of the 2-adjacent flag lies in the even orbit
  [ok]   S1 maps the base flag to its (1,0)-adjacent flag (fixes f and c)
  [ok]   S2 fixes w and c and maps f to f*S2
  [ok]   X fixes w and e and moves c
  [ok]   the base face vertices span E^4
  [ok]   w, wS1, wS1^2, wS1^3 are linearly independent (anchor exponents [0,1,2,3])
  [ok]   anchor matrix P (rows w S1^kk) is invertible
  [note] vertex degree 6;  |Gamma| = 1152;  flags = 2304 [t=13s]

---- case 14: L3-{5,3,5/2}-8   T={5,3,5/2}   alpha=-E(40)^8-2*E(40)^16-E(40)^21-2*E(40)^24-E(40)^29+E(40)^31-E(40)^32+E(40)^39  (~4.906279600020631)
  [ok]   generators S1,S2,X are orthogonal (exact)
  [ok]   generators have determinant +1 (Gamma < SO(4))
  [note] p = Order(S1) = 12,  Order(S2) = 3,  Order(X) = 4
  [note] |w|^2 = -E(40)^7-4*E(40)^8+E(40)^13-8*E(40)^16+4*E(40)^21-E(40)^23-8*E(40)^24+4*E(40)^29-4*E(40)^31-4*E(40)^32+E(40)^37-4*E(40)^39  (~2.1931855588142724)
  [ok]   S2 fixes the base vertex w
  [ok]   (S1*S2)^2 = I
  [ok]   w*S1*S2 = w*S1^-1 (so e = {w, w S1^-1} lies in f*S2)
  [ok]   vertex set spans E^4
  [ok]   sum of all vertices is the zero vector (centroid = origin)
  [ok]   all vertices have the same squared norm |w|^2
  [ok]   generators permute the vertex set
  [ok]   |Gamma| = 1152 = size of permutation image (faithful since V spans E^4)
  [ok]   base 2-face: the p vertices w S1^k (k=0..p-1) are distinct vertices
  [ok]   base face f (as edge set) = <S1>-orbit of the base edge
  [ok]   f-vector (V,E,F,C) = (48,144,48,8)  expected (48,144,48,8)
  [note] face size p = 12 edges; base cell has 12 faces and 48 vertices
  [ok]   base vertex lies in exactly 2 edges of the base face
  [ok]   base edge lies in exactly 2 faces of the base cell
  [ok]   base face lies in exactly 2 cells
  [ok]   f*S2 is the other face of the base cell through the base edge
  [ok]   number of flags = 2304 = 2|Gamma|
  [ok]   Gamma acts freely on flags (stabiliser of the base flag is trivial)
  [ok]   sanity: identity maps base flag to itself
  [ok]   the 2-adjacent flag is NOT in the Gamma-orbit of the base flag => exactly two flag orbits (even/odd), Gamma-chiral
  [ok]   AdjacentFlag agrees with the explicit 0- and 2-adjacent flags
  [ok]   0-adjacent flag of the base flag lies in the odd orbit
  [ok]   0-adjacent flag of the 2-adjacent flag lies in the even orbit
  [ok]   1-adjacent flag of the base flag lies in the odd orbit
  [ok]   1-adjacent flag of the 2-adjacent flag lies in the even orbit
  [ok]   2-adjacent flag of the base flag lies in the odd orbit
  [ok]   2-adjacent flag of the 2-adjacent flag lies in the even orbit
  [ok]   3-adjacent flag of the base flag lies in the odd orbit
  [ok]   3-adjacent flag of the 2-adjacent flag lies in the even orbit
  [ok]   S1 maps the base flag to its (1,0)-adjacent flag (fixes f and c)
  [ok]   S2 fixes w and c and maps f to f*S2
  [ok]   X fixes w and e and moves c
  [ok]   the base face vertices span E^4
  [ok]   w, wS1, wS1^2, wS1^3 are linearly independent (anchor exponents [0,1,2,3])
  [ok]   anchor matrix P (rows w S1^kk) is invertible
  [note] vertex degree 6;  |Gamma| = 1152;  flags = 2304 [t=14s]

---- case 15: L3-{5,3,5/2}-9   T={5,3,5/2}   alpha=1  (~1.)
  [ok]   generators S1,S2,X are orthogonal (exact)
  [ok]   generators have determinant +1 (Gamma < SO(4))
  [note] p = Order(S1) = 12,  Order(S2) = 3,  Order(X) = 5
  [note] |w|^2 = -E(5)-2*E(5)^2-2*E(5)^3-E(5)^4  (~2.6180339887498949)
  [ok]   S2 fixes the base vertex w
  [ok]   (S1*S2)^2 = I
  [ok]   w*S1*S2 = w*S1^-1 (so e = {w, w S1^-1} lies in f*S2)
  [ok]   vertex set spans E^4
  [ok]   sum of all vertices is the zero vector (centroid = origin)
  [ok]   all vertices have the same squared norm |w|^2
  [ok]   generators permute the vertex set
  [ok]   |Gamma| = 7200 = size of permutation image (faithful since V spans E^4)
  [ok]   base 2-face: the p vertices w S1^k (k=0..p-1) are distinct vertices
  [ok]   base face f (as edge set) = <S1>-orbit of the base edge
  [ok]   f-vector (V,E,F,C) = (120,720,300,50)  expected (120,720,300,50)
  [note] face size p = 12 edges; base cell has 12 faces and 48 vertices
  [ok]   base vertex lies in exactly 2 edges of the base face
  [ok]   base edge lies in exactly 2 faces of the base cell
  [ok]   base face lies in exactly 2 cells
  [ok]   f*S2 is the other face of the base cell through the base edge
  [ok]   number of flags = 14400 = 2|Gamma|
  [ok]   Gamma acts freely on flags (stabiliser of the base flag is trivial)
  [ok]   sanity: identity maps base flag to itself
  [ok]   the 2-adjacent flag is NOT in the Gamma-orbit of the base flag => exactly two flag orbits (even/odd), Gamma-chiral
  [ok]   AdjacentFlag agrees with the explicit 0- and 2-adjacent flags
  [ok]   0-adjacent flag of the base flag lies in the odd orbit
  [ok]   0-adjacent flag of the 2-adjacent flag lies in the even orbit
  [ok]   1-adjacent flag of the base flag lies in the odd orbit
  [ok]   1-adjacent flag of the 2-adjacent flag lies in the even orbit
  [ok]   2-adjacent flag of the base flag lies in the odd orbit
  [ok]   2-adjacent flag of the 2-adjacent flag lies in the even orbit
  [ok]   3-adjacent flag of the base flag lies in the odd orbit
  [ok]   3-adjacent flag of the 2-adjacent flag lies in the even orbit
  [ok]   S1 maps the base flag to its (1,0)-adjacent flag (fixes f and c)
  [ok]   S2 fixes w and c and maps f to f*S2
  [ok]   X fixes w and e and moves c
  [ok]   the base face vertices span E^4
  [ok]   w, wS1, wS1^2, wS1^3 are linearly independent (anchor exponents [0,1,2,3])
  [ok]   anchor matrix P (rows w S1^kk) is invertible
  [note] vertex degree 12;  |Gamma| = 7200;  flags = 14400 [t=14s]

---- case 16: L3-{5,3,5/2}-10   T={5,3,5/2}   alpha=-1  (~-1.)
  [ok]   generators S1,S2,X are orthogonal (exact)
  [ok]   generators have determinant +1 (Gamma < SO(4))
  [note] p = Order(S1) = 12,  Order(S2) = 3,  Order(X) = 5
  [note] |w|^2 = -3*E(5)-6*E(5)^2-6*E(5)^3-3*E(5)^4  (~7.8541019662496847)
  [ok]   S2 fixes the base vertex w
  [ok]   (S1*S2)^2 = I
  [ok]   w*S1*S2 = w*S1^-1 (so e = {w, w S1^-1} lies in f*S2)
  [ok]   vertex set spans E^4
  [ok]   sum of all vertices is the zero vector (centroid = origin)
  [ok]   all vertices have the same squared norm |w|^2
  [ok]   generators permute the vertex set
  [ok]   |Gamma| = 7200 = size of permutation image (faithful since V spans E^4)
  [ok]   base 2-face: the p vertices w S1^k (k=0..p-1) are distinct vertices
  [ok]   base face f (as edge set) = <S1>-orbit of the base edge
  [ok]   f-vector (V,E,F,C) = (120,720,300,50)  expected (120,720,300,50)
  [note] face size p = 12 edges; base cell has 12 faces and 48 vertices
  [ok]   base vertex lies in exactly 2 edges of the base face
  [ok]   base edge lies in exactly 2 faces of the base cell
  [ok]   base face lies in exactly 2 cells
  [ok]   f*S2 is the other face of the base cell through the base edge
  [ok]   number of flags = 14400 = 2|Gamma|
  [ok]   Gamma acts freely on flags (stabiliser of the base flag is trivial)
  [ok]   sanity: identity maps base flag to itself
  [ok]   the 2-adjacent flag is NOT in the Gamma-orbit of the base flag => exactly two flag orbits (even/odd), Gamma-chiral
  [ok]   AdjacentFlag agrees with the explicit 0- and 2-adjacent flags
  [ok]   0-adjacent flag of the base flag lies in the odd orbit
  [ok]   0-adjacent flag of the 2-adjacent flag lies in the even orbit
  [ok]   1-adjacent flag of the base flag lies in the odd orbit
  [ok]   1-adjacent flag of the 2-adjacent flag lies in the even orbit
  [ok]   2-adjacent flag of the base flag lies in the odd orbit
  [ok]   2-adjacent flag of the 2-adjacent flag lies in the even orbit
  [ok]   3-adjacent flag of the base flag lies in the odd orbit
  [ok]   3-adjacent flag of the 2-adjacent flag lies in the even orbit
  [ok]   S1 maps the base flag to its (1,0)-adjacent flag (fixes f and c)
  [ok]   S2 fixes w and c and maps f to f*S2
  [ok]   X fixes w and e and moves c
  [ok]   the base face vertices span E^4
  [ok]   w, wS1, wS1^2, wS1^3 are linearly independent (anchor exponents [0,1,2,3])
  [ok]   anchor matrix P (rows w S1^kk) is invertible
  [note] vertex degree 12;  |Gamma| = 7200;  flags = 14400 [t=14s]

---- case 17: L3-{5,3,5/2}-11   T={5,3,5/2}   alpha=E(5)+E(5)^4  (~0.6180339887498947)
  [ok]   generators S1,S2,X are orthogonal (exact)
  [ok]   generators have determinant +1 (Gamma < SO(4))
  [note] p = Order(S1) = 12,  Order(S2) = 3,  Order(X) = 5
  [note] |w|^2 = -2*E(5)-4*E(5)^2-4*E(5)^3-2*E(5)^4  (~5.2360679774997898)
  [ok]   S2 fixes the base vertex w
  [ok]   (S1*S2)^2 = I
  [ok]   w*S1*S2 = w*S1^-1 (so e = {w, w S1^-1} lies in f*S2)
  [ok]   vertex set spans E^4
  [ok]   sum of all vertices is the zero vector (centroid = origin)
  [ok]   all vertices have the same squared norm |w|^2
  [ok]   generators permute the vertex set
  [ok]   |Gamma| = 7200 = size of permutation image (faithful since V spans E^4)
  [ok]   base 2-face: the p vertices w S1^k (k=0..p-1) are distinct vertices
  [ok]   base face f (as edge set) = <S1>-orbit of the base edge
  [ok]   f-vector (V,E,F,C) = (120,720,300,50)  expected (120,720,300,50)
  [note] face size p = 12 edges; base cell has 12 faces and 48 vertices
  [ok]   base vertex lies in exactly 2 edges of the base face
  [ok]   base edge lies in exactly 2 faces of the base cell
  [ok]   base face lies in exactly 2 cells
  [ok]   f*S2 is the other face of the base cell through the base edge
  [ok]   number of flags = 14400 = 2|Gamma|
  [ok]   Gamma acts freely on flags (stabiliser of the base flag is trivial)
  [ok]   sanity: identity maps base flag to itself
  [ok]   the 2-adjacent flag is NOT in the Gamma-orbit of the base flag => exactly two flag orbits (even/odd), Gamma-chiral
  [ok]   AdjacentFlag agrees with the explicit 0- and 2-adjacent flags
  [ok]   0-adjacent flag of the base flag lies in the odd orbit
  [ok]   0-adjacent flag of the 2-adjacent flag lies in the even orbit
  [ok]   1-adjacent flag of the base flag lies in the odd orbit
  [ok]   1-adjacent flag of the 2-adjacent flag lies in the even orbit
  [ok]   2-adjacent flag of the base flag lies in the odd orbit
  [ok]   2-adjacent flag of the 2-adjacent flag lies in the even orbit
  [ok]   3-adjacent flag of the base flag lies in the odd orbit
  [ok]   3-adjacent flag of the 2-adjacent flag lies in the even orbit
  [ok]   S1 maps the base flag to its (1,0)-adjacent flag (fixes f and c)
  [ok]   S2 fixes w and c and maps f to f*S2
  [ok]   X fixes w and e and moves c
  [ok]   the base face vertices span E^4
  [ok]   w, wS1, wS1^2, wS1^3 are linearly independent (anchor exponents [0,1,2,3])
  [ok]   anchor matrix P (rows w S1^kk) is invertible
  [note] vertex degree 12;  |Gamma| = 7200;  flags = 14400 [t=14s]

---- case 18: L3-{5,3,5/2}-12   T={5,3,5/2}   alpha=E(5)+4*E(5)^2+4*E(5)^3+E(5)^4  (~-5.854101966249684)
  [ok]   generators S1,S2,X are orthogonal (exact)
  [ok]   generators have determinant +1 (Gamma < SO(4))
  [note] p = Order(S1) = 12,  Order(S2) = 3,  Order(X) = 5
  [note] |w|^2 = -6/5*E(5)-12/5*E(5)^2-12/5*E(5)^3-6/5*E(5)^4  (~3.1416407864998734)
  [ok]   S2 fixes the base vertex w
  [ok]   (S1*S2)^2 = I
  [ok]   w*S1*S2 = w*S1^-1 (so e = {w, w S1^-1} lies in f*S2)
  [ok]   vertex set spans E^4
  [ok]   sum of all vertices is the zero vector (centroid = origin)
  [ok]   all vertices have the same squared norm |w|^2
  [ok]   generators permute the vertex set
  [ok]   |Gamma| = 7200 = size of permutation image (faithful since V spans E^4)
  [ok]   base 2-face: the p vertices w S1^k (k=0..p-1) are distinct vertices
  [ok]   base face f (as edge set) = <S1>-orbit of the base edge
  [ok]   f-vector (V,E,F,C) = (120,720,300,50)  expected (120,720,300,50)
  [note] face size p = 12 edges; base cell has 12 faces and 48 vertices
  [ok]   base vertex lies in exactly 2 edges of the base face
  [ok]   base edge lies in exactly 2 faces of the base cell
  [ok]   base face lies in exactly 2 cells
  [ok]   f*S2 is the other face of the base cell through the base edge
  [ok]   number of flags = 14400 = 2|Gamma|
  [ok]   Gamma acts freely on flags (stabiliser of the base flag is trivial)
  [ok]   sanity: identity maps base flag to itself
  [ok]   the 2-adjacent flag is NOT in the Gamma-orbit of the base flag => exactly two flag orbits (even/odd), Gamma-chiral
  [ok]   AdjacentFlag agrees with the explicit 0- and 2-adjacent flags
  [ok]   0-adjacent flag of the base flag lies in the odd orbit
  [ok]   0-adjacent flag of the 2-adjacent flag lies in the even orbit
  [ok]   1-adjacent flag of the base flag lies in the odd orbit
  [ok]   1-adjacent flag of the 2-adjacent flag lies in the even orbit
  [ok]   2-adjacent flag of the base flag lies in the odd orbit
  [ok]   2-adjacent flag of the 2-adjacent flag lies in the even orbit
  [ok]   3-adjacent flag of the base flag lies in the odd orbit
  [ok]   3-adjacent flag of the 2-adjacent flag lies in the even orbit
  [ok]   S1 maps the base flag to its (1,0)-adjacent flag (fixes f and c)
  [ok]   S2 fixes w and c and maps f to f*S2
  [ok]   X fixes w and e and moves c
  [ok]   the base face vertices span E^4
  [ok]   w, wS1, wS1^2, wS1^3 are linearly independent (anchor exponents [0,1,2,3])
  [ok]   anchor matrix P (rows w S1^kk) is invertible
  [note] vertex degree 12;  |Gamma| = 7200;  flags = 14400 [t=14s]

---- case 19: L3-{5,3,5/2}-13   T={5,3,5/2}   alpha=2  (~2.)
  [ok]   generators S1,S2,X are orthogonal (exact)
  [ok]   generators have determinant +1 (Gamma < SO(4))
  [note] p = Order(S1) = 12,  Order(S2) = 3,  Order(X) = 5
  [note] |w|^2 = -3/4*E(5)-3/2*E(5)^2-3/2*E(5)^3-3/4*E(5)^4  (~1.9635254915624212)
  [ok]   S2 fixes the base vertex w
  [ok]   (S1*S2)^2 = I
  [ok]   w*S1*S2 = w*S1^-1 (so e = {w, w S1^-1} lies in f*S2)
  [ok]   vertex set spans E^4
  [ok]   sum of all vertices is the zero vector (centroid = origin)
  [ok]   all vertices have the same squared norm |w|^2
  [ok]   generators permute the vertex set
  [ok]   |Gamma| = 7200 = size of permutation image (faithful since V spans E^4)
  [ok]   base 2-face: the p vertices w S1^k (k=0..p-1) are distinct vertices
  [ok]   base face f (as edge set) = <S1>-orbit of the base edge
  [ok]   f-vector (V,E,F,C) = (120,720,300,50)  expected (120,720,300,50)
  [note] face size p = 12 edges; base cell has 12 faces and 48 vertices
  [ok]   base vertex lies in exactly 2 edges of the base face
  [ok]   base edge lies in exactly 2 faces of the base cell
  [ok]   base face lies in exactly 2 cells
  [ok]   f*S2 is the other face of the base cell through the base edge
  [ok]   number of flags = 14400 = 2|Gamma|
  [ok]   Gamma acts freely on flags (stabiliser of the base flag is trivial)
  [ok]   sanity: identity maps base flag to itself
  [ok]   the 2-adjacent flag is NOT in the Gamma-orbit of the base flag => exactly two flag orbits (even/odd), Gamma-chiral
  [ok]   AdjacentFlag agrees with the explicit 0- and 2-adjacent flags
  [ok]   0-adjacent flag of the base flag lies in the odd orbit
  [ok]   0-adjacent flag of the 2-adjacent flag lies in the even orbit
  [ok]   1-adjacent flag of the base flag lies in the odd orbit
  [ok]   1-adjacent flag of the 2-adjacent flag lies in the even orbit
  [ok]   2-adjacent flag of the base flag lies in the odd orbit
  [ok]   2-adjacent flag of the 2-adjacent flag lies in the even orbit
  [ok]   3-adjacent flag of the base flag lies in the odd orbit
  [ok]   3-adjacent flag of the 2-adjacent flag lies in the even orbit
  [ok]   S1 maps the base flag to its (1,0)-adjacent flag (fixes f and c)
  [ok]   S2 fixes w and c and maps f to f*S2
  [ok]   X fixes w and e and moves c
  [ok]   the base face vertices span E^4
  [ok]   w, wS1, wS1^2, wS1^3 are linearly independent (anchor exponents [0,1,2,3])
  [ok]   anchor matrix P (rows w S1^kk) is invertible
  [note] vertex degree 12;  |Gamma| = 7200;  flags = 14400 [t=14s]

---- case 20: L3-{5,3,5/2}-14   T={5,3,5/2}   alpha=-E(5)-2*E(5)^2-2*E(5)^3-E(5)^4  (~2.618033988749895)
  [ok]   generators S1,S2,X are orthogonal (exact)
  [ok]   generators have determinant +1 (Gamma < SO(4))
  [note] p = Order(S1) = 12,  Order(S2) = 3,  Order(X) = 5
  [note] |w|^2 = 2  (~2.)
  [ok]   S2 fixes the base vertex w
  [ok]   (S1*S2)^2 = I
  [ok]   w*S1*S2 = w*S1^-1 (so e = {w, w S1^-1} lies in f*S2)
  [ok]   vertex set spans E^4
  [ok]   sum of all vertices is the zero vector (centroid = origin)
  [ok]   all vertices have the same squared norm |w|^2
  [ok]   generators permute the vertex set
  [ok]   |Gamma| = 7200 = size of permutation image (faithful since V spans E^4)
  [ok]   base 2-face: the p vertices w S1^k (k=0..p-1) are distinct vertices
  [ok]   base face f (as edge set) = <S1>-orbit of the base edge
  [ok]   f-vector (V,E,F,C) = (120,720,300,50)  expected (120,720,300,50)
  [note] face size p = 12 edges; base cell has 12 faces and 48 vertices
  [ok]   base vertex lies in exactly 2 edges of the base face
  [ok]   base edge lies in exactly 2 faces of the base cell
  [ok]   base face lies in exactly 2 cells
  [ok]   f*S2 is the other face of the base cell through the base edge
  [ok]   number of flags = 14400 = 2|Gamma|
  [ok]   Gamma acts freely on flags (stabiliser of the base flag is trivial)
  [ok]   sanity: identity maps base flag to itself
  [ok]   the 2-adjacent flag is NOT in the Gamma-orbit of the base flag => exactly two flag orbits (even/odd), Gamma-chiral
  [ok]   AdjacentFlag agrees with the explicit 0- and 2-adjacent flags
  [ok]   0-adjacent flag of the base flag lies in the odd orbit
  [ok]   0-adjacent flag of the 2-adjacent flag lies in the even orbit
  [ok]   1-adjacent flag of the base flag lies in the odd orbit
  [ok]   1-adjacent flag of the 2-adjacent flag lies in the even orbit
  [ok]   2-adjacent flag of the base flag lies in the odd orbit
  [ok]   2-adjacent flag of the 2-adjacent flag lies in the even orbit
  [ok]   3-adjacent flag of the base flag lies in the odd orbit
  [ok]   3-adjacent flag of the 2-adjacent flag lies in the even orbit
  [ok]   S1 maps the base flag to its (1,0)-adjacent flag (fixes f and c)
  [ok]   S2 fixes w and c and maps f to f*S2
  [ok]   X fixes w and e and moves c
  [ok]   the base face vertices span E^4
  [ok]   w, wS1, wS1^2, wS1^3 are linearly independent (anchor exponents [0,1,2,3])
  [ok]   anchor matrix P (rows w S1^kk) is invertible
  [note] vertex degree 12;  |Gamma| = 7200;  flags = 14400 [t=14s]

---- case 21: L3-{5,3,5/2}-15   T={5,3,5/2}   alpha=-5*E(5)-2*E(5)^2-2*E(5)^3-5*E(5)^4  (~0.1458980337503162)
  [ok]   generators S1,S2,X are orthogonal (exact)
  [ok]   generators have determinant +1 (Gamma < SO(4))
  [note] p = Order(S1) = 12,  Order(S2) = 3,  Order(X) = 5
  [note] |w|^2 = -30*E(5)-78*E(5)^2-78*E(5)^3-30*E(5)^4  (~107.66563145999496)
  [ok]   S2 fixes the base vertex w
  [ok]   (S1*S2)^2 = I
  [ok]   w*S1*S2 = w*S1^-1 (so e = {w, w S1^-1} lies in f*S2)
  [ok]   vertex set spans E^4
  [ok]   sum of all vertices is the zero vector (centroid = origin)
  [ok]   all vertices have the same squared norm |w|^2
  [ok]   generators permute the vertex set
  [ok]   |Gamma| = 7200 = size of permutation image (faithful since V spans E^4)
  [ok]   base 2-face: the p vertices w S1^k (k=0..p-1) are distinct vertices
  [ok]   base face f (as edge set) = <S1>-orbit of the base edge
  [ok]   f-vector (V,E,F,C) = (120,720,300,50)  expected (120,720,300,50)
  [note] face size p = 12 edges; base cell has 12 faces and 48 vertices
  [ok]   base vertex lies in exactly 2 edges of the base face
  [ok]   base edge lies in exactly 2 faces of the base cell
  [ok]   base face lies in exactly 2 cells
  [ok]   f*S2 is the other face of the base cell through the base edge
  [ok]   number of flags = 14400 = 2|Gamma|
  [ok]   Gamma acts freely on flags (stabiliser of the base flag is trivial)
  [ok]   sanity: identity maps base flag to itself
  [ok]   the 2-adjacent flag is NOT in the Gamma-orbit of the base flag => exactly two flag orbits (even/odd), Gamma-chiral
  [ok]   AdjacentFlag agrees with the explicit 0- and 2-adjacent flags
  [ok]   0-adjacent flag of the base flag lies in the odd orbit
  [ok]   0-adjacent flag of the 2-adjacent flag lies in the even orbit
  [ok]   1-adjacent flag of the base flag lies in the odd orbit
  [ok]   1-adjacent flag of the 2-adjacent flag lies in the even orbit
  [ok]   2-adjacent flag of the base flag lies in the odd orbit
  [ok]   2-adjacent flag of the 2-adjacent flag lies in the even orbit
  [ok]   3-adjacent flag of the base flag lies in the odd orbit
  [ok]   3-adjacent flag of the 2-adjacent flag lies in the even orbit
  [ok]   S1 maps the base flag to its (1,0)-adjacent flag (fixes f and c)
  [ok]   S2 fixes w and c and maps f to f*S2
  [ok]   X fixes w and e and moves c
  [ok]   the base face vertices span E^4
  [ok]   w, wS1, wS1^2, wS1^3 are linearly independent (anchor exponents [0,1,2,3])
  [ok]   anchor matrix P (rows w S1^kk) is invertible
  [note] vertex degree 12;  |Gamma| = 7200;  flags = 14400 [t=15s]

---- case 22: L3-{5,3,5/2}-16   T={5,3,5/2}   alpha=0  (~0.)
  [ok]   generators S1,S2,X are orthogonal (exact)
  [ok]   generators have determinant +1 (Gamma < SO(4))
  [note] p = Order(S1) = 12,  Order(S2) = 3,  Order(X) = 5
  [note] |w|^2 = -4*E(5)-8*E(5)^2-8*E(5)^3-4*E(5)^4  (~10.47213595499958)
  [ok]   S2 fixes the base vertex w
  [ok]   (S1*S2)^2 = I
  [ok]   w*S1*S2 = w*S1^-1 (so e = {w, w S1^-1} lies in f*S2)
  [ok]   vertex set spans E^4
  [ok]   sum of all vertices is the zero vector (centroid = origin)
  [ok]   all vertices have the same squared norm |w|^2
  [ok]   generators permute the vertex set
  [ok]   |Gamma| = 7200 = size of permutation image (faithful since V spans E^4)
  [ok]   base 2-face: the p vertices w S1^k (k=0..p-1) are distinct vertices
  [ok]   base face f (as edge set) = <S1>-orbit of the base edge
  [ok]   f-vector (V,E,F,C) = (120,720,300,50)  expected (120,720,300,50)
  [note] face size p = 12 edges; base cell has 12 faces and 48 vertices
  [ok]   base vertex lies in exactly 2 edges of the base face
  [ok]   base edge lies in exactly 2 faces of the base cell
  [ok]   base face lies in exactly 2 cells
  [ok]   f*S2 is the other face of the base cell through the base edge
  [ok]   number of flags = 14400 = 2|Gamma|
  [ok]   Gamma acts freely on flags (stabiliser of the base flag is trivial)
  [ok]   sanity: identity maps base flag to itself
  [ok]   the 2-adjacent flag is NOT in the Gamma-orbit of the base flag => exactly two flag orbits (even/odd), Gamma-chiral
  [ok]   AdjacentFlag agrees with the explicit 0- and 2-adjacent flags
  [ok]   0-adjacent flag of the base flag lies in the odd orbit
  [ok]   0-adjacent flag of the 2-adjacent flag lies in the even orbit
  [ok]   1-adjacent flag of the base flag lies in the odd orbit
  [ok]   1-adjacent flag of the 2-adjacent flag lies in the even orbit
  [ok]   2-adjacent flag of the base flag lies in the odd orbit
  [ok]   2-adjacent flag of the 2-adjacent flag lies in the even orbit
  [ok]   3-adjacent flag of the base flag lies in the odd orbit
  [ok]   3-adjacent flag of the 2-adjacent flag lies in the even orbit
  [ok]   S1 maps the base flag to its (1,0)-adjacent flag (fixes f and c)
  [ok]   S2 fixes w and c and maps f to f*S2
  [ok]   X fixes w and e and moves c
  [ok]   the base face vertices span E^4
  [ok]   w, wS1, wS1^2, wS1^3 are linearly independent (anchor exponents [0,1,2,3])
  [ok]   anchor matrix P (rows w S1^kk) is invertible
  [note] vertex degree 12;  |Gamma| = 7200;  flags = 14400 [t=15s]

---- case 23: L3-{3,3,5/2}-1   T={3,3,5/2}   alpha=1  (~1.)
  [ok]   generators S1,S2,X are orthogonal (exact)
  [ok]   generators have determinant +1 (Gamma < SO(4))
  [note] p = Order(S1) = 30,  Order(S2) = 3,  Order(X) = 3
  [note] |w|^2 = -13/2*E(5)-5/2*E(5)^2-5/2*E(5)^3-13/2*E(5)^4  (~0.027864045000421278)
  [ok]   S2 fixes the base vertex w
  [ok]   (S1*S2)^2 = I
  [ok]   w*S1*S2 = w*S1^-1 (so e = {w, w S1^-1} lies in f*S2)
  [ok]   vertex set spans E^4
  [ok]   sum of all vertices is the zero vector (centroid = origin)
  [ok]   all vertices have the same squared norm |w|^2
  [ok]   generators permute the vertex set
  [ok]   |Gamma| = 7200 = size of permutation image (faithful since V spans E^4)
  [ok]   base 2-face: the p vertices w S1^k (k=0..p-1) are distinct vertices
  [ok]   base face f (as edge set) = <S1>-orbit of the base edge
  [ok]   f-vector (V,E,F,C) = (600,1200,120,5)  expected (600,1200,120,5)
  [note] face size p = 30 edges; base cell has 48 faces and 480 vertices
  [ok]   base vertex lies in exactly 2 edges of the base face
  [ok]   base edge lies in exactly 2 faces of the base cell
  [ok]   base face lies in exactly 2 cells
  [ok]   f*S2 is the other face of the base cell through the base edge
  [ok]   number of flags = 14400 = 2|Gamma|
  [ok]   Gamma acts freely on flags (stabiliser of the base flag is trivial)
  [ok]   sanity: identity maps base flag to itself
  [ok]   the 2-adjacent flag is NOT in the Gamma-orbit of the base flag => exactly two flag orbits (even/odd), Gamma-chiral
  [ok]   AdjacentFlag agrees with the explicit 0- and 2-adjacent flags
  [ok]   0-adjacent flag of the base flag lies in the odd orbit
  [ok]   0-adjacent flag of the 2-adjacent flag lies in the even orbit
  [ok]   1-adjacent flag of the base flag lies in the odd orbit
  [ok]   1-adjacent flag of the 2-adjacent flag lies in the even orbit
  [ok]   2-adjacent flag of the base flag lies in the odd orbit
  [ok]   2-adjacent flag of the 2-adjacent flag lies in the even orbit
  [ok]   3-adjacent flag of the base flag lies in the odd orbit
  [ok]   3-adjacent flag of the 2-adjacent flag lies in the even orbit
  [ok]   S1 maps the base flag to its (1,0)-adjacent flag (fixes f and c)
  [ok]   S2 fixes w and c and maps f to f*S2
  [ok]   X fixes w and e and moves c
  [ok]   the base face vertices span E^4
  [ok]   w, wS1, wS1^2, wS1^3 are linearly independent (anchor exponents [0,1,2,3])
  [ok]   anchor matrix P (rows w S1^kk) is invertible
  [note] vertex degree 4;  |Gamma| = 7200;  flags = 14400 [t=15s]

---- case 24: L3-{3,3,5/2}-4   T={3,3,5/2}   alpha=-E(40)^7+E(40)^13+2*E(40)^16+2*E(40)^21-E(40)^23+2*E(40)^24+2*E(40)^29-2*E(40)^31+E(40)^37-2*E(40)^39  (~-6.938527151143623)
  [ok]   generators S1,S2,X are orthogonal (exact)
  [ok]   generators have determinant +1 (Gamma < SO(4))
  [note] p = Order(S1) = 30,  Order(S2) = 3,  Order(X) = 3
  [note] |w|^2 = -13*E(5)-5*E(5)^2-5*E(5)^3-13*E(5)^4  (~0.055728090000842556)
  [ok]   S2 fixes the base vertex w
  [ok]   (S1*S2)^2 = I
  [ok]   w*S1*S2 = w*S1^-1 (so e = {w, w S1^-1} lies in f*S2)
  [ok]   vertex set spans E^4
  [ok]   sum of all vertices is the zero vector (centroid = origin)
  [ok]   all vertices have the same squared norm |w|^2
  [ok]   generators permute the vertex set
  [ok]   |Gamma| = 7200 = size of permutation image (faithful since V spans E^4)
  [ok]   base 2-face: the p vertices w S1^k (k=0..p-1) are distinct vertices
  [ok]   base face f (as edge set) = <S1>-orbit of the base edge
  [ok]   f-vector (V,E,F,C) = (600,1200,120,5)  expected (600,1200,120,5)
  [note] face size p = 30 edges; base cell has 48 faces and 480 vertices
  [ok]   base vertex lies in exactly 2 edges of the base face
  [ok]   base edge lies in exactly 2 faces of the base cell
  [ok]   base face lies in exactly 2 cells
  [ok]   f*S2 is the other face of the base cell through the base edge
  [ok]   number of flags = 14400 = 2|Gamma|
  [ok]   Gamma acts freely on flags (stabiliser of the base flag is trivial)
  [ok]   sanity: identity maps base flag to itself
  [ok]   the 2-adjacent flag is NOT in the Gamma-orbit of the base flag => exactly two flag orbits (even/odd), Gamma-chiral
  [ok]   AdjacentFlag agrees with the explicit 0- and 2-adjacent flags
  [ok]   0-adjacent flag of the base flag lies in the odd orbit
  [ok]   0-adjacent flag of the 2-adjacent flag lies in the even orbit
  [ok]   1-adjacent flag of the base flag lies in the odd orbit
  [ok]   1-adjacent flag of the 2-adjacent flag lies in the even orbit
  [ok]   2-adjacent flag of the base flag lies in the odd orbit
  [ok]   2-adjacent flag of the 2-adjacent flag lies in the even orbit
  [ok]   3-adjacent flag of the base flag lies in the odd orbit
  [ok]   3-adjacent flag of the 2-adjacent flag lies in the even orbit
  [ok]   S1 maps the base flag to its (1,0)-adjacent flag (fixes f and c)
  [ok]   S2 fixes w and c and maps f to f*S2
  [ok]   X fixes w and e and moves c
  [ok]   the base face vertices span E^4
  [ok]   w, wS1, wS1^2, wS1^3 are linearly independent (anchor exponents [0,1,2,3])
  [ok]   anchor matrix P (rows w S1^kk) is invertible
  [note] vertex degree 4;  |Gamma| = 7200;  flags = 14400 [t=15s]

==== Table of realisations [t=15s]
idx	case	|Gamma|	p	fvector	flags	|w|^2
1	L3-{4,3,3}-1	192	8	(16,32,12,4)	384	3
2	L3-{4,3,3}-2	192	8	(16,32,12,4)	384	3/4
3	L3-{4,3,3}-3	192	8	(16,32,12,4)	384	1
4	L3-{4,3,3}-6	192	8	(16,32,12,4)	384	4
5	L3-{5,3,3}-3	7200	30	(600,1200,120,5)	14400	-136*E(5)-356*E(5)^2-356*E(5)^3-136*E(5)^4
6	L3-{5,3,3}-8	7200	30	(600,1200,120,5)	14400	-16*E(5)-40*E(5)^2-40*E(5)^3-16*E(5)^4
7	L3-{5,3,5/2}-1	2880	12	(240,480,120,20)	5760	-56*E(40)^7-80*E(40)^8+56*E(40)^13-208*E(40)^16+146*E(40)^21-56*E(40)^23-208*E(40)^24+146*E(40)^29-146*E(40)^31-80*E(40)^32+56*E(40)^37-146*E(40)^39
8	L3-{5,3,5/2}-2	2880	12	(240,480,120,20)	5760	56*E(40)^7-80*E(40)^8-56*E(40)^13-208*E(40)^16-146*E(40)^21+56*E(40)^23-208*E(40)^24-146*E(40)^29+146*E(40)^31-80*E(40)^32-56*E(40)^37+146*E(40)^39
9	L3-{5,3,5/2}-3	2880	12	(240,480,120,20)	5760	5*E(40)^7-8*E(40)^8-5*E(40)^13-20*E(40)^16-13*E(40)^21+5*E(40)^23-20*E(40)^24-13*E(40)^29+13*E(40)^31-8*E(40)^32-5*E(40)^37+13*E(40)^39
10	L3-{5,3,5/2}-4	2880	12	(240,480,120,20)	5760	-5*E(40)^7-8*E(40)^8+5*E(40)^13-20*E(40)^16+13*E(40)^21-5*E(40)^23-20*E(40)^24+13*E(40)^29-13*E(40)^31-8*E(40)^32+5*E(40)^37-13*E(40)^39
11	L3-{5,3,5/2}-5	1152	12	(48,144,48,8)	2304	-5*E(40)^7-8*E(40)^8+5*E(40)^13-20*E(40)^16+13*E(40)^21-5*E(40)^23-20*E(40)^24+13*E(40)^29-13*E(40)^31-8*E(40)^32+5*E(40)^37-13*E(40)^39
12	L3-{5,3,5/2}-6	1152	12	(48,144,48,8)	2304	5*E(40)^7-8*E(40)^8-5*E(40)^13-20*E(40)^16-13*E(40)^21+5*E(40)^23-20*E(40)^24-13*E(40)^29+13*E(40)^31-8*E(40)^32-5*E(40)^37+13*E(40)^39
13	L3-{5,3,5/2}-7	1152	12	(48,144,48,8)	2304	E(40)^7-4*E(40)^8-E(40)^13-8*E(40)^16-4*E(40)^21+E(40)^23-8*E(40)^24-4*E(40)^29+4*E(40)^31-4*E(40)^32-E(40)^37+4*E(40)^39
14	L3-{5,3,5/2}-8	1152	12	(48,144,48,8)	2304	-E(40)^7-4*E(40)^8+E(40)^13-8*E(40)^16+4*E(40)^21-E(40)^23-8*E(40)^24+4*E(40)^29-4*E(40)^31-4*E(40)^32+E(40)^37-4*E(40)^39
15	L3-{5,3,5/2}-9	7200	12	(120,720,300,50)	14400	-E(5)-2*E(5)^2-2*E(5)^3-E(5)^4
16	L3-{5,3,5/2}-10	7200	12	(120,720,300,50)	14400	-3*E(5)-6*E(5)^2-6*E(5)^3-3*E(5)^4
17	L3-{5,3,5/2}-11	7200	12	(120,720,300,50)	14400	-2*E(5)-4*E(5)^2-4*E(5)^3-2*E(5)^4
18	L3-{5,3,5/2}-12	7200	12	(120,720,300,50)	14400	-6/5*E(5)-12/5*E(5)^2-12/5*E(5)^3-6/5*E(5)^4
19	L3-{5,3,5/2}-13	7200	12	(120,720,300,50)	14400	-3/4*E(5)-3/2*E(5)^2-3/2*E(5)^3-3/4*E(5)^4
20	L3-{5,3,5/2}-14	7200	12	(120,720,300,50)	14400	2
21	L3-{5,3,5/2}-15	7200	12	(120,720,300,50)	14400	-30*E(5)-78*E(5)^2-78*E(5)^3-30*E(5)^4
22	L3-{5,3,5/2}-16	7200	12	(120,720,300,50)	14400	-4*E(5)-8*E(5)^2-8*E(5)^3-4*E(5)^4
23	L3-{3,3,5/2}-1	7200	30	(600,1200,120,5)	14400	-13/2*E(5)-5/2*E(5)^2-5/2*E(5)^3-13/2*E(5)^4
24	L3-{3,3,5/2}-4	7200	30	(600,1200,120,5)	14400	-13*E(5)-5*E(5)^2-5*E(5)^3-13*E(5)^4
wrote ../logs/method1-realisations.json [t=15s]

==== STEP 2/3: ordered pairs [t=15s]

#### target b = L3-{4,3,3}-1   computing Gram matrix of V_b [t=15s]
  [ok]   Gram diagonal constant = |w_b|^2

== pair (L3-{4,3,3}-1 -> L3-{4,3,3}-1)  f-vector (16,32,12,4)  |Gamma_a|=192 |Gamma_b|=192 [t=15s]
  lambda = |w_b|^2/|w_a|^2 = 1  (~1.)
  candidate even: image tuple (1-based indices in V_b) [ 13, 14, 16, 10 ]  Gram-consistent: true
    (i)   traversal of all p face vertices: true
    (ii)  M*M^T = lambda*I: true
    (iii) det M = 1  sign(det M/lambda^2) = +1
    (iv)  vertex set onto vertex set: true
    (v)   edges/faces/cells onto: true/true/true
    (vi)  M^-1 {S1,S2,X_a} M in Gamma_b: [ true, true, true ]   M {S1,S2,X_b} M^-1 in Gamma_a: [ true, true, true ]
    (vii) conjugated triple orientation in Gamma_b: same  (RepresentativeAction and own conjugator search agree: true; exact equality with same triple: true, with mirror triple: false)
    flag image = intended even flag: true   (= intended flag with the other cell: false;  image flag orbit: even)
    => candidate even passes (structure map): true;  represents the even coset: true
    M = [ [ 1, 0, 0, 0 ], [ 0, 1, 0, 0 ], [ 0, 0, 1, 0 ], [ 0, 0, 0, 1 ] ]
  [ok]   orientation test: RepresentativeAction agrees with independent conjugator search
  [ok]   conjugated triple is not simultaneously conjugate to the same and the mirror triple (abstract chirality)
  [ok]   passing even candidate maps the base flag of a to the intended flag of b or to the intended flag with the other cell
  [ok]   image flag orbit is even iff (even candidate and intended flag) or (odd candidate and other cell)
  [ok]   even candidate with even image orbit: conjugated triple is Gamma_b-conjugate to (S1,S2,X_b)
  [ok]   even candidate hitting the base flag: conjugated triple equals (S1,S2,X_b) exactly (free flag action)
  candidate odd: image tuple (1-based indices in V_b) [ 13, 15, 9, 10 ]  Gram-consistent: true
    (i)   traversal of all p face vertices: true
    (ii)  M*M^T = lambda*I: true
    (iii) det M = 1  sign(det M/lambda^2) = +1
    (iv)  vertex set onto vertex set: true
    (v)   edges/faces/cells onto: true/true/true
    (vi)  M^-1 {S1,S2,X_a} M in Gamma_b: [ true, true, true ]   M {S1,S2,X_b} M^-1 in Gamma_a: [ true, true, true ]
    (vii) conjugated triple orientation in Gamma_b: same  (RepresentativeAction and own conjugator search agree: true; exact equality with same triple: false, with mirror triple: false)
    flag image = intended odd flag: false   (= intended flag with the other cell: true;  image flag orbit: even)
    => candidate odd passes (structure map): true;  represents the odd coset: false
    M = [ [ 0, -2/3, -1/3, 2/3 ], [ 2/3, -1/3, 2/3, 0 ], [ -2/3, 0, 2/3, 1/3 ], [ 1/3, 2/3, 0, 2/3 ] ]
  [ok]   orientation test: RepresentativeAction agrees with independent conjugator search
  [ok]   conjugated triple is not simultaneously conjugate to the same and the mirror triple (abstract chirality)
  [ok]   passing odd candidate maps the base flag of a to the intended flag of b or to the intended flag with the other cell
  [ok]   image flag orbit is even iff (even candidate and intended flag) or (odd candidate and other cell)
  [ok]   odd candidate with even image orbit: conjugated triple is Gamma_b-conjugate to (S1,S2,X_b)
  [ok]   both candidates pass but only one hits its intended flag: M_even^-1 M_odd lies in Gamma_b (same coset)
  [ok]   at least one of the two passing candidates hits its intended flag
  a = b: the odd candidate passes but maps the base flag to (Phi^2)^3 (even orbit): it is an element of Gamma, not an extra symmetry; no similarity maps the base flag to its 2-adjacent flag: geometrically chiral (symmetry group = Gamma)
  [ok]   a = b: the even candidate (identity) passes and fixes the base flag
  [ok]   a = b: the even candidate matrix is the identity
  exhaustive Gram-pruned enumeration [t=16s]
    Gram-consistent ordered 4-tuples: 384   Gamma_b-orbits: 2   full similarities: 192   det signs: [ "+1" ]
    orbit rep tuple [ 1, 2, 4, 10 ]: similarity=false det sign=-1 vertices=true edges=true faces=false cells=false conj=[ true, true, true ][ true, true, true ] orientation=none
    orbit rep tuple [ 1, 2, 4, 12 ]: similarity=true det sign=+1 vertices=true edges=true faces=true cells=true conj=[ true, true, true ][ true, true, true ] orientation=same
  [ok]   each Gamma_b-orbit of anchor tuples has size |Gamma_b| (free action)
  [ok]   the recorded orbits partition the enumerated tuple list
  [ok]   direct recomputation of M*M^T and det M for 384 sampled tuples agrees with orbit representatives
  [ok]   exhaustive similarity count 192 = |Gamma_b| * (number of flag-anchored cosets = 1)
  [ok]   number of similarity orbits found exhaustively = number of flag-anchored cosets
  [ok]   candidate even tuple is enumerated and its orbit verdict matches the candidate verdict
  [ok]   candidate odd tuple is enumerated and its orbit verdict matches the candidate verdict
  [ok]   det signs of passing candidates = det signs found exhaustively
  => 192 similarities L3-{4,3,3}-1 -> L3-{4,3,3}-1 (1 Gamma_b-coset(s)), lambda = 1, det signs [ "+1" ]

== pair (L3-{4,3,3}-2 -> L3-{4,3,3}-1)  f-vector (16,32,12,4)  |Gamma_a|=192 |Gamma_b|=192 [t=16s]
  lambda = |w_b|^2/|w_a|^2 = 4  (~4.)
  candidate even: image tuple (1-based indices in V_b) [ 13, 14, 16, 10 ]  Gram-consistent: false
    (i)   traversal of all p face vertices: true
    (ii)  M*M^T = lambda*I: false
    (iii) det M = 16  sign(det M/lambda^2) = +1
    (iv)  vertex set onto vertex set: false
    (v)   edges/faces/cells onto: false/false/false
    (vi)  M^-1 {S1,S2,X_a} M in Gamma_b: [ false, false, false ]   M {S1,S2,X_b} M^-1 in Gamma_a: [ false, false, false ]
    (vii) conjugated triple orientation in Gamma_b: none  (RepresentativeAction and own conjugator search agree: true; exact equality with same triple: false, with mirror triple: false)
    flag image = intended even flag: false   (= intended flag with the other cell: false;  image flag orbit: none)
    => candidate even passes (structure map): false;  represents the even coset: false
    M = [ [ 2, 0, -2, -2 ], [ 2, 2, -2, 0 ], [ 0, 2, 2, 2 ], [ 2, 2, 0, 2 ] ]
  candidate odd: image tuple (1-based indices in V_b) [ 13, 15, 9, 10 ]  Gram-consistent: false
    (i)   traversal of all p face vertices: true
    (ii)  M*M^T = lambda*I: false
    (iii) det M = 16  sign(det M/lambda^2) = +1
    (iv)  vertex set onto vertex set: false
    (v)   edges/faces/cells onto: false/false/false
    (vi)  M^-1 {S1,S2,X_a} M in Gamma_b: [ false, false, false ]   M {S1,S2,X_b} M^-1 in Gamma_a: [ false, false, false ]
    (vii) conjugated triple orientation in Gamma_b: none  (RepresentativeAction and own conjugator search agree: true; exact equality with same triple: false, with mirror triple: false)
    flag image = intended odd flag: false   (= intended flag with the other cell: false;  image flag orbit: none)
    => candidate odd passes (structure map): false;  represents the odd coset: false
    M = [ [ 2/3, -8/3, -2, -2/3 ], [ 8/3, -2, -2/3, 2/3 ], [ 2/3, 2/3, 8/3, 2 ], [ 2, -2/3, 2/3, 8/3 ] ]
  exhaustive Gram-pruned enumeration [t=16s]
    Gram-consistent ordered 4-tuples: 384   Gamma_b-orbits: 2   full similarities: 0   det signs: [  ]
    orbit rep tuple [ 1, 10, 8, 3 ]: similarity=false det sign=-1 vertices=true edges=false faces=false cells=false conj=[ true, true, true ][ true, true, true ] orientation=none
    orbit rep tuple [ 1, 10, 8, 5 ]: similarity=false det sign=+1 vertices=true edges=false faces=false cells=false conj=[ true, true, true ][ true, true, true ] orientation=none
  [ok]   each Gamma_b-orbit of anchor tuples has size |Gamma_b| (free action)
  [ok]   the recorded orbits partition the enumerated tuple list
  [ok]   direct recomputation of M*M^T and det M for 384 sampled tuples agrees with orbit representatives
  [ok]   exhaustive similarity count 0 = |Gamma_b| * (number of flag-anchored cosets = 0)
  [ok]   number of similarity orbits found exhaustively = number of flag-anchored cosets
  [ok]   candidate even is not Gram-consistent and does not pass
  [ok]   candidate odd is not Gram-consistent and does not pass
  [ok]   det signs of passing candidates = det signs found exhaustively
  => EXHAUSTIVE PROOF: no similarity of E^4 carries realisation L3-{4,3,3}-2 onto L3-{4,3,3}-1 (no Gram-consistent tuple yields a structure map).

== pair (L3-{4,3,3}-3 -> L3-{4,3,3}-1)  f-vector (16,32,12,4)  |Gamma_a|=192 |Gamma_b|=192 [t=16s]
  lambda = |w_b|^2/|w_a|^2 = 3  (~3.)
  candidate even: image tuple (1-based indices in V_b) [ 13, 14, 16, 10 ]  Gram-consistent: false
    (i)   traversal of all p face vertices: true
    (ii)  M*M^T = lambda*I: false
    (iii) det M = 9  sign(det M/lambda^2) = +1
    (iv)  vertex set onto vertex set: false
    (v)   edges/faces/cells onto: false/false/false
    (vi)  M^-1 {S1,S2,X_a} M in Gamma_b: [ false, false, false ]   M {S1,S2,X_b} M^-1 in Gamma_a: [ false, false, false ]
    (vii) conjugated triple orientation in Gamma_b: none  (RepresentativeAction and own conjugator search agree: true; exact equality with same triple: false, with mirror triple: false)
    flag image = intended even flag: false   (= intended flag with the other cell: false;  image flag orbit: none)
    => candidate even passes (structure map): false;  represents the even coset: false
    M = [ [ -1, -2, 0, -2 ], [ 0, -1, -2, -2 ], [ 2, 2, -1, 0 ], [ 2, 0, -2, -1 ] ]
  candidate odd: image tuple (1-based indices in V_b) [ 13, 15, 9, 10 ]  Gram-consistent: false
    (i)   traversal of all p face vertices: true
    (ii)  M*M^T = lambda*I: false
    (iii) det M = 9  sign(det M/lambda^2) = +1
    (iv)  vertex set onto vertex set: false
    (v)   edges/faces/cells onto: false/false/false
    (vi)  M^-1 {S1,S2,X_a} M in Gamma_b: [ false, false, false ]   M {S1,S2,X_b} M^-1 in Gamma_a: [ false, false, false ]
    (vii) conjugated triple orientation in Gamma_b: none  (RepresentativeAction and own conjugator search agree: true; exact equality with same triple: false, with mirror triple: false)
    flag image = intended odd flag: false   (= intended flag with the other cell: false;  image flag orbit: none)
    => candidate odd passes (structure map): false;  represents the odd coset: false
    M = [ [ -2, 0, -1, -2 ], [ 0, -1, -2, -2 ], [ 2, -2, 0, 1 ], [ 1, -2, -2, 0 ] ]
  exhaustive Gram-pruned enumeration [t=16s]
    Gram-consistent ordered 4-tuples: 384   Gamma_b-orbits: 2   full similarities: 0   det signs: [  ]
    orbit rep tuple [ 1, 10, 8, 3 ]: similarity=false det sign=-1 vertices=true edges=false faces=false cells=false conj=[ true, true, true ][ true, true, true ] orientation=none
    orbit rep tuple [ 1, 10, 8, 5 ]: similarity=false det sign=+1 vertices=true edges=false faces=false cells=false conj=[ true, true, true ][ true, true, true ] orientation=none
  [ok]   each Gamma_b-orbit of anchor tuples has size |Gamma_b| (free action)
  [ok]   the recorded orbits partition the enumerated tuple list
  [ok]   direct recomputation of M*M^T and det M for 384 sampled tuples agrees with orbit representatives
  [ok]   exhaustive similarity count 0 = |Gamma_b| * (number of flag-anchored cosets = 0)
  [ok]   number of similarity orbits found exhaustively = number of flag-anchored cosets
  [ok]   candidate even is not Gram-consistent and does not pass
  [ok]   candidate odd is not Gram-consistent and does not pass
  [ok]   det signs of passing candidates = det signs found exhaustively
  => EXHAUSTIVE PROOF: no similarity of E^4 carries realisation L3-{4,3,3}-3 onto L3-{4,3,3}-1 (no Gram-consistent tuple yields a structure map).

== pair (L3-{4,3,3}-6 -> L3-{4,3,3}-1)  f-vector (16,32,12,4)  |Gamma_a|=192 |Gamma_b|=192 [t=16s]
  lambda = |w_b|^2/|w_a|^2 = 3/4  (~0.75)
  candidate even: image tuple (1-based indices in V_b) [ 13, 14, 16, 10 ]  Gram-consistent: true
    (i)   traversal of all p face vertices: true
    (ii)  M*M^T = lambda*I: true
    (iii) det M = 9/16  sign(det M/lambda^2) = +1
    (iv)  vertex set onto vertex set: true
    (v)   edges/faces/cells onto: true/true/true
    (vi)  M^-1 {S1,S2,X_a} M in Gamma_b: [ true, true, true ]   M {S1,S2,X_b} M^-1 in Gamma_a: [ true, true, true ]
    (vii) conjugated triple orientation in Gamma_b: mirror  (RepresentativeAction and own conjugator search agree: true; exact equality with same triple: false, with mirror triple: false)
    flag image = intended even flag: false   (= intended flag with the other cell: true;  image flag orbit: odd)
    => candidate even passes (structure map): true;  represents the even coset: false
    M = [ [ 1/2, 0, -1/2, 1/2 ], [ 1/2, 1/2, 1/2, 0 ], [ 0, -1/2, 1/2, 1/2 ], [ -1/2, 1/2, 0, 1/2 ] ]
  [ok]   orientation test: RepresentativeAction agrees with independent conjugator search
  [ok]   conjugated triple is not simultaneously conjugate to the same and the mirror triple (abstract chirality)
  [ok]   passing even candidate maps the base flag of a to the intended flag of b or to the intended flag with the other cell
  [ok]   image flag orbit is even iff (even candidate and intended flag) or (odd candidate and other cell)
  [ok]   even candidate with odd image orbit: conjugated triple is Gamma_b-conjugate to the mirror triple (S1^-1, S1^2 S2, X_b)
  candidate odd: image tuple (1-based indices in V_b) [ 13, 15, 9, 10 ]  Gram-consistent: true
    (i)   traversal of all p face vertices: true
    (ii)  M*M^T = lambda*I: true
    (iii) det M = 9/16  sign(det M/lambda^2) = +1
    (iv)  vertex set onto vertex set: true
    (v)   edges/faces/cells onto: true/true/true
    (vi)  M^-1 {S1,S2,X_a} M in Gamma_b: [ true, true, true ]   M {S1,S2,X_b} M^-1 in Gamma_a: [ true, true, true ]
    (vii) conjugated triple orientation in Gamma_b: mirror  (RepresentativeAction and own conjugator search agree: true; exact equality with same triple: false, with mirror triple: false)
    flag image = intended odd flag: true   (= intended flag with the other cell: false;  image flag orbit: odd)
    => candidate odd passes (structure map): true;  represents the odd coset: true
    M = [ [ 1/2, 0, -1/2, 1/2 ], [ 0, -1/2, 1/2, 1/2 ], [ -1/2, 1/2, 0, 1/2 ], [ 1/2, 1/2, 1/2, 0 ] ]
  [ok]   orientation test: RepresentativeAction agrees with independent conjugator search
  [ok]   conjugated triple is not simultaneously conjugate to the same and the mirror triple (abstract chirality)
  [ok]   passing odd candidate maps the base flag of a to the intended flag of b or to the intended flag with the other cell
  [ok]   image flag orbit is even iff (even candidate and intended flag) or (odd candidate and other cell)
  [ok]   odd candidate with odd image orbit: conjugated triple is Gamma_b-conjugate to the mirror triple (S1^-1, S1^2 S2, X_b)
  [ok]   both candidates pass but only one hits its intended flag: M_even^-1 M_odd lies in Gamma_b (same coset)
  [ok]   at least one of the two passing candidates hits its intended flag
  exhaustive Gram-pruned enumeration [t=16s]
    Gram-consistent ordered 4-tuples: 384   Gamma_b-orbits: 2   full similarities: 192   det signs: [ "+1" ]
    orbit rep tuple [ 1, 2, 4, 10 ]: similarity=false det sign=-1 vertices=true edges=true faces=false cells=false conj=[ true, true, true ][ true, true, true ] orientation=none
    orbit rep tuple [ 1, 2, 4, 12 ]: similarity=true det sign=+1 vertices=true edges=true faces=true cells=true conj=[ true, true, true ][ true, true, true ] orientation=mirror
  [ok]   each Gamma_b-orbit of anchor tuples has size |Gamma_b| (free action)
  [ok]   the recorded orbits partition the enumerated tuple list
  [ok]   direct recomputation of M*M^T and det M for 384 sampled tuples agrees with orbit representatives
  [ok]   exhaustive similarity count 192 = |Gamma_b| * (number of flag-anchored cosets = 1)
  [ok]   number of similarity orbits found exhaustively = number of flag-anchored cosets
  [ok]   candidate even tuple is enumerated and its orbit verdict matches the candidate verdict
  [ok]   candidate odd tuple is enumerated and its orbit verdict matches the candidate verdict
  [ok]   det signs of passing candidates = det signs found exhaustively
  => 192 similarities L3-{4,3,3}-6 -> L3-{4,3,3}-1 (1 Gamma_b-coset(s)), lambda = 3/4, det signs [ "+1" ]
pair (L3-{5,3,3}-3 -> L3-{4,3,3}-1): inequivalent: different f-vector (600,1200,120,5) vs (16,32,12,4)
pair (L3-{5,3,3}-8 -> L3-{4,3,3}-1): inequivalent: different f-vector (600,1200,120,5) vs (16,32,12,4)
pair (L3-{5,3,5/2}-1 -> L3-{4,3,3}-1): inequivalent: different f-vector (240,480,120,20) vs (16,32,12,4)
pair (L3-{5,3,5/2}-2 -> L3-{4,3,3}-1): inequivalent: different f-vector (240,480,120,20) vs (16,32,12,4)
pair (L3-{5,3,5/2}-3 -> L3-{4,3,3}-1): inequivalent: different f-vector (240,480,120,20) vs (16,32,12,4)
pair (L3-{5,3,5/2}-4 -> L3-{4,3,3}-1): inequivalent: different f-vector (240,480,120,20) vs (16,32,12,4)
pair (L3-{5,3,5/2}-5 -> L3-{4,3,3}-1): inequivalent: different f-vector (48,144,48,8) vs (16,32,12,4)
pair (L3-{5,3,5/2}-6 -> L3-{4,3,3}-1): inequivalent: different f-vector (48,144,48,8) vs (16,32,12,4)
pair (L3-{5,3,5/2}-7 -> L3-{4,3,3}-1): inequivalent: different f-vector (48,144,48,8) vs (16,32,12,4)
pair (L3-{5,3,5/2}-8 -> L3-{4,3,3}-1): inequivalent: different f-vector (48,144,48,8) vs (16,32,12,4)
pair (L3-{5,3,5/2}-9 -> L3-{4,3,3}-1): inequivalent: different f-vector (120,720,300,50) vs (16,32,12,4)
pair (L3-{5,3,5/2}-10 -> L3-{4,3,3}-1): inequivalent: different f-vector (120,720,300,50) vs (16,32,12,4)
pair (L3-{5,3,5/2}-11 -> L3-{4,3,3}-1): inequivalent: different f-vector (120,720,300,50) vs (16,32,12,4)
pair (L3-{5,3,5/2}-12 -> L3-{4,3,3}-1): inequivalent: different f-vector (120,720,300,50) vs (16,32,12,4)
pair (L3-{5,3,5/2}-13 -> L3-{4,3,3}-1): inequivalent: different f-vector (120,720,300,50) vs (16,32,12,4)
pair (L3-{5,3,5/2}-14 -> L3-{4,3,3}-1): inequivalent: different f-vector (120,720,300,50) vs (16,32,12,4)
pair (L3-{5,3,5/2}-15 -> L3-{4,3,3}-1): inequivalent: different f-vector (120,720,300,50) vs (16,32,12,4)
pair (L3-{5,3,5/2}-16 -> L3-{4,3,3}-1): inequivalent: different f-vector (120,720,300,50) vs (16,32,12,4)
pair (L3-{3,3,5/2}-1 -> L3-{4,3,3}-1): inequivalent: different f-vector (600,1200,120,5) vs (16,32,12,4)
pair (L3-{3,3,5/2}-4 -> L3-{4,3,3}-1): inequivalent: different f-vector (600,1200,120,5) vs (16,32,12,4)

#### target b = L3-{4,3,3}-2   computing Gram matrix of V_b [t=16s]
  [ok]   Gram diagonal constant = |w_b|^2

== pair (L3-{4,3,3}-1 -> L3-{4,3,3}-2)  f-vector (16,32,12,4)  |Gamma_a|=192 |Gamma_b|=192 [t=16s]
  lambda = |w_b|^2/|w_a|^2 = 1/4  (~0.25)
  candidate even: image tuple (1-based indices in V_b) [ 5, 8, 15, 6 ]  Gram-consistent: false
    (i)   traversal of all p face vertices: true
    (ii)  M*M^T = lambda*I: false
    (iii) det M = 1/16  sign(det M/lambda^2) = +1
    (iv)  vertex set onto vertex set: false
    (v)   edges/faces/cells onto: false/false/false
    (vi)  M^-1 {S1,S2,X_a} M in Gamma_b: [ false, false, false ]   M {S1,S2,X_b} M^-1 in Gamma_a: [ false, false, false ]
    (vii) conjugated triple orientation in Gamma_b: none  (RepresentativeAction and own conjugator search agree: true; exact equality with same triple: false, with mirror triple: false)
    flag image = intended even flag: false   (= intended flag with the other cell: false;  image flag orbit: none)
    => candidate even passes (structure map): false;  represents the even coset: false
    M = [ [ 1/2, -1/2, 0, 1/2 ], [ 0, 1/2, 1/2, -1/2 ], [ 1/2, -1/2, 1/2, 0 ], [ -1/2, 0, -1/2, 1/2 ] ]
  candidate odd: image tuple (1-based indices in V_b) [ 5, 16, 3, 6 ]  Gram-consistent: false
    (i)   traversal of all p face vertices: true
    (ii)  M*M^T = lambda*I: false
    (iii) det M = 1/16  sign(det M/lambda^2) = +1
    (iv)  vertex set onto vertex set: false
    (v)   edges/faces/cells onto: false/false/false
    (vi)  M^-1 {S1,S2,X_a} M in Gamma_b: [ false, false, false ]   M {S1,S2,X_b} M^-1 in Gamma_a: [ false, false, false ]
    (vii) conjugated triple orientation in Gamma_b: none  (RepresentativeAction and own conjugator search agree: true; exact equality with same triple: false, with mirror triple: false)
    flag image = intended odd flag: false   (= intended flag with the other cell: false;  image flag orbit: none)
    => candidate odd passes (structure map): false;  represents the odd coset: false
    M = [ [ -1/2, -2/3, 1/6, 1/6 ], [ 2/3, 1/6, 1/6, -1/2 ], [ -1/6, -1/2, 2/3, -1/6 ], [ -1/6, 1/6, -1/2, 2/3 ] ]
  exhaustive Gram-pruned enumeration [t=16s]
    Gram-consistent ordered 4-tuples: 384   Gamma_b-orbits: 2   full similarities: 0   det signs: [  ]
    orbit rep tuple [ 1, 2, 4, 10 ]: similarity=false det sign=-1 vertices=true edges=false faces=false cells=false conj=[ true, true, true ][ true, true, true ] orientation=none
    orbit rep tuple [ 1, 2, 4, 12 ]: similarity=false det sign=+1 vertices=true edges=false faces=false cells=false conj=[ true, true, true ][ true, true, true ] orientation=none
  [ok]   each Gamma_b-orbit of anchor tuples has size |Gamma_b| (free action)
  [ok]   the recorded orbits partition the enumerated tuple list
  [ok]   direct recomputation of M*M^T and det M for 384 sampled tuples agrees with orbit representatives
  [ok]   exhaustive similarity count 0 = |Gamma_b| * (number of flag-anchored cosets = 0)
  [ok]   number of similarity orbits found exhaustively = number of flag-anchored cosets
  [ok]   candidate even is not Gram-consistent and does not pass
  [ok]   candidate odd is not Gram-consistent and does not pass
  [ok]   det signs of passing candidates = det signs found exhaustively
  => EXHAUSTIVE PROOF: no similarity of E^4 carries realisation L3-{4,3,3}-1 onto L3-{4,3,3}-2 (no Gram-consistent tuple yields a structure map).

== pair (L3-{4,3,3}-2 -> L3-{4,3,3}-2)  f-vector (16,32,12,4)  |Gamma_a|=192 |Gamma_b|=192 [t=16s]
  lambda = |w_b|^2/|w_a|^2 = 1  (~1.)
  candidate even: image tuple (1-based indices in V_b) [ 5, 8, 15, 6 ]  Gram-consistent: true
    (i)   traversal of all p face vertices: true
    (ii)  M*M^T = lambda*I: true
    (iii) det M = 1  sign(det M/lambda^2) = +1
    (iv)  vertex set onto vertex set: true
    (v)   edges/faces/cells onto: true/true/true
    (vi)  M^-1 {S1,S2,X_a} M in Gamma_b: [ true, true, true ]   M {S1,S2,X_b} M^-1 in Gamma_a: [ true, true, true ]
    (vii) conjugated triple orientation in Gamma_b: same  (RepresentativeAction and own conjugator search agree: true; exact equality with same triple: true, with mirror triple: false)
    flag image = intended even flag: true   (= intended flag with the other cell: false;  image flag orbit: even)
    => candidate even passes (structure map): true;  represents the even coset: true
    M = [ [ 1, 0, 0, 0 ], [ 0, 1, 0, 0 ], [ 0, 0, 1, 0 ], [ 0, 0, 0, 1 ] ]
  [ok]   orientation test: RepresentativeAction agrees with independent conjugator search
  [ok]   conjugated triple is not simultaneously conjugate to the same and the mirror triple (abstract chirality)
  [ok]   passing even candidate maps the base flag of a to the intended flag of b or to the intended flag with the other cell
  [ok]   image flag orbit is even iff (even candidate and intended flag) or (odd candidate and other cell)
  [ok]   even candidate with even image orbit: conjugated triple is Gamma_b-conjugate to (S1,S2,X_b)
  [ok]   even candidate hitting the base flag: conjugated triple equals (S1,S2,X_b) exactly (free flag action)
  candidate odd: image tuple (1-based indices in V_b) [ 5, 16, 3, 6 ]  Gram-consistent: true
    (i)   traversal of all p face vertices: true
    (ii)  M*M^T = lambda*I: true
    (iii) det M = 1  sign(det M/lambda^2) = +1
    (iv)  vertex set onto vertex set: true
    (v)   edges/faces/cells onto: true/true/true
    (vi)  M^-1 {S1,S2,X_a} M in Gamma_b: [ true, true, true ]   M {S1,S2,X_b} M^-1 in Gamma_a: [ true, true, true ]
    (vii) conjugated triple orientation in Gamma_b: same  (RepresentativeAction and own conjugator search agree: true; exact equality with same triple: false, with mirror triple: false)
    flag image = intended odd flag: false   (= intended flag with the other cell: true;  image flag orbit: even)
    => candidate odd passes (structure map): true;  represents the odd coset: false
    M = [ [ -1/3, -2/3, 0, -2/3 ], [ 2/3, 0, -2/3, -1/3 ], [ 2/3, -1/3, 2/3, 0 ], [ 0, -2/3, -1/3, 2/3 ] ]
  [ok]   orientation test: RepresentativeAction agrees with independent conjugator search
  [ok]   conjugated triple is not simultaneously conjugate to the same and the mirror triple (abstract chirality)
  [ok]   passing odd candidate maps the base flag of a to the intended flag of b or to the intended flag with the other cell
  [ok]   image flag orbit is even iff (even candidate and intended flag) or (odd candidate and other cell)
  [ok]   odd candidate with even image orbit: conjugated triple is Gamma_b-conjugate to (S1,S2,X_b)
  [ok]   both candidates pass but only one hits its intended flag: M_even^-1 M_odd lies in Gamma_b (same coset)
  [ok]   at least one of the two passing candidates hits its intended flag
  a = b: the odd candidate passes but maps the base flag to (Phi^2)^3 (even orbit): it is an element of Gamma, not an extra symmetry; no similarity maps the base flag to its 2-adjacent flag: geometrically chiral (symmetry group = Gamma)
  [ok]   a = b: the even candidate (identity) passes and fixes the base flag
  [ok]   a = b: the even candidate matrix is the identity
  exhaustive Gram-pruned enumeration [t=16s]
    Gram-consistent ordered 4-tuples: 384   Gamma_b-orbits: 2   full similarities: 192   det signs: [ "+1" ]
    orbit rep tuple [ 1, 10, 8, 3 ]: similarity=false det sign=-1 vertices=true edges=true faces=false cells=false conj=[ true, true, true ][ true, true, true ] orientation=none
    orbit rep tuple [ 1, 10, 8, 5 ]: similarity=true det sign=+1 vertices=true edges=true faces=true cells=true conj=[ true, true, true ][ true, true, true ] orientation=same
  [ok]   each Gamma_b-orbit of anchor tuples has size |Gamma_b| (free action)
  [ok]   the recorded orbits partition the enumerated tuple list
  [ok]   direct recomputation of M*M^T and det M for 384 sampled tuples agrees with orbit representatives
  [ok]   exhaustive similarity count 192 = |Gamma_b| * (number of flag-anchored cosets = 1)
  [ok]   number of similarity orbits found exhaustively = number of flag-anchored cosets
  [ok]   candidate even tuple is enumerated and its orbit verdict matches the candidate verdict
  [ok]   candidate odd tuple is enumerated and its orbit verdict matches the candidate verdict
  [ok]   det signs of passing candidates = det signs found exhaustively
  => 192 similarities L3-{4,3,3}-2 -> L3-{4,3,3}-2 (1 Gamma_b-coset(s)), lambda = 1, det signs [ "+1" ]

== pair (L3-{4,3,3}-3 -> L3-{4,3,3}-2)  f-vector (16,32,12,4)  |Gamma_a|=192 |Gamma_b|=192 [t=16s]
  lambda = |w_b|^2/|w_a|^2 = 3/4  (~0.75)
  candidate even: image tuple (1-based indices in V_b) [ 5, 8, 15, 6 ]  Gram-consistent: true
    (i)   traversal of all p face vertices: true
    (ii)  M*M^T = lambda*I: true
    (iii) det M = 9/16  sign(det M/lambda^2) = +1
    (iv)  vertex set onto vertex set: true
    (v)   edges/faces/cells onto: true/true/true
    (vi)  M^-1 {S1,S2,X_a} M in Gamma_b: [ true, true, true ]   M {S1,S2,X_b} M^-1 in Gamma_a: [ true, true, true ]
    (vii) conjugated triple orientation in Gamma_b: mirror  (RepresentativeAction and own conjugator search agree: true; exact equality with same triple: false, with mirror triple: false)
    flag image = intended even flag: false   (= intended flag with the other cell: true;  image flag orbit: odd)
    => candidate even passes (structure map): true;  represents the even coset: false
    M = [ [ 1/2, -1/2, 0, -1/2 ], [ 0, 1/2, -1/2, -1/2 ], [ 1/2, 1/2, 1/2, 0 ], [ 1/2, 0, -1/2, 1/2 ] ]
  [ok]   orientation test: RepresentativeAction agrees with independent conjugator search
  [ok]   conjugated triple is not simultaneously conjugate to the same and the mirror triple (abstract chirality)
  [ok]   passing even candidate maps the base flag of a to the intended flag of b or to the intended flag with the other cell
  [ok]   image flag orbit is even iff (even candidate and intended flag) or (odd candidate and other cell)
  [ok]   even candidate with odd image orbit: conjugated triple is Gamma_b-conjugate to the mirror triple (S1^-1, S1^2 S2, X_b)
  candidate odd: image tuple (1-based indices in V_b) [ 5, 16, 3, 6 ]  Gram-consistent: true
    (i)   traversal of all p face vertices: true
    (ii)  M*M^T = lambda*I: true
    (iii) det M = 9/16  sign(det M/lambda^2) = +1
    (iv)  vertex set onto vertex set: true
    (v)   edges/faces/cells onto: true/true/true
    (vi)  M^-1 {S1,S2,X_a} M in Gamma_b: [ true, true, true ]   M {S1,S2,X_b} M^-1 in Gamma_a: [ true, true, true ]
    (vii) conjugated triple orientation in Gamma_b: mirror  (RepresentativeAction and own conjugator search agree: true; exact equality with same triple: false, with mirror triple: false)
    flag image = intended odd flag: true   (= intended flag with the other cell: false;  image flag orbit: odd)
    => candidate odd passes (structure map): true;  represents the odd coset: true
    M = [ [ -1/2, 0, 1/2, -1/2 ], [ 0, 1/2, -1/2, -1/2 ], [ 1/2, -1/2, 0, -1/2 ], [ -1/2, -1/2, -1/2, 0 ] ]
  [ok]   orientation test: RepresentativeAction agrees with independent conjugator search
  [ok]   conjugated triple is not simultaneously conjugate to the same and the mirror triple (abstract chirality)
  [ok]   passing odd candidate maps the base flag of a to the intended flag of b or to the intended flag with the other cell
  [ok]   image flag orbit is even iff (even candidate and intended flag) or (odd candidate and other cell)
  [ok]   odd candidate with odd image orbit: conjugated triple is Gamma_b-conjugate to the mirror triple (S1^-1, S1^2 S2, X_b)
  [ok]   both candidates pass but only one hits its intended flag: M_even^-1 M_odd lies in Gamma_b (same coset)
  [ok]   at least one of the two passing candidates hits its intended flag
  exhaustive Gram-pruned enumeration [t=16s]
    Gram-consistent ordered 4-tuples: 384   Gamma_b-orbits: 2   full similarities: 192   det signs: [ "+1" ]
    orbit rep tuple [ 1, 10, 8, 3 ]: similarity=false det sign=-1 vertices=true edges=true faces=false cells=false conj=[ true, true, true ][ true, true, true ] orientation=none
    orbit rep tuple [ 1, 10, 8, 5 ]: similarity=true det sign=+1 vertices=true edges=true faces=true cells=true conj=[ true, true, true ][ true, true, true ] orientation=mirror
  [ok]   each Gamma_b-orbit of anchor tuples has size |Gamma_b| (free action)
  [ok]   the recorded orbits partition the enumerated tuple list
  [ok]   direct recomputation of M*M^T and det M for 384 sampled tuples agrees with orbit representatives
  [ok]   exhaustive similarity count 192 = |Gamma_b| * (number of flag-anchored cosets = 1)
  [ok]   number of similarity orbits found exhaustively = number of flag-anchored cosets
  [ok]   candidate even tuple is enumerated and its orbit verdict matches the candidate verdict
  [ok]   candidate odd tuple is enumerated and its orbit verdict matches the candidate verdict
  [ok]   det signs of passing candidates = det signs found exhaustively
  => 192 similarities L3-{4,3,3}-3 -> L3-{4,3,3}-2 (1 Gamma_b-coset(s)), lambda = 3/4, det signs [ "+1" ]

== pair (L3-{4,3,3}-6 -> L3-{4,3,3}-2)  f-vector (16,32,12,4)  |Gamma_a|=192 |Gamma_b|=192 [t=16s]
  lambda = |w_b|^2/|w_a|^2 = 3/16  (~0.1875)
  candidate even: image tuple (1-based indices in V_b) [ 5, 8, 15, 6 ]  Gram-consistent: false
    (i)   traversal of all p face vertices: true
    (ii)  M*M^T = lambda*I: false
    (iii) det M = 9/256  sign(det M/lambda^2) = +1
    (iv)  vertex set onto vertex set: false
    (v)   edges/faces/cells onto: false/false/false
    (vi)  M^-1 {S1,S2,X_a} M in Gamma_b: [ false, false, false ]   M {S1,S2,X_b} M^-1 in Gamma_a: [ false, false, false ]
    (vii) conjugated triple orientation in Gamma_b: none  (RepresentativeAction and own conjugator search agree: true; exact equality with same triple: false, with mirror triple: false)
    flag image = intended even flag: false   (= intended flag with the other cell: false;  image flag orbit: none)
    => candidate even passes (structure map): false;  represents the even coset: false
    M = [ [ -1/4, 0, -1/2, 1/2 ], [ 1/2, -1/4, 1/2, 0 ], [ 0, -1/2, -1/4, 1/2 ], [ -1/2, 1/2, 0, -1/4 ] ]
  candidate odd: image tuple (1-based indices in V_b) [ 5, 16, 3, 6 ]  Gram-consistent: false
    (i)   traversal of all p face vertices: true
    (ii)  M*M^T = lambda*I: false
    (iii) det M = 9/256  sign(det M/lambda^2) = +1
    (iv)  vertex set onto vertex set: false
    (v)   edges/faces/cells onto: false/false/false
    (vi)  M^-1 {S1,S2,X_a} M in Gamma_b: [ false, false, false ]   M {S1,S2,X_b} M^-1 in Gamma_a: [ false, false, false ]
    (vii) conjugated triple orientation in Gamma_b: none  (RepresentativeAction and own conjugator search agree: true; exact equality with same triple: false, with mirror triple: false)
    flag image = intended odd flag: false   (= intended flag with the other cell: false;  image flag orbit: none)
    => candidate odd passes (structure map): false;  represents the odd coset: false
    M = [ [ -1/4, 0, -1/2, 1/2 ], [ 0, -1/2, 1/2, -1/4 ], [ -1/2, -1/4, 0, 1/2 ], [ 1/2, 1/2, -1/4, 0 ] ]
  exhaustive Gram-pruned enumeration [t=16s]
    Gram-consistent ordered 4-tuples: 384   Gamma_b-orbits: 2   full similarities: 0   det signs: [  ]
    orbit rep tuple [ 1, 2, 4, 10 ]: similarity=false det sign=-1 vertices=true edges=false faces=false cells=false conj=[ true, true, true ][ true, true, true ] orientation=none
    orbit rep tuple [ 1, 2, 4, 12 ]: similarity=false det sign=+1 vertices=true edges=false faces=false cells=false conj=[ true, true, true ][ true, true, true ] orientation=none
  [ok]   each Gamma_b-orbit of anchor tuples has size |Gamma_b| (free action)
  [ok]   the recorded orbits partition the enumerated tuple list
  [ok]   direct recomputation of M*M^T and det M for 384 sampled tuples agrees with orbit representatives
  [ok]   exhaustive similarity count 0 = |Gamma_b| * (number of flag-anchored cosets = 0)
  [ok]   number of similarity orbits found exhaustively = number of flag-anchored cosets
  [ok]   candidate even is not Gram-consistent and does not pass
  [ok]   candidate odd is not Gram-consistent and does not pass
  [ok]   det signs of passing candidates = det signs found exhaustively
  => EXHAUSTIVE PROOF: no similarity of E^4 carries realisation L3-{4,3,3}-6 onto L3-{4,3,3}-2 (no Gram-consistent tuple yields a structure map).
pair (L3-{5,3,3}-3 -> L3-{4,3,3}-2): inequivalent: different f-vector (600,1200,120,5) vs (16,32,12,4)
pair (L3-{5,3,3}-8 -> L3-{4,3,3}-2): inequivalent: different f-vector (600,1200,120,5) vs (16,32,12,4)
pair (L3-{5,3,5/2}-1 -> L3-{4,3,3}-2): inequivalent: different f-vector (240,480,120,20) vs (16,32,12,4)
pair (L3-{5,3,5/2}-2 -> L3-{4,3,3}-2): inequivalent: different f-vector (240,480,120,20) vs (16,32,12,4)
pair (L3-{5,3,5/2}-3 -> L3-{4,3,3}-2): inequivalent: different f-vector (240,480,120,20) vs (16,32,12,4)
pair (L3-{5,3,5/2}-4 -> L3-{4,3,3}-2): inequivalent: different f-vector (240,480,120,20) vs (16,32,12,4)
pair (L3-{5,3,5/2}-5 -> L3-{4,3,3}-2): inequivalent: different f-vector (48,144,48,8) vs (16,32,12,4)
pair (L3-{5,3,5/2}-6 -> L3-{4,3,3}-2): inequivalent: different f-vector (48,144,48,8) vs (16,32,12,4)
pair (L3-{5,3,5/2}-7 -> L3-{4,3,3}-2): inequivalent: different f-vector (48,144,48,8) vs (16,32,12,4)
pair (L3-{5,3,5/2}-8 -> L3-{4,3,3}-2): inequivalent: different f-vector (48,144,48,8) vs (16,32,12,4)
pair (L3-{5,3,5/2}-9 -> L3-{4,3,3}-2): inequivalent: different f-vector (120,720,300,50) vs (16,32,12,4)
pair (L3-{5,3,5/2}-10 -> L3-{4,3,3}-2): inequivalent: different f-vector (120,720,300,50) vs (16,32,12,4)
pair (L3-{5,3,5/2}-11 -> L3-{4,3,3}-2): inequivalent: different f-vector (120,720,300,50) vs (16,32,12,4)
pair (L3-{5,3,5/2}-12 -> L3-{4,3,3}-2): inequivalent: different f-vector (120,720,300,50) vs (16,32,12,4)
pair (L3-{5,3,5/2}-13 -> L3-{4,3,3}-2): inequivalent: different f-vector (120,720,300,50) vs (16,32,12,4)
pair (L3-{5,3,5/2}-14 -> L3-{4,3,3}-2): inequivalent: different f-vector (120,720,300,50) vs (16,32,12,4)
pair (L3-{5,3,5/2}-15 -> L3-{4,3,3}-2): inequivalent: different f-vector (120,720,300,50) vs (16,32,12,4)
pair (L3-{5,3,5/2}-16 -> L3-{4,3,3}-2): inequivalent: different f-vector (120,720,300,50) vs (16,32,12,4)
pair (L3-{3,3,5/2}-1 -> L3-{4,3,3}-2): inequivalent: different f-vector (600,1200,120,5) vs (16,32,12,4)
pair (L3-{3,3,5/2}-4 -> L3-{4,3,3}-2): inequivalent: different f-vector (600,1200,120,5) vs (16,32,12,4)

#### target b = L3-{4,3,3}-3   computing Gram matrix of V_b [t=16s]
  [ok]   Gram diagonal constant = |w_b|^2

== pair (L3-{4,3,3}-1 -> L3-{4,3,3}-3)  f-vector (16,32,12,4)  |Gamma_a|=192 |Gamma_b|=192 [t=16s]
  lambda = |w_b|^2/|w_a|^2 = 1/3  (~0.3333333333333333)
  candidate even: image tuple (1-based indices in V_b) [ 2, 7, 12, 6 ]  Gram-consistent: false
    (i)   traversal of all p face vertices: true
    (ii)  M*M^T = lambda*I: false
    (iii) det M = 1/9  sign(det M/lambda^2) = +1
    (iv)  vertex set onto vertex set: false
    (v)   edges/faces/cells onto: false/false/false
    (vi)  M^-1 {S1,S2,X_a} M in Gamma_b: [ false, false, false ]   M {S1,S2,X_b} M^-1 in Gamma_a: [ false, false, false ]
    (vii) conjugated triple orientation in Gamma_b: none  (RepresentativeAction and own conjugator search agree: true; exact equality with same triple: false, with mirror triple: false)
    flag image = intended even flag: false   (= intended flag with the other cell: false;  image flag orbit: none)
    => candidate even passes (structure map): false;  represents the even coset: false
    M = [ [ 1/3, -2/3, 0, 2/3 ], [ 0, 1/3, 2/3, -2/3 ], [ 2/3, -2/3, 1/3, 0 ], [ -2/3, 0, -2/3, 1/3 ] ]
  candidate odd: image tuple (1-based indices in V_b) [ 2, 13, 3, 6 ]  Gram-consistent: false
    (i)   traversal of all p face vertices: true
    (ii)  M*M^T = lambda*I: false
    (iii) det M = 1/9  sign(det M/lambda^2) = +1
    (iv)  vertex set onto vertex set: false
    (v)   edges/faces/cells onto: false/false/false
    (vi)  M^-1 {S1,S2,X_a} M in Gamma_b: [ false, false, false ]   M {S1,S2,X_b} M^-1 in Gamma_a: [ false, false, false ]
    (vii) conjugated triple orientation in Gamma_b: none  (RepresentativeAction and own conjugator search agree: true; exact equality with same triple: false, with mirror triple: false)
    flag image = intended odd flag: false   (= intended flag with the other cell: false;  image flag orbit: none)
    => candidate odd passes (structure map): false;  represents the odd coset: false
    M = [ [ -2/3, -2/3, 1/3, 0 ], [ 2/3, 1/3, 0, -2/3 ], [ 0, -2/3, 2/3, -1/3 ], [ -1/3, 0, -2/3, 2/3 ] ]
  exhaustive Gram-pruned enumeration [t=16s]
    Gram-consistent ordered 4-tuples: 384   Gamma_b-orbits: 2   full similarities: 0   det signs: [  ]
    orbit rep tuple [ 1, 2, 4, 8 ]: similarity=false det sign=-1 vertices=true edges=false faces=false cells=false conj=[ true, true, true ][ true, true, true ] orientation=none
    orbit rep tuple [ 1, 2, 4, 12 ]: similarity=false det sign=+1 vertices=true edges=false faces=false cells=false conj=[ true, true, true ][ true, true, true ] orientation=none
  [ok]   each Gamma_b-orbit of anchor tuples has size |Gamma_b| (free action)
  [ok]   the recorded orbits partition the enumerated tuple list
  [ok]   direct recomputation of M*M^T and det M for 384 sampled tuples agrees with orbit representatives
  [ok]   exhaustive similarity count 0 = |Gamma_b| * (number of flag-anchored cosets = 0)
  [ok]   number of similarity orbits found exhaustively = number of flag-anchored cosets
  [ok]   candidate even is not Gram-consistent and does not pass
  [ok]   candidate odd is not Gram-consistent and does not pass
  [ok]   det signs of passing candidates = det signs found exhaustively
  => EXHAUSTIVE PROOF: no similarity of E^4 carries realisation L3-{4,3,3}-1 onto L3-{4,3,3}-3 (no Gram-consistent tuple yields a structure map).

== pair (L3-{4,3,3}-2 -> L3-{4,3,3}-3)  f-vector (16,32,12,4)  |Gamma_a|=192 |Gamma_b|=192 [t=16s]
  lambda = |w_b|^2/|w_a|^2 = 4/3  (~1.333333333333333)
  candidate even: image tuple (1-based indices in V_b) [ 2, 7, 12, 6 ]  Gram-consistent: true
    (i)   traversal of all p face vertices: true
    (ii)  M*M^T = lambda*I: true
    (iii) det M = 16/9  sign(det M/lambda^2) = +1
    (iv)  vertex set onto vertex set: true
    (v)   edges/faces/cells onto: true/true/true
    (vi)  M^-1 {S1,S2,X_a} M in Gamma_b: [ true, true, true ]   M {S1,S2,X_b} M^-1 in Gamma_a: [ true, true, true ]
    (vii) conjugated triple orientation in Gamma_b: mirror  (RepresentativeAction and own conjugator search agree: true; exact equality with same triple: false, with mirror triple: false)
    flag image = intended even flag: false   (= intended flag with the other cell: true;  image flag orbit: odd)
    => candidate even passes (structure map): true;  represents the even coset: false
    M = [ [ 2/3, 0, 2/3, 2/3 ], [ -2/3, 2/3, 2/3, 0 ], [ 0, -2/3, 2/3, -2/3 ], [ -2/3, -2/3, 0, 2/3 ] ]
  [ok]   orientation test: RepresentativeAction agrees with independent conjugator search
  [ok]   conjugated triple is not simultaneously conjugate to the same and the mirror triple (abstract chirality)
  [ok]   passing even candidate maps the base flag of a to the intended flag of b or to the intended flag with the other cell
  [ok]   image flag orbit is even iff (even candidate and intended flag) or (odd candidate and other cell)
  [ok]   even candidate with odd image orbit: conjugated triple is Gamma_b-conjugate to the mirror triple (S1^-1, S1^2 S2, X_b)
  candidate odd: image tuple (1-based indices in V_b) [ 2, 13, 3, 6 ]  Gram-consistent: true
    (i)   traversal of all p face vertices: true
    (ii)  M*M^T = lambda*I: true
    (iii) det M = 16/9  sign(det M/lambda^2) = +1
    (iv)  vertex set onto vertex set: true
    (v)   edges/faces/cells onto: true/true/true
    (vi)  M^-1 {S1,S2,X_a} M in Gamma_b: [ true, true, true ]   M {S1,S2,X_b} M^-1 in Gamma_a: [ true, true, true ]
    (vii) conjugated triple orientation in Gamma_b: mirror  (RepresentativeAction and own conjugator search agree: true; exact equality with same triple: false, with mirror triple: false)
    flag image = intended odd flag: true   (= intended flag with the other cell: false;  image flag orbit: odd)
    => candidate odd passes (structure map): true;  represents the odd coset: true
    M = [ [ -2/3, 0, 2/3, -2/3 ], [ 0, 2/3, -2/3, -2/3 ], [ 2/3, -2/3, 0, -2/3 ], [ -2/3, -2/3, -2/3, 0 ] ]
  [ok]   orientation test: RepresentativeAction agrees with independent conjugator search
  [ok]   conjugated triple is not simultaneously conjugate to the same and the mirror triple (abstract chirality)
  [ok]   passing odd candidate maps the base flag of a to the intended flag of b or to the intended flag with the other cell
  [ok]   image flag orbit is even iff (even candidate and intended flag) or (odd candidate and other cell)
  [ok]   odd candidate with odd image orbit: conjugated triple is Gamma_b-conjugate to the mirror triple (S1^-1, S1^2 S2, X_b)
  [ok]   both candidates pass but only one hits its intended flag: M_even^-1 M_odd lies in Gamma_b (same coset)
  [ok]   at least one of the two passing candidates hits its intended flag
  exhaustive Gram-pruned enumeration [t=16s]
    Gram-consistent ordered 4-tuples: 384   Gamma_b-orbits: 2   full similarities: 192   det signs: [ "+1" ]
    orbit rep tuple [ 1, 8, 10, 3 ]: similarity=false det sign=-1 vertices=true edges=true faces=false cells=false conj=[ true, true, true ][ true, true, true ] orientation=none
    orbit rep tuple [ 1, 8, 10, 5 ]: similarity=true det sign=+1 vertices=true edges=true faces=true cells=true conj=[ true, true, true ][ true, true, true ] orientation=mirror
  [ok]   each Gamma_b-orbit of anchor tuples has size |Gamma_b| (free action)
  [ok]   the recorded orbits partition the enumerated tuple list
  [ok]   direct recomputation of M*M^T and det M for 384 sampled tuples agrees with orbit representatives
  [ok]   exhaustive similarity count 192 = |Gamma_b| * (number of flag-anchored cosets = 1)
  [ok]   number of similarity orbits found exhaustively = number of flag-anchored cosets
  [ok]   candidate even tuple is enumerated and its orbit verdict matches the candidate verdict
  [ok]   candidate odd tuple is enumerated and its orbit verdict matches the candidate verdict
  [ok]   det signs of passing candidates = det signs found exhaustively
  => 192 similarities L3-{4,3,3}-2 -> L3-{4,3,3}-3 (1 Gamma_b-coset(s)), lambda = 4/3, det signs [ "+1" ]

== pair (L3-{4,3,3}-3 -> L3-{4,3,3}-3)  f-vector (16,32,12,4)  |Gamma_a|=192 |Gamma_b|=192 [t=16s]
  lambda = |w_b|^2/|w_a|^2 = 1  (~1.)
  candidate even: image tuple (1-based indices in V_b) [ 2, 7, 12, 6 ]  Gram-consistent: true
    (i)   traversal of all p face vertices: true
    (ii)  M*M^T = lambda*I: true
    (iii) det M = 1  sign(det M/lambda^2) = +1
    (iv)  vertex set onto vertex set: true
    (v)   edges/faces/cells onto: true/true/true
    (vi)  M^-1 {S1,S2,X_a} M in Gamma_b: [ true, true, true ]   M {S1,S2,X_b} M^-1 in Gamma_a: [ true, true, true ]
    (vii) conjugated triple orientation in Gamma_b: same  (RepresentativeAction and own conjugator search agree: true; exact equality with same triple: true, with mirror triple: false)
    flag image = intended even flag: true   (= intended flag with the other cell: false;  image flag orbit: even)
    => candidate even passes (structure map): true;  represents the even coset: true
    M = [ [ 1, 0, 0, 0 ], [ 0, 1, 0, 0 ], [ 0, 0, 1, 0 ], [ 0, 0, 0, 1 ] ]
  [ok]   orientation test: RepresentativeAction agrees with independent conjugator search
  [ok]   conjugated triple is not simultaneously conjugate to the same and the mirror triple (abstract chirality)
  [ok]   passing even candidate maps the base flag of a to the intended flag of b or to the intended flag with the other cell
  [ok]   image flag orbit is even iff (even candidate and intended flag) or (odd candidate and other cell)
  [ok]   even candidate with even image orbit: conjugated triple is Gamma_b-conjugate to (S1,S2,X_b)
  [ok]   even candidate hitting the base flag: conjugated triple equals (S1,S2,X_b) exactly (free flag action)
  candidate odd: image tuple (1-based indices in V_b) [ 2, 13, 3, 6 ]  Gram-consistent: true
    (i)   traversal of all p face vertices: true
    (ii)  M*M^T = lambda*I: true
    (iii) det M = 1  sign(det M/lambda^2) = +1
    (iv)  vertex set onto vertex set: true
    (v)   edges/faces/cells onto: true/true/true
    (vi)  M^-1 {S1,S2,X_a} M in Gamma_b: [ true, true, true ]   M {S1,S2,X_b} M^-1 in Gamma_a: [ true, true, true ]
    (vii) conjugated triple orientation in Gamma_b: same  (RepresentativeAction and own conjugator search agree: true; exact equality with same triple: false, with mirror triple: false)
    flag image = intended odd flag: false   (= intended flag with the other cell: true;  image flag orbit: even)
    => candidate odd passes (structure map): true;  represents the odd coset: false
    M = [ [ 0, 0, 1, 0 ], [ 0, 1, 0, 0 ], [ 0, 0, 0, -1 ], [ -1, 0, 0, 0 ] ]
  [ok]   orientation test: RepresentativeAction agrees with independent conjugator search
  [ok]   conjugated triple is not simultaneously conjugate to the same and the mirror triple (abstract chirality)
  [ok]   passing odd candidate maps the base flag of a to the intended flag of b or to the intended flag with the other cell
  [ok]   image flag orbit is even iff (even candidate and intended flag) or (odd candidate and other cell)
  [ok]   odd candidate with even image orbit: conjugated triple is Gamma_b-conjugate to (S1,S2,X_b)
  [ok]   both candidates pass but only one hits its intended flag: M_even^-1 M_odd lies in Gamma_b (same coset)
  [ok]   at least one of the two passing candidates hits its intended flag
  a = b: the odd candidate passes but maps the base flag to (Phi^2)^3 (even orbit): it is an element of Gamma, not an extra symmetry; no similarity maps the base flag to its 2-adjacent flag: geometrically chiral (symmetry group = Gamma)
  [ok]   a = b: the even candidate (identity) passes and fixes the base flag
  [ok]   a = b: the even candidate matrix is the identity
  exhaustive Gram-pruned enumeration [t=16s]
    Gram-consistent ordered 4-tuples: 384   Gamma_b-orbits: 2   full similarities: 192   det signs: [ "+1" ]
    orbit rep tuple [ 1, 8, 10, 3 ]: similarity=false det sign=-1 vertices=true edges=true faces=false cells=false conj=[ true, true, true ][ true, true, true ] orientation=none
    orbit rep tuple [ 1, 8, 10, 5 ]: similarity=true det sign=+1 vertices=true edges=true faces=true cells=true conj=[ true, true, true ][ true, true, true ] orientation=same
  [ok]   each Gamma_b-orbit of anchor tuples has size |Gamma_b| (free action)
  [ok]   the recorded orbits partition the enumerated tuple list
  [ok]   direct recomputation of M*M^T and det M for 384 sampled tuples agrees with orbit representatives
  [ok]   exhaustive similarity count 192 = |Gamma_b| * (number of flag-anchored cosets = 1)
  [ok]   number of similarity orbits found exhaustively = number of flag-anchored cosets
  [ok]   candidate even tuple is enumerated and its orbit verdict matches the candidate verdict
  [ok]   candidate odd tuple is enumerated and its orbit verdict matches the candidate verdict
  [ok]   det signs of passing candidates = det signs found exhaustively
  => 192 similarities L3-{4,3,3}-3 -> L3-{4,3,3}-3 (1 Gamma_b-coset(s)), lambda = 1, det signs [ "+1" ]

== pair (L3-{4,3,3}-6 -> L3-{4,3,3}-3)  f-vector (16,32,12,4)  |Gamma_a|=192 |Gamma_b|=192 [t=16s]
  lambda = |w_b|^2/|w_a|^2 = 1/4  (~0.25)
  candidate even: image tuple (1-based indices in V_b) [ 2, 7, 12, 6 ]  Gram-consistent: false
    (i)   traversal of all p face vertices: true
    (ii)  M*M^T = lambda*I: false
    (iii) det M = 1/16  sign(det M/lambda^2) = +1
    (iv)  vertex set onto vertex set: false
    (v)   edges/faces/cells onto: false/false/false
    (vi)  M^-1 {S1,S2,X_a} M in Gamma_b: [ false, false, false ]   M {S1,S2,X_b} M^-1 in Gamma_a: [ false, false, false ]
    (vii) conjugated triple orientation in Gamma_b: none  (RepresentativeAction and own conjugator search agree: true; exact equality with same triple: false, with mirror triple: false)
    flag image = intended even flag: false   (= intended flag with the other cell: false;  image flag orbit: none)
    => candidate even passes (structure map): false;  represents the even coset: false
    M = [ [ -1/2, 0, -1/2, 1/2 ], [ 1/2, -1/2, 1/2, 0 ], [ 0, -1/2, -1/2, 1/2 ], [ -1/2, 1/2, 0, -1/2 ] ]
  candidate odd: image tuple (1-based indices in V_b) [ 2, 13, 3, 6 ]  Gram-consistent: false
    (i)   traversal of all p face vertices: true
    (ii)  M*M^T = lambda*I: false
    (iii) det M = 1/16  sign(det M/lambda^2) = +1
    (iv)  vertex set onto vertex set: false
    (v)   edges/faces/cells onto: false/false/false
    (vi)  M^-1 {S1,S2,X_a} M in Gamma_b: [ false, false, false ]   M {S1,S2,X_b} M^-1 in Gamma_a: [ false, false, false ]
    (vii) conjugated triple orientation in Gamma_b: none  (RepresentativeAction and own conjugator search agree: true; exact equality with same triple: false, with mirror triple: false)
    flag image = intended odd flag: false   (= intended flag with the other cell: false;  image flag orbit: none)
    => candidate odd passes (structure map): false;  represents the odd coset: false
    M = [ [ -1/2, 0, -1/2, 1/2 ], [ 0, -1/2, 1/2, -1/2 ], [ -1/2, -1/2, 0, 1/2 ], [ 1/2, 1/2, -1/2, 0 ] ]
  exhaustive Gram-pruned enumeration [t=16s]
    Gram-consistent ordered 4-tuples: 384   Gamma_b-orbits: 2   full similarities: 0   det signs: [  ]
    orbit rep tuple [ 1, 2, 4, 8 ]: similarity=false det sign=-1 vertices=true edges=false faces=false cells=false conj=[ true, true, true ][ true, true, true ] orientation=none
    orbit rep tuple [ 1, 2, 4, 12 ]: similarity=false det sign=+1 vertices=true edges=false faces=false cells=false conj=[ true, true, true ][ true, true, true ] orientation=none
  [ok]   each Gamma_b-orbit of anchor tuples has size |Gamma_b| (free action)
  [ok]   the recorded orbits partition the enumerated tuple list
  [ok]   direct recomputation of M*M^T and det M for 384 sampled tuples agrees with orbit representatives
  [ok]   exhaustive similarity count 0 = |Gamma_b| * (number of flag-anchored cosets = 0)
  [ok]   number of similarity orbits found exhaustively = number of flag-anchored cosets
  [ok]   candidate even is not Gram-consistent and does not pass
  [ok]   candidate odd is not Gram-consistent and does not pass
  [ok]   det signs of passing candidates = det signs found exhaustively
  => EXHAUSTIVE PROOF: no similarity of E^4 carries realisation L3-{4,3,3}-6 onto L3-{4,3,3}-3 (no Gram-consistent tuple yields a structure map).
pair (L3-{5,3,3}-3 -> L3-{4,3,3}-3): inequivalent: different f-vector (600,1200,120,5) vs (16,32,12,4)
pair (L3-{5,3,3}-8 -> L3-{4,3,3}-3): inequivalent: different f-vector (600,1200,120,5) vs (16,32,12,4)
pair (L3-{5,3,5/2}-1 -> L3-{4,3,3}-3): inequivalent: different f-vector (240,480,120,20) vs (16,32,12,4)
pair (L3-{5,3,5/2}-2 -> L3-{4,3,3}-3): inequivalent: different f-vector (240,480,120,20) vs (16,32,12,4)
pair (L3-{5,3,5/2}-3 -> L3-{4,3,3}-3): inequivalent: different f-vector (240,480,120,20) vs (16,32,12,4)
pair (L3-{5,3,5/2}-4 -> L3-{4,3,3}-3): inequivalent: different f-vector (240,480,120,20) vs (16,32,12,4)
pair (L3-{5,3,5/2}-5 -> L3-{4,3,3}-3): inequivalent: different f-vector (48,144,48,8) vs (16,32,12,4)
pair (L3-{5,3,5/2}-6 -> L3-{4,3,3}-3): inequivalent: different f-vector (48,144,48,8) vs (16,32,12,4)
pair (L3-{5,3,5/2}-7 -> L3-{4,3,3}-3): inequivalent: different f-vector (48,144,48,8) vs (16,32,12,4)
pair (L3-{5,3,5/2}-8 -> L3-{4,3,3}-3): inequivalent: different f-vector (48,144,48,8) vs (16,32,12,4)
pair (L3-{5,3,5/2}-9 -> L3-{4,3,3}-3): inequivalent: different f-vector (120,720,300,50) vs (16,32,12,4)
pair (L3-{5,3,5/2}-10 -> L3-{4,3,3}-3): inequivalent: different f-vector (120,720,300,50) vs (16,32,12,4)
pair (L3-{5,3,5/2}-11 -> L3-{4,3,3}-3): inequivalent: different f-vector (120,720,300,50) vs (16,32,12,4)
pair (L3-{5,3,5/2}-12 -> L3-{4,3,3}-3): inequivalent: different f-vector (120,720,300,50) vs (16,32,12,4)
pair (L3-{5,3,5/2}-13 -> L3-{4,3,3}-3): inequivalent: different f-vector (120,720,300,50) vs (16,32,12,4)
pair (L3-{5,3,5/2}-14 -> L3-{4,3,3}-3): inequivalent: different f-vector (120,720,300,50) vs (16,32,12,4)
pair (L3-{5,3,5/2}-15 -> L3-{4,3,3}-3): inequivalent: different f-vector (120,720,300,50) vs (16,32,12,4)
pair (L3-{5,3,5/2}-16 -> L3-{4,3,3}-3): inequivalent: different f-vector (120,720,300,50) vs (16,32,12,4)
pair (L3-{3,3,5/2}-1 -> L3-{4,3,3}-3): inequivalent: different f-vector (600,1200,120,5) vs (16,32,12,4)
pair (L3-{3,3,5/2}-4 -> L3-{4,3,3}-3): inequivalent: different f-vector (600,1200,120,5) vs (16,32,12,4)

#### target b = L3-{4,3,3}-6   computing Gram matrix of V_b [t=16s]
  [ok]   Gram diagonal constant = |w_b|^2

== pair (L3-{4,3,3}-1 -> L3-{4,3,3}-6)  f-vector (16,32,12,4)  |Gamma_a|=192 |Gamma_b|=192 [t=16s]
  lambda = |w_b|^2/|w_a|^2 = 4/3  (~1.333333333333333)
  candidate even: image tuple (1-based indices in V_b) [ 16, 14, 13, 9 ]  Gram-consistent: true
    (i)   traversal of all p face vertices: true
    (ii)  M*M^T = lambda*I: true
    (iii) det M = 16/9  sign(det M/lambda^2) = +1
    (iv)  vertex set onto vertex set: true
    (v)   edges/faces/cells onto: true/true/true
    (vi)  M^-1 {S1,S2,X_a} M in Gamma_b: [ true, true, true ]   M {S1,S2,X_b} M^-1 in Gamma_a: [ true, true, true ]
    (vii) conjugated triple orientation in Gamma_b: mirror  (RepresentativeAction and own conjugator search agree: true; exact equality with same triple: false, with mirror triple: false)
    flag image = intended even flag: false   (= intended flag with the other cell: true;  image flag orbit: odd)
    => candidate even passes (structure map): true;  represents the even coset: false
    M = [ [ 2/3, 2/3, 0, -2/3 ], [ 0, 2/3, -2/3, 2/3 ], [ -2/3, 2/3, 2/3, 0 ], [ 2/3, 0, 2/3, 2/3 ] ]
  [ok]   orientation test: RepresentativeAction agrees with independent conjugator search
  [ok]   conjugated triple is not simultaneously conjugate to the same and the mirror triple (abstract chirality)
  [ok]   passing even candidate maps the base flag of a to the intended flag of b or to the intended flag with the other cell
  [ok]   image flag orbit is even iff (even candidate and intended flag) or (odd candidate and other cell)
  [ok]   even candidate with odd image orbit: conjugated triple is Gamma_b-conjugate to the mirror triple (S1^-1, S1^2 S2, X_b)
  candidate odd: image tuple (1-based indices in V_b) [ 16, 12, 10, 9 ]  Gram-consistent: true
    (i)   traversal of all p face vertices: true
    (ii)  M*M^T = lambda*I: true
    (iii) det M = 16/9  sign(det M/lambda^2) = +1
    (iv)  vertex set onto vertex set: true
    (v)   edges/faces/cells onto: true/true/true
    (vi)  M^-1 {S1,S2,X_a} M in Gamma_b: [ true, true, true ]   M {S1,S2,X_b} M^-1 in Gamma_a: [ true, true, true ]
    (vii) conjugated triple orientation in Gamma_b: mirror  (RepresentativeAction and own conjugator search agree: true; exact equality with same triple: false, with mirror triple: false)
    flag image = intended odd flag: true   (= intended flag with the other cell: false;  image flag orbit: odd)
    => candidate odd passes (structure map): true;  represents the odd coset: true
    M = [ [ 2/3, 0, -2/3, 2/3 ], [ 0, -2/3, 2/3, 2/3 ], [ -2/3, 2/3, 0, 2/3 ], [ 2/3, 2/3, 2/3, 0 ] ]
  [ok]   orientation test: RepresentativeAction agrees with independent conjugator search
  [ok]   conjugated triple is not simultaneously conjugate to the same and the mirror triple (abstract chirality)
  [ok]   passing odd candidate maps the base flag of a to the intended flag of b or to the intended flag with the other cell
  [ok]   image flag orbit is even iff (even candidate and intended flag) or (odd candidate and other cell)
  [ok]   odd candidate with odd image orbit: conjugated triple is Gamma_b-conjugate to the mirror triple (S1^-1, S1^2 S2, X_b)
  [ok]   both candidates pass but only one hits its intended flag: M_even^-1 M_odd lies in Gamma_b (same coset)
  [ok]   at least one of the two passing candidates hits its intended flag
  exhaustive Gram-pruned enumeration [t=16s]
    Gram-consistent ordered 4-tuples: 384   Gamma_b-orbits: 2   full similarities: 192   det signs: [ "+1" ]
    orbit rep tuple [ 1, 2, 4, 8 ]: similarity=false det sign=-1 vertices=true edges=true faces=false cells=false conj=[ true, true, true ][ true, true, true ] orientation=none
    orbit rep tuple [ 1, 2, 4, 12 ]: similarity=true det sign=+1 vertices=true edges=true faces=true cells=true conj=[ true, true, true ][ true, true, true ] orientation=mirror
  [ok]   each Gamma_b-orbit of anchor tuples has size |Gamma_b| (free action)
  [ok]   the recorded orbits partition the enumerated tuple list
  [ok]   direct recomputation of M*M^T and det M for 384 sampled tuples agrees with orbit representatives
  [ok]   exhaustive similarity count 192 = |Gamma_b| * (number of flag-anchored cosets = 1)
  [ok]   number of similarity orbits found exhaustively = number of flag-anchored cosets
  [ok]   candidate even tuple is enumerated and its orbit verdict matches the candidate verdict
  [ok]   candidate odd tuple is enumerated and its orbit verdict matches the candidate verdict
  [ok]   det signs of passing candidates = det signs found exhaustively
  => 192 similarities L3-{4,3,3}-1 -> L3-{4,3,3}-6 (1 Gamma_b-coset(s)), lambda = 4/3, det signs [ "+1" ]

== pair (L3-{4,3,3}-2 -> L3-{4,3,3}-6)  f-vector (16,32,12,4)  |Gamma_a|=192 |Gamma_b|=192 [t=16s]
  lambda = |w_b|^2/|w_a|^2 = 16/3  (~5.333333333333333)
  candidate even: image tuple (1-based indices in V_b) [ 16, 14, 13, 9 ]  Gram-consistent: false
    (i)   traversal of all p face vertices: true
    (ii)  M*M^T = lambda*I: false
    (iii) det M = 256/9  sign(det M/lambda^2) = +1
    (iv)  vertex set onto vertex set: false
    (v)   edges/faces/cells onto: false/false/false
    (vi)  M^-1 {S1,S2,X_a} M in Gamma_b: [ false, false, false ]   M {S1,S2,X_b} M^-1 in Gamma_a: [ false, false, false ]
    (vii) conjugated triple orientation in Gamma_b: none  (RepresentativeAction and own conjugator search agree: true; exact equality with same triple: false, with mirror triple: false)
    flag image = intended even flag: false   (= intended flag with the other cell: false;  image flag orbit: none)
    => candidate even passes (structure map): false;  represents the even coset: false
    M = [ [ 4/3, 0, -8/3, -8/3 ], [ 8/3, 4/3, -8/3, 0 ], [ 0, 8/3, 4/3, 8/3 ], [ 8/3, 8/3, 0, 4/3 ] ]
  candidate odd: image tuple (1-based indices in V_b) [ 16, 12, 10, 9 ]  Gram-consistent: false
    (i)   traversal of all p face vertices: true
    (ii)  M*M^T = lambda*I: false
    (iii) det M = 256/9  sign(det M/lambda^2) = +1
    (iv)  vertex set onto vertex set: false
    (v)   edges/faces/cells onto: false/false/false
    (vi)  M^-1 {S1,S2,X_a} M in Gamma_b: [ false, false, false ]   M {S1,S2,X_b} M^-1 in Gamma_a: [ false, false, false ]
    (vii) conjugated triple orientation in Gamma_b: none  (RepresentativeAction and own conjugator search agree: true; exact equality with same triple: false, with mirror triple: false)
    flag image = intended odd flag: false   (= intended flag with the other cell: false;  image flag orbit: none)
    => candidate odd passes (structure map): false;  represents the odd coset: false
    M = [ [ 4/3, -8/3, -8/3, 0 ], [ 8/3, -8/3, 0, 4/3 ], [ 0, 4/3, 8/3, 8/3 ], [ 8/3, 0, 4/3, 8/3 ] ]
  exhaustive Gram-pruned enumeration [t=16s]
    Gram-consistent ordered 4-tuples: 384   Gamma_b-orbits: 2   full similarities: 0   det signs: [  ]
    orbit rep tuple [ 1, 8, 10, 3 ]: similarity=false det sign=-1 vertices=true edges=false faces=false cells=false conj=[ true, true, true ][ true, true, true ] orientation=none
    orbit rep tuple [ 1, 8, 10, 5 ]: similarity=false det sign=+1 vertices=true edges=false faces=false cells=false conj=[ true, true, true ][ true, true, true ] orientation=none
  [ok]   each Gamma_b-orbit of anchor tuples has size |Gamma_b| (free action)
  [ok]   the recorded orbits partition the enumerated tuple list
  [ok]   direct recomputation of M*M^T and det M for 384 sampled tuples agrees with orbit representatives
  [ok]   exhaustive similarity count 0 = |Gamma_b| * (number of flag-anchored cosets = 0)
  [ok]   number of similarity orbits found exhaustively = number of flag-anchored cosets
  [ok]   candidate even is not Gram-consistent and does not pass
  [ok]   candidate odd is not Gram-consistent and does not pass
  [ok]   det signs of passing candidates = det signs found exhaustively
  => EXHAUSTIVE PROOF: no similarity of E^4 carries realisation L3-{4,3,3}-2 onto L3-{4,3,3}-6 (no Gram-consistent tuple yields a structure map).

== pair (L3-{4,3,3}-3 -> L3-{4,3,3}-6)  f-vector (16,32,12,4)  |Gamma_a|=192 |Gamma_b|=192 [t=16s]
  lambda = |w_b|^2/|w_a|^2 = 4  (~4.)
  candidate even: image tuple (1-based indices in V_b) [ 16, 14, 13, 9 ]  Gram-consistent: false
    (i)   traversal of all p face vertices: true
    (ii)  M*M^T = lambda*I: false
    (iii) det M = 16  sign(det M/lambda^2) = +1
    (iv)  vertex set onto vertex set: false
    (v)   edges/faces/cells onto: false/false/false
    (vi)  M^-1 {S1,S2,X_a} M in Gamma_b: [ false, false, false ]   M {S1,S2,X_b} M^-1 in Gamma_a: [ false, false, false ]
    (vii) conjugated triple orientation in Gamma_b: none  (RepresentativeAction and own conjugator search agree: true; exact equality with same triple: false, with mirror triple: false)
    flag image = intended even flag: false   (= intended flag with the other cell: false;  image flag orbit: none)
    => candidate even passes (structure map): false;  represents the even coset: false
    M = [ [ -2, -2, 0, -2 ], [ 0, -2, -2, -2 ], [ 2, 2, -2, 0 ], [ 2, 0, -2, -2 ] ]
  candidate odd: image tuple (1-based indices in V_b) [ 16, 12, 10, 9 ]  Gram-consistent: false
    (i)   traversal of all p face vertices: true
    (ii)  M*M^T = lambda*I: false
    (iii) det M = 16  sign(det M/lambda^2) = +1
    (iv)  vertex set onto vertex set: false
    (v)   edges/faces/cells onto: false/false/false
    (vi)  M^-1 {S1,S2,X_a} M in Gamma_b: [ false, false, false ]   M {S1,S2,X_b} M^-1 in Gamma_a: [ false, false, false ]
    (vii) conjugated triple orientation in Gamma_b: none  (RepresentativeAction and own conjugator search agree: true; exact equality with same triple: false, with mirror triple: false)
    flag image = intended odd flag: false   (= intended flag with the other cell: false;  image flag orbit: none)
    => candidate odd passes (structure map): false;  represents the odd coset: false
    M = [ [ -2, 0, -2, -2 ], [ 0, -2, -2, -2 ], [ 2, -2, 0, 2 ], [ 2, -2, -2, 0 ] ]
  exhaustive Gram-pruned enumeration [t=16s]
    Gram-consistent ordered 4-tuples: 384   Gamma_b-orbits: 2   full similarities: 0   det signs: [  ]
    orbit rep tuple [ 1, 8, 10, 3 ]: similarity=false det sign=-1 vertices=true edges=false faces=false cells=false conj=[ true, true, true ][ true, true, true ] orientation=none
    orbit rep tuple [ 1, 8, 10, 5 ]: similarity=false det sign=+1 vertices=true edges=false faces=false cells=false conj=[ true, true, true ][ true, true, true ] orientation=none
  [ok]   each Gamma_b-orbit of anchor tuples has size |Gamma_b| (free action)
  [ok]   the recorded orbits partition the enumerated tuple list
  [ok]   direct recomputation of M*M^T and det M for 384 sampled tuples agrees with orbit representatives
  [ok]   exhaustive similarity count 0 = |Gamma_b| * (number of flag-anchored cosets = 0)
  [ok]   number of similarity orbits found exhaustively = number of flag-anchored cosets
  [ok]   candidate even is not Gram-consistent and does not pass
  [ok]   candidate odd is not Gram-consistent and does not pass
  [ok]   det signs of passing candidates = det signs found exhaustively
  => EXHAUSTIVE PROOF: no similarity of E^4 carries realisation L3-{4,3,3}-3 onto L3-{4,3,3}-6 (no Gram-consistent tuple yields a structure map).

== pair (L3-{4,3,3}-6 -> L3-{4,3,3}-6)  f-vector (16,32,12,4)  |Gamma_a|=192 |Gamma_b|=192 [t=16s]
  lambda = |w_b|^2/|w_a|^2 = 1  (~1.)
  candidate even: image tuple (1-based indices in V_b) [ 16, 14, 13, 9 ]  Gram-consistent: true
    (i)   traversal of all p face vertices: true
    (ii)  M*M^T = lambda*I: true
    (iii) det M = 1  sign(det M/lambda^2) = +1
    (iv)  vertex set onto vertex set: true
    (v)   edges/faces/cells onto: true/true/true
    (vi)  M^-1 {S1,S2,X_a} M in Gamma_b: [ true, true, true ]   M {S1,S2,X_b} M^-1 in Gamma_a: [ true, true, true ]
    (vii) conjugated triple orientation in Gamma_b: same  (RepresentativeAction and own conjugator search agree: true; exact equality with same triple: true, with mirror triple: false)
    flag image = intended even flag: true   (= intended flag with the other cell: false;  image flag orbit: even)
    => candidate even passes (structure map): true;  represents the even coset: true
    M = [ [ 1, 0, 0, 0 ], [ 0, 1, 0, 0 ], [ 0, 0, 1, 0 ], [ 0, 0, 0, 1 ] ]
  [ok]   orientation test: RepresentativeAction agrees with independent conjugator search
  [ok]   conjugated triple is not simultaneously conjugate to the same and the mirror triple (abstract chirality)
  [ok]   passing even candidate maps the base flag of a to the intended flag of b or to the intended flag with the other cell
  [ok]   image flag orbit is even iff (even candidate and intended flag) or (odd candidate and other cell)
  [ok]   even candidate with even image orbit: conjugated triple is Gamma_b-conjugate to (S1,S2,X_b)
  [ok]   even candidate hitting the base flag: conjugated triple equals (S1,S2,X_b) exactly (free flag action)
  candidate odd: image tuple (1-based indices in V_b) [ 16, 12, 10, 9 ]  Gram-consistent: true
    (i)   traversal of all p face vertices: true
    (ii)  M*M^T = lambda*I: true
    (iii) det M = 1  sign(det M/lambda^2) = +1
    (iv)  vertex set onto vertex set: true
    (v)   edges/faces/cells onto: true/true/true
    (vi)  M^-1 {S1,S2,X_a} M in Gamma_b: [ true, true, true ]   M {S1,S2,X_b} M^-1 in Gamma_a: [ true, true, true ]
    (vii) conjugated triple orientation in Gamma_b: same  (RepresentativeAction and own conjugator search agree: true; exact equality with same triple: false, with mirror triple: false)
    flag image = intended odd flag: false   (= intended flag with the other cell: true;  image flag orbit: even)
    => candidate odd passes (structure map): true;  represents the odd coset: false
    M = [ [ 1, 0, 0, 0 ], [ 0, 0, 0, 1 ], [ 0, 1, 0, 0 ], [ 0, 0, 1, 0 ] ]
  [ok]   orientation test: RepresentativeAction agrees with independent conjugator search
  [ok]   conjugated triple is not simultaneously conjugate to the same and the mirror triple (abstract chirality)
  [ok]   passing odd candidate maps the base flag of a to the intended flag of b or to the intended flag with the other cell
  [ok]   image flag orbit is even iff (even candidate and intended flag) or (odd candidate and other cell)
  [ok]   odd candidate with even image orbit: conjugated triple is Gamma_b-conjugate to (S1,S2,X_b)
  [ok]   both candidates pass but only one hits its intended flag: M_even^-1 M_odd lies in Gamma_b (same coset)
  [ok]   at least one of the two passing candidates hits its intended flag
  a = b: the odd candidate passes but maps the base flag to (Phi^2)^3 (even orbit): it is an element of Gamma, not an extra symmetry; no similarity maps the base flag to its 2-adjacent flag: geometrically chiral (symmetry group = Gamma)
  [ok]   a = b: the even candidate (identity) passes and fixes the base flag
  [ok]   a = b: the even candidate matrix is the identity
  exhaustive Gram-pruned enumeration [t=16s]
    Gram-consistent ordered 4-tuples: 384   Gamma_b-orbits: 2   full similarities: 192   det signs: [ "+1" ]
    orbit rep tuple [ 1, 2, 4, 8 ]: similarity=false det sign=-1 vertices=true edges=true faces=false cells=false conj=[ true, true, true ][ true, true, true ] orientation=none
    orbit rep tuple [ 1, 2, 4, 12 ]: similarity=true det sign=+1 vertices=true edges=true faces=true cells=true conj=[ true, true, true ][ true, true, true ] orientation=same
  [ok]   each Gamma_b-orbit of anchor tuples has size |Gamma_b| (free action)
  [ok]   the recorded orbits partition the enumerated tuple list
  [ok]   direct recomputation of M*M^T and det M for 384 sampled tuples agrees with orbit representatives
  [ok]   exhaustive similarity count 192 = |Gamma_b| * (number of flag-anchored cosets = 1)
  [ok]   number of similarity orbits found exhaustively = number of flag-anchored cosets
  [ok]   candidate even tuple is enumerated and its orbit verdict matches the candidate verdict
  [ok]   candidate odd tuple is enumerated and its orbit verdict matches the candidate verdict
  [ok]   det signs of passing candidates = det signs found exhaustively
  => 192 similarities L3-{4,3,3}-6 -> L3-{4,3,3}-6 (1 Gamma_b-coset(s)), lambda = 1, det signs [ "+1" ]
pair (L3-{5,3,3}-3 -> L3-{4,3,3}-6): inequivalent: different f-vector (600,1200,120,5) vs (16,32,12,4)
pair (L3-{5,3,3}-8 -> L3-{4,3,3}-6): inequivalent: different f-vector (600,1200,120,5) vs (16,32,12,4)
pair (L3-{5,3,5/2}-1 -> L3-{4,3,3}-6): inequivalent: different f-vector (240,480,120,20) vs (16,32,12,4)
pair (L3-{5,3,5/2}-2 -> L3-{4,3,3}-6): inequivalent: different f-vector (240,480,120,20) vs (16,32,12,4)
pair (L3-{5,3,5/2}-3 -> L3-{4,3,3}-6): inequivalent: different f-vector (240,480,120,20) vs (16,32,12,4)
pair (L3-{5,3,5/2}-4 -> L3-{4,3,3}-6): inequivalent: different f-vector (240,480,120,20) vs (16,32,12,4)
pair (L3-{5,3,5/2}-5 -> L3-{4,3,3}-6): inequivalent: different f-vector (48,144,48,8) vs (16,32,12,4)
pair (L3-{5,3,5/2}-6 -> L3-{4,3,3}-6): inequivalent: different f-vector (48,144,48,8) vs (16,32,12,4)
pair (L3-{5,3,5/2}-7 -> L3-{4,3,3}-6): inequivalent: different f-vector (48,144,48,8) vs (16,32,12,4)
pair (L3-{5,3,5/2}-8 -> L3-{4,3,3}-6): inequivalent: different f-vector (48,144,48,8) vs (16,32,12,4)
pair (L3-{5,3,5/2}-9 -> L3-{4,3,3}-6): inequivalent: different f-vector (120,720,300,50) vs (16,32,12,4)
pair (L3-{5,3,5/2}-10 -> L3-{4,3,3}-6): inequivalent: different f-vector (120,720,300,50) vs (16,32,12,4)
pair (L3-{5,3,5/2}-11 -> L3-{4,3,3}-6): inequivalent: different f-vector (120,720,300,50) vs (16,32,12,4)
pair (L3-{5,3,5/2}-12 -> L3-{4,3,3}-6): inequivalent: different f-vector (120,720,300,50) vs (16,32,12,4)
pair (L3-{5,3,5/2}-13 -> L3-{4,3,3}-6): inequivalent: different f-vector (120,720,300,50) vs (16,32,12,4)
pair (L3-{5,3,5/2}-14 -> L3-{4,3,3}-6): inequivalent: different f-vector (120,720,300,50) vs (16,32,12,4)
pair (L3-{5,3,5/2}-15 -> L3-{4,3,3}-6): inequivalent: different f-vector (120,720,300,50) vs (16,32,12,4)
pair (L3-{5,3,5/2}-16 -> L3-{4,3,3}-6): inequivalent: different f-vector (120,720,300,50) vs (16,32,12,4)
pair (L3-{3,3,5/2}-1 -> L3-{4,3,3}-6): inequivalent: different f-vector (600,1200,120,5) vs (16,32,12,4)
pair (L3-{3,3,5/2}-4 -> L3-{4,3,3}-6): inequivalent: different f-vector (600,1200,120,5) vs (16,32,12,4)

#### target b = L3-{5,3,3}-3   computing Gram matrix of V_b [t=16s]
  [ok]   Gram diagonal constant = |w_b|^2
pair (L3-{4,3,3}-1 -> L3-{5,3,3}-3): inequivalent: different f-vector (16,32,12,4) vs (600,1200,120,5)
pair (L3-{4,3,3}-2 -> L3-{5,3,3}-3): inequivalent: different f-vector (16,32,12,4) vs (600,1200,120,5)
pair (L3-{4,3,3}-3 -> L3-{5,3,3}-3): inequivalent: different f-vector (16,32,12,4) vs (600,1200,120,5)
pair (L3-{4,3,3}-6 -> L3-{5,3,3}-3): inequivalent: different f-vector (16,32,12,4) vs (600,1200,120,5)

== pair (L3-{5,3,3}-3 -> L3-{5,3,3}-3)  f-vector (600,1200,120,5)  |Gamma_a|=7200 |Gamma_b|=7200 [t=20s]
  lambda = |w_b|^2/|w_a|^2 = 1  (~1.)
  candidate even: image tuple (1-based indices in V_b) [ 596, 592, 576, 557 ]  Gram-consistent: true
    (i)   traversal of all p face vertices: true
    (ii)  M*M^T = lambda*I: true
    (iii) det M = 1  sign(det M/lambda^2) = +1
    (iv)  vertex set onto vertex set: true
    (v)   edges/faces/cells onto: true/true/true
    (vi)  M^-1 {S1,S2,X_a} M in Gamma_b: [ true, true, true ]   M {S1,S2,X_b} M^-1 in Gamma_a: [ true, true, true ]
    (vii) conjugated triple orientation in Gamma_b: same  (RepresentativeAction and own conjugator search agree: true; exact equality with same triple: true, with mirror triple: false)
    flag image = intended even flag: true   (= intended flag with the other cell: false;  image flag orbit: even)
    => candidate even passes (structure map): true;  represents the even coset: true
    M = [ [ 1, 0, 0, 0 ], [ 0, 1, 0, 0 ], [ 0, 0, 1, 0 ], [ 0, 0, 0, 1 ] ]
  [ok]   orientation test: RepresentativeAction agrees with independent conjugator search
  [ok]   conjugated triple is not simultaneously conjugate to the same and the mirror triple (abstract chirality)
  [ok]   passing even candidate maps the base flag of a to the intended flag of b or to the intended flag with the other cell
  [ok]   image flag orbit is even iff (even candidate and intended flag) or (odd candidate and other cell)
  [ok]   even candidate with even image orbit: conjugated triple is Gamma_b-conjugate to (S1,S2,X_b)
  [ok]   even candidate hitting the base flag: conjugated triple equals (S1,S2,X_b) exactly (free flag action)
  candidate odd: image tuple (1-based indices in V_b) [ 596, 588, 587, 572 ]  Gram-consistent: true
    (i)   traversal of all p face vertices: true
    (ii)  M*M^T = lambda*I: true
    (iii) det M = 1  sign(det M/lambda^2) = +1
    (iv)  vertex set onto vertex set: true
    (v)   edges/faces/cells onto: true/true/true
    (vi)  M^-1 {S1,S2,X_a} M in Gamma_b: [ true, true, true ]   M {S1,S2,X_b} M^-1 in Gamma_a: [ true, true, true ]
    (vii) conjugated triple orientation in Gamma_b: same  (RepresentativeAction and own conjugator search agree: true; exact equality with same triple: false, with mirror triple: false)
    flag image = intended odd flag: false   (= intended flag with the other cell: true;  image flag orbit: even)
    => candidate odd passes (structure map): true;  represents the odd coset: false
    M = [ [ -1/2*E(5)-3/4*E(5)^2-3/4*E(5)^3-1/2*E(5)^4, 1/4, -1/2*E(5)-1/2*E(5)^4, -1/4*E(5)-1/4*E(5)^4 ], [ -1/4*E(5)-1/4*E(5)^4, -1/2*E(5)-1/2*E(5)^4, -1/4, 1/2*E(5)+3/4*E(5)^2+3/4*E(5)^3+1/2*E(5)^4 ], [ -1/4, -1/2*E(5)-3/4*E(5)^2-3/4*E(5)^3-1/2*E(5)^4, 1/4*E(5)+1/4*E(5)^4, -1/2*E(5)-1/2*E(5)^4 ], [ -1/2*E(5)-1/2*E(5)^4, 1/4*E(5)+1/4*E(5)^4, 1/2*E(5)+3/4*E(5)^2+3/4*E(5)^3+1/2*E(5)^4, 1/4 ] ]
  [ok]   orientation test: RepresentativeAction agrees with independent conjugator search
  [ok]   conjugated triple is not simultaneously conjugate to the same and the mirror triple (abstract chirality)
  [ok]   passing odd candidate maps the base flag of a to the intended flag of b or to the intended flag with the other cell
  [ok]   image flag orbit is even iff (even candidate and intended flag) or (odd candidate and other cell)
  [ok]   odd candidate with even image orbit: conjugated triple is Gamma_b-conjugate to (S1,S2,X_b)
  [ok]   both candidates pass but only one hits its intended flag: M_even^-1 M_odd lies in Gamma_b (same coset)
  [ok]   at least one of the two passing candidates hits its intended flag
  a = b: the odd candidate passes but maps the base flag to (Phi^2)^3 (even orbit): it is an element of Gamma, not an extra symmetry; no similarity maps the base flag to its 2-adjacent flag: geometrically chiral (symmetry group = Gamma)
  [ok]   a = b: the even candidate (identity) passes and fixes the base flag
  [ok]   a = b: the even candidate matrix is the identity
  exhaustive Gram-pruned enumeration [t=21s]
    Gram-consistent ordered 4-tuples: 14400   Gamma_b-orbits: 2   full similarities: 7200   det signs: [ "+1" ]
    orbit rep tuple [ 1, 30, 294, 40 ]: similarity=true det sign=+1 vertices=true edges=true faces=true cells=true conj=[ true, true, true ][ true, true, true ] orientation=same
    orbit rep tuple [ 1, 30, 294, 222 ]: similarity=false det sign=-1 vertices=true edges=true faces=false cells=false conj=[ true, true, true ][ true, true, true ] orientation=none
  [ok]   each Gamma_b-orbit of anchor tuples has size |Gamma_b| (free action)
  [ok]   the recorded orbits partition the enumerated tuple list
  [ok]   direct recomputation of M*M^T and det M for 200 sampled tuples agrees with orbit representatives
  [ok]   exhaustive similarity count 7200 = |Gamma_b| * (number of flag-anchored cosets = 1)
  [ok]   number of similarity orbits found exhaustively = number of flag-anchored cosets
  [ok]   candidate even tuple is enumerated and its orbit verdict matches the candidate verdict
  [ok]   candidate odd tuple is enumerated and its orbit verdict matches the candidate verdict
  [ok]   det signs of passing candidates = det signs found exhaustively
  => 7200 similarities L3-{5,3,3}-3 -> L3-{5,3,3}-3 (1 Gamma_b-coset(s)), lambda = 1, det signs [ "+1" ]

== pair (L3-{5,3,3}-8 -> L3-{5,3,3}-3)  f-vector (600,1200,120,5)  |Gamma_a|=7200 |Gamma_b|=7200 [t=22s]
  lambda = |w_b|^2/|w_a|^2 = -5/2*E(5)-13/2*E(5)^2-13/2*E(5)^3-5/2*E(5)^4  (~8.97213595499958)
  candidate even: image tuple (1-based indices in V_b) [ 596, 592, 576, 557 ]  Gram-consistent: true
    (i)   traversal of all p face vertices: true
    (ii)  M*M^T = lambda*I: true
    (iii) det M = -89/4*E(5)-233/4*E(5)^2-233/4*E(5)^3-89/4*E(5)^4  sign(det M/lambda^2) = +1
    (iv)  vertex set onto vertex set: true
    (v)   edges/faces/cells onto: true/true/true
    (vi)  M^-1 {S1,S2,X_a} M in Gamma_b: [ true, true, true ]   M {S1,S2,X_b} M^-1 in Gamma_a: [ true, true, true ]
    (vii) conjugated triple orientation in Gamma_b: mirror  (RepresentativeAction and own conjugator search agree: true; exact equality with same triple: false, with mirror triple: false)
    flag image = intended even flag: false   (= intended flag with the other cell: true;  image flag orbit: odd)
    => candidate even passes (structure map): true;  represents the even coset: false
    M = [ [ -3/4*E(5)-2*E(5)^2-2*E(5)^3-3/4*E(5)^4, -1/4*E(5)-1/2*E(5)^2-1/2*E(5)^3-1/4*E(5)^4, 1/4*E(5)+1/2*E(5)^2+1/2*E(5)^3+1/4*E(5)^4, -1/4*E(5)-1/2*E(5)^2-1/2*E(5)^3-1/4*E(5)^4 ], [ 1/4*E(5)+1/2*E(5)^2+1/2*E(5)^3+1/4*E(5)^4, -1/2*E(5)-5/4*E(5)^2-5/4*E(5)^3-1/2*E(5)^4, 1/2*E(5)+3/2*E(5)^2+3/2*E(5)^3+1/2*E(5)^4, 1/4*E(5)+3/4*E(5)^2+3/4*E(5)^3+1/4*E(5)^4 ], [ 1/4*E(5)+1/2*E(5)^2+1/2*E(5)^3+1/4*E(5)^4, -1/2*E(5)-3/2*E(5)^2-3/2*E(5)^3-1/2*E(5)^4, -1/4*E(5)-3/4*E(5)^2-3/4*E(5)^3-1/4*E(5)^4, -1/2*E(5)-5/4*E(5)^2-5/4*E(5)^3-1/2*E(5)^4 ], [ 1/4*E(5)+1/2*E(5)^2+1/2*E(5)^3+1/4*E(5)^4, 1/4*E(5)+3/4*E(5)^2+3/4*E(5)^3+1/4*E(5)^4, 1/2*E(5)+5/4*E(5)^2+5/4*E(5)^3+1/2*E(5)^4, -1/2*E(5)-3/2*E(5)^2-3/2*E(5)^3-1/2*E(5)^4 ] ]
  [ok]   orientation test: RepresentativeAction agrees with independent conjugator search
  [ok]   conjugated triple is not simultaneously conjugate to the same and the mirror triple (abstract chirality)
  [ok]   passing even candidate maps the base flag of a to the intended flag of b or to the intended flag with the other cell
  [ok]   image flag orbit is even iff (even candidate and intended flag) or (odd candidate and other cell)
  [ok]   even candidate with odd image orbit: conjugated triple is Gamma_b-conjugate to the mirror triple (S1^-1, S1^2 S2, X_b)
  candidate odd: image tuple (1-based indices in V_b) [ 596, 588, 587, 572 ]  Gram-consistent: true
    (i)   traversal of all p face vertices: true
    (ii)  M*M^T = lambda*I: true
    (iii) det M = -89/4*E(5)-233/4*E(5)^2-233/4*E(5)^3-89/4*E(5)^4  sign(det M/lambda^2) = +1
    (iv)  vertex set onto vertex set: true
    (v)   edges/faces/cells onto: true/true/true
    (vi)  M^-1 {S1,S2,X_a} M in Gamma_b: [ true, true, true ]   M {S1,S2,X_b} M^-1 in Gamma_a: [ true, true, true ]
    (vii) conjugated triple orientation in Gamma_b: mirror  (RepresentativeAction and own conjugator search agree: true; exact equality with same triple: false, with mirror triple: false)
    flag image = intended odd flag: true   (= intended flag with the other cell: false;  image flag orbit: odd)
    => candidate odd passes (structure map): true;  represents the odd coset: true
    M = [ [ -3/4*E(5)-7/4*E(5)^2-7/4*E(5)^3-3/4*E(5)^4, 0, 1/2*E(5)+5/4*E(5)^2+5/4*E(5)^3+1/2*E(5)^4, 1/4*E(5)+1/2*E(5)^2+1/2*E(5)^3+1/4*E(5)^4 ], [ 0, 3/4*E(5)+2*E(5)^2+2*E(5)^3+3/4*E(5)^4, -1/4*E(5)^2-1/4*E(5)^3, 1/4*E(5)+3/4*E(5)^2+3/4*E(5)^3+1/4*E(5)^4 ], [ 1/2*E(5)+5/4*E(5)^2+5/4*E(5)^3+1/2*E(5)^4, -1/4*E(5)^2-1/4*E(5)^3, 1/2*E(5)+5/4*E(5)^2+5/4*E(5)^3+1/2*E(5)^4, 1/2*E(5)+5/4*E(5)^2+5/4*E(5)^3+1/2*E(5)^4 ], [ 1/4*E(5)+1/2*E(5)^2+1/2*E(5)^3+1/4*E(5)^4, 1/4*E(5)+3/4*E(5)^2+3/4*E(5)^3+1/4*E(5)^4, 1/2*E(5)+5/4*E(5)^2+5/4*E(5)^3+1/2*E(5)^4, -1/2*E(5)-3/2*E(5)^2-3/2*E(5)^3-1/2*E(5)^4 ] ]
  [ok]   orientation test: RepresentativeAction agrees with independent conjugator search
  [ok]   conjugated triple is not simultaneously conjugate to the same and the mirror triple (abstract chirality)
  [ok]   passing odd candidate maps the base flag of a to the intended flag of b or to the intended flag with the other cell
  [ok]   image flag orbit is even iff (even candidate and intended flag) or (odd candidate and other cell)
  [ok]   odd candidate with odd image orbit: conjugated triple is Gamma_b-conjugate to the mirror triple (S1^-1, S1^2 S2, X_b)
  [ok]   both candidates pass but only one hits its intended flag: M_even^-1 M_odd lies in Gamma_b (same coset)
  [ok]   at least one of the two passing candidates hits its intended flag
  exhaustive Gram-pruned enumeration [t=22s]
    Gram-consistent ordered 4-tuples: 14400   Gamma_b-orbits: 2   full similarities: 7200   det signs: [ "+1" ]
    orbit rep tuple [ 1, 30, 294, 40 ]: similarity=true det sign=+1 vertices=true edges=true faces=true cells=true conj=[ true, true, true ][ true, true, true ] orientation=mirror
    orbit rep tuple [ 1, 30, 294, 222 ]: similarity=false det sign=-1 vertices=true edges=true faces=false cells=false conj=[ true, true, true ][ true, true, true ] orientation=none
  [ok]   each Gamma_b-orbit of anchor tuples has size |Gamma_b| (free action)
  [ok]   the recorded orbits partition the enumerated tuple list
  [ok]   direct recomputation of M*M^T and det M for 200 sampled tuples agrees with orbit representatives
  [ok]   exhaustive similarity count 7200 = |Gamma_b| * (number of flag-anchored cosets = 1)
  [ok]   number of similarity orbits found exhaustively = number of flag-anchored cosets
  [ok]   candidate even tuple is enumerated and its orbit verdict matches the candidate verdict
  [ok]   candidate odd tuple is enumerated and its orbit verdict matches the candidate verdict
  [ok]   det signs of passing candidates = det signs found exhaustively
  => 7200 similarities L3-{5,3,3}-8 -> L3-{5,3,3}-3 (1 Gamma_b-coset(s)), lambda = -5/2*E(5)-13/2*E(5)^2-13/2*E(5)^3-5/2*E(5)^4, det signs [ "+1" ]
pair (L3-{5,3,5/2}-1 -> L3-{5,3,3}-3): inequivalent: different f-vector (240,480,120,20) vs (600,1200,120,5)
pair (L3-{5,3,5/2}-2 -> L3-{5,3,3}-3): inequivalent: different f-vector (240,480,120,20) vs (600,1200,120,5)
pair (L3-{5,3,5/2}-3 -> L3-{5,3,3}-3): inequivalent: different f-vector (240,480,120,20) vs (600,1200,120,5)
pair (L3-{5,3,5/2}-4 -> L3-{5,3,3}-3): inequivalent: different f-vector (240,480,120,20) vs (600,1200,120,5)
pair (L3-{5,3,5/2}-5 -> L3-{5,3,3}-3): inequivalent: different f-vector (48,144,48,8) vs (600,1200,120,5)
pair (L3-{5,3,5/2}-6 -> L3-{5,3,3}-3): inequivalent: different f-vector (48,144,48,8) vs (600,1200,120,5)
pair (L3-{5,3,5/2}-7 -> L3-{5,3,3}-3): inequivalent: different f-vector (48,144,48,8) vs (600,1200,120,5)
pair (L3-{5,3,5/2}-8 -> L3-{5,3,3}-3): inequivalent: different f-vector (48,144,48,8) vs (600,1200,120,5)
pair (L3-{5,3,5/2}-9 -> L3-{5,3,3}-3): inequivalent: different f-vector (120,720,300,50) vs (600,1200,120,5)
pair (L3-{5,3,5/2}-10 -> L3-{5,3,3}-3): inequivalent: different f-vector (120,720,300,50) vs (600,1200,120,5)
pair (L3-{5,3,5/2}-11 -> L3-{5,3,3}-3): inequivalent: different f-vector (120,720,300,50) vs (600,1200,120,5)
pair (L3-{5,3,5/2}-12 -> L3-{5,3,3}-3): inequivalent: different f-vector (120,720,300,50) vs (600,1200,120,5)
pair (L3-{5,3,5/2}-13 -> L3-{5,3,3}-3): inequivalent: different f-vector (120,720,300,50) vs (600,1200,120,5)
pair (L3-{5,3,5/2}-14 -> L3-{5,3,3}-3): inequivalent: different f-vector (120,720,300,50) vs (600,1200,120,5)
pair (L3-{5,3,5/2}-15 -> L3-{5,3,3}-3): inequivalent: different f-vector (120,720,300,50) vs (600,1200,120,5)
pair (L3-{5,3,5/2}-16 -> L3-{5,3,3}-3): inequivalent: different f-vector (120,720,300,50) vs (600,1200,120,5)

== pair (L3-{3,3,5/2}-1 -> L3-{5,3,3}-3)  f-vector (600,1200,120,5)  |Gamma_a|=7200 |Gamma_b|=7200 [t=23s]
  lambda = |w_b|^2/|w_a|^2 = -4880*E(5)-12776*E(5)^2-12776*E(5)^3-4880*E(5)^4  (~17655.99637516917)
  candidate even: image tuple (1-based indices in V_b) [ 596, 592, 576, 557 ]  Gram-consistent: false
    (i)   traversal of all p face vertices: false
    (ii)  M*M^T = lambda*I: false
    (iii) det M = 4801600*E(5)+12570752*E(5)^2+12570752*E(5)^3+4801600*E(5)^4  sign(det M/lambda^2) = na
    (iv)  vertex set onto vertex set: false
    (v)   edges/faces/cells onto: false/false/false
    (vi)  M^-1 {S1,S2,X_a} M in Gamma_b: [ false, false, false ]   M {S1,S2,X_b} M^-1 in Gamma_a: [ false, false, false ]
    (vii) conjugated triple orientation in Gamma_b: none  (RepresentativeAction and own conjugator search agree: true; exact equality with same triple: false, with mirror triple: false)
    flag image = intended even flag: false   (= intended flag with the other cell: false;  image flag orbit: none)
    => candidate even passes (structure map): false;  represents the even coset: false
    M = [ [ -233*E(5)-610*E(5)^2-610*E(5)^3-233*E(5)^4, -63*E(5)-165*E(5)^2-165*E(5)^3-63*E(5)^4, 76*E(5)+199*E(5)^2+199*E(5)^3+76*E(5)^4, 78*E(5)+204*E(5)^2+204*E(5)^3+78*E(5)^4 ], [ E(5)+3*E(5)^2+3*E(5)^3+E(5)^4, -5*E(5)-13*E(5)^2-13*E(5)^3-5*E(5)^4, E(5)+3*E(5)^2+3*E(5)^3+E(5)^4, E(5)+3*E(5)^2+3*E(5)^3+E(5)^4 ], [ -8*E(5)-21*E(5)^2-21*E(5)^3-8*E(5)^4, 11*E(5)+29*E(5)^2+29*E(5)^3+11*E(5)^4, 0, -17*E(5)-44*E(5)^2-44*E(5)^3-17*E(5)^4 ], [ 4*E(5)+10*E(5)^2+10*E(5)^3+4*E(5)^4, -5*E(5)-13*E(5)^2-13*E(5)^3-5*E(5)^4, -5*E(5)-14*E(5)^2-14*E(5)^3-5*E(5)^4, 8*E(5)+21*E(5)^2+21*E(5)^3+8*E(5)^4 ] ]
  candidate odd: image tuple (1-based indices in V_b) [ 596, 588, 587, 572 ]  Gram-consistent: false
    (i)   traversal of all p face vertices: false
    (ii)  M*M^T = lambda*I: false
    (iii) det M = 4801600*E(5)+12570752*E(5)^2+12570752*E(5)^3+4801600*E(5)^4  sign(det M/lambda^2) = na
    (iv)  vertex set onto vertex set: false
    (v)   edges/faces/cells onto: false/false/false
    (vi)  M^-1 {S1,S2,X_a} M in Gamma_b: [ false, false, false ]   M {S1,S2,X_b} M^-1 in Gamma_a: [ false, false, false ]
    (vii) conjugated triple orientation in Gamma_b: none  (RepresentativeAction and own conjugator search agree: true; exact equality with same triple: false, with mirror triple: false)
    flag image = intended odd flag: false   (= intended flag with the other cell: false;  image flag orbit: none)
    => candidate odd passes (structure map): false;  represents the odd coset: false
    M = [ [ -244*E(5)-639*E(5)^2-639*E(5)^3-244*E(5)^4, 42*E(5)+110*E(5)^2+110*E(5)^3+42*E(5)^4, 29*E(5)+76*E(5)^2+76*E(5)^3+29*E(5)^4, 89*E(5)+233*E(5)^2+233*E(5)^3+89*E(5)^4 ], [ E(5)+3*E(5)^2+3*E(5)^3+E(5)^4, 3*E(5)+8*E(5)^2+8*E(5)^3+3*E(5)^4, 0, 4*E(5)+11*E(5)^2+11*E(5)^3+4*E(5)^4 ], [ -4*E(5)-10*E(5)^2-10*E(5)^3-4*E(5)^4, -8*E(5)-21*E(5)^2-21*E(5)^3-8*E(5)^4, 15*E(5)+39*E(5)^2+39*E(5)^3+15*E(5)^4, -13*E(5)-34*E(5)^2-34*E(5)^3-13*E(5)^4 ], [ 3*E(5)+8*E(5)^2+8*E(5)^3+3*E(5)^4, -E(5)-3*E(5)^2-3*E(5)^3-E(5)^4, -8*E(5)-21*E(5)^2-21*E(5)^3-8*E(5)^4, 8*E(5)+20*E(5)^2+20*E(5)^3+8*E(5)^4 ] ]
  exhaustive Gram-pruned enumeration [t=23s]
    Gram-consistent ordered 4-tuples: 14400   Gamma_b-orbits: 2   full similarities: 0   det signs: [  ]
    orbit rep tuple [ 1, 32, 207, 9 ]: similarity=false det sign=+1 vertices=true edges=false faces=false cells=false conj=[ true, true, true ][ true, true, true ] orientation=none
    orbit rep tuple [ 1, 32, 207, 589 ]: similarity=false det sign=-1 vertices=true edges=false faces=false cells=false conj=[ true, true, true ][ true, true, true ] orientation=none
  [ok]   each Gamma_b-orbit of anchor tuples has size |Gamma_b| (free action)
  [ok]   the recorded orbits partition the enumerated tuple list
  [ok]   direct recomputation of M*M^T and det M for 200 sampled tuples agrees with orbit representatives
  [ok]   exhaustive similarity count 0 = |Gamma_b| * (number of flag-anchored cosets = 0)
  [ok]   number of similarity orbits found exhaustively = number of flag-anchored cosets
  [ok]   candidate even is not Gram-consistent and does not pass
  [ok]   candidate odd is not Gram-consistent and does not pass
  [ok]   det signs of passing candidates = det signs found exhaustively
  => EXHAUSTIVE PROOF: no similarity of E^4 carries realisation L3-{3,3,5/2}-1 onto L3-{5,3,3}-3 (no Gram-consistent tuple yields a structure map).

== pair (L3-{3,3,5/2}-4 -> L3-{5,3,3}-3)  f-vector (600,1200,120,5)  |Gamma_a|=7200 |Gamma_b|=7200 [t=23s]
  lambda = |w_b|^2/|w_a|^2 = -2440*E(5)-6388*E(5)^2-6388*E(5)^3-2440*E(5)^4  (~8827.998187584586)
  candidate even: image tuple (1-based indices in V_b) [ 596, 592, 576, 557 ]  Gram-consistent: false
    (i)   traversal of all p face vertices: false
    (ii)  M*M^T = lambda*I: false
    (iii) det M = 1200400*E(5)+3142688*E(5)^2+3142688*E(5)^3+1200400*E(5)^4  sign(det M/lambda^2) = na
    (iv)  vertex set onto vertex set: false
    (v)   edges/faces/cells onto: false/false/false
    (vi)  M^-1 {S1,S2,X_a} M in Gamma_b: [ false, false, false ]   M {S1,S2,X_b} M^-1 in Gamma_a: [ false, false, false ]
    (vii) conjugated triple orientation in Gamma_b: none  (RepresentativeAction and own conjugator search agree: true; exact equality with same triple: false, with mirror triple: false)
    flag image = intended even flag: false   (= intended flag with the other cell: false;  image flag orbit: none)
    => candidate even passes (structure map): false;  represents the even coset: false
    M = [ [ -18*E(5)-47*E(5)^2-47*E(5)^3-18*E(5)^4, -21/2*E(5)-55/2*E(5)^2-55/2*E(5)^3-21/2*E(5)^4, 9/2*E(5)+12*E(5)^2+12*E(5)^3+9/2*E(5)^4, 17*E(5)+89/2*E(5)^2+89/2*E(5)^3+17*E(5)^4 ], [ 5/2*E(5)+13/2*E(5)^2+13/2*E(5)^3+5/2*E(5)^4, -5*E(5)-13*E(5)^2-13*E(5)^3-5*E(5)^4, -2*E(5)-11/2*E(5)^2-11/2*E(5)^3-2*E(5)^4, 9/2*E(5)+12*E(5)^2+12*E(5)^3+9/2*E(5)^4 ], [ -303/2*E(5)-397*E(5)^2-397*E(5)^3-303/2*E(5)^4, -43*E(5)-225/2*E(5)^2-225/2*E(5)^3-43*E(5)^4, 51*E(5)+133*E(5)^2+133*E(5)^3+51*E(5)^4, 105/2*E(5)+275/2*E(5)^2+275/2*E(5)^3+105/2*E(5)^4 ], [ -62*E(5)-325/2*E(5)^2-325/2*E(5)^3-62*E(5)^4, -19/2*E(5)-25*E(5)^2-25*E(5)^3-19/2*E(5)^4, 35/2*E(5)+91/2*E(5)^2+91/2*E(5)^3+35/2*E(5)^4, 12*E(5)+31*E(5)^2+31*E(5)^3+12*E(5)^4 ] ]
  candidate odd: image tuple (1-based indices in V_b) [ 596, 588, 587, 572 ]  Gram-consistent: false
    (i)   traversal of all p face vertices: false
    (ii)  M*M^T = lambda*I: false
    (iii) det M = 1200400*E(5)+3142688*E(5)^2+3142688*E(5)^3+1200400*E(5)^4  sign(det M/lambda^2) = na
    (iv)  vertex set onto vertex set: false
    (v)   edges/faces/cells onto: false/false/false
    (vi)  M^-1 {S1,S2,X_a} M in Gamma_b: [ false, false, false ]   M {S1,S2,X_b} M^-1 in Gamma_a: [ false, false, false ]
    (vii) conjugated triple orientation in Gamma_b: none  (RepresentativeAction and own conjugator search agree: true; exact equality with same triple: false, with mirror triple: false)
    flag image = intended odd flag: false   (= intended flag with the other cell: false;  image flag orbit: none)
    => candidate odd passes (structure map): false;  represents the odd coset: false
    M = [ [ -21*E(5)-55*E(5)^2-55*E(5)^3-21*E(5)^4, 11/2*E(5)+29/2*E(5)^2+29/2*E(5)^3+11/2*E(5)^4, -13/2*E(5)-17*E(5)^2-17*E(5)^3-13/2*E(5)^4, 15*E(5)+79/2*E(5)^2+79/2*E(5)^3+15*E(5)^4 ], [ 2*E(5)+11/2*E(5)^2+11/2*E(5)^3+2*E(5)^4, E(5)+5/2*E(5)^2+5/2*E(5)^3+E(5)^4, -4*E(5)-21/2*E(5)^2-21/2*E(5)^3-4*E(5)^4, 6*E(5)+31/2*E(5)^2+31/2*E(5)^3+6*E(5)^4 ], [ -319/2*E(5)-835/2*E(5)^2-835/2*E(5)^3-319/2*E(5)^4, 59/2*E(5)+77*E(5)^2+77*E(5)^3+59/2*E(5)^4, 18*E(5)+47*E(5)^2+47*E(5)^3+18*E(5)^4, 60*E(5)+313/2*E(5)^2+313/2*E(5)^3+60*E(5)^4 ], [ -125/2*E(5)-164*E(5)^2-164*E(5)^3-125/2*E(5)^4, 5*E(5)+13*E(5)^2+13*E(5)^3+5*E(5)^4, 27/2*E(5)+71/2*E(5)^2+71/2*E(5)^3+27/2*E(5)^4, 16*E(5)+83/2*E(5)^2+83/2*E(5)^3+16*E(5)^4 ] ]
  exhaustive Gram-pruned enumeration [t=23s]
    Gram-consistent ordered 4-tuples: 14400   Gamma_b-orbits: 2   full similarities: 0   det signs: [  ]
    orbit rep tuple [ 1, 32, 207, 9 ]: similarity=false det sign=+1 vertices=true edges=false faces=false cells=false conj=[ true, true, true ][ true, true, true ] orientation=none
    orbit rep tuple [ 1, 32, 207, 589 ]: similarity=false det sign=-1 vertices=true edges=false faces=false cells=false conj=[ true, true, true ][ true, true, true ] orientation=none
  [ok]   each Gamma_b-orbit of anchor tuples has size |Gamma_b| (free action)
  [ok]   the recorded orbits partition the enumerated tuple list
  [ok]   direct recomputation of M*M^T and det M for 200 sampled tuples agrees with orbit representatives
  [ok]   exhaustive similarity count 0 = |Gamma_b| * (number of flag-anchored cosets = 0)
  [ok]   number of similarity orbits found exhaustively = number of flag-anchored cosets
  [ok]   candidate even is not Gram-consistent and does not pass
  [ok]   candidate odd is not Gram-consistent and does not pass
  [ok]   det signs of passing candidates = det signs found exhaustively
  => EXHAUSTIVE PROOF: no similarity of E^4 carries realisation L3-{3,3,5/2}-4 onto L3-{5,3,3}-3 (no Gram-consistent tuple yields a structure map).

#### target b = L3-{5,3,3}-8   computing Gram matrix of V_b [t=24s]
  [ok]   Gram diagonal constant = |w_b|^2
pair (L3-{4,3,3}-1 -> L3-{5,3,3}-8): inequivalent: different f-vector (16,32,12,4) vs (600,1200,120,5)
pair (L3-{4,3,3}-2 -> L3-{5,3,3}-8): inequivalent: different f-vector (16,32,12,4) vs (600,1200,120,5)
pair (L3-{4,3,3}-3 -> L3-{5,3,3}-8): inequivalent: different f-vector (16,32,12,4) vs (600,1200,120,5)
pair (L3-{4,3,3}-6 -> L3-{5,3,3}-8): inequivalent: different f-vector (16,32,12,4) vs (600,1200,120,5)

== pair (L3-{5,3,3}-3 -> L3-{5,3,3}-8)  f-vector (600,1200,120,5)  |Gamma_a|=7200 |Gamma_b|=7200 [t=25s]
  lambda = |w_b|^2/|w_a|^2 = -26*E(5)-10*E(5)^2-10*E(5)^3-26*E(5)^4  (~0.1114561800016851)
  candidate even: image tuple (1-based indices in V_b) [ 584, 595, 545, 572 ]  Gram-consistent: true
    (i)   traversal of all p face vertices: true
    (ii)  M*M^T = lambda*I: true
    (iii) det M = -932*E(5)-356*E(5)^2-356*E(5)^3-932*E(5)^4  sign(det M/lambda^2) = +1
    (iv)  vertex set onto vertex set: true
    (v)   edges/faces/cells onto: true/true/true
    (vi)  M^-1 {S1,S2,X_a} M in Gamma_b: [ true, true, true ]   M {S1,S2,X_b} M^-1 in Gamma_a: [ true, true, true ]
    (vii) conjugated triple orientation in Gamma_b: mirror  (RepresentativeAction and own conjugator search agree: true; exact equality with same triple: false, with mirror triple: false)
    flag image = intended even flag: false   (= intended flag with the other cell: true;  image flag orbit: odd)
    => candidate even passes (structure map): true;  represents the even coset: false
    M = [ [ 1/2*E(5)+1/2*E(5)^4, 5/2*E(5)+E(5)^2+E(5)^3+5/2*E(5)^4, 5/2*E(5)+E(5)^2+E(5)^3+5/2*E(5)^4, 5/2*E(5)+E(5)^2+E(5)^3+5/2*E(5)^4 ], [ -5/2*E(5)-E(5)^2-E(5)^3-5/2*E(5)^4, -E(5)-1/2*E(5)^2-1/2*E(5)^3-E(5)^4, 3*E(5)+E(5)^2+E(5)^3+3*E(5)^4, -3/2*E(5)-1/2*E(5)^2-1/2*E(5)^3-3/2*E(5)^4 ], [ 5/2*E(5)+E(5)^2+E(5)^3+5/2*E(5)^4, -3*E(5)-E(5)^2-E(5)^3-3*E(5)^4, 3/2*E(5)+1/2*E(5)^2+1/2*E(5)^3+3/2*E(5)^4, E(5)+1/2*E(5)^2+1/2*E(5)^3+E(5)^4 ], [ -5/2*E(5)-E(5)^2-E(5)^3-5/2*E(5)^4, -3/2*E(5)-1/2*E(5)^2-1/2*E(5)^3-3/2*E(5)^4, -E(5)-1/2*E(5)^2-1/2*E(5)^3-E(5)^4, 3*E(5)+E(5)^2+E(5)^3+3*E(5)^4 ] ]
  [ok]   orientation test: RepresentativeAction agrees with independent conjugator search
  [ok]   conjugated triple is not simultaneously conjugate to the same and the mirror triple (abstract chirality)
  [ok]   passing even candidate maps the base flag of a to the intended flag of b or to the intended flag with the other cell
  [ok]   image flag orbit is even iff (even candidate and intended flag) or (odd candidate and other cell)
  [ok]   even candidate with odd image orbit: conjugated triple is Gamma_b-conjugate to the mirror triple (S1^-1, S1^2 S2, X_b)
  candidate odd: image tuple (1-based indices in V_b) [ 584, 591, 587, 541 ]  Gram-consistent: true
    (i)   traversal of all p face vertices: true
    (ii)  M*M^T = lambda*I: true
    (iii) det M = -932*E(5)-356*E(5)^2-356*E(5)^3-932*E(5)^4  sign(det M/lambda^2) = +1
    (iv)  vertex set onto vertex set: true
    (v)   edges/faces/cells onto: true/true/true
    (vi)  M^-1 {S1,S2,X_a} M in Gamma_b: [ true, true, true ]   M {S1,S2,X_b} M^-1 in Gamma_a: [ true, true, true ]
    (vii) conjugated triple orientation in Gamma_b: mirror  (RepresentativeAction and own conjugator search agree: true; exact equality with same triple: false, with mirror triple: false)
    flag image = intended odd flag: true   (= intended flag with the other cell: false;  image flag orbit: odd)
    => candidate odd passes (structure map): true;  represents the odd coset: true
    M = [ [ -7/2*E(5)-3/2*E(5)^2-3/2*E(5)^3-7/2*E(5)^4, 0, E(5)+1/2*E(5)^2+1/2*E(5)^3+E(5)^4, 5/2*E(5)+E(5)^2+E(5)^3+5/2*E(5)^4 ], [ 0, -1/2*E(5)-1/2*E(5)^4, 4*E(5)+3/2*E(5)^2+3/2*E(5)^3+4*E(5)^4, -3/2*E(5)-1/2*E(5)^2-1/2*E(5)^3-3/2*E(5)^4 ], [ E(5)+1/2*E(5)^2+1/2*E(5)^3+E(5)^4, 4*E(5)+3/2*E(5)^2+3/2*E(5)^3+4*E(5)^4, E(5)+1/2*E(5)^2+1/2*E(5)^3+E(5)^4, E(5)+1/2*E(5)^2+1/2*E(5)^3+E(5)^4 ], [ 5/2*E(5)+E(5)^2+E(5)^3+5/2*E(5)^4, -3/2*E(5)-1/2*E(5)^2-1/2*E(5)^3-3/2*E(5)^4, E(5)+1/2*E(5)^2+1/2*E(5)^3+E(5)^4, 3*E(5)+E(5)^2+E(5)^3+3*E(5)^4 ] ]
  [ok]   orientation test: RepresentativeAction agrees with independent conjugator search
  [ok]   conjugated triple is not simultaneously conjugate to the same and the mirror triple (abstract chirality)
  [ok]   passing odd candidate maps the base flag of a to the intended flag of b or to the intended flag with the other cell
  [ok]   image flag orbit is even iff (even candidate and intended flag) or (odd candidate and other cell)
  [ok]   odd candidate with odd image orbit: conjugated triple is Gamma_b-conjugate to the mirror triple (S1^-1, S1^2 S2, X_b)
  [ok]   both candidates pass but only one hits its intended flag: M_even^-1 M_odd lies in Gamma_b (same coset)
  [ok]   at least one of the two passing candidates hits its intended flag
  exhaustive Gram-pruned enumeration [t=25s]
    Gram-consistent ordered 4-tuples: 14400   Gamma_b-orbits: 2   full similarities: 7200   det signs: [ "+1" ]
    orbit rep tuple [ 1, 81, 291, 261 ]: similarity=false det sign=-1 vertices=true edges=true faces=false cells=false conj=[ true, true, true ][ true, true, true ] orientation=none
    orbit rep tuple [ 1, 81, 291, 265 ]: similarity=true det sign=+1 vertices=true edges=true faces=true cells=true conj=[ true, true, true ][ true, true, true ] orientation=mirror
  [ok]   each Gamma_b-orbit of anchor tuples has size |Gamma_b| (free action)
  [ok]   the recorded orbits partition the enumerated tuple list
  [ok]   direct recomputation of M*M^T and det M for 200 sampled tuples agrees with orbit representatives
  [ok]   exhaustive similarity count 7200 = |Gamma_b| * (number of flag-anchored cosets = 1)
  [ok]   number of similarity orbits found exhaustively = number of flag-anchored cosets
  [ok]   candidate even tuple is enumerated and its orbit verdict matches the candidate verdict
  [ok]   candidate odd tuple is enumerated and its orbit verdict matches the candidate verdict
  [ok]   det signs of passing candidates = det signs found exhaustively
  => 7200 similarities L3-{5,3,3}-3 -> L3-{5,3,3}-8 (1 Gamma_b-coset(s)), lambda = -26*E(5)-10*E(5)^2-10*E(5)^3-26*E(5)^4, det signs [ "+1" ]

== pair (L3-{5,3,3}-8 -> L3-{5,3,3}-8)  f-vector (600,1200,120,5)  |Gamma_a|=7200 |Gamma_b|=7200 [t=26s]
  lambda = |w_b|^2/|w_a|^2 = 1  (~1.)
  candidate even: image tuple (1-based indices in V_b) [ 584, 595, 545, 572 ]  Gram-consistent: true
    (i)   traversal of all p face vertices: true
    (ii)  M*M^T = lambda*I: true
    (iii) det M = 1  sign(det M/lambda^2) = +1
    (iv)  vertex set onto vertex set: true
    (v)   edges/faces/cells onto: true/true/true
    (vi)  M^-1 {S1,S2,X_a} M in Gamma_b: [ true, true, true ]   M {S1,S2,X_b} M^-1 in Gamma_a: [ true, true, true ]
    (vii) conjugated triple orientation in Gamma_b: same  (RepresentativeAction and own conjugator search agree: true; exact equality with same triple: true, with mirror triple: false)
    flag image = intended even flag: true   (= intended flag with the other cell: false;  image flag orbit: even)
    => candidate even passes (structure map): true;  represents the even coset: true
    M = [ [ 1, 0, 0, 0 ], [ 0, 1, 0, 0 ], [ 0, 0, 1, 0 ], [ 0, 0, 0, 1 ] ]
  [ok]   orientation test: RepresentativeAction agrees with independent conjugator search
  [ok]   conjugated triple is not simultaneously conjugate to the same and the mirror triple (abstract chirality)
  [ok]   passing even candidate maps the base flag of a to the intended flag of b or to the intended flag with the other cell
  [ok]   image flag orbit is even iff (even candidate and intended flag) or (odd candidate and other cell)
  [ok]   even candidate with even image orbit: conjugated triple is Gamma_b-conjugate to (S1,S2,X_b)
  [ok]   even candidate hitting the base flag: conjugated triple equals (S1,S2,X_b) exactly (free flag action)
  candidate odd: image tuple (1-based indices in V_b) [ 584, 591, 587, 541 ]  Gram-consistent: true
    (i)   traversal of all p face vertices: true
    (ii)  M*M^T = lambda*I: true
    (iii) det M = 1  sign(det M/lambda^2) = +1
    (iv)  vertex set onto vertex set: true
    (v)   edges/faces/cells onto: true/true/true
    (vi)  M^-1 {S1,S2,X_a} M in Gamma_b: [ true, true, true ]   M {S1,S2,X_b} M^-1 in Gamma_a: [ true, true, true ]
    (vii) conjugated triple orientation in Gamma_b: same  (RepresentativeAction and own conjugator search agree: true; exact equality with same triple: false, with mirror triple: false)
    flag image = intended odd flag: false   (= intended flag with the other cell: true;  image flag orbit: even)
    => candidate odd passes (structure map): true;  represents the odd coset: false
    M = [ [ -1/2*E(5)^2-1/2*E(5)^3, -1/2*E(5)-1/2*E(5)^4, -1/2, 0 ], [ 1/2*E(5)+1/2*E(5)^4, -1/2, -1/2*E(5)^2-1/2*E(5)^3, 0 ], [ -1/2, 1/2*E(5)^2+1/2*E(5)^3, -1/2*E(5)-1/2*E(5)^4, 0 ], [ 0, 0, 0, 1 ] ]
  [ok]   orientation test: RepresentativeAction agrees with independent conjugator search
  [ok]   conjugated triple is not simultaneously conjugate to the same and the mirror triple (abstract chirality)
  [ok]   passing odd candidate maps the base flag of a to the intended flag of b or to the intended flag with the other cell
  [ok]   image flag orbit is even iff (even candidate and intended flag) or (odd candidate and other cell)
  [ok]   odd candidate with even image orbit: conjugated triple is Gamma_b-conjugate to (S1,S2,X_b)
  [ok]   both candidates pass but only one hits its intended flag: M_even^-1 M_odd lies in Gamma_b (same coset)
  [ok]   at least one of the two passing candidates hits its intended flag
  a = b: the odd candidate passes but maps the base flag to (Phi^2)^3 (even orbit): it is an element of Gamma, not an extra symmetry; no similarity maps the base flag to its 2-adjacent flag: geometrically chiral (symmetry group = Gamma)
  [ok]   a = b: the even candidate (identity) passes and fixes the base flag
  [ok]   a = b: the even candidate matrix is the identity
  exhaustive Gram-pruned enumeration [t=26s]
    Gram-consistent ordered 4-tuples: 14400   Gamma_b-orbits: 2   full similarities: 7200   det signs: [ "+1" ]
    orbit rep tuple [ 1, 81, 291, 261 ]: similarity=false det sign=-1 vertices=true edges=true faces=false cells=false conj=[ true, true, true ][ true, true, true ] orientation=none
    orbit rep tuple [ 1, 81, 291, 265 ]: similarity=true det sign=+1 vertices=true edges=true faces=true cells=true conj=[ true, true, true ][ true, true, true ] orientation=same
  [ok]   each Gamma_b-orbit of anchor tuples has size |Gamma_b| (free action)
  [ok]   the recorded orbits partition the enumerated tuple list
  [ok]   direct recomputation of M*M^T and det M for 200 sampled tuples agrees with orbit representatives
  [ok]   exhaustive similarity count 7200 = |Gamma_b| * (number of flag-anchored cosets = 1)
  [ok]   number of similarity orbits found exhaustively = number of flag-anchored cosets
  [ok]   candidate even tuple is enumerated and its orbit verdict matches the candidate verdict
  [ok]   candidate odd tuple is enumerated and its orbit verdict matches the candidate verdict
  [ok]   det signs of passing candidates = det signs found exhaustively
  => 7200 similarities L3-{5,3,3}-8 -> L3-{5,3,3}-8 (1 Gamma_b-coset(s)), lambda = 1, det signs [ "+1" ]
pair (L3-{5,3,5/2}-1 -> L3-{5,3,3}-8): inequivalent: different f-vector (240,480,120,20) vs (600,1200,120,5)
pair (L3-{5,3,5/2}-2 -> L3-{5,3,3}-8): inequivalent: different f-vector (240,480,120,20) vs (600,1200,120,5)
pair (L3-{5,3,5/2}-3 -> L3-{5,3,3}-8): inequivalent: different f-vector (240,480,120,20) vs (600,1200,120,5)
pair (L3-{5,3,5/2}-4 -> L3-{5,3,3}-8): inequivalent: different f-vector (240,480,120,20) vs (600,1200,120,5)
pair (L3-{5,3,5/2}-5 -> L3-{5,3,3}-8): inequivalent: different f-vector (48,144,48,8) vs (600,1200,120,5)
pair (L3-{5,3,5/2}-6 -> L3-{5,3,3}-8): inequivalent: different f-vector (48,144,48,8) vs (600,1200,120,5)
pair (L3-{5,3,5/2}-7 -> L3-{5,3,3}-8): inequivalent: different f-vector (48,144,48,8) vs (600,1200,120,5)
pair (L3-{5,3,5/2}-8 -> L3-{5,3,3}-8): inequivalent: different f-vector (48,144,48,8) vs (600,1200,120,5)
pair (L3-{5,3,5/2}-9 -> L3-{5,3,3}-8): inequivalent: different f-vector (120,720,300,50) vs (600,1200,120,5)
pair (L3-{5,3,5/2}-10 -> L3-{5,3,3}-8): inequivalent: different f-vector (120,720,300,50) vs (600,1200,120,5)
pair (L3-{5,3,5/2}-11 -> L3-{5,3,3}-8): inequivalent: different f-vector (120,720,300,50) vs (600,1200,120,5)
pair (L3-{5,3,5/2}-12 -> L3-{5,3,3}-8): inequivalent: different f-vector (120,720,300,50) vs (600,1200,120,5)
pair (L3-{5,3,5/2}-13 -> L3-{5,3,3}-8): inequivalent: different f-vector (120,720,300,50) vs (600,1200,120,5)
pair (L3-{5,3,5/2}-14 -> L3-{5,3,3}-8): inequivalent: different f-vector (120,720,300,50) vs (600,1200,120,5)
pair (L3-{5,3,5/2}-15 -> L3-{5,3,3}-8): inequivalent: different f-vector (120,720,300,50) vs (600,1200,120,5)
pair (L3-{5,3,5/2}-16 -> L3-{5,3,3}-8): inequivalent: different f-vector (120,720,300,50) vs (600,1200,120,5)

== pair (L3-{3,3,5/2}-1 -> L3-{5,3,3}-8)  f-vector (600,1200,120,5)  |Gamma_a|=7200 |Gamma_b|=7200 [t=26s]
  lambda = |w_b|^2/|w_a|^2 = -544*E(5)-1424*E(5)^2-1424*E(5)^3-544*E(5)^4  (~1967.869910099907)
  candidate even: image tuple (1-based indices in V_b) [ 584, 595, 545, 572 ]  Gram-consistent: false
    (i)   traversal of all p face vertices: false
    (ii)  M*M^T = lambda*I: false
    (iii) det M = 59648*E(5)+156160*E(5)^2+156160*E(5)^3+59648*E(5)^4  sign(det M/lambda^2) = na
    (iv)  vertex set onto vertex set: false
    (v)   edges/faces/cells onto: false/false/false
    (vi)  M^-1 {S1,S2,X_a} M in Gamma_b: [ false, false, false ]   M {S1,S2,X_b} M^-1 in Gamma_a: [ false, false, false ]
    (vii) conjugated triple orientation in Gamma_b: none  (RepresentativeAction and own conjugator search agree: true; exact equality with same triple: false, with mirror triple: false)
    flag image = intended even flag: false   (= intended flag with the other cell: false;  image flag orbit: none)
    => candidate even passes (structure map): false;  represents the even coset: false
    M = [ [ -76*E(5)-200*E(5)^2-200*E(5)^3-76*E(5)^4, -22*E(5)-58*E(5)^2-58*E(5)^3-22*E(5)^4, 26*E(5)+68*E(5)^2+68*E(5)^3+26*E(5)^4, 28*E(5)+74*E(5)^2+74*E(5)^3+28*E(5)^4 ], [ 0, -2*E(5)-4*E(5)^2-4*E(5)^3-2*E(5)^4, -2*E(5)^2-2*E(5)^3, -2 ], [ -4*E(5)-8*E(5)^2-8*E(5)^3-4*E(5)^4, 4*E(5)+12*E(5)^2+12*E(5)^3+4*E(5)^4, 0, -4*E(5)-12*E(5)^2-12*E(5)^3-4*E(5)^4 ], [ 4*E(5)^2+4*E(5)^3, -2*E(5)^2-2*E(5)^3, 2, 2*E(5)+8*E(5)^2+8*E(5)^3+2*E(5)^4 ] ]
  candidate odd: image tuple (1-based indices in V_b) [ 584, 591, 587, 541 ]  Gram-consistent: false
    (i)   traversal of all p face vertices: false
    (ii)  M*M^T = lambda*I: false
    (iii) det M = 59648*E(5)+156160*E(5)^2+156160*E(5)^3+59648*E(5)^4  sign(det M/lambda^2) = na
    (iv)  vertex set onto vertex set: false
    (v)   edges/faces/cells onto: false/false/false
    (vi)  M^-1 {S1,S2,X_a} M in Gamma_b: [ false, false, false ]   M {S1,S2,X_b} M^-1 in Gamma_a: [ false, false, false ]
    (vii) conjugated triple orientation in Gamma_b: none  (RepresentativeAction and own conjugator search agree: true; exact equality with same triple: false, with mirror triple: false)
    flag image = intended odd flag: false   (= intended flag with the other cell: false;  image flag orbit: none)
    => candidate odd passes (structure map): false;  represents the odd coset: false
    M = [ [ -82*E(5)-214*E(5)^2-214*E(5)^3-82*E(5)^4, 14*E(5)+36*E(5)^2+36*E(5)^3+14*E(5)^4, 12*E(5)+32*E(5)^2+32*E(5)^3+12*E(5)^4, 28*E(5)+74*E(5)^2+74*E(5)^3+28*E(5)^4 ], [ 0, 2*E(5)+4*E(5)^2+4*E(5)^3+2*E(5)^4, -2*E(5)^2-2*E(5)^3, -2 ], [ -2*E(5)^2-2*E(5)^3, -2*E(5)-4*E(5)^2-4*E(5)^3-2*E(5)^4, 6*E(5)+14*E(5)^2+14*E(5)^3+6*E(5)^4, -4*E(5)-12*E(5)^2-12*E(5)^3-4*E(5)^4 ], [ 2*E(5)+4*E(5)^2+4*E(5)^3+2*E(5)^4, -2*E(5)-2*E(5)^4, -2*E(5)-4*E(5)^2-4*E(5)^3-2*E(5)^4, 2*E(5)+8*E(5)^2+8*E(5)^3+2*E(5)^4 ] ]
  exhaustive Gram-pruned enumeration [t=26s]
    Gram-consistent ordered 4-tuples: 14400   Gamma_b-orbits: 2   full similarities: 0   det signs: [  ]
    orbit rep tuple [ 1, 3, 8, 20 ]: similarity=false det sign=-1 vertices=true edges=false faces=false cells=false conj=[ true, true, true ][ true, true, true ] orientation=none
    orbit rep tuple [ 1, 3, 8, 167 ]: similarity=false det sign=+1 vertices=true edges=false faces=false cells=false conj=[ true, true, true ][ true, true, true ] orientation=none
  [ok]   each Gamma_b-orbit of anchor tuples has size |Gamma_b| (free action)
  [ok]   the recorded orbits partition the enumerated tuple list
  [ok]   direct recomputation of M*M^T and det M for 200 sampled tuples agrees with orbit representatives
  [ok]   exhaustive similarity count 0 = |Gamma_b| * (number of flag-anchored cosets = 0)
  [ok]   number of similarity orbits found exhaustively = number of flag-anchored cosets
  [ok]   candidate even is not Gram-consistent and does not pass
  [ok]   candidate odd is not Gram-consistent and does not pass
  [ok]   det signs of passing candidates = det signs found exhaustively
  => EXHAUSTIVE PROOF: no similarity of E^4 carries realisation L3-{3,3,5/2}-1 onto L3-{5,3,3}-8 (no Gram-consistent tuple yields a structure map).

== pair (L3-{3,3,5/2}-4 -> L3-{5,3,3}-8)  f-vector (600,1200,120,5)  |Gamma_a|=7200 |Gamma_b|=7200 [t=27s]
  lambda = |w_b|^2/|w_a|^2 = -272*E(5)-712*E(5)^2-712*E(5)^3-272*E(5)^4  (~983.9349550499537)
  candidate even: image tuple (1-based indices in V_b) [ 584, 595, 545, 572 ]  Gram-consistent: false
    (i)   traversal of all p face vertices: false
    (ii)  M*M^T = lambda*I: false
    (iii) det M = 14912*E(5)+39040*E(5)^2+39040*E(5)^3+14912*E(5)^4  sign(det M/lambda^2) = na
    (iv)  vertex set onto vertex set: false
    (v)   edges/faces/cells onto: false/false/false
    (vi)  M^-1 {S1,S2,X_a} M in Gamma_b: [ false, false, false ]   M {S1,S2,X_b} M^-1 in Gamma_a: [ false, false, false ]
    (vii) conjugated triple orientation in Gamma_b: none  (RepresentativeAction and own conjugator search agree: true; exact equality with same triple: false, with mirror triple: false)
    flag image = intended even flag: false   (= intended flag with the other cell: false;  image flag orbit: none)
    => candidate even passes (structure map): false;  represents the even coset: false
    M = [ [ -5*E(5)-14*E(5)^2-14*E(5)^3-5*E(5)^4, -4*E(5)-10*E(5)^2-10*E(5)^3-4*E(5)^4, 3*E(5)+7*E(5)^2+7*E(5)^3+3*E(5)^4, 6*E(5)+15*E(5)^2+15*E(5)^3+6*E(5)^4 ], [ 2*E(5)^2+2*E(5)^3, -E(5)-3*E(5)^2-3*E(5)^3-E(5)^4, -E(5)-2*E(5)^2-2*E(5)^3-E(5)^4, 2*E(5)+5*E(5)^2+5*E(5)^3+2*E(5)^4 ], [ -51*E(5)-131*E(5)^2-131*E(5)^3-51*E(5)^4, -15*E(5)-40*E(5)^2-40*E(5)^3-15*E(5)^4, 16*E(5)+44*E(5)^2+44*E(5)^3+16*E(5)^4, 18*E(5)+49*E(5)^2+49*E(5)^3+18*E(5)^4 ], [ -20*E(5)-53*E(5)^2-53*E(5)^3-20*E(5)^4, -2*E(5)-7*E(5)^2-7*E(5)^3-2*E(5)^4, 6*E(5)+17*E(5)^2+17*E(5)^3+6*E(5)^4, 4*E(5)+13*E(5)^2+13*E(5)^3+4*E(5)^4 ] ]
  candidate odd: image tuple (1-based indices in V_b) [ 584, 591, 587, 541 ]  Gram-consistent: false
    (i)   traversal of all p face vertices: false
    (ii)  M*M^T = lambda*I: false
    (iii) det M = 14912*E(5)+39040*E(5)^2+39040*E(5)^3+14912*E(5)^4  sign(det M/lambda^2) = na
    (iv)  vertex set onto vertex set: false
    (v)   edges/faces/cells onto: false/false/false
    (vi)  M^-1 {S1,S2,X_a} M in Gamma_b: [ false, false, false ]   M {S1,S2,X_b} M^-1 in Gamma_a: [ false, false, false ]
    (vii) conjugated triple orientation in Gamma_b: none  (RepresentativeAction and own conjugator search agree: true; exact equality with same triple: false, with mirror triple: false)
    flag image = intended odd flag: false   (= intended flag with the other cell: false;  image flag orbit: none)
    => candidate odd passes (structure map): false;  represents the odd coset: false
    M = [ [ -7*E(5)-18*E(5)^2-18*E(5)^3-7*E(5)^4, 2*E(5)+4*E(5)^2+4*E(5)^3+2*E(5)^4, -E(5)-3*E(5)^2-3*E(5)^3-E(5)^4, 6*E(5)+15*E(5)^2+15*E(5)^3+6*E(5)^4 ], [ E(5)+2*E(5)^2+2*E(5)^3+E(5)^4, 2*E(5)^2+2*E(5)^3, -E(5)-3*E(5)^2-3*E(5)^3-E(5)^4, 2*E(5)+5*E(5)^2+5*E(5)^3+2*E(5)^4 ], [ -53*E(5)-140*E(5)^2-140*E(5)^3-53*E(5)^4, 8*E(5)+24*E(5)^2+24*E(5)^3+8*E(5)^4, 7*E(5)+19*E(5)^2+19*E(5)^3+7*E(5)^4, 18*E(5)+49*E(5)^2+49*E(5)^3+18*E(5)^4 ], [ -21*E(5)-54*E(5)^2-54*E(5)^3-21*E(5)^4, 2*E(5)+6*E(5)^2+6*E(5)^3+2*E(5)^4, 5*E(5)+15*E(5)^2+15*E(5)^3+5*E(5)^4, 4*E(5)+13*E(5)^2+13*E(5)^3+4*E(5)^4 ] ]
  exhaustive Gram-pruned enumeration [t=27s]
    Gram-consistent ordered 4-tuples: 14400   Gamma_b-orbits: 2   full similarities: 0   det signs: [  ]
    orbit rep tuple [ 1, 3, 8, 20 ]: similarity=false det sign=-1 vertices=true edges=false faces=false cells=false conj=[ true, true, true ][ true, true, true ] orientation=none
    orbit rep tuple [ 1, 3, 8, 167 ]: similarity=false det sign=+1 vertices=true edges=false faces=false cells=false conj=[ true, true, true ][ true, true, true ] orientation=none
  [ok]   each Gamma_b-orbit of anchor tuples has size |Gamma_b| (free action)
  [ok]   the recorded orbits partition the enumerated tuple list
  [ok]   direct recomputation of M*M^T and det M for 200 sampled tuples agrees with orbit representatives
  [ok]   exhaustive similarity count 0 = |Gamma_b| * (number of flag-anchored cosets = 0)
  [ok]   number of similarity orbits found exhaustively = number of flag-anchored cosets
  [ok]   candidate even is not Gram-consistent and does not pass
  [ok]   candidate odd is not Gram-consistent and does not pass
  [ok]   det signs of passing candidates = det signs found exhaustively
  => EXHAUSTIVE PROOF: no similarity of E^4 carries realisation L3-{3,3,5/2}-4 onto L3-{5,3,3}-8 (no Gram-consistent tuple yields a structure map).

#### target b = L3-{5,3,5/2}-1   computing Gram matrix of V_b [t=28s]
  [ok]   Gram diagonal constant = |w_b|^2
pair (L3-{4,3,3}-1 -> L3-{5,3,5/2}-1): inequivalent: different f-vector (16,32,12,4) vs (240,480,120,20)
pair (L3-{4,3,3}-2 -> L3-{5,3,5/2}-1): inequivalent: different f-vector (16,32,12,4) vs (240,480,120,20)
pair (L3-{4,3,3}-3 -> L3-{5,3,5/2}-1): inequivalent: different f-vector (16,32,12,4) vs (240,480,120,20)
pair (L3-{4,3,3}-6 -> L3-{5,3,5/2}-1): inequivalent: different f-vector (16,32,12,4) vs (240,480,120,20)
pair (L3-{5,3,3}-3 -> L3-{5,3,5/2}-1): inequivalent: different f-vector (600,1200,120,5) vs (240,480,120,20)
pair (L3-{5,3,3}-8 -> L3-{5,3,5/2}-1): inequivalent: different f-vector (600,1200,120,5) vs (240,480,120,20)

== pair (L3-{5,3,5/2}-1 -> L3-{5,3,5/2}-1)  f-vector (240,480,120,20)  |Gamma_a|=2880 |Gamma_b|=2880 [t=32s]
  lambda = |w_b|^2/|w_a|^2 = 1  (~1.)
  candidate even: image tuple (1-based indices in V_b) [ 95, 75, 29, 8 ]  Gram-consistent: true
    (i)   traversal of all p face vertices: true
    (ii)  M*M^T = lambda*I: true
    (iii) det M = 1  sign(det M/lambda^2) = +1
    (iv)  vertex set onto vertex set: true
    (v)   edges/faces/cells onto: true/true/true
    (vi)  M^-1 {S1,S2,X_a} M in Gamma_b: [ true, true, true ]   M {S1,S2,X_b} M^-1 in Gamma_a: [ true, true, true ]
    (vii) conjugated triple orientation in Gamma_b: same  (RepresentativeAction and own conjugator search agree: true; exact equality with same triple: true, with mirror triple: false)
    flag image = intended even flag: true   (= intended flag with the other cell: false;  image flag orbit: even)
    => candidate even passes (structure map): true;  represents the even coset: true
    M = [ [ 1, 0, 0, 0 ], [ 0, 1, 0, 0 ], [ 0, 0, 1, 0 ], [ 0, 0, 0, 1 ] ]
  [ok]   orientation test: RepresentativeAction agrees with independent conjugator search
  [ok]   conjugated triple is not simultaneously conjugate to the same and the mirror triple (abstract chirality)
  [ok]   passing even candidate maps the base flag of a to the intended flag of b or to the intended flag with the other cell
  [ok]   image flag orbit is even iff (even candidate and intended flag) or (odd candidate and other cell)
  [ok]   even candidate with even image orbit: conjugated triple is Gamma_b-conjugate to (S1,S2,X_b)
  [ok]   even candidate hitting the base flag: conjugated triple equals (S1,S2,X_b) exactly (free flag action)
  candidate odd: image tuple (1-based indices in V_b) [ 95, 78, 89, 12 ]  Gram-consistent: true
    (i)   traversal of all p face vertices: true
    (ii)  M*M^T = lambda*I: true
    (iii) det M = 1  sign(det M/lambda^2) = +1
    (iv)  vertex set onto vertex set: true
    (v)   edges/faces/cells onto: true/true/true
    (vi)  M^-1 {S1,S2,X_a} M in Gamma_b: [ true, true, true ]   M {S1,S2,X_b} M^-1 in Gamma_a: [ true, true, true ]
    (vii) conjugated triple orientation in Gamma_b: same  (RepresentativeAction and own conjugator search agree: true; exact equality with same triple: false, with mirror triple: false)
    flag image = intended odd flag: false   (= intended flag with the other cell: true;  image flag orbit: even)
    => candidate odd passes (structure map): true;  represents the odd coset: false
    M = [ [ 5/12*E(40)^7-1/3*E(40)^8-5/12*E(40)^13-1/3*E(40)^16-1/3*E(40)^21+5/12*E(40)^23-1/3*E(40)^24-1/3*E(40)^29+1/3*E(40)^31-1/3*E(40)^32-5/12*E(40)^37+1/3*E(40)^39, 1/6*E(40)^7+1/3*E(40)^8-1/6*E(40)^13+5/12*E(40)^16-1/6*E(40)^21+1/6*E(40)^23+5/12*E(40)^24-1/6*E(40)^29+1/6*E(40)^31+1/3*E(40)^32-1/6*E(40)^37+1/6*E(40)^39, -1/12*E(40)^7-1/4*E(40)^8+1/12*E(40)^13-1/12*E(40)^16-1/4*E(40)^21-1/12*E(40)^23-1/12*E(40)^24-1/4*E(40)^29+1/4*E(40)^31-1/4*E(40)^32+1/12*E(40)^37+1/4*E(40)^39, 1/12*E(40)^8+1/12*E(40)^21+1/12*E(40)^29-1/12*E(40)^31+1/12*E(40)^32-1/12*E(40)^39 ], [ -1/3*E(40)^7-5/12*E(40)^8+1/3*E(40)^13-1/3*E(40)^16+1/3*E(40)^21-1/3*E(40)^23-1/3*E(40)^24+1/3*E(40)^29-1/3*E(40)^31-5/12*E(40)^32+1/3*E(40)^37-1/3*E(40)^39, 1/3*E(40)^7-1/6*E(40)^8-1/3*E(40)^13-1/6*E(40)^16-5/12*E(40)^21+1/3*E(40)^23-1/6*E(40)^24-5/12*E(40)^29+5/12*E(40)^31-1/6*E(40)^32-1/3*E(40)^37+5/12*E(40)^39, -1/4*E(40)^7+1/12*E(40)^8+1/4*E(40)^13-1/4*E(40)^16+1/12*E(40)^21-1/4*E(40)^23-1/4*E(40)^24+1/12*E(40)^29-1/12*E(40)^31+1/12*E(40)^32+1/4*E(40)^37-1/12*E(40)^39, 1/12*E(40)^7-1/12*E(40)^13+1/12*E(40)^16+1/12*E(40)^23+1/12*E(40)^24-1/12*E(40)^37 ], [ 1/12*E(40)^7-1/12*E(40)^13+1/12*E(40)^16-1/4*E(40)^21+1/12*E(40)^23+1/12*E(40)^24-1/4*E(40)^29+1/4*E(40)^31-1/12*E(40)^37+1/4*E(40)^39, -1/4*E(40)^7-1/12*E(40)^8+1/4*E(40)^13-1/12*E(40)^21-1/4*E(40)^23-1/12*E(40)^29+1/12*E(40)^31-1/12*E(40)^32+1/4*E(40)^37+1/12*E(40)^39, 1/4-1/4*E(8)+1/4*E(8)^3, 1/2+1/4*E(8)-1/4*E(8)^3 ], [ -1/12*E(40)^8-1/4*E(40)^16-1/12*E(40)^21-1/4*E(40)^24-1/12*E(40)^29+1/12*E(40)^31-1/12*E(40)^32+1/12*E(40)^39, -1/12*E(40)^7+1/4*E(40)^8+1/12*E(40)^13-1/12*E(40)^16-1/12*E(40)^23-1/12*E(40)^24+1/4*E(40)^32+1/12*E(40)^37, -1/4-1/4*E(8)+1/4*E(8)^3, 1/4-1/2*E(8)+1/2*E(8)^3 ] ]
  [ok]   orientation test: RepresentativeAction agrees with independent conjugator search
  [ok]   conjugated triple is not simultaneously conjugate to the same and the mirror triple (abstract chirality)
  [ok]   passing odd candidate maps the base flag of a to the intended flag of b or to the intended flag with the other cell
  [ok]   image flag orbit is even iff (even candidate and intended flag) or (odd candidate and other cell)
  [ok]   odd candidate with even image orbit: conjugated triple is Gamma_b-conjugate to (S1,S2,X_b)
  [ok]   both candidates pass but only one hits its intended flag: M_even^-1 M_odd lies in Gamma_b (same coset)
  [ok]   at least one of the two passing candidates hits its intended flag
  a = b: the odd candidate passes but maps the base flag to (Phi^2)^3 (even orbit): it is an element of Gamma, not an extra symmetry; no similarity maps the base flag to its 2-adjacent flag: geometrically chiral (symmetry group = Gamma)
  [ok]   a = b: the even candidate (identity) passes and fixes the base flag
  [ok]   a = b: the even candidate matrix is the identity
  exhaustive Gram-pruned enumeration [t=33s]
    Gram-consistent ordered 4-tuples: 2880   Gamma_b-orbits: 1   full similarities: 2880   det signs: [ "+1" ]
    orbit rep tuple [ 1, 64, 55, 39 ]: similarity=true det sign=+1 vertices=true edges=true faces=true cells=true conj=[ true, true, true ][ true, true, true ] orientation=same
  [ok]   each Gamma_b-orbit of anchor tuples has size |Gamma_b| (free action)
  [ok]   the recorded orbits partition the enumerated tuple list
  [ok]   direct recomputation of M*M^T and det M for 206 sampled tuples agrees with orbit representatives
  [ok]   exhaustive similarity count 2880 = |Gamma_b| * (number of flag-anchored cosets = 1)
  [ok]   number of similarity orbits found exhaustively = number of flag-anchored cosets
  [ok]   candidate even tuple is enumerated and its orbit verdict matches the candidate verdict
  [ok]   candidate odd tuple is enumerated and its orbit verdict matches the candidate verdict
  [ok]   det signs of passing candidates = det signs found exhaustively
  => 2880 similarities L3-{5,3,5/2}-1 -> L3-{5,3,5/2}-1 (1 Gamma_b-coset(s)), lambda = 1, det signs [ "+1" ]

== pair (L3-{5,3,5/2}-2 -> L3-{5,3,5/2}-1)  f-vector (240,480,120,20)  |Gamma_a|=2880 |Gamma_b|=2880 [t=35s]
  lambda = |w_b|^2/|w_a|^2 = -88/3*E(40)^7-125/3*E(40)^8+88/3*E(40)^13-317/3*E(40)^16+224/3*E(40)^21-88/3*E(40)^23-317/3*E(40)^24+224/3*E(40)^29-224/3*E(40)^31-125/3*E(40)^32+88/3*E(40)^37-224/3*E(40)^39  (~0.003443072775738187)
  candidate even: image tuple (1-based indices in V_b) [ 95, 75, 29, 8 ]  Gram-consistent: false
    (i)   traversal of all p face vertices: true
    (ii)  M*M^T = lambda*I: false
    (iii) det M = -74224/9*E(40)^7-104969/9*E(40)^8+74224/9*E(40)^13-274697/9*E(40)^16+194240/9*E(40)^21-74224/9*E(40)^23-274697/9*E(40)^24+194240/9*E(40)^29-194240/9*E(40)^31-104969/9*E(40)^32+74224/9*E(40)^37-194240/9*E(40)^39  sign(det M/lambda^2) = +1
    (iv)  vertex set onto vertex set: false
    (v)   edges/faces/cells onto: false/false/false
    (vi)  M^-1 {S1,S2,X_a} M in Gamma_b: [ false, false, false ]   M {S1,S2,X_b} M^-1 in Gamma_a: [ false, false, false ]
    (vii) conjugated triple orientation in Gamma_b: none  (RepresentativeAction and own conjugator search agree: true; exact equality with same triple: false, with mirror triple: false)
    flag image = intended even flag: false   (= intended flag with the other cell: false;  image flag orbit: none)
    => candidate even passes (structure map): false;  represents the even coset: false
    M = [ [ E(40)^7+7/3*E(40)^8-E(40)^13+5*E(40)^16-10/3*E(40)^21+E(40)^23+5*E(40)^24-10/3*E(40)^29+10/3*E(40)^31+7/3*E(40)^32-E(40)^37+10/3*E(40)^39, 7/3*E(40)^7+2*E(40)^8-7/3*E(40)^13+20/3*E(40)^16-5*E(40)^21+7/3*E(40)^23+20/3*E(40)^24-5*E(40)^29+5*E(40)^31+2*E(40)^32-7/3*E(40)^37+5*E(40)^39, -2*E(40)^7-8/3*E(40)^8+2*E(40)^13-8*E(40)^16+17/3*E(40)^21-2*E(40)^23-8*E(40)^24+17/3*E(40)^29-17/3*E(40)^31-8/3*E(40)^32+2*E(40)^37-17/3*E(40)^39, -8/3*E(40)^7-4*E(40)^8+8/3*E(40)^13-34/3*E(40)^16+8*E(40)^21-8/3*E(40)^23-34/3*E(40)^24+8*E(40)^29-8*E(40)^31-4*E(40)^32+8/3*E(40)^37-8*E(40)^39 ], [ -7/3*E(40)^7-2*E(40)^8+7/3*E(40)^13-20/3*E(40)^16+5*E(40)^21-7/3*E(40)^23-20/3*E(40)^24+5*E(40)^29-5*E(40)^31-2*E(40)^32+7/3*E(40)^37-5*E(40)^39, E(40)^7+7/3*E(40)^8-E(40)^13+5*E(40)^16-10/3*E(40)^21+E(40)^23+5*E(40)^24-10/3*E(40)^29+10/3*E(40)^31+7/3*E(40)^32-E(40)^37+10/3*E(40)^39, 8/3*E(40)^7+4*E(40)^8-8/3*E(40)^13+34/3*E(40)^16-8*E(40)^21+8/3*E(40)^23+34/3*E(40)^24-8*E(40)^29+8*E(40)^31+4*E(40)^32-8/3*E(40)^37+8*E(40)^39, -2*E(40)^7-8/3*E(40)^8+2*E(40)^13-8*E(40)^16+17/3*E(40)^21-2*E(40)^23-8*E(40)^24+17/3*E(40)^29-17/3*E(40)^31-8/3*E(40)^32+2*E(40)^37-17/3*E(40)^39 ], [ -2*E(40)^7-8/3*E(40)^8+2*E(40)^13-8*E(40)^16+17/3*E(40)^21-2*E(40)^23-8*E(40)^24+17/3*E(40)^29-17/3*E(40)^31-8/3*E(40)^32+2*E(40)^37-17/3*E(40)^39, -8/3*E(40)^7-4*E(40)^8+8/3*E(40)^13-34/3*E(40)^16+8*E(40)^21-8/3*E(40)^23-34/3*E(40)^24+8*E(40)^29-8*E(40)^31-4*E(40)^32+8/3*E(40)^37-8*E(40)^39, 5/3*E(40)^7+7/3*E(40)^8-5/3*E(40)^13+31/3*E(40)^16-22/3*E(40)^21+5/3*E(40)^23+31/3*E(40)^24-22/3*E(40)^29+22/3*E(40)^31+7/3*E(40)^32-5/3*E(40)^37+22/3*E(40)^39, 7/3*E(40)^7+10/3*E(40)^8-7/3*E(40)^13+44/3*E(40)^16-31/3*E(40)^21+7/3*E(40)^23+44/3*E(40)^24-31/3*E(40)^29+31/3*E(40)^31+10/3*E(40)^32-7/3*E(40)^37+31/3*E(40)^39 ], [ 8/3*E(40)^7+4*E(40)^8-8/3*E(40)^13+34/3*E(40)^16-8*E(40)^21+8/3*E(40)^23+34/3*E(40)^24-8*E(40)^29+8*E(40)^31+4*E(40)^32-8/3*E(40)^37+8*E(40)^39, -2*E(40)^7-8/3*E(40)^8+2*E(40)^13-8*E(40)^16+17/3*E(40)^21-2*E(40)^23-8*E(40)^24+17/3*E(40)^29-17/3*E(40)^31-8/3*E(40)^32+2*E(40)^37-17/3*E(40)^39, -7/3*E(40)^7-10/3*E(40)^8+7/3*E(40)^13-44/3*E(40)^16+31/3*E(40)^21-7/3*E(40)^23-44/3*E(40)^24+31/3*E(40)^29-31/3*E(40)^31-10/3*E(40)^32+7/3*E(40)^37-31/3*E(40)^39, 5/3*E(40)^7+7/3*E(40)^8-5/3*E(40)^13+31/3*E(40)^16-22/3*E(40)^21+5/3*E(40)^23+31/3*E(40)^24-22/3*E(40)^29+22/3*E(40)^31+7/3*E(40)^32-5/3*E(40)^37+22/3*E(40)^39 ] ]
  candidate odd: image tuple (1-based indices in V_b) [ 95, 78, 89, 12 ]  Gram-consistent: false
    (i)   traversal of all p face vertices: true
    (ii)  M*M^T = lambda*I: false
    (iii) det M = -74224/9*E(40)^7-104969/9*E(40)^8+74224/9*E(40)^13-274697/9*E(40)^16+194240/9*E(40)^21-74224/9*E(40)^23-274697/9*E(40)^24+194240/9*E(40)^29-194240/9*E(40)^31-104969/9*E(40)^32+74224/9*E(40)^37-194240/9*E(40)^39  sign(det M/lambda^2) = +1
    (iv)  vertex set onto vertex set: false
    (v)   edges/faces/cells onto: false/false/false
    (vi)  M^-1 {S1,S2,X_a} M in Gamma_b: [ false, false, false ]   M {S1,S2,X_b} M^-1 in Gamma_a: [ false, false, false ]
    (vii) conjugated triple orientation in Gamma_b: none  (RepresentativeAction and own conjugator search agree: true; exact equality with same triple: false, with mirror triple: false)
    flag image = intended odd flag: false   (= intended flag with the other cell: false;  image flag orbit: none)
    => candidate odd passes (structure map): false;  represents the odd coset: false
    M = [ [ 23/12*E(40)^7+11/3*E(40)^8-23/12*E(40)^13+25/3*E(40)^16-17/3*E(40)^21+23/12*E(40)^23+25/3*E(40)^24-17/3*E(40)^29+17/3*E(40)^31+11/3*E(40)^32-23/12*E(40)^37+17/3*E(40)^39, -7/6*E(40)^7-7/3*E(40)^8+7/6*E(40)^13-67/12*E(40)^16+23/6*E(40)^21-7/6*E(40)^23-67/12*E(40)^24+23/6*E(40)^29-23/6*E(40)^31-7/3*E(40)^32+7/6*E(40)^37-23/6*E(40)^39, -23/12*E(40)^7-19/12*E(40)^8+23/12*E(40)^13-73/12*E(40)^16+55/12*E(40)^21-23/12*E(40)^23-73/12*E(40)^24+55/12*E(40)^29-55/12*E(40)^31-19/12*E(40)^32+23/12*E(40)^37-55/12*E(40)^39, -8/3*E(40)^7-47/12*E(40)^8+8/3*E(40)^13-34/3*E(40)^16+95/12*E(40)^21-8/3*E(40)^23-34/3*E(40)^24+95/12*E(40)^29-95/12*E(40)^31-47/12*E(40)^32+8/3*E(40)^37-95/12*E(40)^39 ], [ -5/3*E(40)^7-13/12*E(40)^8+5/3*E(40)^13-13/3*E(40)^16+10/3*E(40)^21-5/3*E(40)^23-13/3*E(40)^24+10/3*E(40)^29-10/3*E(40)^31-13/12*E(40)^32+5/3*E(40)^37-10/3*E(40)^39, -5/3*E(40)^7-13/6*E(40)^8+5/3*E(40)^13-29/6*E(40)^16+41/12*E(40)^21-5/3*E(40)^23-29/6*E(40)^24+41/12*E(40)^29-41/12*E(40)^31-13/6*E(40)^32+5/3*E(40)^37-41/12*E(40)^39, 43/12*E(40)^7+49/12*E(40)^8-43/12*E(40)^13+149/12*E(40)^16-109/12*E(40)^21+43/12*E(40)^23+149/12*E(40)^24-109/12*E(40)^29+109/12*E(40)^31+49/12*E(40)^32-43/12*E(40)^37+109/12*E(40)^39, -25/12*E(40)^7-8/3*E(40)^8+25/12*E(40)^13-95/12*E(40)^16+17/3*E(40)^21-25/12*E(40)^23-95/12*E(40)^24+17/3*E(40)^29-17/3*E(40)^31-8/3*E(40)^32+25/12*E(40)^37-17/3*E(40)^39 ], [ -41/12*E(40)^7-14/3*E(40)^8+41/12*E(40)^13-151/12*E(40)^16+107/12*E(40)^21-41/12*E(40)^23-151/12*E(40)^24+107/12*E(40)^29-107/12*E(40)^31-14/3*E(40)^32+41/12*E(40)^37-107/12*E(40)^39, 23/12*E(40)^7+31/12*E(40)^8-23/12*E(40)^13+28/3*E(40)^16-79/12*E(40)^21+23/12*E(40)^23+28/3*E(40)^24-79/12*E(40)^29+79/12*E(40)^31+31/12*E(40)^32-23/12*E(40)^37+79/12*E(40)^39, 19/12*E(40)^7+29/12*E(40)^8-19/12*E(40)^13+101/12*E(40)^16-71/12*E(40)^21+19/12*E(40)^23+101/12*E(40)^24-71/12*E(40)^29+71/12*E(40)^31+29/12*E(40)^32-19/12*E(40)^37+71/12*E(40)^39, 25/12*E(40)^7+17/6*E(40)^8-25/12*E(40)^13+85/6*E(40)^16-121/12*E(40)^21+25/12*E(40)^23+85/6*E(40)^24-121/12*E(40)^29+121/12*E(40)^31+17/6*E(40)^32-25/12*E(40)^37+121/12*E(40)^39 ], [ 5/3*E(40)^7+31/12*E(40)^8-5/3*E(40)^13+61/12*E(40)^16-43/12*E(40)^21+5/3*E(40)^23+61/12*E(40)^24-43/12*E(40)^29+43/12*E(40)^31+31/12*E(40)^32-5/3*E(40)^37+43/12*E(40)^39, 41/12*E(40)^7+59/12*E(40)^8-41/12*E(40)^13+79/12*E(40)^16-14/3*E(40)^21+41/12*E(40)^23+79/12*E(40)^24-14/3*E(40)^29+14/3*E(40)^31+59/12*E(40)^32-41/12*E(40)^37+14/3*E(40)^39, -53/12*E(40)^7-77/12*E(40)^8+53/12*E(40)^13-229/12*E(40)^16+161/12*E(40)^21-53/12*E(40)^23-229/12*E(40)^24+161/12*E(40)^29-161/12*E(40)^31-77/12*E(40)^32+53/12*E(40)^37-161/12*E(40)^39, 13/6*E(40)^7+37/12*E(40)^8-13/6*E(40)^13+133/12*E(40)^16-47/6*E(40)^21+13/6*E(40)^23+133/12*E(40)^24-47/6*E(40)^29+47/6*E(40)^31+37/12*E(40)^32-13/6*E(40)^37+47/6*E(40)^39 ] ]
  exhaustive Gram-pruned enumeration [t=36s]
    Gram-consistent ordered 4-tuples: 2880   Gamma_b-orbits: 1   full similarities: 0   det signs: [  ]
    orbit rep tuple [ 1, 122, 23, 119 ]: similarity=false det sign=+1 vertices=true edges=false faces=false cells=false conj=[ true, true, true ][ true, true, true ] orientation=none
  [ok]   each Gamma_b-orbit of anchor tuples has size |Gamma_b| (free action)
  [ok]   the recorded orbits partition the enumerated tuple list
  [ok]   direct recomputation of M*M^T and det M for 206 sampled tuples agrees with orbit representatives
  [ok]   exhaustive similarity count 0 = |Gamma_b| * (number of flag-anchored cosets = 0)
  [ok]   number of similarity orbits found exhaustively = number of flag-anchored cosets
  [ok]   candidate even is not Gram-consistent and does not pass
  [ok]   candidate odd is not Gram-consistent and does not pass
  [ok]   det signs of passing candidates = det signs found exhaustively
  => EXHAUSTIVE PROOF: no similarity of E^4 carries realisation L3-{5,3,5/2}-2 onto L3-{5,3,5/2}-1 (no Gram-consistent tuple yields a structure map).

== pair (L3-{5,3,5/2}-3 -> L3-{5,3,5/2}-1)  f-vector (240,480,120,20)  |Gamma_a|=2880 |Gamma_b|=2880 [t=39s]
  lambda = |w_b|^2/|w_a|^2 = -28*E(40)^7-40*E(40)^8+28*E(40)^13-102*E(40)^16+72*E(40)^21-28*E(40)^23-102*E(40)^24+72*E(40)^29-72*E(40)^31-40*E(40)^32+28*E(40)^37-72*E(40)^39  (~0.03732066013441226)
  candidate even: image tuple (1-based indices in V_b) [ 95, 75, 29, 8 ]  Gram-consistent: false
    (i)   traversal of all p face vertices: true
    (ii)  M*M^T = lambda*I: false
    (iii) det M = -7696*E(40)^7-10884*E(40)^8+7696*E(40)^13-28488*E(40)^16+20144*E(40)^21-7696*E(40)^23-28488*E(40)^24+20144*E(40)^29-20144*E(40)^31-10884*E(40)^32+7696*E(40)^37-20144*E(40)^39  sign(det M/lambda^2) = +1
    (iv)  vertex set onto vertex set: false
    (v)   edges/faces/cells onto: false/false/false
    (vi)  M^-1 {S1,S2,X_a} M in Gamma_b: [ false, false, false ]   M {S1,S2,X_b} M^-1 in Gamma_a: [ false, false, false ]
    (vii) conjugated triple orientation in Gamma_b: none  (RepresentativeAction and own conjugator search agree: true; exact equality with same triple: false, with mirror triple: false)
    flag image = intended even flag: false   (= intended flag with the other cell: false;  image flag orbit: none)
    => candidate even passes (structure map): false;  represents the even coset: false
    M = [ [ -E(40)^7-3*E(40)^8+E(40)^13-13/2*E(40)^16+4*E(40)^21-E(40)^23-13/2*E(40)^24+4*E(40)^29-4*E(40)^31-3*E(40)^32+E(40)^37-4*E(40)^39, 5/2*E(40)^7+3/2*E(40)^8-5/2*E(40)^13+6*E(40)^16-5*E(40)^21+5/2*E(40)^23+6*E(40)^24-5*E(40)^29+5*E(40)^31+3/2*E(40)^32-5/2*E(40)^37+5*E(40)^39, 2*E(40)^7+5/2*E(40)^8-2*E(40)^13+15/2*E(40)^16-11/2*E(40)^21+2*E(40)^23+15/2*E(40)^24-11/2*E(40)^29+11/2*E(40)^31+5/2*E(40)^32-2*E(40)^37+11/2*E(40)^39, -5/2*E(40)^7-4*E(40)^8+5/2*E(40)^13-11*E(40)^16+15/2*E(40)^21-5/2*E(40)^23-11*E(40)^24+15/2*E(40)^29-15/2*E(40)^31-4*E(40)^32+5/2*E(40)^37-15/2*E(40)^39 ], [ -5/2*E(40)^7-3/2*E(40)^8+5/2*E(40)^13-6*E(40)^16+5*E(40)^21-5/2*E(40)^23-6*E(40)^24+5*E(40)^29-5*E(40)^31-3/2*E(40)^32+5/2*E(40)^37-5*E(40)^39, -E(40)^7-3*E(40)^8+E(40)^13-13/2*E(40)^16+4*E(40)^21-E(40)^23-13/2*E(40)^24+4*E(40)^29-4*E(40)^31-3*E(40)^32+E(40)^37-4*E(40)^39, 5/2*E(40)^7+4*E(40)^8-5/2*E(40)^13+11*E(40)^16-15/2*E(40)^21+5/2*E(40)^23+11*E(40)^24-15/2*E(40)^29+15/2*E(40)^31+4*E(40)^32-5/2*E(40)^37+15/2*E(40)^39, 2*E(40)^7+5/2*E(40)^8-2*E(40)^13+15/2*E(40)^16-11/2*E(40)^21+2*E(40)^23+15/2*E(40)^24-11/2*E(40)^29+11/2*E(40)^31+5/2*E(40)^32-2*E(40)^37+11/2*E(40)^39 ], [ 2*E(40)^7+5/2*E(40)^8-2*E(40)^13+15/2*E(40)^16-11/2*E(40)^21+2*E(40)^23+15/2*E(40)^24-11/2*E(40)^29+11/2*E(40)^31+5/2*E(40)^32-2*E(40)^37+11/2*E(40)^39, -5/2*E(40)^7-4*E(40)^8+5/2*E(40)^13-11*E(40)^16+15/2*E(40)^21-5/2*E(40)^23-11*E(40)^24+15/2*E(40)^29-15/2*E(40)^31-4*E(40)^32+5/2*E(40)^37-15/2*E(40)^39, -2*E(40)^7-3*E(40)^8+2*E(40)^13-23/2*E(40)^16+8*E(40)^21-2*E(40)^23-23/2*E(40)^24+8*E(40)^29-8*E(40)^31-3*E(40)^32+2*E(40)^37-8*E(40)^39, 5/2*E(40)^7+7/2*E(40)^8-5/2*E(40)^13+14*E(40)^16-10*E(40)^21+5/2*E(40)^23+14*E(40)^24-10*E(40)^29+10*E(40)^31+7/2*E(40)^32-5/2*E(40)^37+10*E(40)^39 ], [ 5/2*E(40)^7+4*E(40)^8-5/2*E(40)^13+11*E(40)^16-15/2*E(40)^21+5/2*E(40)^23+11*E(40)^24-15/2*E(40)^29+15/2*E(40)^31+4*E(40)^32-5/2*E(40)^37+15/2*E(40)^39, 2*E(40)^7+5/2*E(40)^8-2*E(40)^13+15/2*E(40)^16-11/2*E(40)^21+2*E(40)^23+15/2*E(40)^24-11/2*E(40)^29+11/2*E(40)^31+5/2*E(40)^32-2*E(40)^37+11/2*E(40)^39, -5/2*E(40)^7-7/2*E(40)^8+5/2*E(40)^13-14*E(40)^16+10*E(40)^21-5/2*E(40)^23-14*E(40)^24+10*E(40)^29-10*E(40)^31-7/2*E(40)^32+5/2*E(40)^37-10*E(40)^39, -2*E(40)^7-3*E(40)^8+2*E(40)^13-23/2*E(40)^16+8*E(40)^21-2*E(40)^23-23/2*E(40)^24+8*E(40)^29-8*E(40)^31-3*E(40)^32+2*E(40)^37-8*E(40)^39 ] ]
  candidate odd: image tuple (1-based indices in V_b) [ 95, 78, 89, 12 ]  Gram-consistent: false
    (i)   traversal of all p face vertices: true
    (ii)  M*M^T = lambda*I: false
    (iii) det M = -7696*E(40)^7-10884*E(40)^8+7696*E(40)^13-28488*E(40)^16+20144*E(40)^21-7696*E(40)^23-28488*E(40)^24+20144*E(40)^29-20144*E(40)^31-10884*E(40)^32+7696*E(40)^37-20144*E(40)^39  sign(det M/lambda^2) = +1
    (iv)  vertex set onto vertex set: false
    (v)   edges/faces/cells onto: false/false/false
    (vi)  M^-1 {S1,S2,X_a} M in Gamma_b: [ false, false, false ]   M {S1,S2,X_b} M^-1 in Gamma_a: [ false, false, false ]
    (vii) conjugated triple orientation in Gamma_b: none  (RepresentativeAction and own conjugator search agree: true; exact equality with same triple: false, with mirror triple: false)
    flag image = intended odd flag: false   (= intended flag with the other cell: false;  image flag orbit: none)
    => candidate odd passes (structure map): false;  represents the odd coset: false
    M = [ [ 1/6*E(40)^7-4/3*E(40)^8-1/6*E(40)^13-11/6*E(40)^16+2/3*E(40)^21+1/6*E(40)^23-11/6*E(40)^24+2/3*E(40)^29-2/3*E(40)^31-4/3*E(40)^32-1/6*E(40)^37-2/3*E(40)^39, -4/3*E(40)^7-8/3*E(40)^8+4/3*E(40)^13-16/3*E(40)^16+10/3*E(40)^21-4/3*E(40)^23-16/3*E(40)^24+10/3*E(40)^29-10/3*E(40)^31-8/3*E(40)^32+4/3*E(40)^37-10/3*E(40)^39, 13/6*E(40)^7+29/6*E(40)^8-13/6*E(40)^13+32/3*E(40)^16-43/6*E(40)^21+13/6*E(40)^23+32/3*E(40)^24-43/6*E(40)^29+43/6*E(40)^31+29/6*E(40)^32-13/6*E(40)^37+43/6*E(40)^39, -8/3*E(40)^7-25/6*E(40)^8+8/3*E(40)^13-67/6*E(40)^16+47/6*E(40)^21-8/3*E(40)^23-67/6*E(40)^24+47/6*E(40)^29-47/6*E(40)^31-25/6*E(40)^32+8/3*E(40)^37-47/6*E(40)^39 ], [ -10/3*E(40)^7-8/3*E(40)^8+10/3*E(40)^13-28/3*E(40)^16+22/3*E(40)^21-10/3*E(40)^23-28/3*E(40)^24+22/3*E(40)^29-22/3*E(40)^31-8/3*E(40)^32+10/3*E(40)^37-22/3*E(40)^39, 4/3*E(40)^7+5/6*E(40)^8-4/3*E(40)^13+23/6*E(40)^16-19/6*E(40)^21+4/3*E(40)^23+23/6*E(40)^24-19/6*E(40)^29+19/6*E(40)^31+5/6*E(40)^32-4/3*E(40)^37+19/6*E(40)^39, 11/6*E(40)^7+23/6*E(40)^8-11/6*E(40)^13+28/3*E(40)^16-37/6*E(40)^21+11/6*E(40)^23+28/3*E(40)^24-37/6*E(40)^29+37/6*E(40)^31+23/6*E(40)^32-11/6*E(40)^37+37/6*E(40)^39, 11/6*E(40)^7+8/3*E(40)^8-11/6*E(40)^13+47/6*E(40)^16-16/3*E(40)^21+11/6*E(40)^23+47/6*E(40)^24-16/3*E(40)^29+16/3*E(40)^31+8/3*E(40)^32-11/6*E(40)^37+16/3*E(40)^39 ], [ 5/6*E(40)^7+5/6*E(40)^8-5/6*E(40)^13+4/3*E(40)^16-7/6*E(40)^21+5/6*E(40)^23+4/3*E(40)^24-7/6*E(40)^29+7/6*E(40)^31+5/6*E(40)^32-5/6*E(40)^37+7/6*E(40)^39, 23/6*E(40)^7+31/6*E(40)^8-23/6*E(40)^13+28/3*E(40)^16-41/6*E(40)^21+23/6*E(40)^23+28/3*E(40)^24-41/6*E(40)^29+41/6*E(40)^31+31/6*E(40)^32-23/6*E(40)^37+41/6*E(40)^39, -23/6*E(40)^7-31/6*E(40)^8+23/6*E(40)^13-46/3*E(40)^16+65/6*E(40)^21-23/6*E(40)^23-46/3*E(40)^24+65/6*E(40)^29-65/6*E(40)^31-31/6*E(40)^32+23/6*E(40)^37-65/6*E(40)^39, 17/6*E(40)^7+23/6*E(40)^8-17/6*E(40)^13+43/3*E(40)^16-61/6*E(40)^21+17/6*E(40)^23+43/3*E(40)^24-61/6*E(40)^29+61/6*E(40)^31+23/6*E(40)^32-17/6*E(40)^37+61/6*E(40)^39 ], [ 10/3*E(40)^7+31/6*E(40)^8-10/3*E(40)^13+77/6*E(40)^16-53/6*E(40)^21+10/3*E(40)^23+77/6*E(40)^24-53/6*E(40)^29+53/6*E(40)^31+31/6*E(40)^32-10/3*E(40)^37+53/6*E(40)^39, -5/6*E(40)^7-4/3*E(40)^8+5/6*E(40)^13-41/6*E(40)^16+14/3*E(40)^21-5/6*E(40)^23-41/6*E(40)^24+14/3*E(40)^29-14/3*E(40)^31-4/3*E(40)^32+5/6*E(40)^37-14/3*E(40)^39, -19/6*E(40)^7-25/6*E(40)^8+19/6*E(40)^13-41/3*E(40)^16+59/6*E(40)^21-19/6*E(40)^23-41/3*E(40)^24+59/6*E(40)^29-59/6*E(40)^31-25/6*E(40)^32+19/6*E(40)^37-59/6*E(40)^39, -5/3*E(40)^7-7/3*E(40)^8+5/3*E(40)^13-32/3*E(40)^16+23/3*E(40)^21-5/3*E(40)^23-32/3*E(40)^24+23/3*E(40)^29-23/3*E(40)^31-7/3*E(40)^32+5/3*E(40)^37-23/3*E(40)^39 ] ]
  exhaustive Gram-pruned enumeration [t=39s]
    Gram-consistent ordered 4-tuples: 2880   Gamma_b-orbits: 1   full similarities: 0   det signs: [  ]
    orbit rep tuple [ 1, 122, 23, 119 ]: similarity=false det sign=+1 vertices=true edges=false faces=false cells=false conj=[ true, true, true ][ true, true, true ] orientation=none
  [ok]   each Gamma_b-orbit of anchor tuples has size |Gamma_b| (free action)
  [ok]   the recorded orbits partition the enumerated tuple list
  [ok]   direct recomputation of M*M^T and det M for 206 sampled tuples agrees with orbit representatives
  [ok]   exhaustive similarity count 0 = |Gamma_b| * (number of flag-anchored cosets = 0)
  [ok]   number of similarity orbits found exhaustively = number of flag-anchored cosets
  [ok]   candidate even is not Gram-consistent and does not pass
  [ok]   candidate odd is not Gram-consistent and does not pass
  [ok]   det signs of passing candidates = det signs found exhaustively
  => EXHAUSTIVE PROOF: no similarity of E^4 carries realisation L3-{5,3,5/2}-3 onto L3-{5,3,5/2}-1 (no Gram-consistent tuple yields a structure map).

== pair (L3-{5,3,5/2}-4 -> L3-{5,3,5/2}-1)  f-vector (240,480,120,20)  |Gamma_a|=2880 |Gamma_b|=2880 [t=41s]
  lambda = |w_b|^2/|w_a|^2 = -4/3*E(40)^7-8/3*E(40)^8+4/3*E(40)^13-14/3*E(40)^16+8/3*E(40)^21-4/3*E(40)^23-14/3*E(40)^24+8/3*E(40)^29-8/3*E(40)^31-8/3*E(40)^32+4/3*E(40)^37-8/3*E(40)^39  (~0.9661224126413481)
  candidate even: image tuple (1-based indices in V_b) [ 95, 75, 29, 8 ]  Gram-consistent: true
    (i)   traversal of all p face vertices: true
    (ii)  M*M^T = lambda*I: true
    (iii) det M = -112/9*E(40)^7-164/9*E(40)^8+112/9*E(40)^13-392/9*E(40)^16+272/9*E(40)^21-112/9*E(40)^23-392/9*E(40)^24+272/9*E(40)^29-272/9*E(40)^31-164/9*E(40)^32+112/9*E(40)^37-272/9*E(40)^39  sign(det M/lambda^2) = +1
    (iv)  vertex set onto vertex set: true
    (v)   edges/faces/cells onto: true/true/true
    (vi)  M^-1 {S1,S2,X_a} M in Gamma_b: [ true, true, true ]   M {S1,S2,X_b} M^-1 in Gamma_a: [ true, true, true ]
    (vii) conjugated triple orientation in Gamma_b: mirror  (RepresentativeAction and own conjugator search agree: true; exact equality with same triple: false, with mirror triple: false)
    flag image = intended even flag: false   (= intended flag with the other cell: true;  image flag orbit: odd)
    => candidate even passes (structure map): true;  represents the even coset: false
    M = [ [ 1/3*E(40)^7-1/3*E(40)^8-1/3*E(40)^13+1/6*E(40)^16-2/3*E(40)^21+1/3*E(40)^23+1/6*E(40)^24-2/3*E(40)^29+2/3*E(40)^31-1/3*E(40)^32-1/3*E(40)^37+2/3*E(40)^39, 1/6*E(40)^7+1/6*E(40)^8-1/6*E(40)^13-2/3*E(40)^16+1/3*E(40)^21+1/6*E(40)^23-2/3*E(40)^24+1/3*E(40)^29-1/3*E(40)^31+1/6*E(40)^32-1/6*E(40)^37-1/3*E(40)^39, -1/6*E(40)^8-1/2*E(40)^16+1/6*E(40)^21-1/2*E(40)^24+1/6*E(40)^29-1/6*E(40)^31-1/6*E(40)^32-1/6*E(40)^39, -1/6*E(40)^7+1/6*E(40)^13-1/3*E(40)^16+1/2*E(40)^21-1/6*E(40)^23-1/3*E(40)^24+1/2*E(40)^29-1/2*E(40)^31+1/6*E(40)^37-1/2*E(40)^39 ], [ -1/6*E(40)^7-1/6*E(40)^8+1/6*E(40)^13+2/3*E(40)^16-1/3*E(40)^21-1/6*E(40)^23+2/3*E(40)^24-1/3*E(40)^29+1/3*E(40)^31-1/6*E(40)^32+1/6*E(40)^37+1/3*E(40)^39, 1/3*E(40)^7-1/3*E(40)^8-1/3*E(40)^13+1/6*E(40)^16-2/3*E(40)^21+1/3*E(40)^23+1/6*E(40)^24-2/3*E(40)^29+2/3*E(40)^31-1/3*E(40)^32-1/3*E(40)^37+2/3*E(40)^39, 1/6*E(40)^7-1/6*E(40)^13+1/3*E(40)^16-1/2*E(40)^21+1/6*E(40)^23+1/3*E(40)^24-1/2*E(40)^29+1/2*E(40)^31-1/6*E(40)^37+1/2*E(40)^39, -1/6*E(40)^8-1/2*E(40)^16+1/6*E(40)^21-1/2*E(40)^24+1/6*E(40)^29-1/6*E(40)^31-1/6*E(40)^32-1/6*E(40)^39 ], [ -1/6*E(40)^8-1/2*E(40)^16+1/6*E(40)^21-1/2*E(40)^24+1/6*E(40)^29-1/6*E(40)^31-1/6*E(40)^32-1/6*E(40)^39, -1/6*E(40)^7+1/6*E(40)^13-1/3*E(40)^16+1/2*E(40)^21-1/6*E(40)^23-1/3*E(40)^24+1/2*E(40)^29-1/2*E(40)^31+1/6*E(40)^37-1/2*E(40)^39, -1/3*E(40)^8+1/2*E(40)^16-2/3*E(40)^21+1/2*E(40)^24-2/3*E(40)^29+2/3*E(40)^31-1/3*E(40)^32+2/3*E(40)^39, 1/6*E(40)^7-1/2*E(40)^8-1/6*E(40)^13-2/3*E(40)^16+1/6*E(40)^23-2/3*E(40)^24-1/2*E(40)^32-1/6*E(40)^37 ], [ 1/6*E(40)^7-1/6*E(40)^13+1/3*E(40)^16-1/2*E(40)^21+1/6*E(40)^23+1/3*E(40)^24-1/2*E(40)^29+1/2*E(40)^31-1/6*E(40)^37+1/2*E(40)^39, -1/6*E(40)^8-1/2*E(40)^16+1/6*E(40)^21-1/2*E(40)^24+1/6*E(40)^29-1/6*E(40)^31-1/6*E(40)^32-1/6*E(40)^39, -1/6*E(40)^7+1/2*E(40)^8+1/6*E(40)^13+2/3*E(40)^16-1/6*E(40)^23+2/3*E(40)^24+1/2*E(40)^32+1/6*E(40)^37, -1/3*E(40)^8+1/2*E(40)^16-2/3*E(40)^21+1/2*E(40)^24-2/3*E(40)^29+2/3*E(40)^31-1/3*E(40)^32+2/3*E(40)^39 ] ]
  [ok]   orientation test: RepresentativeAction agrees with independent conjugator search
  [ok]   conjugated triple is not simultaneously conjugate to the same and the mirror triple (abstract chirality)
  [ok]   passing even candidate maps the base flag of a to the intended flag of b or to the intended flag with the other cell
  [ok]   image flag orbit is even iff (even candidate and intended flag) or (odd candidate and other cell)
  [ok]   even candidate with odd image orbit: conjugated triple is Gamma_b-conjugate to the mirror triple (S1^-1, S1^2 S2, X_b)
  candidate odd: image tuple (1-based indices in V_b) [ 95, 78, 89, 12 ]  Gram-consistent: true
    (i)   traversal of all p face vertices: true
    (ii)  M*M^T = lambda*I: true
    (iii) det M = -112/9*E(40)^7-164/9*E(40)^8+112/9*E(40)^13-392/9*E(40)^16+272/9*E(40)^21-112/9*E(40)^23-392/9*E(40)^24+272/9*E(40)^29-272/9*E(40)^31-164/9*E(40)^32+112/9*E(40)^37-272/9*E(40)^39  sign(det M/lambda^2) = +1
    (iv)  vertex set onto vertex set: true
    (v)   edges/faces/cells onto: true/true/true
    (vi)  M^-1 {S1,S2,X_a} M in Gamma_b: [ true, true, true ]   M {S1,S2,X_b} M^-1 in Gamma_a: [ true, true, true ]
    (vii) conjugated triple orientation in Gamma_b: mirror  (RepresentativeAction and own conjugator search agree: true; exact equality with same triple: false, with mirror triple: false)
    flag image = intended odd flag: true   (= intended flag with the other cell: false;  image flag orbit: odd)
    => candidate odd passes (structure map): true;  represents the odd coset: true
    M = [ [ 1/2*E(40)^7-1/2*E(40)^13-1/2*E(40)^16+1/2*E(40)^23-1/2*E(40)^24-1/2*E(40)^37, 0, -1/6*E(40)^7-1/2*E(40)^8+1/6*E(40)^13-4/3*E(40)^16+1/2*E(40)^21-1/6*E(40)^23-4/3*E(40)^24+1/2*E(40)^29-1/2*E(40)^31-1/2*E(40)^32+1/6*E(40)^37-1/2*E(40)^39, -1/6*E(40)^8-1/2*E(40)^16+1/6*E(40)^21-1/2*E(40)^24+1/6*E(40)^29-1/6*E(40)^31-1/6*E(40)^32-1/6*E(40)^39 ], [ 0, -1/2*E(40)^8-3/2*E(40)^16+1/2*E(40)^21-3/2*E(40)^24+1/2*E(40)^29-1/2*E(40)^31-1/2*E(40)^32-1/2*E(40)^39, -1/2*E(40)^7-1/6*E(40)^8+1/2*E(40)^13+1/6*E(40)^21-1/2*E(40)^23+1/6*E(40)^29-1/6*E(40)^31-1/6*E(40)^32+1/2*E(40)^37-1/6*E(40)^39, 1/6*E(40)^7-1/6*E(40)^13-1/6*E(40)^16+1/6*E(40)^23-1/6*E(40)^24-1/6*E(40)^37 ], [ -1/6*E(40)^7-1/2*E(40)^8+1/6*E(40)^13-4/3*E(40)^16+1/2*E(40)^21-1/6*E(40)^23-4/3*E(40)^24+1/2*E(40)^29-1/2*E(40)^31-1/2*E(40)^32+1/6*E(40)^37-1/2*E(40)^39, -1/2*E(40)^7-1/6*E(40)^8+1/2*E(40)^13+1/6*E(40)^21-1/2*E(40)^23+1/6*E(40)^29-1/6*E(40)^31-1/6*E(40)^32+1/2*E(40)^37-1/6*E(40)^39, -1/6*E(40)^7+1/6*E(40)^8+1/6*E(40)^13+2/3*E(40)^16-1/6*E(40)^21-1/6*E(40)^23+2/3*E(40)^24-1/6*E(40)^29+1/6*E(40)^31+1/6*E(40)^32+1/6*E(40)^37+1/6*E(40)^39, -1/6*E(40)^7-1/6*E(40)^8+1/6*E(40)^13-1/3*E(40)^16+1/6*E(40)^21-1/6*E(40)^23-1/3*E(40)^24+1/6*E(40)^29-1/6*E(40)^31-1/6*E(40)^32+1/6*E(40)^37-1/6*E(40)^39 ], [ -1/6*E(40)^8-1/2*E(40)^16+1/6*E(40)^21-1/2*E(40)^24+1/6*E(40)^29-1/6*E(40)^31-1/6*E(40)^32-1/6*E(40)^39, 1/6*E(40)^7-1/6*E(40)^13-1/6*E(40)^16+1/6*E(40)^23-1/6*E(40)^24-1/6*E(40)^37, -1/6*E(40)^7-1/6*E(40)^8+1/6*E(40)^13-1/3*E(40)^16+1/6*E(40)^21-1/6*E(40)^23-1/3*E(40)^24+1/6*E(40)^29-1/6*E(40)^31-1/6*E(40)^32+1/6*E(40)^37-1/6*E(40)^39, -1/3*E(40)^7+1/3*E(40)^8+1/3*E(40)^13+4/3*E(40)^16-1/3*E(40)^21-1/3*E(40)^23+4/3*E(40)^24-1/3*E(40)^29+1/3*E(40)^31+1/3*E(40)^32+1/3*E(40)^37+1/3*E(40)^39 ] ]
  [ok]   orientation test: RepresentativeAction agrees with independent conjugator search
  [ok]   conjugated triple is not simultaneously conjugate to the same and the mirror triple (abstract chirality)
  [ok]   passing odd candidate maps the base flag of a to the intended flag of b or to the intended flag with the other cell
  [ok]   image flag orbit is even iff (even candidate and intended flag) or (odd candidate and other cell)
  [ok]   odd candidate with odd image orbit: conjugated triple is Gamma_b-conjugate to the mirror triple (S1^-1, S1^2 S2, X_b)
  [ok]   both candidates pass but only one hits its intended flag: M_even^-1 M_odd lies in Gamma_b (same coset)
  [ok]   at least one of the two passing candidates hits its intended flag
  exhaustive Gram-pruned enumeration [t=42s]
    Gram-consistent ordered 4-tuples: 2880   Gamma_b-orbits: 1   full similarities: 2880   det signs: [ "+1" ]
    orbit rep tuple [ 1, 64, 55, 39 ]: similarity=true det sign=+1 vertices=true edges=true faces=true cells=true conj=[ true, true, true ][ true, true, true ] orientation=mirror
  [ok]   each Gamma_b-orbit of anchor tuples has size |Gamma_b| (free action)
  [ok]   the recorded orbits partition the enumerated tuple list
  [ok]   direct recomputation of M*M^T and det M for 206 sampled tuples agrees with orbit representatives
  [ok]   exhaustive similarity count 2880 = |Gamma_b| * (number of flag-anchored cosets = 1)
  [ok]   number of similarity orbits found exhaustively = number of flag-anchored cosets
  [ok]   candidate even tuple is enumerated and its orbit verdict matches the candidate verdict
  [ok]   candidate odd tuple is enumerated and its orbit verdict matches the candidate verdict
  [ok]   det signs of passing candidates = det signs found exhaustively
  => 2880 similarities L3-{5,3,5/2}-4 -> L3-{5,3,5/2}-1 (1 Gamma_b-coset(s)), lambda = -4/3*E(40)^7-8/3*E(40)^8+4/3*E(40)^13-14/3*E(40)^16+8/3*E(40)^21-4/3*E(40)^23-14/3*E(40)^24+8/3*E(40)^29-8/3*E(40)^31-8/3*E(40)^32+4/3*E(40)^37-8/3*E(40)^39, det signs [ "+1" ]
pair (L3-{5,3,5/2}-5 -> L3-{5,3,5/2}-1): inequivalent: different f-vector (48,144,48,8) vs (240,480,120,20)
pair (L3-{5,3,5/2}-6 -> L3-{5,3,5/2}-1): inequivalent: different f-vector (48,144,48,8) vs (240,480,120,20)
pair (L3-{5,3,5/2}-7 -> L3-{5,3,5/2}-1): inequivalent: different f-vector (48,144,48,8) vs (240,480,120,20)
pair (L3-{5,3,5/2}-8 -> L3-{5,3,5/2}-1): inequivalent: different f-vector (48,144,48,8) vs (240,480,120,20)
pair (L3-{5,3,5/2}-9 -> L3-{5,3,5/2}-1): inequivalent: different f-vector (120,720,300,50) vs (240,480,120,20)
pair (L3-{5,3,5/2}-10 -> L3-{5,3,5/2}-1): inequivalent: different f-vector (120,720,300,50) vs (240,480,120,20)
pair (L3-{5,3,5/2}-11 -> L3-{5,3,5/2}-1): inequivalent: different f-vector (120,720,300,50) vs (240,480,120,20)
pair (L3-{5,3,5/2}-12 -> L3-{5,3,5/2}-1): inequivalent: different f-vector (120,720,300,50) vs (240,480,120,20)
pair (L3-{5,3,5/2}-13 -> L3-{5,3,5/2}-1): inequivalent: different f-vector (120,720,300,50) vs (240,480,120,20)
pair (L3-{5,3,5/2}-14 -> L3-{5,3,5/2}-1): inequivalent: different f-vector (120,720,300,50) vs (240,480,120,20)
pair (L3-{5,3,5/2}-15 -> L3-{5,3,5/2}-1): inequivalent: different f-vector (120,720,300,50) vs (240,480,120,20)
pair (L3-{5,3,5/2}-16 -> L3-{5,3,5/2}-1): inequivalent: different f-vector (120,720,300,50) vs (240,480,120,20)
pair (L3-{3,3,5/2}-1 -> L3-{5,3,5/2}-1): inequivalent: different f-vector (600,1200,120,5) vs (240,480,120,20)
pair (L3-{3,3,5/2}-4 -> L3-{5,3,5/2}-1): inequivalent: different f-vector (600,1200,120,5) vs (240,480,120,20)

#### target b = L3-{5,3,5/2}-2   computing Gram matrix of V_b [t=44s]
  [ok]   Gram diagonal constant = |w_b|^2
pair (L3-{4,3,3}-1 -> L3-{5,3,5/2}-2): inequivalent: different f-vector (16,32,12,4) vs (240,480,120,20)
pair (L3-{4,3,3}-2 -> L3-{5,3,5/2}-2): inequivalent: different f-vector (16,32,12,4) vs (240,480,120,20)
pair (L3-{4,3,3}-3 -> L3-{5,3,5/2}-2): inequivalent: different f-vector (16,32,12,4) vs (240,480,120,20)
pair (L3-{4,3,3}-6 -> L3-{5,3,5/2}-2): inequivalent: different f-vector (16,32,12,4) vs (240,480,120,20)
pair (L3-{5,3,3}-3 -> L3-{5,3,5/2}-2): inequivalent: different f-vector (600,1200,120,5) vs (240,480,120,20)
pair (L3-{5,3,3}-8 -> L3-{5,3,5/2}-2): inequivalent: different f-vector (600,1200,120,5) vs (240,480,120,20)

== pair (L3-{5,3,5/2}-1 -> L3-{5,3,5/2}-2)  f-vector (240,480,120,20)  |Gamma_a|=2880 |Gamma_b|=2880 [t=48s]
  lambda = |w_b|^2/|w_a|^2 = 88/3*E(40)^7-125/3*E(40)^8-88/3*E(40)^13-317/3*E(40)^16-224/3*E(40)^21+88/3*E(40)^23-317/3*E(40)^24-224/3*E(40)^29+224/3*E(40)^31-125/3*E(40)^32-88/3*E(40)^37+224/3*E(40)^39  (~290.4382408205442)
  candidate even: image tuple (1-based indices in V_b) [ 180, 165, 31, 12 ]  Gram-consistent: false
    (i)   traversal of all p face vertices: true
    (ii)  M*M^T = lambda*I: false
    (iii) det M = 74224/9*E(40)^7-104969/9*E(40)^8-74224/9*E(40)^13-274697/9*E(40)^16-194240/9*E(40)^21+74224/9*E(40)^23-274697/9*E(40)^24-194240/9*E(40)^29+194240/9*E(40)^31-104969/9*E(40)^32-74224/9*E(40)^37+194240/9*E(40)^39  sign(det M/lambda^2) = +1
    (iv)  vertex set onto vertex set: false
    (v)   edges/faces/cells onto: false/false/false
    (vi)  M^-1 {S1,S2,X_a} M in Gamma_b: [ false, false, false ]   M {S1,S2,X_b} M^-1 in Gamma_a: [ false, false, false ]
    (vii) conjugated triple orientation in Gamma_b: none  (RepresentativeAction and own conjugator search agree: true; exact equality with same triple: false, with mirror triple: false)
    flag image = intended even flag: false   (= intended flag with the other cell: false;  image flag orbit: none)
    => candidate even passes (structure map): false;  represents the even coset: false
    M = [ [ -E(40)^7+7/3*E(40)^8+E(40)^13+5*E(40)^16+10/3*E(40)^21-E(40)^23+5*E(40)^24+10/3*E(40)^29-10/3*E(40)^31+7/3*E(40)^32+E(40)^37-10/3*E(40)^39, -7/3*E(40)^7+2*E(40)^8+7/3*E(40)^13+20/3*E(40)^16+5*E(40)^21-7/3*E(40)^23+20/3*E(40)^24+5*E(40)^29-5*E(40)^31+2*E(40)^32+7/3*E(40)^37-5*E(40)^39, 2*E(40)^7-8/3*E(40)^8-2*E(40)^13-8*E(40)^16-17/3*E(40)^21+2*E(40)^23-8*E(40)^24-17/3*E(40)^29+17/3*E(40)^31-8/3*E(40)^32-2*E(40)^37+17/3*E(40)^39, 8/3*E(40)^7-4*E(40)^8-8/3*E(40)^13-34/3*E(40)^16-8*E(40)^21+8/3*E(40)^23-34/3*E(40)^24-8*E(40)^29+8*E(40)^31-4*E(40)^32-8/3*E(40)^37+8*E(40)^39 ], [ 7/3*E(40)^7-2*E(40)^8-7/3*E(40)^13-20/3*E(40)^16-5*E(40)^21+7/3*E(40)^23-20/3*E(40)^24-5*E(40)^29+5*E(40)^31-2*E(40)^32-7/3*E(40)^37+5*E(40)^39, -E(40)^7+7/3*E(40)^8+E(40)^13+5*E(40)^16+10/3*E(40)^21-E(40)^23+5*E(40)^24+10/3*E(40)^29-10/3*E(40)^31+7/3*E(40)^32+E(40)^37-10/3*E(40)^39, -8/3*E(40)^7+4*E(40)^8+8/3*E(40)^13+34/3*E(40)^16+8*E(40)^21-8/3*E(40)^23+34/3*E(40)^24+8*E(40)^29-8*E(40)^31+4*E(40)^32+8/3*E(40)^37-8*E(40)^39, 2*E(40)^7-8/3*E(40)^8-2*E(40)^13-8*E(40)^16-17/3*E(40)^21+2*E(40)^23-8*E(40)^24-17/3*E(40)^29+17/3*E(40)^31-8/3*E(40)^32-2*E(40)^37+17/3*E(40)^39 ], [ 2*E(40)^7-8/3*E(40)^8-2*E(40)^13-8*E(40)^16-17/3*E(40)^21+2*E(40)^23-8*E(40)^24-17/3*E(40)^29+17/3*E(40)^31-8/3*E(40)^32-2*E(40)^37+17/3*E(40)^39, 8/3*E(40)^7-4*E(40)^8-8/3*E(40)^13-34/3*E(40)^16-8*E(40)^21+8/3*E(40)^23-34/3*E(40)^24-8*E(40)^29+8*E(40)^31-4*E(40)^32-8/3*E(40)^37+8*E(40)^39, -5/3*E(40)^7+7/3*E(40)^8+5/3*E(40)^13+31/3*E(40)^16+22/3*E(40)^21-5/3*E(40)^23+31/3*E(40)^24+22/3*E(40)^29-22/3*E(40)^31+7/3*E(40)^32+5/3*E(40)^37-22/3*E(40)^39, -7/3*E(40)^7+10/3*E(40)^8+7/3*E(40)^13+44/3*E(40)^16+31/3*E(40)^21-7/3*E(40)^23+44/3*E(40)^24+31/3*E(40)^29-31/3*E(40)^31+10/3*E(40)^32+7/3*E(40)^37-31/3*E(40)^39 ], [ -8/3*E(40)^7+4*E(40)^8+8/3*E(40)^13+34/3*E(40)^16+8*E(40)^21-8/3*E(40)^23+34/3*E(40)^24+8*E(40)^29-8*E(40)^31+4*E(40)^32+8/3*E(40)^37-8*E(40)^39, 2*E(40)^7-8/3*E(40)^8-2*E(40)^13-8*E(40)^16-17/3*E(40)^21+2*E(40)^23-8*E(40)^24-17/3*E(40)^29+17/3*E(40)^31-8/3*E(40)^32-2*E(40)^37+17/3*E(40)^39, 7/3*E(40)^7-10/3*E(40)^8-7/3*E(40)^13-44/3*E(40)^16-31/3*E(40)^21+7/3*E(40)^23-44/3*E(40)^24-31/3*E(40)^29+31/3*E(40)^31-10/3*E(40)^32-7/3*E(40)^37+31/3*E(40)^39, -5/3*E(40)^7+7/3*E(40)^8+5/3*E(40)^13+31/3*E(40)^16+22/3*E(40)^21-5/3*E(40)^23+31/3*E(40)^24+22/3*E(40)^29-22/3*E(40)^31+7/3*E(40)^32+5/3*E(40)^37-22/3*E(40)^39 ] ]
  candidate odd: image tuple (1-based indices in V_b) [ 180, 163, 175, 8 ]  Gram-consistent: false
    (i)   traversal of all p face vertices: true
    (ii)  M*M^T = lambda*I: false
    (iii) det M = 74224/9*E(40)^7-104969/9*E(40)^8-74224/9*E(40)^13-274697/9*E(40)^16-194240/9*E(40)^21+74224/9*E(40)^23-274697/9*E(40)^24-194240/9*E(40)^29+194240/9*E(40)^31-104969/9*E(40)^32-74224/9*E(40)^37+194240/9*E(40)^39  sign(det M/lambda^2) = +1
    (iv)  vertex set onto vertex set: false
    (v)   edges/faces/cells onto: false/false/false
    (vi)  M^-1 {S1,S2,X_a} M in Gamma_b: [ false, false, false ]   M {S1,S2,X_b} M^-1 in Gamma_a: [ false, false, false ]
    (vii) conjugated triple orientation in Gamma_b: none  (RepresentativeAction and own conjugator search agree: true; exact equality with same triple: false, with mirror triple: false)
    flag image = intended odd flag: false   (= intended flag with the other cell: false;  image flag orbit: none)
    => candidate odd passes (structure map): false;  represents the odd coset: false
    M = [ [ -23/12*E(40)^7+11/3*E(40)^8+23/12*E(40)^13+25/3*E(40)^16+17/3*E(40)^21-23/12*E(40)^23+25/3*E(40)^24+17/3*E(40)^29-17/3*E(40)^31+11/3*E(40)^32+23/12*E(40)^37-17/3*E(40)^39, 7/6*E(40)^7-7/3*E(40)^8-7/6*E(40)^13-67/12*E(40)^16-23/6*E(40)^21+7/6*E(40)^23-67/12*E(40)^24-23/6*E(40)^29+23/6*E(40)^31-7/3*E(40)^32-7/6*E(40)^37+23/6*E(40)^39, 23/12*E(40)^7-19/12*E(40)^8-23/12*E(40)^13-73/12*E(40)^16-55/12*E(40)^21+23/12*E(40)^23-73/12*E(40)^24-55/12*E(40)^29+55/12*E(40)^31-19/12*E(40)^32-23/12*E(40)^37+55/12*E(40)^39, 8/3*E(40)^7-47/12*E(40)^8-8/3*E(40)^13-34/3*E(40)^16-95/12*E(40)^21+8/3*E(40)^23-34/3*E(40)^24-95/12*E(40)^29+95/12*E(40)^31-47/12*E(40)^32-8/3*E(40)^37+95/12*E(40)^39 ], [ 5/3*E(40)^7-13/12*E(40)^8-5/3*E(40)^13-13/3*E(40)^16-10/3*E(40)^21+5/3*E(40)^23-13/3*E(40)^24-10/3*E(40)^29+10/3*E(40)^31-13/12*E(40)^32-5/3*E(40)^37+10/3*E(40)^39, 5/3*E(40)^7-13/6*E(40)^8-5/3*E(40)^13-29/6*E(40)^16-41/12*E(40)^21+5/3*E(40)^23-29/6*E(40)^24-41/12*E(40)^29+41/12*E(40)^31-13/6*E(40)^32-5/3*E(40)^37+41/12*E(40)^39, -43/12*E(40)^7+49/12*E(40)^8+43/12*E(40)^13+149/12*E(40)^16+109/12*E(40)^21-43/12*E(40)^23+149/12*E(40)^24+109/12*E(40)^29-109/12*E(40)^31+49/12*E(40)^32+43/12*E(40)^37-109/12*E(40)^39, 25/12*E(40)^7-8/3*E(40)^8-25/12*E(40)^13-95/12*E(40)^16-17/3*E(40)^21+25/12*E(40)^23-95/12*E(40)^24-17/3*E(40)^29+17/3*E(40)^31-8/3*E(40)^32-25/12*E(40)^37+17/3*E(40)^39 ], [ 41/12*E(40)^7-14/3*E(40)^8-41/12*E(40)^13-151/12*E(40)^16-107/12*E(40)^21+41/12*E(40)^23-151/12*E(40)^24-107/12*E(40)^29+107/12*E(40)^31-14/3*E(40)^32-41/12*E(40)^37+107/12*E(40)^39, -23/12*E(40)^7+31/12*E(40)^8+23/12*E(40)^13+28/3*E(40)^16+79/12*E(40)^21-23/12*E(40)^23+28/3*E(40)^24+79/12*E(40)^29-79/12*E(40)^31+31/12*E(40)^32+23/12*E(40)^37-79/12*E(40)^39, -19/12*E(40)^7+29/12*E(40)^8+19/12*E(40)^13+101/12*E(40)^16+71/12*E(40)^21-19/12*E(40)^23+101/12*E(40)^24+71/12*E(40)^29-71/12*E(40)^31+29/12*E(40)^32+19/12*E(40)^37-71/12*E(40)^39, -25/12*E(40)^7+17/6*E(40)^8+25/12*E(40)^13+85/6*E(40)^16+121/12*E(40)^21-25/12*E(40)^23+85/6*E(40)^24+121/12*E(40)^29-121/12*E(40)^31+17/6*E(40)^32+25/12*E(40)^37-121/12*E(40)^39 ], [ -5/3*E(40)^7+31/12*E(40)^8+5/3*E(40)^13+61/12*E(40)^16+43/12*E(40)^21-5/3*E(40)^23+61/12*E(40)^24+43/12*E(40)^29-43/12*E(40)^31+31/12*E(40)^32+5/3*E(40)^37-43/12*E(40)^39, -41/12*E(40)^7+59/12*E(40)^8+41/12*E(40)^13+79/12*E(40)^16+14/3*E(40)^21-41/12*E(40)^23+79/12*E(40)^24+14/3*E(40)^29-14/3*E(40)^31+59/12*E(40)^32+41/12*E(40)^37-14/3*E(40)^39, 53/12*E(40)^7-77/12*E(40)^8-53/12*E(40)^13-229/12*E(40)^16-161/12*E(40)^21+53/12*E(40)^23-229/12*E(40)^24-161/12*E(40)^29+161/12*E(40)^31-77/12*E(40)^32-53/12*E(40)^37+161/12*E(40)^39, -13/6*E(40)^7+37/12*E(40)^8+13/6*E(40)^13+133/12*E(40)^16+47/6*E(40)^21-13/6*E(40)^23+133/12*E(40)^24+47/6*E(40)^29-47/6*E(40)^31+37/12*E(40)^32+13/6*E(40)^37-47/6*E(40)^39 ] ]
  exhaustive Gram-pruned enumeration [t=48s]
    Gram-consistent ordered 4-tuples: 2880   Gamma_b-orbits: 1   full similarities: 0   det signs: [  ]
    orbit rep tuple [ 1, 61, 168, 49 ]: similarity=false det sign=+1 vertices=true edges=false faces=false cells=false conj=[ true, true, true ][ true, true, true ] orientation=none
  [ok]   each Gamma_b-orbit of anchor tuples has size |Gamma_b| (free action)
  [ok]   the recorded orbits partition the enumerated tuple list
  [ok]   direct recomputation of M*M^T and det M for 206 sampled tuples agrees with orbit representatives
  [ok]   exhaustive similarity count 0 = |Gamma_b| * (number of flag-anchored cosets = 0)
  [ok]   number of similarity orbits found exhaustively = number of flag-anchored cosets
  [ok]   candidate even is not Gram-consistent and does not pass
  [ok]   candidate odd is not Gram-consistent and does not pass
  [ok]   det signs of passing candidates = det signs found exhaustively
  => EXHAUSTIVE PROOF: no similarity of E^4 carries realisation L3-{5,3,5/2}-1 onto L3-{5,3,5/2}-2 (no Gram-consistent tuple yields a structure map).

== pair (L3-{5,3,5/2}-2 -> L3-{5,3,5/2}-2)  f-vector (240,480,120,20)  |Gamma_a|=2880 |Gamma_b|=2880 [t=50s]
  lambda = |w_b|^2/|w_a|^2 = 1  (~1.)
  candidate even: image tuple (1-based indices in V_b) [ 180, 165, 31, 12 ]  Gram-consistent: true
    (i)   traversal of all p face vertices: true
    (ii)  M*M^T = lambda*I: true
    (iii) det M = 1  sign(det M/lambda^2) = +1
    (iv)  vertex set onto vertex set: true
    (v)   edges/faces/cells onto: true/true/true
    (vi)  M^-1 {S1,S2,X_a} M in Gamma_b: [ true, true, true ]   M {S1,S2,X_b} M^-1 in Gamma_a: [ true, true, true ]
    (vii) conjugated triple orientation in Gamma_b: same  (RepresentativeAction and own conjugator search agree: true; exact equality with same triple: true, with mirror triple: false)
    flag image = intended even flag: true   (= intended flag with the other cell: false;  image flag orbit: even)
    => candidate even passes (structure map): true;  represents the even coset: true
    M = [ [ 1, 0, 0, 0 ], [ 0, 1, 0, 0 ], [ 0, 0, 1, 0 ], [ 0, 0, 0, 1 ] ]
  [ok]   orientation test: RepresentativeAction agrees with independent conjugator search
  [ok]   conjugated triple is not simultaneously conjugate to the same and the mirror triple (abstract chirality)
  [ok]   passing even candidate maps the base flag of a to the intended flag of b or to the intended flag with the other cell
  [ok]   image flag orbit is even iff (even candidate and intended flag) or (odd candidate and other cell)
  [ok]   even candidate with even image orbit: conjugated triple is Gamma_b-conjugate to (S1,S2,X_b)
  [ok]   even candidate hitting the base flag: conjugated triple equals (S1,S2,X_b) exactly (free flag action)
  candidate odd: image tuple (1-based indices in V_b) [ 180, 163, 175, 8 ]  Gram-consistent: true
    (i)   traversal of all p face vertices: true
    (ii)  M*M^T = lambda*I: true
    (iii) det M = 1  sign(det M/lambda^2) = +1
    (iv)  vertex set onto vertex set: true
    (v)   edges/faces/cells onto: true/true/true
    (vi)  M^-1 {S1,S2,X_a} M in Gamma_b: [ true, true, true ]   M {S1,S2,X_b} M^-1 in Gamma_a: [ true, true, true ]
    (vii) conjugated triple orientation in Gamma_b: same  (RepresentativeAction and own conjugator search agree: true; exact equality with same triple: false, with mirror triple: false)
    flag image = intended odd flag: false   (= intended flag with the other cell: true;  image flag orbit: even)
    => candidate odd passes (structure map): true;  represents the odd coset: false
    M = [ [ -5/12*E(40)^7-1/3*E(40)^8+5/12*E(40)^13-1/3*E(40)^16+1/3*E(40)^21-5/12*E(40)^23-1/3*E(40)^24+1/3*E(40)^29-1/3*E(40)^31-1/3*E(40)^32+5/12*E(40)^37-1/3*E(40)^39, -1/6*E(40)^7+1/3*E(40)^8+1/6*E(40)^13+5/12*E(40)^16+1/6*E(40)^21-1/6*E(40)^23+5/12*E(40)^24+1/6*E(40)^29-1/6*E(40)^31+1/3*E(40)^32+1/6*E(40)^37-1/6*E(40)^39, 1/12*E(40)^7-1/4*E(40)^8-1/12*E(40)^13-1/12*E(40)^16+1/4*E(40)^21+1/12*E(40)^23-1/12*E(40)^24+1/4*E(40)^29-1/4*E(40)^31-1/4*E(40)^32-1/12*E(40)^37-1/4*E(40)^39, 1/12*E(40)^8-1/12*E(40)^21-1/12*E(40)^29+1/12*E(40)^31+1/12*E(40)^32+1/12*E(40)^39 ], [ 1/3*E(40)^7-5/12*E(40)^8-1/3*E(40)^13-1/3*E(40)^16-1/3*E(40)^21+1/3*E(40)^23-1/3*E(40)^24-1/3*E(40)^29+1/3*E(40)^31-5/12*E(40)^32-1/3*E(40)^37+1/3*E(40)^39, -1/3*E(40)^7-1/6*E(40)^8+1/3*E(40)^13-1/6*E(40)^16+5/12*E(40)^21-1/3*E(40)^23-1/6*E(40)^24+5/12*E(40)^29-5/12*E(40)^31-1/6*E(40)^32+1/3*E(40)^37-5/12*E(40)^39, 1/4*E(40)^7+1/12*E(40)^8-1/4*E(40)^13-1/4*E(40)^16-1/12*E(40)^21+1/4*E(40)^23-1/4*E(40)^24-1/12*E(40)^29+1/12*E(40)^31+1/12*E(40)^32-1/4*E(40)^37+1/12*E(40)^39, -1/12*E(40)^7+1/12*E(40)^13+1/12*E(40)^16-1/12*E(40)^23+1/12*E(40)^24+1/12*E(40)^37 ], [ -1/12*E(40)^7+1/12*E(40)^13+1/12*E(40)^16+1/4*E(40)^21-1/12*E(40)^23+1/12*E(40)^24+1/4*E(40)^29-1/4*E(40)^31+1/12*E(40)^37-1/4*E(40)^39, 1/4*E(40)^7-1/12*E(40)^8-1/4*E(40)^13+1/12*E(40)^21+1/4*E(40)^23+1/12*E(40)^29-1/12*E(40)^31-1/12*E(40)^32-1/4*E(40)^37-1/12*E(40)^39, 1/4+1/4*E(8)-1/4*E(8)^3, 1/2-1/4*E(8)+1/4*E(8)^3 ], [ -1/12*E(40)^8-1/4*E(40)^16+1/12*E(40)^21-1/4*E(40)^24+1/12*E(40)^29-1/12*E(40)^31-1/12*E(40)^32-1/12*E(40)^39, 1/12*E(40)^7+1/4*E(40)^8-1/12*E(40)^13-1/12*E(40)^16+1/12*E(40)^23-1/12*E(40)^24+1/4*E(40)^32-1/12*E(40)^37, -1/4+1/4*E(8)-1/4*E(8)^3, 1/4+1/2*E(8)-1/2*E(8)^3 ] ]
  [ok]   orientation test: RepresentativeAction agrees with independent conjugator search
  [ok]   conjugated triple is not simultaneously conjugate to the same and the mirror triple (abstract chirality)
  [ok]   passing odd candidate maps the base flag of a to the intended flag of b or to the intended flag with the other cell
  [ok]   image flag orbit is even iff (even candidate and intended flag) or (odd candidate and other cell)
  [ok]   odd candidate with even image orbit: conjugated triple is Gamma_b-conjugate to (S1,S2,X_b)
  [ok]   both candidates pass but only one hits its intended flag: M_even^-1 M_odd lies in Gamma_b (same coset)
  [ok]   at least one of the two passing candidates hits its intended flag
  a = b: the odd candidate passes but maps the base flag to (Phi^2)^3 (even orbit): it is an element of Gamma, not an extra symmetry; no similarity maps the base flag to its 2-adjacent flag: geometrically chiral (symmetry group = Gamma)
  [ok]   a = b: the even candidate (identity) passes and fixes the base flag
  [ok]   a = b: the even candidate matrix is the identity
  exhaustive Gram-pruned enumeration [t=51s]
    Gram-consistent ordered 4-tuples: 2880   Gamma_b-orbits: 1   full similarities: 2880   det signs: [ "+1" ]
    orbit rep tuple [ 1, 124, 100, 122 ]: similarity=true det sign=+1 vertices=true edges=true faces=true cells=true conj=[ true, true, true ][ true, true, true ] orientation=same
  [ok]   each Gamma_b-orbit of anchor tuples has size |Gamma_b| (free action)
  [ok]   the recorded orbits partition the enumerated tuple list
  [ok]   direct recomputation of M*M^T and det M for 206 sampled tuples agrees with orbit representatives
  [ok]   exhaustive similarity count 2880 = |Gamma_b| * (number of flag-anchored cosets = 1)
  [ok]   number of similarity orbits found exhaustively = number of flag-anchored cosets
  [ok]   candidate even tuple is enumerated and its orbit verdict matches the candidate verdict
  [ok]   candidate odd tuple is enumerated and its orbit verdict matches the candidate verdict
  [ok]   det signs of passing candidates = det signs found exhaustively
  => 2880 similarities L3-{5,3,5/2}-2 -> L3-{5,3,5/2}-2 (1 Gamma_b-coset(s)), lambda = 1, det signs [ "+1" ]

== pair (L3-{5,3,5/2}-3 -> L3-{5,3,5/2}-2)  f-vector (240,480,120,20)  |Gamma_a|=2880 |Gamma_b|=2880 [t=53s]
  lambda = |w_b|^2/|w_a|^2 = 4/3*E(40)^7-8/3*E(40)^8-4/3*E(40)^13-14/3*E(40)^16-8/3*E(40)^21+4/3*E(40)^23-14/3*E(40)^24-8/3*E(40)^29+8/3*E(40)^31-8/3*E(40)^32-4/3*E(40)^37+8/3*E(40)^39  (~10.83934687569156)
  candidate even: image tuple (1-based indices in V_b) [ 180, 165, 31, 12 ]  Gram-consistent: true
    (i)   traversal of all p face vertices: true
    (ii)  M*M^T = lambda*I: true
    (iii) det M = 112/9*E(40)^7-164/9*E(40)^8-112/9*E(40)^13-392/9*E(40)^16-272/9*E(40)^21+112/9*E(40)^23-392/9*E(40)^24-272/9*E(40)^29+272/9*E(40)^31-164/9*E(40)^32-112/9*E(40)^37+272/9*E(40)^39  sign(det M/lambda^2) = +1
    (iv)  vertex set onto vertex set: true
    (v)   edges/faces/cells onto: true/true/true
    (vi)  M^-1 {S1,S2,X_a} M in Gamma_b: [ true, true, true ]   M {S1,S2,X_b} M^-1 in Gamma_a: [ true, true, true ]
    (vii) conjugated triple orientation in Gamma_b: mirror  (RepresentativeAction and own conjugator search agree: true; exact equality with same triple: false, with mirror triple: false)
    flag image = intended even flag: false   (= intended flag with the other cell: true;  image flag orbit: odd)
    => candidate even passes (structure map): true;  represents the even coset: false
    M = [ [ -1/3*E(40)^7-1/3*E(40)^8+1/3*E(40)^13+1/6*E(40)^16+2/3*E(40)^21-1/3*E(40)^23+1/6*E(40)^24+2/3*E(40)^29-2/3*E(40)^31-1/3*E(40)^32+1/3*E(40)^37-2/3*E(40)^39, -1/6*E(40)^7+1/6*E(40)^8+1/6*E(40)^13-2/3*E(40)^16-1/3*E(40)^21-1/6*E(40)^23-2/3*E(40)^24-1/3*E(40)^29+1/3*E(40)^31+1/6*E(40)^32+1/6*E(40)^37+1/3*E(40)^39, -1/6*E(40)^8-1/2*E(40)^16-1/6*E(40)^21-1/2*E(40)^24-1/6*E(40)^29+1/6*E(40)^31-1/6*E(40)^32+1/6*E(40)^39, 1/6*E(40)^7-1/6*E(40)^13-1/3*E(40)^16-1/2*E(40)^21+1/6*E(40)^23-1/3*E(40)^24-1/2*E(40)^29+1/2*E(40)^31-1/6*E(40)^37+1/2*E(40)^39 ], [ 1/6*E(40)^7-1/6*E(40)^8-1/6*E(40)^13+2/3*E(40)^16+1/3*E(40)^21+1/6*E(40)^23+2/3*E(40)^24+1/3*E(40)^29-1/3*E(40)^31-1/6*E(40)^32-1/6*E(40)^37-1/3*E(40)^39, -1/3*E(40)^7-1/3*E(40)^8+1/3*E(40)^13+1/6*E(40)^16+2/3*E(40)^21-1/3*E(40)^23+1/6*E(40)^24+2/3*E(40)^29-2/3*E(40)^31-1/3*E(40)^32+1/3*E(40)^37-2/3*E(40)^39, -1/6*E(40)^7+1/6*E(40)^13+1/3*E(40)^16+1/2*E(40)^21-1/6*E(40)^23+1/3*E(40)^24+1/2*E(40)^29-1/2*E(40)^31+1/6*E(40)^37-1/2*E(40)^39, -1/6*E(40)^8-1/2*E(40)^16-1/6*E(40)^21-1/2*E(40)^24-1/6*E(40)^29+1/6*E(40)^31-1/6*E(40)^32+1/6*E(40)^39 ], [ -1/6*E(40)^8-1/2*E(40)^16-1/6*E(40)^21-1/2*E(40)^24-1/6*E(40)^29+1/6*E(40)^31-1/6*E(40)^32+1/6*E(40)^39, 1/6*E(40)^7-1/6*E(40)^13-1/3*E(40)^16-1/2*E(40)^21+1/6*E(40)^23-1/3*E(40)^24-1/2*E(40)^29+1/2*E(40)^31-1/6*E(40)^37+1/2*E(40)^39, -1/3*E(40)^8+1/2*E(40)^16+2/3*E(40)^21+1/2*E(40)^24+2/3*E(40)^29-2/3*E(40)^31-1/3*E(40)^32-2/3*E(40)^39, -1/6*E(40)^7-1/2*E(40)^8+1/6*E(40)^13-2/3*E(40)^16-1/6*E(40)^23-2/3*E(40)^24-1/2*E(40)^32+1/6*E(40)^37 ], [ -1/6*E(40)^7+1/6*E(40)^13+1/3*E(40)^16+1/2*E(40)^21-1/6*E(40)^23+1/3*E(40)^24+1/2*E(40)^29-1/2*E(40)^31+1/6*E(40)^37-1/2*E(40)^39, -1/6*E(40)^8-1/2*E(40)^16-1/6*E(40)^21-1/2*E(40)^24-1/6*E(40)^29+1/6*E(40)^31-1/6*E(40)^32+1/6*E(40)^39, 1/6*E(40)^7+1/2*E(40)^8-1/6*E(40)^13+2/3*E(40)^16+1/6*E(40)^23+2/3*E(40)^24+1/2*E(40)^32-1/6*E(40)^37, -1/3*E(40)^8+1/2*E(40)^16+2/3*E(40)^21+1/2*E(40)^24+2/3*E(40)^29-2/3*E(40)^31-1/3*E(40)^32-2/3*E(40)^39 ] ]
  [ok]   orientation test: RepresentativeAction agrees with independent conjugator search
  [ok]   conjugated triple is not simultaneously conjugate to the same and the mirror triple (abstract chirality)
  [ok]   passing even candidate maps the base flag of a to the intended flag of b or to the intended flag with the other cell
  [ok]   image flag orbit is even iff (even candidate and intended flag) or (odd candidate and other cell)
  [ok]   even candidate with odd image orbit: conjugated triple is Gamma_b-conjugate to the mirror triple (S1^-1, S1^2 S2, X_b)
  candidate odd: image tuple (1-based indices in V_b) [ 180, 163, 175, 8 ]  Gram-consistent: true
    (i)   traversal of all p face vertices: true
    (ii)  M*M^T = lambda*I: true
    (iii) det M = 112/9*E(40)^7-164/9*E(40)^8-112/9*E(40)^13-392/9*E(40)^16-272/9*E(40)^21+112/9*E(40)^23-392/9*E(40)^24-272/9*E(40)^29+272/9*E(40)^31-164/9*E(40)^32-112/9*E(40)^37+272/9*E(40)^39  sign(det M/lambda^2) = +1
    (iv)  vertex set onto vertex set: true
    (v)   edges/faces/cells onto: true/true/true
    (vi)  M^-1 {S1,S2,X_a} M in Gamma_b: [ true, true, true ]   M {S1,S2,X_b} M^-1 in Gamma_a: [ true, true, true ]
    (vii) conjugated triple orientation in Gamma_b: mirror  (RepresentativeAction and own conjugator search agree: true; exact equality with same triple: false, with mirror triple: false)
    flag image = intended odd flag: true   (= intended flag with the other cell: false;  image flag orbit: odd)
    => candidate odd passes (structure map): true;  represents the odd coset: true
    M = [ [ -1/2*E(40)^7+1/2*E(40)^13-1/2*E(40)^16-1/2*E(40)^23-1/2*E(40)^24+1/2*E(40)^37, 0, 1/6*E(40)^7-1/2*E(40)^8-1/6*E(40)^13-4/3*E(40)^16-1/2*E(40)^21+1/6*E(40)^23-4/3*E(40)^24-1/2*E(40)^29+1/2*E(40)^31-1/2*E(40)^32-1/6*E(40)^37+1/2*E(40)^39, -1/6*E(40)^8-1/2*E(40)^16-1/6*E(40)^21-1/2*E(40)^24-1/6*E(40)^29+1/6*E(40)^31-1/6*E(40)^32+1/6*E(40)^39 ], [ 0, -1/2*E(40)^8-3/2*E(40)^16-1/2*E(40)^21-3/2*E(40)^24-1/2*E(40)^29+1/2*E(40)^31-1/2*E(40)^32+1/2*E(40)^39, 1/2*E(40)^7-1/6*E(40)^8-1/2*E(40)^13-1/6*E(40)^21+1/2*E(40)^23-1/6*E(40)^29+1/6*E(40)^31-1/6*E(40)^32-1/2*E(40)^37+1/6*E(40)^39, -1/6*E(40)^7+1/6*E(40)^13-1/6*E(40)^16-1/6*E(40)^23-1/6*E(40)^24+1/6*E(40)^37 ], [ 1/6*E(40)^7-1/2*E(40)^8-1/6*E(40)^13-4/3*E(40)^16-1/2*E(40)^21+1/6*E(40)^23-4/3*E(40)^24-1/2*E(40)^29+1/2*E(40)^31-1/2*E(40)^32-1/6*E(40)^37+1/2*E(40)^39, 1/2*E(40)^7-1/6*E(40)^8-1/2*E(40)^13-1/6*E(40)^21+1/2*E(40)^23-1/6*E(40)^29+1/6*E(40)^31-1/6*E(40)^32-1/2*E(40)^37+1/6*E(40)^39, 1/6*E(40)^7+1/6*E(40)^8-1/6*E(40)^13+2/3*E(40)^16+1/6*E(40)^21+1/6*E(40)^23+2/3*E(40)^24+1/6*E(40)^29-1/6*E(40)^31+1/6*E(40)^32-1/6*E(40)^37-1/6*E(40)^39, 1/6*E(40)^7-1/6*E(40)^8-1/6*E(40)^13-1/3*E(40)^16-1/6*E(40)^21+1/6*E(40)^23-1/3*E(40)^24-1/6*E(40)^29+1/6*E(40)^31-1/6*E(40)^32-1/6*E(40)^37+1/6*E(40)^39 ], [ -1/6*E(40)^8-1/2*E(40)^16-1/6*E(40)^21-1/2*E(40)^24-1/6*E(40)^29+1/6*E(40)^31-1/6*E(40)^32+1/6*E(40)^39, -1/6*E(40)^7+1/6*E(40)^13-1/6*E(40)^16-1/6*E(40)^23-1/6*E(40)^24+1/6*E(40)^37, 1/6*E(40)^7-1/6*E(40)^8-1/6*E(40)^13-1/3*E(40)^16-1/6*E(40)^21+1/6*E(40)^23-1/3*E(40)^24-1/6*E(40)^29+1/6*E(40)^31-1/6*E(40)^32-1/6*E(40)^37+1/6*E(40)^39, 1/3*E(40)^7+1/3*E(40)^8-1/3*E(40)^13+4/3*E(40)^16+1/3*E(40)^21+1/3*E(40)^23+4/3*E(40)^24+1/3*E(40)^29-1/3*E(40)^31+1/3*E(40)^32-1/3*E(40)^37-1/3*E(40)^39 ] ]
  [ok]   orientation test: RepresentativeAction agrees with independent conjugator search
  [ok]   conjugated triple is not simultaneously conjugate to the same and the mirror triple (abstract chirality)
  [ok]   passing odd candidate maps the base flag of a to the intended flag of b or to the intended flag with the other cell
  [ok]   image flag orbit is even iff (even candidate and intended flag) or (odd candidate and other cell)
  [ok]   odd candidate with odd image orbit: conjugated triple is Gamma_b-conjugate to the mirror triple (S1^-1, S1^2 S2, X_b)
  [ok]   both candidates pass but only one hits its intended flag: M_even^-1 M_odd lies in Gamma_b (same coset)
  [ok]   at least one of the two passing candidates hits its intended flag
  exhaustive Gram-pruned enumeration [t=54s]
    Gram-consistent ordered 4-tuples: 2880   Gamma_b-orbits: 1   full similarities: 2880   det signs: [ "+1" ]
    orbit rep tuple [ 1, 124, 100, 122 ]: similarity=true det sign=+1 vertices=true edges=true faces=true cells=true conj=[ true, true, true ][ true, true, true ] orientation=mirror
  [ok]   each Gamma_b-orbit of anchor tuples has size |Gamma_b| (free action)
  [ok]   the recorded orbits partition the enumerated tuple list
  [ok]   direct recomputation of M*M^T and det M for 206 sampled tuples agrees with orbit representatives
  [ok]   exhaustive similarity count 2880 = |Gamma_b| * (number of flag-anchored cosets = 1)
  [ok]   number of similarity orbits found exhaustively = number of flag-anchored cosets
  [ok]   candidate even tuple is enumerated and its orbit verdict matches the candidate verdict
  [ok]   candidate odd tuple is enumerated and its orbit verdict matches the candidate verdict
  [ok]   det signs of passing candidates = det signs found exhaustively
  => 2880 similarities L3-{5,3,5/2}-3 -> L3-{5,3,5/2}-2 (1 Gamma_b-coset(s)), lambda = 4/3*E(40)^7-8/3*E(40)^8-4/3*E(40)^13-14/3*E(40)^16-8/3*E(40)^21+4/3*E(40)^23-14/3*E(40)^24-8/3*E(40)^29+8/3*E(40)^31-8/3*E(40)^32-4/3*E(40)^37+8/3*E(40)^39, det signs [ "+1" ]

== pair (L3-{5,3,5/2}-4 -> L3-{5,3,5/2}-2)  f-vector (240,480,120,20)  |Gamma_a|=2880 |Gamma_b|=2880 [t=56s]
  lambda = |w_b|^2/|w_a|^2 = 28*E(40)^7-40*E(40)^8-28*E(40)^13-102*E(40)^16-72*E(40)^21+28*E(40)^23-102*E(40)^24-72*E(40)^29+72*E(40)^31-40*E(40)^32-28*E(40)^37+72*E(40)^39  (~280.5988939448526)
  candidate even: image tuple (1-based indices in V_b) [ 180, 165, 31, 12 ]  Gram-consistent: false
    (i)   traversal of all p face vertices: true
    (ii)  M*M^T = lambda*I: false
    (iii) det M = 7696*E(40)^7-10884*E(40)^8-7696*E(40)^13-28488*E(40)^16-20144*E(40)^21+7696*E(40)^23-28488*E(40)^24-20144*E(40)^29+20144*E(40)^31-10884*E(40)^32-7696*E(40)^37+20144*E(40)^39  sign(det M/lambda^2) = +1
    (iv)  vertex set onto vertex set: false
    (v)   edges/faces/cells onto: false/false/false
    (vi)  M^-1 {S1,S2,X_a} M in Gamma_b: [ false, false, false ]   M {S1,S2,X_b} M^-1 in Gamma_a: [ false, false, false ]
    (vii) conjugated triple orientation in Gamma_b: none  (RepresentativeAction and own conjugator search agree: true; exact equality with same triple: false, with mirror triple: false)
    flag image = intended even flag: false   (= intended flag with the other cell: false;  image flag orbit: none)
    => candidate even passes (structure map): false;  represents the even coset: false
    M = [ [ E(40)^7-3*E(40)^8-E(40)^13-13/2*E(40)^16-4*E(40)^21+E(40)^23-13/2*E(40)^24-4*E(40)^29+4*E(40)^31-3*E(40)^32-E(40)^37+4*E(40)^39, -5/2*E(40)^7+3/2*E(40)^8+5/2*E(40)^13+6*E(40)^16+5*E(40)^21-5/2*E(40)^23+6*E(40)^24+5*E(40)^29-5*E(40)^31+3/2*E(40)^32+5/2*E(40)^37-5*E(40)^39, -2*E(40)^7+5/2*E(40)^8+2*E(40)^13+15/2*E(40)^16+11/2*E(40)^21-2*E(40)^23+15/2*E(40)^24+11/2*E(40)^29-11/2*E(40)^31+5/2*E(40)^32+2*E(40)^37-11/2*E(40)^39, 5/2*E(40)^7-4*E(40)^8-5/2*E(40)^13-11*E(40)^16-15/2*E(40)^21+5/2*E(40)^23-11*E(40)^24-15/2*E(40)^29+15/2*E(40)^31-4*E(40)^32-5/2*E(40)^37+15/2*E(40)^39 ], [ 5/2*E(40)^7-3/2*E(40)^8-5/2*E(40)^13-6*E(40)^16-5*E(40)^21+5/2*E(40)^23-6*E(40)^24-5*E(40)^29+5*E(40)^31-3/2*E(40)^32-5/2*E(40)^37+5*E(40)^39, E(40)^7-3*E(40)^8-E(40)^13-13/2*E(40)^16-4*E(40)^21+E(40)^23-13/2*E(40)^24-4*E(40)^29+4*E(40)^31-3*E(40)^32-E(40)^37+4*E(40)^39, -5/2*E(40)^7+4*E(40)^8+5/2*E(40)^13+11*E(40)^16+15/2*E(40)^21-5/2*E(40)^23+11*E(40)^24+15/2*E(40)^29-15/2*E(40)^31+4*E(40)^32+5/2*E(40)^37-15/2*E(40)^39, -2*E(40)^7+5/2*E(40)^8+2*E(40)^13+15/2*E(40)^16+11/2*E(40)^21-2*E(40)^23+15/2*E(40)^24+11/2*E(40)^29-11/2*E(40)^31+5/2*E(40)^32+2*E(40)^37-11/2*E(40)^39 ], [ -2*E(40)^7+5/2*E(40)^8+2*E(40)^13+15/2*E(40)^16+11/2*E(40)^21-2*E(40)^23+15/2*E(40)^24+11/2*E(40)^29-11/2*E(40)^31+5/2*E(40)^32+2*E(40)^37-11/2*E(40)^39, 5/2*E(40)^7-4*E(40)^8-5/2*E(40)^13-11*E(40)^16-15/2*E(40)^21+5/2*E(40)^23-11*E(40)^24-15/2*E(40)^29+15/2*E(40)^31-4*E(40)^32-5/2*E(40)^37+15/2*E(40)^39, 2*E(40)^7-3*E(40)^8-2*E(40)^13-23/2*E(40)^16-8*E(40)^21+2*E(40)^23-23/2*E(40)^24-8*E(40)^29+8*E(40)^31-3*E(40)^32-2*E(40)^37+8*E(40)^39, -5/2*E(40)^7+7/2*E(40)^8+5/2*E(40)^13+14*E(40)^16+10*E(40)^21-5/2*E(40)^23+14*E(40)^24+10*E(40)^29-10*E(40)^31+7/2*E(40)^32+5/2*E(40)^37-10*E(40)^39 ], [ -5/2*E(40)^7+4*E(40)^8+5/2*E(40)^13+11*E(40)^16+15/2*E(40)^21-5/2*E(40)^23+11*E(40)^24+15/2*E(40)^29-15/2*E(40)^31+4*E(40)^32+5/2*E(40)^37-15/2*E(40)^39, -2*E(40)^7+5/2*E(40)^8+2*E(40)^13+15/2*E(40)^16+11/2*E(40)^21-2*E(40)^23+15/2*E(40)^24+11/2*E(40)^29-11/2*E(40)^31+5/2*E(40)^32+2*E(40)^37-11/2*E(40)^39, 5/2*E(40)^7-7/2*E(40)^8-5/2*E(40)^13-14*E(40)^16-10*E(40)^21+5/2*E(40)^23-14*E(40)^24-10*E(40)^29+10*E(40)^31-7/2*E(40)^32-5/2*E(40)^37+10*E(40)^39, 2*E(40)^7-3*E(40)^8-2*E(40)^13-23/2*E(40)^16-8*E(40)^21+2*E(40)^23-23/2*E(40)^24-8*E(40)^29+8*E(40)^31-3*E(40)^32-2*E(40)^37+8*E(40)^39 ] ]
  candidate odd: image tuple (1-based indices in V_b) [ 180, 163, 175, 8 ]  Gram-consistent: false
    (i)   traversal of all p face vertices: true
    (ii)  M*M^T = lambda*I: false
    (iii) det M = 7696*E(40)^7-10884*E(40)^8-7696*E(40)^13-28488*E(40)^16-20144*E(40)^21+7696*E(40)^23-28488*E(40)^24-20144*E(40)^29+20144*E(40)^31-10884*E(40)^32-7696*E(40)^37+20144*E(40)^39  sign(det M/lambda^2) = +1
    (iv)  vertex set onto vertex set: false
    (v)   edges/faces/cells onto: false/false/false
    (vi)  M^-1 {S1,S2,X_a} M in Gamma_b: [ false, false, false ]   M {S1,S2,X_b} M^-1 in Gamma_a: [ false, false, false ]
    (vii) conjugated triple orientation in Gamma_b: none  (RepresentativeAction and own conjugator search agree: true; exact equality with same triple: false, with mirror triple: false)
    flag image = intended odd flag: false   (= intended flag with the other cell: false;  image flag orbit: none)
    => candidate odd passes (structure map): false;  represents the odd coset: false
    M = [ [ -1/6*E(40)^7-4/3*E(40)^8+1/6*E(40)^13-11/6*E(40)^16-2/3*E(40)^21-1/6*E(40)^23-11/6*E(40)^24-2/3*E(40)^29+2/3*E(40)^31-4/3*E(40)^32+1/6*E(40)^37+2/3*E(40)^39, 4/3*E(40)^7-8/3*E(40)^8-4/3*E(40)^13-16/3*E(40)^16-10/3*E(40)^21+4/3*E(40)^23-16/3*E(40)^24-10/3*E(40)^29+10/3*E(40)^31-8/3*E(40)^32-4/3*E(40)^37+10/3*E(40)^39, -13/6*E(40)^7+29/6*E(40)^8+13/6*E(40)^13+32/3*E(40)^16+43/6*E(40)^21-13/6*E(40)^23+32/3*E(40)^24+43/6*E(40)^29-43/6*E(40)^31+29/6*E(40)^32+13/6*E(40)^37-43/6*E(40)^39, 8/3*E(40)^7-25/6*E(40)^8-8/3*E(40)^13-67/6*E(40)^16-47/6*E(40)^21+8/3*E(40)^23-67/6*E(40)^24-47/6*E(40)^29+47/6*E(40)^31-25/6*E(40)^32-8/3*E(40)^37+47/6*E(40)^39 ], [ 10/3*E(40)^7-8/3*E(40)^8-10/3*E(40)^13-28/3*E(40)^16-22/3*E(40)^21+10/3*E(40)^23-28/3*E(40)^24-22/3*E(40)^29+22/3*E(40)^31-8/3*E(40)^32-10/3*E(40)^37+22/3*E(40)^39, -4/3*E(40)^7+5/6*E(40)^8+4/3*E(40)^13+23/6*E(40)^16+19/6*E(40)^21-4/3*E(40)^23+23/6*E(40)^24+19/6*E(40)^29-19/6*E(40)^31+5/6*E(40)^32+4/3*E(40)^37-19/6*E(40)^39, -11/6*E(40)^7+23/6*E(40)^8+11/6*E(40)^13+28/3*E(40)^16+37/6*E(40)^21-11/6*E(40)^23+28/3*E(40)^24+37/6*E(40)^29-37/6*E(40)^31+23/6*E(40)^32+11/6*E(40)^37-37/6*E(40)^39, -11/6*E(40)^7+8/3*E(40)^8+11/6*E(40)^13+47/6*E(40)^16+16/3*E(40)^21-11/6*E(40)^23+47/6*E(40)^24+16/3*E(40)^29-16/3*E(40)^31+8/3*E(40)^32+11/6*E(40)^37-16/3*E(40)^39 ], [ -5/6*E(40)^7+5/6*E(40)^8+5/6*E(40)^13+4/3*E(40)^16+7/6*E(40)^21-5/6*E(40)^23+4/3*E(40)^24+7/6*E(40)^29-7/6*E(40)^31+5/6*E(40)^32+5/6*E(40)^37-7/6*E(40)^39, -23/6*E(40)^7+31/6*E(40)^8+23/6*E(40)^13+28/3*E(40)^16+41/6*E(40)^21-23/6*E(40)^23+28/3*E(40)^24+41/6*E(40)^29-41/6*E(40)^31+31/6*E(40)^32+23/6*E(40)^37-41/6*E(40)^39, 23/6*E(40)^7-31/6*E(40)^8-23/6*E(40)^13-46/3*E(40)^16-65/6*E(40)^21+23/6*E(40)^23-46/3*E(40)^24-65/6*E(40)^29+65/6*E(40)^31-31/6*E(40)^32-23/6*E(40)^37+65/6*E(40)^39, -17/6*E(40)^7+23/6*E(40)^8+17/6*E(40)^13+43/3*E(40)^16+61/6*E(40)^21-17/6*E(40)^23+43/3*E(40)^24+61/6*E(40)^29-61/6*E(40)^31+23/6*E(40)^32+17/6*E(40)^37-61/6*E(40)^39 ], [ -10/3*E(40)^7+31/6*E(40)^8+10/3*E(40)^13+77/6*E(40)^16+53/6*E(40)^21-10/3*E(40)^23+77/6*E(40)^24+53/6*E(40)^29-53/6*E(40)^31+31/6*E(40)^32+10/3*E(40)^37-53/6*E(40)^39, 5/6*E(40)^7-4/3*E(40)^8-5/6*E(40)^13-41/6*E(40)^16-14/3*E(40)^21+5/6*E(40)^23-41/6*E(40)^24-14/3*E(40)^29+14/3*E(40)^31-4/3*E(40)^32-5/6*E(40)^37+14/3*E(40)^39, 19/6*E(40)^7-25/6*E(40)^8-19/6*E(40)^13-41/3*E(40)^16-59/6*E(40)^21+19/6*E(40)^23-41/3*E(40)^24-59/6*E(40)^29+59/6*E(40)^31-25/6*E(40)^32-19/6*E(40)^37+59/6*E(40)^39, 5/3*E(40)^7-7/3*E(40)^8-5/3*E(40)^13-32/3*E(40)^16-23/3*E(40)^21+5/3*E(40)^23-32/3*E(40)^24-23/3*E(40)^29+23/3*E(40)^31-7/3*E(40)^32-5/3*E(40)^37+23/3*E(40)^39 ] ]
  exhaustive Gram-pruned enumeration [t=56s]
    Gram-consistent ordered 4-tuples: 2880   Gamma_b-orbits: 1   full similarities: 0   det signs: [  ]
    orbit rep tuple [ 1, 61, 168, 49 ]: similarity=false det sign=+1 vertices=true edges=false faces=false cells=false conj=[ true, true, true ][ true, true, true ] orientation=none
  [ok]   each Gamma_b-orbit of anchor tuples has size |Gamma_b| (free action)
  [ok]   the recorded orbits partition the enumerated tuple list
  [ok]   direct recomputation of M*M^T and det M for 206 sampled tuples agrees with orbit representatives
  [ok]   exhaustive similarity count 0 = |Gamma_b| * (number of flag-anchored cosets = 0)
  [ok]   number of similarity orbits found exhaustively = number of flag-anchored cosets
  [ok]   candidate even is not Gram-consistent and does not pass
  [ok]   candidate odd is not Gram-consistent and does not pass
  [ok]   det signs of passing candidates = det signs found exhaustively
  => EXHAUSTIVE PROOF: no similarity of E^4 carries realisation L3-{5,3,5/2}-4 onto L3-{5,3,5/2}-2 (no Gram-consistent tuple yields a structure map).
pair (L3-{5,3,5/2}-5 -> L3-{5,3,5/2}-2): inequivalent: different f-vector (48,144,48,8) vs (240,480,120,20)
pair (L3-{5,3,5/2}-6 -> L3-{5,3,5/2}-2): inequivalent: different f-vector (48,144,48,8) vs (240,480,120,20)
pair (L3-{5,3,5/2}-7 -> L3-{5,3,5/2}-2): inequivalent: different f-vector (48,144,48,8) vs (240,480,120,20)
pair (L3-{5,3,5/2}-8 -> L3-{5,3,5/2}-2): inequivalent: different f-vector (48,144,48,8) vs (240,480,120,20)
pair (L3-{5,3,5/2}-9 -> L3-{5,3,5/2}-2): inequivalent: different f-vector (120,720,300,50) vs (240,480,120,20)
pair (L3-{5,3,5/2}-10 -> L3-{5,3,5/2}-2): inequivalent: different f-vector (120,720,300,50) vs (240,480,120,20)
pair (L3-{5,3,5/2}-11 -> L3-{5,3,5/2}-2): inequivalent: different f-vector (120,720,300,50) vs (240,480,120,20)
pair (L3-{5,3,5/2}-12 -> L3-{5,3,5/2}-2): inequivalent: different f-vector (120,720,300,50) vs (240,480,120,20)
pair (L3-{5,3,5/2}-13 -> L3-{5,3,5/2}-2): inequivalent: different f-vector (120,720,300,50) vs (240,480,120,20)
pair (L3-{5,3,5/2}-14 -> L3-{5,3,5/2}-2): inequivalent: different f-vector (120,720,300,50) vs (240,480,120,20)
pair (L3-{5,3,5/2}-15 -> L3-{5,3,5/2}-2): inequivalent: different f-vector (120,720,300,50) vs (240,480,120,20)
pair (L3-{5,3,5/2}-16 -> L3-{5,3,5/2}-2): inequivalent: different f-vector (120,720,300,50) vs (240,480,120,20)
pair (L3-{3,3,5/2}-1 -> L3-{5,3,5/2}-2): inequivalent: different f-vector (600,1200,120,5) vs (240,480,120,20)
pair (L3-{3,3,5/2}-4 -> L3-{5,3,5/2}-2): inequivalent: different f-vector (600,1200,120,5) vs (240,480,120,20)

#### target b = L3-{5,3,5/2}-3   computing Gram matrix of V_b [t=58s]
  [ok]   Gram diagonal constant = |w_b|^2
pair (L3-{4,3,3}-1 -> L3-{5,3,5/2}-3): inequivalent: different f-vector (16,32,12,4) vs (240,480,120,20)
pair (L3-{4,3,3}-2 -> L3-{5,3,5/2}-3): inequivalent: different f-vector (16,32,12,4) vs (240,480,120,20)
pair (L3-{4,3,3}-3 -> L3-{5,3,5/2}-3): inequivalent: different f-vector (16,32,12,4) vs (240,480,120,20)
pair (L3-{4,3,3}-6 -> L3-{5,3,5/2}-3): inequivalent: different f-vector (16,32,12,4) vs (240,480,120,20)
pair (L3-{5,3,3}-3 -> L3-{5,3,5/2}-3): inequivalent: different f-vector (600,1200,120,5) vs (240,480,120,20)
pair (L3-{5,3,3}-8 -> L3-{5,3,5/2}-3): inequivalent: different f-vector (600,1200,120,5) vs (240,480,120,20)

== pair (L3-{5,3,5/2}-1 -> L3-{5,3,5/2}-3)  f-vector (240,480,120,20)  |Gamma_a|=2880 |Gamma_b|=2880 [t=62s]
  lambda = |w_b|^2/|w_a|^2 = 3*E(40)^7-9/2*E(40)^8-3*E(40)^13-10*E(40)^16-7*E(40)^21+3*E(40)^23-10*E(40)^24-7*E(40)^29+7*E(40)^31-9/2*E(40)^32-3*E(40)^37+7*E(40)^39  (~26.79481007032666)
  candidate even: image tuple (1-based indices in V_b) [ 102, 66, 43, 12 ]  Gram-consistent: false
    (i)   traversal of all p face vertices: true
    (ii)  M*M^T = lambda*I: false
    (iii) det M = 71*E(40)^7-201/2*E(40)^8-71*E(40)^13-1041/4*E(40)^16-184*E(40)^21+71*E(40)^23-1041/4*E(40)^24-184*E(40)^29+184*E(40)^31-201/2*E(40)^32-71*E(40)^37+184*E(40)^39  sign(det M/lambda^2) = +1
    (iv)  vertex set onto vertex set: false
    (v)   edges/faces/cells onto: false/false/false
    (vi)  M^-1 {S1,S2,X_a} M in Gamma_b: [ false, false, false ]   M {S1,S2,X_b} M^-1 in Gamma_a: [ false, false, false ]
    (vii) conjugated triple orientation in Gamma_b: none  (RepresentativeAction and own conjugator search agree: true; exact equality with same triple: false, with mirror triple: false)
    flag image = intended even flag: false   (= intended flag with the other cell: false;  image flag orbit: none)
    => candidate even passes (structure map): false;  represents the even coset: false
    M = [ [ E(40)^7-1/4*E(40)^8-E(40)^13-7/4*E(40)^16-3/2*E(40)^21+E(40)^23-7/4*E(40)^24-3/2*E(40)^29+3/2*E(40)^31-1/4*E(40)^32-E(40)^37+3/2*E(40)^39, -3/2*E(40)^8-9/4*E(40)^16-5/4*E(40)^21-9/4*E(40)^24-5/4*E(40)^29+5/4*E(40)^31-3/2*E(40)^32+5/4*E(40)^39, -3/4*E(40)^7+5/4*E(40)^8+3/4*E(40)^13+5/2*E(40)^16+7/4*E(40)^21-3/4*E(40)^23+5/2*E(40)^24+7/4*E(40)^29-7/4*E(40)^31+5/4*E(40)^32+3/4*E(40)^37-7/4*E(40)^39, -5/4*E(40)^7+3/2*E(40)^8+5/4*E(40)^13+7/2*E(40)^16+5/2*E(40)^21-5/4*E(40)^23+7/2*E(40)^24+5/2*E(40)^29-5/2*E(40)^31+3/2*E(40)^32+5/4*E(40)^37-5/2*E(40)^39 ], [ 3/2*E(40)^8+9/4*E(40)^16+5/4*E(40)^21+9/4*E(40)^24+5/4*E(40)^29-5/4*E(40)^31+3/2*E(40)^32-5/4*E(40)^39, E(40)^7-1/4*E(40)^8-E(40)^13-7/4*E(40)^16-3/2*E(40)^21+E(40)^23-7/4*E(40)^24-3/2*E(40)^29+3/2*E(40)^31-1/4*E(40)^32-E(40)^37+3/2*E(40)^39, 5/4*E(40)^7-3/2*E(40)^8-5/4*E(40)^13-7/2*E(40)^16-5/2*E(40)^21+5/4*E(40)^23-7/2*E(40)^24-5/2*E(40)^29+5/2*E(40)^31-3/2*E(40)^32-5/4*E(40)^37+5/2*E(40)^39, -3/4*E(40)^7+5/4*E(40)^8+3/4*E(40)^13+5/2*E(40)^16+7/4*E(40)^21-3/4*E(40)^23+5/2*E(40)^24+7/4*E(40)^29-7/4*E(40)^31+5/4*E(40)^32+3/4*E(40)^37-7/4*E(40)^39 ], [ -3/4*E(40)^7+5/4*E(40)^8+3/4*E(40)^13+5/2*E(40)^16+7/4*E(40)^21-3/4*E(40)^23+5/2*E(40)^24+7/4*E(40)^29-7/4*E(40)^31+5/4*E(40)^32+3/4*E(40)^37-7/4*E(40)^39, -5/4*E(40)^7+3/2*E(40)^8+5/4*E(40)^13+7/2*E(40)^16+5/2*E(40)^21-5/4*E(40)^23+7/2*E(40)^24+5/2*E(40)^29-5/2*E(40)^31+3/2*E(40)^32+5/4*E(40)^37-5/2*E(40)^39, 2*E(40)^7-11/4*E(40)^8-2*E(40)^13-17/4*E(40)^16-3*E(40)^21+2*E(40)^23-17/4*E(40)^24-3*E(40)^29+3*E(40)^31-11/4*E(40)^32-2*E(40)^37+3*E(40)^39, 5/2*E(40)^7-7/2*E(40)^8-5/2*E(40)^13-21/4*E(40)^16-15/4*E(40)^21+5/2*E(40)^23-21/4*E(40)^24-15/4*E(40)^29+15/4*E(40)^31-7/2*E(40)^32-5/2*E(40)^37+15/4*E(40)^39 ], [ 5/4*E(40)^7-3/2*E(40)^8-5/4*E(40)^13-7/2*E(40)^16-5/2*E(40)^21+5/4*E(40)^23-7/2*E(40)^24-5/2*E(40)^29+5/2*E(40)^31-3/2*E(40)^32-5/4*E(40)^37+5/2*E(40)^39, -3/4*E(40)^7+5/4*E(40)^8+3/4*E(40)^13+5/2*E(40)^16+7/4*E(40)^21-3/4*E(40)^23+5/2*E(40)^24+7/4*E(40)^29-7/4*E(40)^31+5/4*E(40)^32+3/4*E(40)^37-7/4*E(40)^39, -5/2*E(40)^7+7/2*E(40)^8+5/2*E(40)^13+21/4*E(40)^16+15/4*E(40)^21-5/2*E(40)^23+21/4*E(40)^24+15/4*E(40)^29-15/4*E(40)^31+7/2*E(40)^32+5/2*E(40)^37-15/4*E(40)^39, 2*E(40)^7-11/4*E(40)^8-2*E(40)^13-17/4*E(40)^16-3*E(40)^21+2*E(40)^23-17/4*E(40)^24-3*E(40)^29+3*E(40)^31-11/4*E(40)^32-2*E(40)^37+3*E(40)^39 ] ]
  candidate odd: image tuple (1-based indices in V_b) [ 102, 68, 87, 16 ]  Gram-consistent: false
    (i)   traversal of all p face vertices: true
    (ii)  M*M^T = lambda*I: false
    (iii) det M = 71*E(40)^7-201/2*E(40)^8-71*E(40)^13-1041/4*E(40)^16-184*E(40)^21+71*E(40)^23-1041/4*E(40)^24-184*E(40)^29+184*E(40)^31-201/2*E(40)^32-71*E(40)^37+184*E(40)^39  sign(det M/lambda^2) = +1
    (iv)  vertex set onto vertex set: false
    (v)   edges/faces/cells onto: false/false/false
    (vi)  M^-1 {S1,S2,X_a} M in Gamma_b: [ false, false, false ]   M {S1,S2,X_b} M^-1 in Gamma_a: [ false, false, false ]
    (vii) conjugated triple orientation in Gamma_b: none  (RepresentativeAction and own conjugator search agree: true; exact equality with same triple: false, with mirror triple: false)
    flag image = intended odd flag: false   (= intended flag with the other cell: false;  image flag orbit: none)
    => candidate odd passes (structure map): false;  represents the odd coset: false
    M = [ [ 7/6*E(40)^7-7/12*E(40)^8-7/6*E(40)^13-31/12*E(40)^16-25/12*E(40)^21+7/6*E(40)^23-31/12*E(40)^24-25/12*E(40)^29+25/12*E(40)^31-7/12*E(40)^32-7/6*E(40)^37+25/12*E(40)^39, -5/6*E(40)^7+1/3*E(40)^8+5/6*E(40)^13+5/3*E(40)^16+4/3*E(40)^21-5/6*E(40)^23+5/3*E(40)^24+4/3*E(40)^29-4/3*E(40)^31+1/3*E(40)^32+5/6*E(40)^37-4/3*E(40)^39, -1/12*E(40)^7+3/2*E(40)^8+1/12*E(40)^13+23/12*E(40)^16+E(40)^21-1/12*E(40)^23+23/12*E(40)^24+E(40)^29-E(40)^31+3/2*E(40)^32+1/12*E(40)^37-E(40)^39, -5/4*E(40)^7+19/12*E(40)^8+5/4*E(40)^13+7/2*E(40)^16+31/12*E(40)^21-5/4*E(40)^23+7/2*E(40)^24+31/12*E(40)^29-31/12*E(40)^31+19/12*E(40)^32+5/4*E(40)^37-31/12*E(40)^39 ], [ 1/6*E(40)^7+4/3*E(40)^8-1/6*E(40)^13+5/3*E(40)^16+5/6*E(40)^21+1/6*E(40)^23+5/3*E(40)^24+5/6*E(40)^29-5/6*E(40)^31+4/3*E(40)^32-1/6*E(40)^37-5/6*E(40)^39, 1/12*E(40)^7+1/12*E(40)^8-1/12*E(40)^13+5/6*E(40)^16+7/12*E(40)^21+1/12*E(40)^23+5/6*E(40)^24+7/12*E(40)^29-7/12*E(40)^31+1/12*E(40)^32-1/12*E(40)^37-7/12*E(40)^39, 3/4*E(40)^7-13/6*E(40)^8-3/4*E(40)^13-17/4*E(40)^16-8/3*E(40)^21+3/4*E(40)^23-17/4*E(40)^24-8/3*E(40)^29+8/3*E(40)^31-13/6*E(40)^32-3/4*E(40)^37+8/3*E(40)^39, -2/3*E(40)^7+5/4*E(40)^8+2/3*E(40)^13+31/12*E(40)^16+7/4*E(40)^21-2/3*E(40)^23+31/12*E(40)^24+7/4*E(40)^29-7/4*E(40)^31+5/4*E(40)^32+2/3*E(40)^37-7/4*E(40)^39 ], [ -11/12*E(40)^7+3/2*E(40)^8+11/12*E(40)^13+43/12*E(40)^16+5/2*E(40)^21-11/12*E(40)^23+43/12*E(40)^24+5/2*E(40)^29-5/2*E(40)^31+3/2*E(40)^32+11/12*E(40)^37-5/2*E(40)^39, 5/4*E(40)^7-11/6*E(40)^8-5/4*E(40)^13-13/4*E(40)^16-7/3*E(40)^21+5/4*E(40)^23-13/4*E(40)^24-7/3*E(40)^29+7/3*E(40)^31-11/6*E(40)^32-5/4*E(40)^37+7/3*E(40)^39, 5/4*E(40)^7-3/2*E(40)^8-5/4*E(40)^13-11/4*E(40)^16-2*E(40)^21+5/4*E(40)^23-11/4*E(40)^24-2*E(40)^29+2*E(40)^31-3/2*E(40)^32-5/4*E(40)^37+2*E(40)^39, 11/4*E(40)^7-4*E(40)^8-11/4*E(40)^13-23/4*E(40)^16-4*E(40)^21+11/4*E(40)^23-23/4*E(40)^24-4*E(40)^29+4*E(40)^31-4*E(40)^32-11/4*E(40)^37+4*E(40)^39 ], [ 1/4*E(40)^7-1/12*E(40)^8-1/4*E(40)^13-3/2*E(40)^16-13/12*E(40)^21+1/4*E(40)^23-3/2*E(40)^24-13/12*E(40)^29+13/12*E(40)^31-1/12*E(40)^32-1/4*E(40)^37+13/12*E(40)^39, -5/6*E(40)^7+5/4*E(40)^8+5/6*E(40)^13-13/12*E(40)^16-3/4*E(40)^21-5/6*E(40)^23-13/12*E(40)^24-3/4*E(40)^29+3/4*E(40)^31+5/4*E(40)^32+5/6*E(40)^37+3/4*E(40)^39, -9/4*E(40)^7+3*E(40)^8+9/4*E(40)^13+25/4*E(40)^16+9/2*E(40)^21-9/4*E(40)^23+25/4*E(40)^24+9/2*E(40)^29-9/2*E(40)^31+3*E(40)^32+9/4*E(40)^37-9/2*E(40)^39, 3/2*E(40)^7-2*E(40)^8-3/2*E(40)^13-7/2*E(40)^16-5/2*E(40)^21+3/2*E(40)^23-7/2*E(40)^24-5/2*E(40)^29+5/2*E(40)^31-2*E(40)^32-3/2*E(40)^37+5/2*E(40)^39 ] ]
  exhaustive Gram-pruned enumeration [t=62s]
    Gram-consistent ordered 4-tuples: 2880   Gamma_b-orbits: 1   full similarities: 0   det signs: [  ]
    orbit rep tuple [ 1, 90, 202, 126 ]: similarity=false det sign=+1 vertices=true edges=false faces=false cells=false conj=[ true, true, true ][ true, true, true ] orientation=none
  [ok]   each Gamma_b-orbit of anchor tuples has size |Gamma_b| (free action)
  [ok]   the recorded orbits partition the enumerated tuple list
  [ok]   direct recomputation of M*M^T and det M for 206 sampled tuples agrees with orbit representatives
  [ok]   exhaustive similarity count 0 = |Gamma_b| * (number of flag-anchored cosets = 0)
  [ok]   number of similarity orbits found exhaustively = number of flag-anchored cosets
  [ok]   candidate even is not Gram-consistent and does not pass
  [ok]   candidate odd is not Gram-consistent and does not pass
  [ok]   det signs of passing candidates = det signs found exhaustively
  => EXHAUSTIVE PROOF: no similarity of E^4 carries realisation L3-{5,3,5/2}-1 onto L3-{5,3,5/2}-3 (no Gram-consistent tuple yields a structure map).

== pair (L3-{5,3,5/2}-2 -> L3-{5,3,5/2}-3)  f-vector (240,480,120,20)  |Gamma_a|=2880 |Gamma_b|=2880 [t=65s]
  lambda = |w_b|^2/|w_a|^2 = -1/3*E(40)^7-5/6*E(40)^8+1/3*E(40)^13-2/3*E(40)^16+1/3*E(40)^21-1/3*E(40)^23-2/3*E(40)^24+1/3*E(40)^29-1/3*E(40)^31-5/6*E(40)^32+1/3*E(40)^37-1/3*E(40)^39  (~0.09225648108398599)
  candidate even: image tuple (1-based indices in V_b) [ 102, 66, 43, 12 ]  Gram-consistent: true
    (i)   traversal of all p face vertices: true
    (ii)  M*M^T = lambda*I: true
    (iii) det M = -5/9*E(40)^7-17/18*E(40)^8+5/9*E(40)^13-25/36*E(40)^16+4/9*E(40)^21-5/9*E(40)^23-25/36*E(40)^24+4/9*E(40)^29-4/9*E(40)^31-17/18*E(40)^32+5/9*E(40)^37-4/9*E(40)^39  sign(det M/lambda^2) = +1
    (iv)  vertex set onto vertex set: true
    (v)   edges/faces/cells onto: true/true/true
    (vi)  M^-1 {S1,S2,X_a} M in Gamma_b: [ true, true, true ]   M {S1,S2,X_b} M^-1 in Gamma_a: [ true, true, true ]
    (vii) conjugated triple orientation in Gamma_b: mirror  (RepresentativeAction and own conjugator search agree: true; exact equality with same triple: false, with mirror triple: false)
    flag image = intended even flag: false   (= intended flag with the other cell: true;  image flag orbit: odd)
    => candidate even passes (structure map): true;  represents the even coset: false
    M = [ [ -1/3*E(40)^7-7/12*E(40)^8+1/3*E(40)^13-5/12*E(40)^16+1/3*E(40)^21-1/3*E(40)^23-5/12*E(40)^24+1/3*E(40)^29-1/3*E(40)^31-7/12*E(40)^32+1/3*E(40)^37-1/3*E(40)^39, 1/6*E(40)^7-1/6*E(40)^8-1/6*E(40)^13+1/12*E(40)^16-1/12*E(40)^21+1/6*E(40)^23+1/12*E(40)^24-1/12*E(40)^29+1/12*E(40)^31-1/6*E(40)^32-1/6*E(40)^37+1/12*E(40)^39, -1/12*E(40)^7-1/12*E(40)^8+1/12*E(40)^13-1/6*E(40)^16+1/12*E(40)^21-1/12*E(40)^23-1/6*E(40)^24+1/12*E(40)^29-1/12*E(40)^31-1/12*E(40)^32+1/12*E(40)^37-1/12*E(40)^39, -1/12*E(40)^7-1/6*E(40)^8+1/12*E(40)^13-1/6*E(40)^16+1/6*E(40)^21-1/12*E(40)^23-1/6*E(40)^24+1/6*E(40)^29-1/6*E(40)^31-1/6*E(40)^32+1/12*E(40)^37-1/6*E(40)^39 ], [ -1/6*E(40)^7+1/6*E(40)^8+1/6*E(40)^13-1/12*E(40)^16+1/12*E(40)^21-1/6*E(40)^23-1/12*E(40)^24+1/12*E(40)^29-1/12*E(40)^31+1/6*E(40)^32+1/6*E(40)^37-1/12*E(40)^39, -1/3*E(40)^7-7/12*E(40)^8+1/3*E(40)^13-5/12*E(40)^16+1/3*E(40)^21-1/3*E(40)^23-5/12*E(40)^24+1/3*E(40)^29-1/3*E(40)^31-7/12*E(40)^32+1/3*E(40)^37-1/3*E(40)^39, 1/12*E(40)^7+1/6*E(40)^8-1/12*E(40)^13+1/6*E(40)^16-1/6*E(40)^21+1/12*E(40)^23+1/6*E(40)^24-1/6*E(40)^29+1/6*E(40)^31+1/6*E(40)^32-1/12*E(40)^37+1/6*E(40)^39, -1/12*E(40)^7-1/12*E(40)^8+1/12*E(40)^13-1/6*E(40)^16+1/12*E(40)^21-1/12*E(40)^23-1/6*E(40)^24+1/12*E(40)^29-1/12*E(40)^31-1/12*E(40)^32+1/12*E(40)^37-1/12*E(40)^39 ], [ -1/12*E(40)^7-1/12*E(40)^8+1/12*E(40)^13-1/6*E(40)^16+1/12*E(40)^21-1/12*E(40)^23-1/6*E(40)^24+1/12*E(40)^29-1/12*E(40)^31-1/12*E(40)^32+1/12*E(40)^37-1/12*E(40)^39, -1/12*E(40)^7-1/6*E(40)^8+1/12*E(40)^13-1/6*E(40)^16+1/6*E(40)^21-1/12*E(40)^23-1/6*E(40)^24+1/6*E(40)^29-1/6*E(40)^31-1/6*E(40)^32+1/12*E(40)^37-1/6*E(40)^39, -5/12*E(40)^8-1/4*E(40)^16+1/6*E(40)^21-1/4*E(40)^24+1/6*E(40)^29-1/6*E(40)^31-5/12*E(40)^32-1/6*E(40)^39, 1/3*E(40)^7+1/2*E(40)^8-1/3*E(40)^13+5/12*E(40)^16-1/4*E(40)^21+1/3*E(40)^23+5/12*E(40)^24-1/4*E(40)^29+1/4*E(40)^31+1/2*E(40)^32-1/3*E(40)^37+1/4*E(40)^39 ], [ 1/12*E(40)^7+1/6*E(40)^8-1/12*E(40)^13+1/6*E(40)^16-1/6*E(40)^21+1/12*E(40)^23+1/6*E(40)^24-1/6*E(40)^29+1/6*E(40)^31+1/6*E(40)^32-1/12*E(40)^37+1/6*E(40)^39, -1/12*E(40)^7-1/12*E(40)^8+1/12*E(40)^13-1/6*E(40)^16+1/12*E(40)^21-1/12*E(40)^23-1/6*E(40)^24+1/12*E(40)^29-1/12*E(40)^31-1/12*E(40)^32+1/12*E(40)^37-1/12*E(40)^39, -1/3*E(40)^7-1/2*E(40)^8+1/3*E(40)^13-5/12*E(40)^16+1/4*E(40)^21-1/3*E(40)^23-5/12*E(40)^24+1/4*E(40)^29-1/4*E(40)^31-1/2*E(40)^32+1/3*E(40)^37-1/4*E(40)^39, -5/12*E(40)^8-1/4*E(40)^16+1/6*E(40)^21-1/4*E(40)^24+1/6*E(40)^29-1/6*E(40)^31-5/12*E(40)^32-1/6*E(40)^39 ] ]
  [ok]   orientation test: RepresentativeAction agrees with independent conjugator search
  [ok]   conjugated triple is not simultaneously conjugate to the same and the mirror triple (abstract chirality)
  [ok]   passing even candidate maps the base flag of a to the intended flag of b or to the intended flag with the other cell
  [ok]   image flag orbit is even iff (even candidate and intended flag) or (odd candidate and other cell)
  [ok]   even candidate with odd image orbit: conjugated triple is Gamma_b-conjugate to the mirror triple (S1^-1, S1^2 S2, X_b)
  candidate odd: image tuple (1-based indices in V_b) [ 102, 68, 87, 16 ]  Gram-consistent: true
    (i)   traversal of all p face vertices: true
    (ii)  M*M^T = lambda*I: true
    (iii) det M = -5/9*E(40)^7-17/18*E(40)^8+5/9*E(40)^13-25/36*E(40)^16+4/9*E(40)^21-5/9*E(40)^23-25/36*E(40)^24+4/9*E(40)^29-4/9*E(40)^31-17/18*E(40)^32+5/9*E(40)^37-4/9*E(40)^39  sign(det M/lambda^2) = +1
    (iv)  vertex set onto vertex set: true
    (v)   edges/faces/cells onto: true/true/true
    (vi)  M^-1 {S1,S2,X_a} M in Gamma_b: [ true, true, true ]   M {S1,S2,X_b} M^-1 in Gamma_a: [ true, true, true ]
    (vii) conjugated triple orientation in Gamma_b: mirror  (RepresentativeAction and own conjugator search agree: true; exact equality with same triple: false, with mirror triple: false)
    flag image = intended odd flag: true   (= intended flag with the other cell: false;  image flag orbit: odd)
    => candidate odd passes (structure map): true;  represents the odd coset: true
    M = [ [ -1/2*E(40)^7-1/4*E(40)^8+1/2*E(40)^13-1/4*E(40)^16+1/4*E(40)^21-1/2*E(40)^23-1/4*E(40)^24+1/4*E(40)^29-1/4*E(40)^31-1/4*E(40)^32+1/2*E(40)^37-1/4*E(40)^39, 0, -1/12*E(40)^7-1/6*E(40)^8+1/12*E(40)^13-5/12*E(40)^16+1/6*E(40)^21-1/12*E(40)^23-5/12*E(40)^24+1/6*E(40)^29-1/6*E(40)^31-1/6*E(40)^32+1/12*E(40)^37-1/6*E(40)^39, -1/12*E(40)^7-1/12*E(40)^8+1/12*E(40)^13-1/6*E(40)^16+1/12*E(40)^21-1/12*E(40)^23-1/6*E(40)^24+1/12*E(40)^29-1/12*E(40)^31-1/12*E(40)^32+1/12*E(40)^37-1/12*E(40)^39 ], [ 0, -1/4*E(40)^7-1/4*E(40)^8+1/4*E(40)^13-1/2*E(40)^16+1/4*E(40)^21-1/4*E(40)^23-1/2*E(40)^24+1/4*E(40)^29-1/4*E(40)^31-1/4*E(40)^32+1/4*E(40)^37-1/4*E(40)^39, 5/12*E(40)^7+1/6*E(40)^8-5/12*E(40)^13+1/12*E(40)^16-1/6*E(40)^21+5/12*E(40)^23+1/12*E(40)^24-1/6*E(40)^29+1/6*E(40)^31+1/6*E(40)^32-5/12*E(40)^37+1/6*E(40)^39, -1/6*E(40)^7-1/12*E(40)^8+1/6*E(40)^13-1/12*E(40)^16+1/12*E(40)^21-1/6*E(40)^23-1/12*E(40)^24+1/12*E(40)^29-1/12*E(40)^31-1/12*E(40)^32+1/6*E(40)^37-1/12*E(40)^39 ], [ -1/12*E(40)^7-1/6*E(40)^8+1/12*E(40)^13-5/12*E(40)^16+1/6*E(40)^21-1/12*E(40)^23-5/12*E(40)^24+1/6*E(40)^29-1/6*E(40)^31-1/6*E(40)^32+1/12*E(40)^37-1/6*E(40)^39, 5/12*E(40)^7+1/6*E(40)^8-5/12*E(40)^13+1/12*E(40)^16-1/6*E(40)^21+5/12*E(40)^23+1/12*E(40)^24-1/6*E(40)^29+1/6*E(40)^31+1/6*E(40)^32-5/12*E(40)^37+1/6*E(40)^39, 1/4*E(40)^7+1/6*E(40)^8-1/4*E(40)^13+1/4*E(40)^16-1/6*E(40)^21+1/4*E(40)^23+1/4*E(40)^24-1/6*E(40)^29+1/6*E(40)^31+1/6*E(40)^32-1/4*E(40)^37+1/6*E(40)^39, 1/12*E(40)^7-1/12*E(40)^13-1/12*E(40)^16+1/12*E(40)^23-1/12*E(40)^24-1/12*E(40)^37 ], [ -1/12*E(40)^7-1/12*E(40)^8+1/12*E(40)^13-1/6*E(40)^16+1/12*E(40)^21-1/12*E(40)^23-1/6*E(40)^24+1/12*E(40)^29-1/12*E(40)^31-1/12*E(40)^32+1/12*E(40)^37-1/12*E(40)^39, -1/6*E(40)^7-1/12*E(40)^8+1/6*E(40)^13-1/12*E(40)^16+1/12*E(40)^21-1/6*E(40)^23-1/12*E(40)^24+1/12*E(40)^29-1/12*E(40)^31-1/12*E(40)^32+1/6*E(40)^37-1/12*E(40)^39, 1/12*E(40)^7-1/12*E(40)^13-1/12*E(40)^16+1/12*E(40)^23-1/12*E(40)^24-1/12*E(40)^37, 1/2*E(40)^7+1/3*E(40)^8-1/2*E(40)^13+1/2*E(40)^16-1/3*E(40)^21+1/2*E(40)^23+1/2*E(40)^24-1/3*E(40)^29+1/3*E(40)^31+1/3*E(40)^32-1/2*E(40)^37+1/3*E(40)^39 ] ]
  [ok]   orientation test: RepresentativeAction agrees with independent conjugator search
  [ok]   conjugated triple is not simultaneously conjugate to the same and the mirror triple (abstract chirality)
  [ok]   passing odd candidate maps the base flag of a to the intended flag of b or to the intended flag with the other cell
  [ok]   image flag orbit is even iff (even candidate and intended flag) or (odd candidate and other cell)
  [ok]   odd candidate with odd image orbit: conjugated triple is Gamma_b-conjugate to the mirror triple (S1^-1, S1^2 S2, X_b)
  [ok]   both candidates pass but only one hits its intended flag: M_even^-1 M_odd lies in Gamma_b (same coset)
  [ok]   at least one of the two passing candidates hits its intended flag
  exhaustive Gram-pruned enumeration [t=66s]
    Gram-consistent ordered 4-tuples: 2880   Gamma_b-orbits: 1   full similarities: 2880   det signs: [ "+1" ]
    orbit rep tuple [ 1, 151, 57, 25 ]: similarity=true det sign=+1 vertices=true edges=true faces=true cells=true conj=[ true, true, true ][ true, true, true ] orientation=mirror
  [ok]   each Gamma_b-orbit of anchor tuples has size |Gamma_b| (free action)
  [ok]   the recorded orbits partition the enumerated tuple list
  [ok]   direct recomputation of M*M^T and det M for 206 sampled tuples agrees with orbit representatives
  [ok]   exhaustive similarity count 2880 = |Gamma_b| * (number of flag-anchored cosets = 1)
  [ok]   number of similarity orbits found exhaustively = number of flag-anchored cosets
  [ok]   candidate even tuple is enumerated and its orbit verdict matches the candidate verdict
  [ok]   candidate odd tuple is enumerated and its orbit verdict matches the candidate verdict
  [ok]   det signs of passing candidates = det signs found exhaustively
  => 2880 similarities L3-{5,3,5/2}-2 -> L3-{5,3,5/2}-3 (1 Gamma_b-coset(s)), lambda = -1/3*E(40)^7-5/6*E(40)^8+1/3*E(40)^13-2/3*E(40)^16+1/3*E(40)^21-1/3*E(40)^23-2/3*E(40)^24+1/3*E(40)^29-1/3*E(40)^31-5/6*E(40)^32+1/3*E(40)^37-1/3*E(40)^39, det signs [ "+1" ]

== pair (L3-{5,3,5/2}-3 -> L3-{5,3,5/2}-3)  f-vector (240,480,120,20)  |Gamma_a|=2880 |Gamma_b|=2880 [t=68s]
  lambda = |w_b|^2/|w_a|^2 = 1  (~1.)
  candidate even: image tuple (1-based indices in V_b) [ 102, 66, 43, 12 ]  Gram-consistent: true
    (i)   traversal of all p face vertices: true
    (ii)  M*M^T = lambda*I: true
    (iii) det M = 1  sign(det M/lambda^2) = +1
    (iv)  vertex set onto vertex set: true
    (v)   edges/faces/cells onto: true/true/true
    (vi)  M^-1 {S1,S2,X_a} M in Gamma_b: [ true, true, true ]   M {S1,S2,X_b} M^-1 in Gamma_a: [ true, true, true ]
    (vii) conjugated triple orientation in Gamma_b: same  (RepresentativeAction and own conjugator search agree: true; exact equality with same triple: true, with mirror triple: false)
    flag image = intended even flag: true   (= intended flag with the other cell: false;  image flag orbit: even)
    => candidate even passes (structure map): true;  represents the even coset: true
    M = [ [ 1, 0, 0, 0 ], [ 0, 1, 0, 0 ], [ 0, 0, 1, 0 ], [ 0, 0, 0, 1 ] ]
  [ok]   orientation test: RepresentativeAction agrees with independent conjugator search
  [ok]   conjugated triple is not simultaneously conjugate to the same and the mirror triple (abstract chirality)
  [ok]   passing even candidate maps the base flag of a to the intended flag of b or to the intended flag with the other cell
  [ok]   image flag orbit is even iff (even candidate and intended flag) or (odd candidate and other cell)
  [ok]   even candidate with even image orbit: conjugated triple is Gamma_b-conjugate to (S1,S2,X_b)
  [ok]   even candidate hitting the base flag: conjugated triple equals (S1,S2,X_b) exactly (free flag action)
  candidate odd: image tuple (1-based indices in V_b) [ 102, 68, 87, 16 ]  Gram-consistent: true
    (i)   traversal of all p face vertices: true
    (ii)  M*M^T = lambda*I: true
    (iii) det M = 1  sign(det M/lambda^2) = +1
    (iv)  vertex set onto vertex set: true
    (v)   edges/faces/cells onto: true/true/true
    (vi)  M^-1 {S1,S2,X_a} M in Gamma_b: [ true, true, true ]   M {S1,S2,X_b} M^-1 in Gamma_a: [ true, true, true ]
    (vii) conjugated triple orientation in Gamma_b: same  (RepresentativeAction and own conjugator search agree: true; exact equality with same triple: false, with mirror triple: false)
    flag image = intended odd flag: false   (= intended flag with the other cell: true;  image flag orbit: even)
    => candidate odd passes (structure map): true;  represents the odd coset: false
    M = [ [ -1/3*E(40)^7-1/3*E(40)^8+1/3*E(40)^13-1/3*E(40)^16+1/6*E(40)^21-1/3*E(40)^23-1/3*E(40)^24+1/6*E(40)^29-1/6*E(40)^31-1/3*E(40)^32+1/3*E(40)^37-1/6*E(40)^39, 1/6*E(40)^7-1/6*E(40)^8-1/6*E(40)^13-1/3*E(40)^16-1/6*E(40)^21+1/6*E(40)^23-1/3*E(40)^24-1/6*E(40)^29+1/6*E(40)^31-1/6*E(40)^32-1/6*E(40)^37+1/6*E(40)^39, -1/3*E(40)^7+1/3*E(40)^8+1/3*E(40)^13+1/6*E(40)^16+1/3*E(40)^21-1/3*E(40)^23+1/6*E(40)^24+1/3*E(40)^29-1/3*E(40)^31+1/3*E(40)^32+1/3*E(40)^37-1/3*E(40)^39, -1/6*E(40)^7-1/6*E(40)^8+1/6*E(40)^13-1/6*E(40)^16+1/3*E(40)^21-1/6*E(40)^23-1/6*E(40)^24+1/3*E(40)^29-1/3*E(40)^31-1/6*E(40)^32+1/6*E(40)^37-1/3*E(40)^39 ], [ -1/3*E(40)^7+1/3*E(40)^8+1/3*E(40)^13+1/6*E(40)^16+1/3*E(40)^21-1/3*E(40)^23+1/6*E(40)^24+1/3*E(40)^29-1/3*E(40)^31+1/3*E(40)^32+1/3*E(40)^37-1/3*E(40)^39, -1/6*E(40)^7-1/6*E(40)^8+1/6*E(40)^13-1/6*E(40)^16+1/3*E(40)^21-1/6*E(40)^23-1/6*E(40)^24+1/3*E(40)^29-1/3*E(40)^31-1/6*E(40)^32+1/6*E(40)^37-1/3*E(40)^39, 1/3*E(40)^7+1/3*E(40)^8-1/3*E(40)^13+1/3*E(40)^16-1/6*E(40)^21+1/3*E(40)^23+1/3*E(40)^24-1/6*E(40)^29+1/6*E(40)^31+1/3*E(40)^32-1/3*E(40)^37+1/6*E(40)^39, -1/6*E(40)^7+1/6*E(40)^8+1/6*E(40)^13+1/3*E(40)^16+1/6*E(40)^21-1/6*E(40)^23+1/3*E(40)^24+1/6*E(40)^29-1/6*E(40)^31+1/6*E(40)^32+1/6*E(40)^37-1/6*E(40)^39 ], [ -1/6*E(40)^7-1/6*E(40)^8+1/6*E(40)^13-1/6*E(40)^16+1/3*E(40)^21-1/6*E(40)^23-1/6*E(40)^24+1/3*E(40)^29-1/3*E(40)^31-1/6*E(40)^32+1/6*E(40)^37-1/3*E(40)^39, 1/3*E(40)^7-1/3*E(40)^8-1/3*E(40)^13-1/6*E(40)^16-1/3*E(40)^21+1/3*E(40)^23-1/6*E(40)^24-1/3*E(40)^29+1/3*E(40)^31-1/3*E(40)^32-1/3*E(40)^37+1/3*E(40)^39, 1/6*E(40)^7-1/6*E(40)^8-1/6*E(40)^13-1/3*E(40)^16-1/6*E(40)^21+1/6*E(40)^23-1/3*E(40)^24-1/6*E(40)^29+1/6*E(40)^31-1/6*E(40)^32-1/6*E(40)^37+1/6*E(40)^39, 1/3*E(40)^7+1/3*E(40)^8-1/3*E(40)^13+1/3*E(40)^16-1/6*E(40)^21+1/3*E(40)^23+1/3*E(40)^24-1/6*E(40)^29+1/6*E(40)^31+1/3*E(40)^32-1/3*E(40)^37+1/6*E(40)^39 ], [ -1/6*E(40)^7+1/6*E(40)^8+1/6*E(40)^13+1/3*E(40)^16+1/6*E(40)^21-1/6*E(40)^23+1/3*E(40)^24+1/6*E(40)^29-1/6*E(40)^31+1/6*E(40)^32+1/6*E(40)^37-1/6*E(40)^39, -1/3*E(40)^7-1/3*E(40)^8+1/3*E(40)^13-1/3*E(40)^16+1/6*E(40)^21-1/3*E(40)^23-1/3*E(40)^24+1/6*E(40)^29-1/6*E(40)^31-1/3*E(40)^32+1/3*E(40)^37-1/6*E(40)^39, -1/6*E(40)^7-1/6*E(40)^8+1/6*E(40)^13-1/6*E(40)^16+1/3*E(40)^21-1/6*E(40)^23-1/6*E(40)^24+1/3*E(40)^29-1/3*E(40)^31-1/6*E(40)^32+1/6*E(40)^37-1/3*E(40)^39, 1/3*E(40)^7-1/3*E(40)^8-1/3*E(40)^13-1/6*E(40)^16-1/3*E(40)^21+1/3*E(40)^23-1/6*E(40)^24-1/3*E(40)^29+1/3*E(40)^31-1/3*E(40)^32-1/3*E(40)^37+1/3*E(40)^39 ] ]
  [ok]   orientation test: RepresentativeAction agrees with independent conjugator search
  [ok]   conjugated triple is not simultaneously conjugate to the same and the mirror triple (abstract chirality)
  [ok]   passing odd candidate maps the base flag of a to the intended flag of b or to the intended flag with the other cell
  [ok]   image flag orbit is even iff (even candidate and intended flag) or (odd candidate and other cell)
  [ok]   odd candidate with even image orbit: conjugated triple is Gamma_b-conjugate to (S1,S2,X_b)
  [ok]   both candidates pass but only one hits its intended flag: M_even^-1 M_odd lies in Gamma_b (same coset)
  [ok]   at least one of the two passing candidates hits its intended flag
  a = b: the odd candidate passes but maps the base flag to (Phi^2)^3 (even orbit): it is an element of Gamma, not an extra symmetry; no similarity maps the base flag to its 2-adjacent flag: geometrically chiral (symmetry group = Gamma)
  [ok]   a = b: the even candidate (identity) passes and fixes the base flag
  [ok]   a = b: the even candidate matrix is the identity
  exhaustive Gram-pruned enumeration [t=69s]
    Gram-consistent ordered 4-tuples: 2880   Gamma_b-orbits: 1   full similarities: 2880   det signs: [ "+1" ]
    orbit rep tuple [ 1, 151, 57, 25 ]: similarity=true det sign=+1 vertices=true edges=true faces=true cells=true conj=[ true, true, true ][ true, true, true ] orientation=same
  [ok]   each Gamma_b-orbit of anchor tuples has size |Gamma_b| (free action)
  [ok]   the recorded orbits partition the enumerated tuple list
  [ok]   direct recomputation of M*M^T and det M for 206 sampled tuples agrees with orbit representatives
  [ok]   exhaustive similarity count 2880 = |Gamma_b| * (number of flag-anchored cosets = 1)
  [ok]   number of similarity orbits found exhaustively = number of flag-anchored cosets
  [ok]   candidate even tuple is enumerated and its orbit verdict matches the candidate verdict
  [ok]   candidate odd tuple is enumerated and its orbit verdict matches the candidate verdict
  [ok]   det signs of passing candidates = det signs found exhaustively
  => 2880 similarities L3-{5,3,5/2}-3 -> L3-{5,3,5/2}-3 (1 Gamma_b-coset(s)), lambda = 1, det signs [ "+1" ]

== pair (L3-{5,3,5/2}-4 -> L3-{5,3,5/2}-3)  f-vector (240,480,120,20)  |Gamma_a|=2880 |Gamma_b|=2880 [t=70s]
  lambda = |w_b|^2/|w_a|^2 = 8/3*E(40)^7-13/3*E(40)^8-8/3*E(40)^13-29/3*E(40)^16-20/3*E(40)^21+8/3*E(40)^23-29/3*E(40)^24-20/3*E(40)^29+20/3*E(40)^31-13/3*E(40)^32-8/3*E(40)^37+20/3*E(40)^39  (~25.88706655141064)
  candidate even: image tuple (1-based indices in V_b) [ 102, 66, 43, 12 ]  Gram-consistent: false
    (i)   traversal of all p face vertices: true
    (ii)  M*M^T = lambda*I: false
    (iii) det M = 592/9*E(40)^7-841/9*E(40)^8-592/9*E(40)^13-2185/9*E(40)^16-1544/9*E(40)^21+592/9*E(40)^23-2185/9*E(40)^24-1544/9*E(40)^29+1544/9*E(40)^31-841/9*E(40)^32-592/9*E(40)^37+1544/9*E(40)^39  sign(det M/lambda^2) = +1
    (iv)  vertex set onto vertex set: false
    (v)   edges/faces/cells onto: false/false/false
    (vi)  M^-1 {S1,S2,X_a} M in Gamma_b: [ false, false, false ]   M {S1,S2,X_b} M^-1 in Gamma_a: [ false, false, false ]
    (vii) conjugated triple orientation in Gamma_b: none  (RepresentativeAction and own conjugator search agree: true; exact equality with same triple: false, with mirror triple: false)
    flag image = intended even flag: false   (= intended flag with the other cell: false;  image flag orbit: none)
    => candidate even passes (structure map): false;  represents the even coset: false
    M = [ [ -E(40)^7-1/3*E(40)^8+E(40)^13+E(40)^16+4/3*E(40)^21-E(40)^23+E(40)^24+4/3*E(40)^29-4/3*E(40)^31-1/3*E(40)^32+E(40)^37-4/3*E(40)^39, -1/3*E(40)^7-2*E(40)^8+1/3*E(40)^13-8/3*E(40)^16-E(40)^21-1/3*E(40)^23-8/3*E(40)^24-E(40)^29+E(40)^31-2*E(40)^32+1/3*E(40)^37+E(40)^39, 2/3*E(40)^7-4/3*E(40)^8-2/3*E(40)^13-8/3*E(40)^16-5/3*E(40)^21+2/3*E(40)^23-8/3*E(40)^24-5/3*E(40)^29+5/3*E(40)^31-4/3*E(40)^32-2/3*E(40)^37+5/3*E(40)^39, -4/3*E(40)^7+4/3*E(40)^8+4/3*E(40)^13+10/3*E(40)^16+8/3*E(40)^21-4/3*E(40)^23+10/3*E(40)^24+8/3*E(40)^29-8/3*E(40)^31+4/3*E(40)^32+4/3*E(40)^37-8/3*E(40)^39 ], [ 1/3*E(40)^7+2*E(40)^8-1/3*E(40)^13+8/3*E(40)^16+E(40)^21+1/3*E(40)^23+8/3*E(40)^24+E(40)^29-E(40)^31+2*E(40)^32-1/3*E(40)^37-E(40)^39, -E(40)^7-1/3*E(40)^8+E(40)^13+E(40)^16+4/3*E(40)^21-E(40)^23+E(40)^24+4/3*E(40)^29-4/3*E(40)^31-1/3*E(40)^32+E(40)^37-4/3*E(40)^39, 4/3*E(40)^7-4/3*E(40)^8-4/3*E(40)^13-10/3*E(40)^16-8/3*E(40)^21+4/3*E(40)^23-10/3*E(40)^24-8/3*E(40)^29+8/3*E(40)^31-4/3*E(40)^32-4/3*E(40)^37+8/3*E(40)^39, 2/3*E(40)^7-4/3*E(40)^8-2/3*E(40)^13-8/3*E(40)^16-5/3*E(40)^21+2/3*E(40)^23-8/3*E(40)^24-5/3*E(40)^29+5/3*E(40)^31-4/3*E(40)^32-2/3*E(40)^37+5/3*E(40)^39 ], [ 2/3*E(40)^7-4/3*E(40)^8-2/3*E(40)^13-8/3*E(40)^16-5/3*E(40)^21+2/3*E(40)^23-8/3*E(40)^24-5/3*E(40)^29+5/3*E(40)^31-4/3*E(40)^32-2/3*E(40)^37+5/3*E(40)^39, -4/3*E(40)^7+4/3*E(40)^8+4/3*E(40)^13+10/3*E(40)^16+8/3*E(40)^21-4/3*E(40)^23+10/3*E(40)^24+8/3*E(40)^29-8/3*E(40)^31+4/3*E(40)^32+4/3*E(40)^37-8/3*E(40)^39, -5/3*E(40)^7+7/3*E(40)^8+5/3*E(40)^13+11/3*E(40)^16+8/3*E(40)^21-5/3*E(40)^23+11/3*E(40)^24+8/3*E(40)^29-8/3*E(40)^31+7/3*E(40)^32+5/3*E(40)^37-8/3*E(40)^39, 7/3*E(40)^7-10/3*E(40)^8-7/3*E(40)^13-16/3*E(40)^16-11/3*E(40)^21+7/3*E(40)^23-16/3*E(40)^24-11/3*E(40)^29+11/3*E(40)^31-10/3*E(40)^32-7/3*E(40)^37+11/3*E(40)^39 ], [ 4/3*E(40)^7-4/3*E(40)^8-4/3*E(40)^13-10/3*E(40)^16-8/3*E(40)^21+4/3*E(40)^23-10/3*E(40)^24-8/3*E(40)^29+8/3*E(40)^31-4/3*E(40)^32-4/3*E(40)^37+8/3*E(40)^39, 2/3*E(40)^7-4/3*E(40)^8-2/3*E(40)^13-8/3*E(40)^16-5/3*E(40)^21+2/3*E(40)^23-8/3*E(40)^24-5/3*E(40)^29+5/3*E(40)^31-4/3*E(40)^32-2/3*E(40)^37+5/3*E(40)^39, -7/3*E(40)^7+10/3*E(40)^8+7/3*E(40)^13+16/3*E(40)^16+11/3*E(40)^21-7/3*E(40)^23+16/3*E(40)^24+11/3*E(40)^29-11/3*E(40)^31+10/3*E(40)^32+7/3*E(40)^37-11/3*E(40)^39, -5/3*E(40)^7+7/3*E(40)^8+5/3*E(40)^13+11/3*E(40)^16+8/3*E(40)^21-5/3*E(40)^23+11/3*E(40)^24+8/3*E(40)^29-8/3*E(40)^31+7/3*E(40)^32+5/3*E(40)^37-8/3*E(40)^39 ] ]
  candidate odd: image tuple (1-based indices in V_b) [ 102, 68, 87, 16 ]  Gram-consistent: false
    (i)   traversal of all p face vertices: true
    (ii)  M*M^T = lambda*I: false
    (iii) det M = 592/9*E(40)^7-841/9*E(40)^8-592/9*E(40)^13-2185/9*E(40)^16-1544/9*E(40)^21+592/9*E(40)^23-2185/9*E(40)^24-1544/9*E(40)^29+1544/9*E(40)^31-841/9*E(40)^32-592/9*E(40)^37+1544/9*E(40)^39  sign(det M/lambda^2) = +1
    (iv)  vertex set onto vertex set: false
    (v)   edges/faces/cells onto: false/false/false
    (vi)  M^-1 {S1,S2,X_a} M in Gamma_b: [ false, false, false ]   M {S1,S2,X_b} M^-1 in Gamma_a: [ false, false, false ]
    (vii) conjugated triple orientation in Gamma_b: none  (RepresentativeAction and own conjugator search agree: true; exact equality with same triple: false, with mirror triple: false)
    flag image = intended odd flag: false   (= intended flag with the other cell: false;  image flag orbit: none)
    => candidate odd passes (structure map): false;  represents the odd coset: false
    M = [ [ -2/3*E(40)^7-E(40)^8+2/3*E(40)^13-1/3*E(40)^16+1/2*E(40)^21-2/3*E(40)^23-1/3*E(40)^24+1/2*E(40)^29-1/2*E(40)^31-E(40)^32+2/3*E(40)^37-1/2*E(40)^39, -1/2*E(40)^7-1/6*E(40)^8+1/2*E(40)^13+E(40)^16+7/6*E(40)^21-1/2*E(40)^23+E(40)^24+7/6*E(40)^29-7/6*E(40)^31-1/6*E(40)^32+1/2*E(40)^37-7/6*E(40)^39, 5/3*E(40)^7-1/3*E(40)^8-5/3*E(40)^13-19/6*E(40)^16-8/3*E(40)^21+5/3*E(40)^23-19/6*E(40)^24-8/3*E(40)^29+8/3*E(40)^31-1/3*E(40)^32-5/3*E(40)^37+8/3*E(40)^39, -7/6*E(40)^7+7/6*E(40)^8+7/6*E(40)^13+19/6*E(40)^16+7/3*E(40)^21-7/6*E(40)^23+19/6*E(40)^24+7/3*E(40)^29-7/3*E(40)^31+7/6*E(40)^32+7/6*E(40)^37-7/3*E(40)^39 ], [ 7/3*E(40)^8+7/2*E(40)^16+5/3*E(40)^21+7/2*E(40)^24+5/3*E(40)^29-5/3*E(40)^31+7/3*E(40)^32-5/3*E(40)^39, 1/6*E(40)^7-3/2*E(40)^8-1/6*E(40)^13-13/6*E(40)^16-E(40)^21+1/6*E(40)^23-13/6*E(40)^24-E(40)^29+E(40)^31-3/2*E(40)^32-1/6*E(40)^37+E(40)^39, 4/3*E(40)^7-1/3*E(40)^8-4/3*E(40)^13-7/3*E(40)^16-13/6*E(40)^21+4/3*E(40)^23-7/3*E(40)^24-13/6*E(40)^29+13/6*E(40)^31-1/3*E(40)^32-4/3*E(40)^37+13/6*E(40)^39, 5/6*E(40)^7-7/6*E(40)^8-5/6*E(40)^13-7/3*E(40)^16-11/6*E(40)^21+5/6*E(40)^23-7/3*E(40)^24-11/6*E(40)^29+11/6*E(40)^31-7/6*E(40)^32-5/6*E(40)^37+11/6*E(40)^39 ], [ -1/6*E(40)^7-1/6*E(40)^8+1/6*E(40)^13-5/6*E(40)^16-1/3*E(40)^21-1/6*E(40)^23-5/6*E(40)^24-1/3*E(40)^29+1/3*E(40)^31-1/6*E(40)^32+1/6*E(40)^37+1/3*E(40)^39, -1/3*E(40)^7+1/3*E(40)^8+1/3*E(40)^13-13/6*E(40)^16-4/3*E(40)^21-1/3*E(40)^23-13/6*E(40)^24-4/3*E(40)^29+4/3*E(40)^31+1/3*E(40)^32+1/3*E(40)^37+4/3*E(40)^39, -3/2*E(40)^7+5/2*E(40)^8+3/2*E(40)^13+5*E(40)^16+7/2*E(40)^21-3/2*E(40)^23+5*E(40)^24+7/2*E(40)^29-7/2*E(40)^31+5/2*E(40)^32+3/2*E(40)^37-7/2*E(40)^39, 2*E(40)^7-3*E(40)^8-2*E(40)^13-5*E(40)^16-7/2*E(40)^21+2*E(40)^23-5*E(40)^24-7/2*E(40)^29+7/2*E(40)^31-3*E(40)^32-2*E(40)^37+7/2*E(40)^39 ], [ 7/6*E(40)^7-7/6*E(40)^8-7/6*E(40)^13-11/3*E(40)^16-17/6*E(40)^21+7/6*E(40)^23-11/3*E(40)^24-17/6*E(40)^29+17/6*E(40)^31-7/6*E(40)^32-7/6*E(40)^37+17/6*E(40)^39, -4/3*E(40)^7+5/3*E(40)^8+4/3*E(40)^13+7/3*E(40)^16+11/6*E(40)^21-4/3*E(40)^23+7/3*E(40)^24+11/6*E(40)^29-11/6*E(40)^31+5/3*E(40)^32+4/3*E(40)^37-11/6*E(40)^39, -3/2*E(40)^7+5/2*E(40)^8+3/2*E(40)^13+9/2*E(40)^16+3*E(40)^21-3/2*E(40)^23+9/2*E(40)^24+3*E(40)^29-3*E(40)^31+5/2*E(40)^32+3/2*E(40)^37-3*E(40)^39, -2*E(40)^7+3*E(40)^8+2*E(40)^13+9/2*E(40)^16+3*E(40)^21-2*E(40)^23+9/2*E(40)^24+3*E(40)^29-3*E(40)^31+3*E(40)^32+2*E(40)^37-3*E(40)^39 ] ]
  exhaustive Gram-pruned enumeration [t=71s]
    Gram-consistent ordered 4-tuples: 2880   Gamma_b-orbits: 1   full similarities: 0   det signs: [  ]
    orbit rep tuple [ 1, 90, 202, 126 ]: similarity=false det sign=+1 vertices=true edges=false faces=false cells=false conj=[ true, true, true ][ true, true, true ] orientation=none
  [ok]   each Gamma_b-orbit of anchor tuples has size |Gamma_b| (free action)
  [ok]   the recorded orbits partition the enumerated tuple list
  [ok]   direct recomputation of M*M^T and det M for 206 sampled tuples agrees with orbit representatives
  [ok]   exhaustive similarity count 0 = |Gamma_b| * (number of flag-anchored cosets = 0)
  [ok]   number of similarity orbits found exhaustively = number of flag-anchored cosets
  [ok]   candidate even is not Gram-consistent and does not pass
  [ok]   candidate odd is not Gram-consistent and does not pass
  [ok]   det signs of passing candidates = det signs found exhaustively
  => EXHAUSTIVE PROOF: no similarity of E^4 carries realisation L3-{5,3,5/2}-4 onto L3-{5,3,5/2}-3 (no Gram-consistent tuple yields a structure map).
pair (L3-{5,3,5/2}-5 -> L3-{5,3,5/2}-3): inequivalent: different f-vector (48,144,48,8) vs (240,480,120,20)
pair (L3-{5,3,5/2}-6 -> L3-{5,3,5/2}-3): inequivalent: different f-vector (48,144,48,8) vs (240,480,120,20)
pair (L3-{5,3,5/2}-7 -> L3-{5,3,5/2}-3): inequivalent: different f-vector (48,144,48,8) vs (240,480,120,20)
pair (L3-{5,3,5/2}-8 -> L3-{5,3,5/2}-3): inequivalent: different f-vector (48,144,48,8) vs (240,480,120,20)
pair (L3-{5,3,5/2}-9 -> L3-{5,3,5/2}-3): inequivalent: different f-vector (120,720,300,50) vs (240,480,120,20)
pair (L3-{5,3,5/2}-10 -> L3-{5,3,5/2}-3): inequivalent: different f-vector (120,720,300,50) vs (240,480,120,20)
pair (L3-{5,3,5/2}-11 -> L3-{5,3,5/2}-3): inequivalent: different f-vector (120,720,300,50) vs (240,480,120,20)
pair (L3-{5,3,5/2}-12 -> L3-{5,3,5/2}-3): inequivalent: different f-vector (120,720,300,50) vs (240,480,120,20)
pair (L3-{5,3,5/2}-13 -> L3-{5,3,5/2}-3): inequivalent: different f-vector (120,720,300,50) vs (240,480,120,20)
pair (L3-{5,3,5/2}-14 -> L3-{5,3,5/2}-3): inequivalent: different f-vector (120,720,300,50) vs (240,480,120,20)
pair (L3-{5,3,5/2}-15 -> L3-{5,3,5/2}-3): inequivalent: different f-vector (120,720,300,50) vs (240,480,120,20)
pair (L3-{5,3,5/2}-16 -> L3-{5,3,5/2}-3): inequivalent: different f-vector (120,720,300,50) vs (240,480,120,20)
pair (L3-{3,3,5/2}-1 -> L3-{5,3,5/2}-3): inequivalent: different f-vector (600,1200,120,5) vs (240,480,120,20)
pair (L3-{3,3,5/2}-4 -> L3-{5,3,5/2}-3): inequivalent: different f-vector (600,1200,120,5) vs (240,480,120,20)

#### target b = L3-{5,3,5/2}-4   computing Gram matrix of V_b [t=72s]
  [ok]   Gram diagonal constant = |w_b|^2
pair (L3-{4,3,3}-1 -> L3-{5,3,5/2}-4): inequivalent: different f-vector (16,32,12,4) vs (240,480,120,20)
pair (L3-{4,3,3}-2 -> L3-{5,3,5/2}-4): inequivalent: different f-vector (16,32,12,4) vs (240,480,120,20)
pair (L3-{4,3,3}-3 -> L3-{5,3,5/2}-4): inequivalent: different f-vector (16,32,12,4) vs (240,480,120,20)
pair (L3-{4,3,3}-6 -> L3-{5,3,5/2}-4): inequivalent: different f-vector (16,32,12,4) vs (240,480,120,20)
pair (L3-{5,3,3}-3 -> L3-{5,3,5/2}-4): inequivalent: different f-vector (600,1200,120,5) vs (240,480,120,20)
pair (L3-{5,3,3}-8 -> L3-{5,3,5/2}-4): inequivalent: different f-vector (600,1200,120,5) vs (240,480,120,20)

== pair (L3-{5,3,5/2}-1 -> L3-{5,3,5/2}-4)  f-vector (240,480,120,20)  |Gamma_a|=2880 |Gamma_b|=2880 [t=76s]
  lambda = |w_b|^2/|w_a|^2 = 1/3*E(40)^7-5/6*E(40)^8-1/3*E(40)^13-2/3*E(40)^16-1/3*E(40)^21+1/3*E(40)^23-2/3*E(40)^24-1/3*E(40)^29+1/3*E(40)^31-5/6*E(40)^32-1/3*E(40)^37+1/3*E(40)^39  (~1.035065522666049)
  candidate even: image tuple (1-based indices in V_b) [ 219, 179, 51, 16 ]  Gram-consistent: true
    (i)   traversal of all p face vertices: true
    (ii)  M*M^T = lambda*I: true
    (iii) det M = 5/9*E(40)^7-17/18*E(40)^8-5/9*E(40)^13-25/36*E(40)^16-4/9*E(40)^21+5/9*E(40)^23-25/36*E(40)^24-4/9*E(40)^29+4/9*E(40)^31-17/18*E(40)^32-5/9*E(40)^37+4/9*E(40)^39  sign(det M/lambda^2) = +1
    (iv)  vertex set onto vertex set: true
    (v)   edges/faces/cells onto: true/true/true
    (vi)  M^-1 {S1,S2,X_a} M in Gamma_b: [ true, true, true ]   M {S1,S2,X_b} M^-1 in Gamma_a: [ true, true, true ]
    (vii) conjugated triple orientation in Gamma_b: mirror  (RepresentativeAction and own conjugator search agree: true; exact equality with same triple: false, with mirror triple: false)
    flag image = intended even flag: false   (= intended flag with the other cell: true;  image flag orbit: odd)
    => candidate even passes (structure map): true;  represents the even coset: false
    M = [ [ 1/3*E(40)^7-7/12*E(40)^8-1/3*E(40)^13-5/12*E(40)^16-1/3*E(40)^21+1/3*E(40)^23-5/12*E(40)^24-1/3*E(40)^29+1/3*E(40)^31-7/12*E(40)^32-1/3*E(40)^37+1/3*E(40)^39, -1/6*E(40)^7-1/6*E(40)^8+1/6*E(40)^13+1/12*E(40)^16+1/12*E(40)^21-1/6*E(40)^23+1/12*E(40)^24+1/12*E(40)^29-1/12*E(40)^31-1/6*E(40)^32+1/6*E(40)^37-1/12*E(40)^39, 1/12*E(40)^7-1/12*E(40)^8-1/12*E(40)^13-1/6*E(40)^16-1/12*E(40)^21+1/12*E(40)^23-1/6*E(40)^24-1/12*E(40)^29+1/12*E(40)^31-1/12*E(40)^32-1/12*E(40)^37+1/12*E(40)^39, 1/12*E(40)^7-1/6*E(40)^8-1/12*E(40)^13-1/6*E(40)^16-1/6*E(40)^21+1/12*E(40)^23-1/6*E(40)^24-1/6*E(40)^29+1/6*E(40)^31-1/6*E(40)^32-1/12*E(40)^37+1/6*E(40)^39 ], [ 1/6*E(40)^7+1/6*E(40)^8-1/6*E(40)^13-1/12*E(40)^16-1/12*E(40)^21+1/6*E(40)^23-1/12*E(40)^24-1/12*E(40)^29+1/12*E(40)^31+1/6*E(40)^32-1/6*E(40)^37+1/12*E(40)^39, 1/3*E(40)^7-7/12*E(40)^8-1/3*E(40)^13-5/12*E(40)^16-1/3*E(40)^21+1/3*E(40)^23-5/12*E(40)^24-1/3*E(40)^29+1/3*E(40)^31-7/12*E(40)^32-1/3*E(40)^37+1/3*E(40)^39, -1/12*E(40)^7+1/6*E(40)^8+1/12*E(40)^13+1/6*E(40)^16+1/6*E(40)^21-1/12*E(40)^23+1/6*E(40)^24+1/6*E(40)^29-1/6*E(40)^31+1/6*E(40)^32+1/12*E(40)^37-1/6*E(40)^39, 1/12*E(40)^7-1/12*E(40)^8-1/12*E(40)^13-1/6*E(40)^16-1/12*E(40)^21+1/12*E(40)^23-1/6*E(40)^24-1/12*E(40)^29+1/12*E(40)^31-1/12*E(40)^32-1/12*E(40)^37+1/12*E(40)^39 ], [ 1/12*E(40)^7-1/12*E(40)^8-1/12*E(40)^13-1/6*E(40)^16-1/12*E(40)^21+1/12*E(40)^23-1/6*E(40)^24-1/12*E(40)^29+1/12*E(40)^31-1/12*E(40)^32-1/12*E(40)^37+1/12*E(40)^39, 1/12*E(40)^7-1/6*E(40)^8-1/12*E(40)^13-1/6*E(40)^16-1/6*E(40)^21+1/12*E(40)^23-1/6*E(40)^24-1/6*E(40)^29+1/6*E(40)^31-1/6*E(40)^32-1/12*E(40)^37+1/6*E(40)^39, -5/12*E(40)^8-1/4*E(40)^16-1/6*E(40)^21-1/4*E(40)^24-1/6*E(40)^29+1/6*E(40)^31-5/12*E(40)^32+1/6*E(40)^39, -1/3*E(40)^7+1/2*E(40)^8+1/3*E(40)^13+5/12*E(40)^16+1/4*E(40)^21-1/3*E(40)^23+5/12*E(40)^24+1/4*E(40)^29-1/4*E(40)^31+1/2*E(40)^32+1/3*E(40)^37-1/4*E(40)^39 ], [ -1/12*E(40)^7+1/6*E(40)^8+1/12*E(40)^13+1/6*E(40)^16+1/6*E(40)^21-1/12*E(40)^23+1/6*E(40)^24+1/6*E(40)^29-1/6*E(40)^31+1/6*E(40)^32+1/12*E(40)^37-1/6*E(40)^39, 1/12*E(40)^7-1/12*E(40)^8-1/12*E(40)^13-1/6*E(40)^16-1/12*E(40)^21+1/12*E(40)^23-1/6*E(40)^24-1/12*E(40)^29+1/12*E(40)^31-1/12*E(40)^32-1/12*E(40)^37+1/12*E(40)^39, 1/3*E(40)^7-1/2*E(40)^8-1/3*E(40)^13-5/12*E(40)^16-1/4*E(40)^21+1/3*E(40)^23-5/12*E(40)^24-1/4*E(40)^29+1/4*E(40)^31-1/2*E(40)^32-1/3*E(40)^37+1/4*E(40)^39, -5/12*E(40)^8-1/4*E(40)^16-1/6*E(40)^21-1/4*E(40)^24-1/6*E(40)^29+1/6*E(40)^31-5/12*E(40)^32+1/6*E(40)^39 ] ]
  [ok]   orientation test: RepresentativeAction agrees with independent conjugator search
  [ok]   conjugated triple is not simultaneously conjugate to the same and the mirror triple (abstract chirality)
  [ok]   passing even candidate maps the base flag of a to the intended flag of b or to the intended flag with the other cell
  [ok]   image flag orbit is even iff (even candidate and intended flag) or (odd candidate and other cell)
  [ok]   even candidate with odd image orbit: conjugated triple is Gamma_b-conjugate to the mirror triple (S1^-1, S1^2 S2, X_b)
  candidate odd: image tuple (1-based indices in V_b) [ 219, 177, 205, 12 ]  Gram-consistent: true
    (i)   traversal of all p face vertices: true
    (ii)  M*M^T = lambda*I: true
    (iii) det M = 5/9*E(40)^7-17/18*E(40)^8-5/9*E(40)^13-25/36*E(40)^16-4/9*E(40)^21+5/9*E(40)^23-25/36*E(40)^24-4/9*E(40)^29+4/9*E(40)^31-17/18*E(40)^32-5/9*E(40)^37+4/9*E(40)^39  sign(det M/lambda^2) = +1
    (iv)  vertex set onto vertex set: true
    (v)   edges/faces/cells onto: true/true/true
    (vi)  M^-1 {S1,S2,X_a} M in Gamma_b: [ true, true, true ]   M {S1,S2,X_b} M^-1 in Gamma_a: [ true, true, true ]
    (vii) conjugated triple orientation in Gamma_b: mirror  (RepresentativeAction and own conjugator search agree: true; exact equality with same triple: false, with mirror triple: false)
    flag image = intended odd flag: true   (= intended flag with the other cell: false;  image flag orbit: odd)
    => candidate odd passes (structure map): true;  represents the odd coset: true
    M = [ [ 1/2*E(40)^7-1/4*E(40)^8-1/2*E(40)^13-1/4*E(40)^16-1/4*E(40)^21+1/2*E(40)^23-1/4*E(40)^24-1/4*E(40)^29+1/4*E(40)^31-1/4*E(40)^32-1/2*E(40)^37+1/4*E(40)^39, 0, 1/12*E(40)^7-1/6*E(40)^8-1/12*E(40)^13-5/12*E(40)^16-1/6*E(40)^21+1/12*E(40)^23-5/12*E(40)^24-1/6*E(40)^29+1/6*E(40)^31-1/6*E(40)^32-1/12*E(40)^37+1/6*E(40)^39, 1/12*E(40)^7-1/12*E(40)^8-1/12*E(40)^13-1/6*E(40)^16-1/12*E(40)^21+1/12*E(40)^23-1/6*E(40)^24-1/12*E(40)^29+1/12*E(40)^31-1/12*E(40)^32-1/12*E(40)^37+1/12*E(40)^39 ], [ 0, 1/4*E(40)^7-1/4*E(40)^8-1/4*E(40)^13-1/2*E(40)^16-1/4*E(40)^21+1/4*E(40)^23-1/2*E(40)^24-1/4*E(40)^29+1/4*E(40)^31-1/4*E(40)^32-1/4*E(40)^37+1/4*E(40)^39, -5/12*E(40)^7+1/6*E(40)^8+5/12*E(40)^13+1/12*E(40)^16+1/6*E(40)^21-5/12*E(40)^23+1/12*E(40)^24+1/6*E(40)^29-1/6*E(40)^31+1/6*E(40)^32+5/12*E(40)^37-1/6*E(40)^39, 1/6*E(40)^7-1/12*E(40)^8-1/6*E(40)^13-1/12*E(40)^16-1/12*E(40)^21+1/6*E(40)^23-1/12*E(40)^24-1/12*E(40)^29+1/12*E(40)^31-1/12*E(40)^32-1/6*E(40)^37+1/12*E(40)^39 ], [ 1/12*E(40)^7-1/6*E(40)^8-1/12*E(40)^13-5/12*E(40)^16-1/6*E(40)^21+1/12*E(40)^23-5/12*E(40)^24-1/6*E(40)^29+1/6*E(40)^31-1/6*E(40)^32-1/12*E(40)^37+1/6*E(40)^39, -5/12*E(40)^7+1/6*E(40)^8+5/12*E(40)^13+1/12*E(40)^16+1/6*E(40)^21-5/12*E(40)^23+1/12*E(40)^24+1/6*E(40)^29-1/6*E(40)^31+1/6*E(40)^32+5/12*E(40)^37-1/6*E(40)^39, -1/4*E(40)^7+1/6*E(40)^8+1/4*E(40)^13+1/4*E(40)^16+1/6*E(40)^21-1/4*E(40)^23+1/4*E(40)^24+1/6*E(40)^29-1/6*E(40)^31+1/6*E(40)^32+1/4*E(40)^37-1/6*E(40)^39, -1/12*E(40)^7+1/12*E(40)^13-1/12*E(40)^16-1/12*E(40)^23-1/12*E(40)^24+1/12*E(40)^37 ], [ 1/12*E(40)^7-1/12*E(40)^8-1/12*E(40)^13-1/6*E(40)^16-1/12*E(40)^21+1/12*E(40)^23-1/6*E(40)^24-1/12*E(40)^29+1/12*E(40)^31-1/12*E(40)^32-1/12*E(40)^37+1/12*E(40)^39, 1/6*E(40)^7-1/12*E(40)^8-1/6*E(40)^13-1/12*E(40)^16-1/12*E(40)^21+1/6*E(40)^23-1/12*E(40)^24-1/12*E(40)^29+1/12*E(40)^31-1/12*E(40)^32-1/6*E(40)^37+1/12*E(40)^39, -1/12*E(40)^7+1/12*E(40)^13-1/12*E(40)^16-1/12*E(40)^23-1/12*E(40)^24+1/12*E(40)^37, -1/2*E(40)^7+1/3*E(40)^8+1/2*E(40)^13+1/2*E(40)^16+1/3*E(40)^21-1/2*E(40)^23+1/2*E(40)^24+1/3*E(40)^29-1/3*E(40)^31+1/3*E(40)^32+1/2*E(40)^37-1/3*E(40)^39 ] ]
  [ok]   orientation test: RepresentativeAction agrees with independent conjugator search
  [ok]   conjugated triple is not simultaneously conjugate to the same and the mirror triple (abstract chirality)
  [ok]   passing odd candidate maps the base flag of a to the intended flag of b or to the intended flag with the other cell
  [ok]   image flag orbit is even iff (even candidate and intended flag) or (odd candidate and other cell)
  [ok]   odd candidate with odd image orbit: conjugated triple is Gamma_b-conjugate to the mirror triple (S1^-1, S1^2 S2, X_b)
  [ok]   both candidates pass but only one hits its intended flag: M_even^-1 M_odd lies in Gamma_b (same coset)
  [ok]   at least one of the two passing candidates hits its intended flag
  exhaustive Gram-pruned enumeration [t=77s]
    Gram-consistent ordered 4-tuples: 2880   Gamma_b-orbits: 1   full similarities: 2880   det signs: [ "+1" ]
    orbit rep tuple [ 1, 94, 90, 104 ]: similarity=true det sign=+1 vertices=true edges=true faces=true cells=true conj=[ true, true, true ][ true, true, true ] orientation=mirror
  [ok]   each Gamma_b-orbit of anchor tuples has size |Gamma_b| (free action)
  [ok]   the recorded orbits partition the enumerated tuple list
  [ok]   direct recomputation of M*M^T and det M for 206 sampled tuples agrees with orbit representatives
  [ok]   exhaustive similarity count 2880 = |Gamma_b| * (number of flag-anchored cosets = 1)
  [ok]   number of similarity orbits found exhaustively = number of flag-anchored cosets
  [ok]   candidate even tuple is enumerated and its orbit verdict matches the candidate verdict
  [ok]   candidate odd tuple is enumerated and its orbit verdict matches the candidate verdict
  [ok]   det signs of passing candidates = det signs found exhaustively
  => 2880 similarities L3-{5,3,5/2}-1 -> L3-{5,3,5/2}-4 (1 Gamma_b-coset(s)), lambda = 1/3*E(40)^7-5/6*E(40)^8-1/3*E(40)^13-2/3*E(40)^16-1/3*E(40)^21+1/3*E(40)^23-2/3*E(40)^24-1/3*E(40)^29+1/3*E(40)^31-5/6*E(40)^32-1/3*E(40)^37+1/3*E(40)^39, det signs [ "+1" ]

== pair (L3-{5,3,5/2}-2 -> L3-{5,3,5/2}-4)  f-vector (240,480,120,20)  |Gamma_a|=2880 |Gamma_b|=2880 [t=79s]
  lambda = |w_b|^2/|w_a|^2 = -3*E(40)^7-9/2*E(40)^8+3*E(40)^13-10*E(40)^16+7*E(40)^21-3*E(40)^23-10*E(40)^24+7*E(40)^29-7*E(40)^31-9/2*E(40)^32+3*E(40)^37-7*E(40)^39  (~0.003563805922187413)
  candidate even: image tuple (1-based indices in V_b) [ 219, 179, 51, 16 ]  Gram-consistent: false
    (i)   traversal of all p face vertices: true
    (ii)  M*M^T = lambda*I: false
    (iii) det M = -71*E(40)^7-201/2*E(40)^8+71*E(40)^13-1041/4*E(40)^16+184*E(40)^21-71*E(40)^23-1041/4*E(40)^24+184*E(40)^29-184*E(40)^31-201/2*E(40)^32+71*E(40)^37-184*E(40)^39  sign(det M/lambda^2) = +1
    (iv)  vertex set onto vertex set: false
    (v)   edges/faces/cells onto: false/false/false
    (vi)  M^-1 {S1,S2,X_a} M in Gamma_b: [ false, false, false ]   M {S1,S2,X_b} M^-1 in Gamma_a: [ false, false, false ]
    (vii) conjugated triple orientation in Gamma_b: none  (RepresentativeAction and own conjugator search agree: true; exact equality with same triple: false, with mirror triple: false)
    flag image = intended even flag: false   (= intended flag with the other cell: false;  image flag orbit: none)
    => candidate even passes (structure map): false;  represents the even coset: false
    M = [ [ -E(40)^7-1/4*E(40)^8+E(40)^13-7/4*E(40)^16+3/2*E(40)^21-E(40)^23-7/4*E(40)^24+3/2*E(40)^29-3/2*E(40)^31-1/4*E(40)^32+E(40)^37-3/2*E(40)^39, -3/2*E(40)^8-9/4*E(40)^16+5/4*E(40)^21-9/4*E(40)^24+5/4*E(40)^29-5/4*E(40)^31-3/2*E(40)^32-5/4*E(40)^39, 3/4*E(40)^7+5/4*E(40)^8-3/4*E(40)^13+5/2*E(40)^16-7/4*E(40)^21+3/4*E(40)^23+5/2*E(40)^24-7/4*E(40)^29+7/4*E(40)^31+5/4*E(40)^32-3/4*E(40)^37+7/4*E(40)^39, 5/4*E(40)^7+3/2*E(40)^8-5/4*E(40)^13+7/2*E(40)^16-5/2*E(40)^21+5/4*E(40)^23+7/2*E(40)^24-5/2*E(40)^29+5/2*E(40)^31+3/2*E(40)^32-5/4*E(40)^37+5/2*E(40)^39 ], [ 3/2*E(40)^8+9/4*E(40)^16-5/4*E(40)^21+9/4*E(40)^24-5/4*E(40)^29+5/4*E(40)^31+3/2*E(40)^32+5/4*E(40)^39, -E(40)^7-1/4*E(40)^8+E(40)^13-7/4*E(40)^16+3/2*E(40)^21-E(40)^23-7/4*E(40)^24+3/2*E(40)^29-3/2*E(40)^31-1/4*E(40)^32+E(40)^37-3/2*E(40)^39, -5/4*E(40)^7-3/2*E(40)^8+5/4*E(40)^13-7/2*E(40)^16+5/2*E(40)^21-5/4*E(40)^23-7/2*E(40)^24+5/2*E(40)^29-5/2*E(40)^31-3/2*E(40)^32+5/4*E(40)^37-5/2*E(40)^39, 3/4*E(40)^7+5/4*E(40)^8-3/4*E(40)^13+5/2*E(40)^16-7/4*E(40)^21+3/4*E(40)^23+5/2*E(40)^24-7/4*E(40)^29+7/4*E(40)^31+5/4*E(40)^32-3/4*E(40)^37+7/4*E(40)^39 ], [ 3/4*E(40)^7+5/4*E(40)^8-3/4*E(40)^13+5/2*E(40)^16-7/4*E(40)^21+3/4*E(40)^23+5/2*E(40)^24-7/4*E(40)^29+7/4*E(40)^31+5/4*E(40)^32-3/4*E(40)^37+7/4*E(40)^39, 5/4*E(40)^7+3/2*E(40)^8-5/4*E(40)^13+7/2*E(40)^16-5/2*E(40)^21+5/4*E(40)^23+7/2*E(40)^24-5/2*E(40)^29+5/2*E(40)^31+3/2*E(40)^32-5/4*E(40)^37+5/2*E(40)^39, -2*E(40)^7-11/4*E(40)^8+2*E(40)^13-17/4*E(40)^16+3*E(40)^21-2*E(40)^23-17/4*E(40)^24+3*E(40)^29-3*E(40)^31-11/4*E(40)^32+2*E(40)^37-3*E(40)^39, -5/2*E(40)^7-7/2*E(40)^8+5/2*E(40)^13-21/4*E(40)^16+15/4*E(40)^21-5/2*E(40)^23-21/4*E(40)^24+15/4*E(40)^29-15/4*E(40)^31-7/2*E(40)^32+5/2*E(40)^37-15/4*E(40)^39 ], [ -5/4*E(40)^7-3/2*E(40)^8+5/4*E(40)^13-7/2*E(40)^16+5/2*E(40)^21-5/4*E(40)^23-7/2*E(40)^24+5/2*E(40)^29-5/2*E(40)^31-3/2*E(40)^32+5/4*E(40)^37-5/2*E(40)^39, 3/4*E(40)^7+5/4*E(40)^8-3/4*E(40)^13+5/2*E(40)^16-7/4*E(40)^21+3/4*E(40)^23+5/2*E(40)^24-7/4*E(40)^29+7/4*E(40)^31+5/4*E(40)^32-3/4*E(40)^37+7/4*E(40)^39, 5/2*E(40)^7+7/2*E(40)^8-5/2*E(40)^13+21/4*E(40)^16-15/4*E(40)^21+5/2*E(40)^23+21/4*E(40)^24-15/4*E(40)^29+15/4*E(40)^31+7/2*E(40)^32-5/2*E(40)^37+15/4*E(40)^39, -2*E(40)^7-11/4*E(40)^8+2*E(40)^13-17/4*E(40)^16+3*E(40)^21-2*E(40)^23-17/4*E(40)^24+3*E(40)^29-3*E(40)^31-11/4*E(40)^32+2*E(40)^37-3*E(40)^39 ] ]
  candidate odd: image tuple (1-based indices in V_b) [ 219, 177, 205, 12 ]  Gram-consistent: false
    (i)   traversal of all p face vertices: true
    (ii)  M*M^T = lambda*I: false
    (iii) det M = -71*E(40)^7-201/2*E(40)^8+71*E(40)^13-1041/4*E(40)^16+184*E(40)^21-71*E(40)^23-1041/4*E(40)^24+184*E(40)^29-184*E(40)^31-201/2*E(40)^32+71*E(40)^37-184*E(40)^39  sign(det M/lambda^2) = +1
    (iv)  vertex set onto vertex set: false
    (v)   edges/faces/cells onto: false/false/false
    (vi)  M^-1 {S1,S2,X_a} M in Gamma_b: [ false, false, false ]   M {S1,S2,X_b} M^-1 in Gamma_a: [ false, false, false ]
    (vii) conjugated triple orientation in Gamma_b: none  (RepresentativeAction and own conjugator search agree: true; exact equality with same triple: false, with mirror triple: false)
    flag image = intended odd flag: false   (= intended flag with the other cell: false;  image flag orbit: none)
    => candidate odd passes (structure map): false;  represents the odd coset: false
    M = [ [ -7/6*E(40)^7-7/12*E(40)^8+7/6*E(40)^13-31/12*E(40)^16+25/12*E(40)^21-7/6*E(40)^23-31/12*E(40)^24+25/12*E(40)^29-25/12*E(40)^31-7/12*E(40)^32+7/6*E(40)^37-25/12*E(40)^39, 5/6*E(40)^7+1/3*E(40)^8-5/6*E(40)^13+5/3*E(40)^16-4/3*E(40)^21+5/6*E(40)^23+5/3*E(40)^24-4/3*E(40)^29+4/3*E(40)^31+1/3*E(40)^32-5/6*E(40)^37+4/3*E(40)^39, 1/12*E(40)^7+3/2*E(40)^8-1/12*E(40)^13+23/12*E(40)^16-E(40)^21+1/12*E(40)^23+23/12*E(40)^24-E(40)^29+E(40)^31+3/2*E(40)^32-1/12*E(40)^37+E(40)^39, 5/4*E(40)^7+19/12*E(40)^8-5/4*E(40)^13+7/2*E(40)^16-31/12*E(40)^21+5/4*E(40)^23+7/2*E(40)^24-31/12*E(40)^29+31/12*E(40)^31+19/12*E(40)^32-5/4*E(40)^37+31/12*E(40)^39 ], [ -1/6*E(40)^7+4/3*E(40)^8+1/6*E(40)^13+5/3*E(40)^16-5/6*E(40)^21-1/6*E(40)^23+5/3*E(40)^24-5/6*E(40)^29+5/6*E(40)^31+4/3*E(40)^32+1/6*E(40)^37+5/6*E(40)^39, -1/12*E(40)^7+1/12*E(40)^8+1/12*E(40)^13+5/6*E(40)^16-7/12*E(40)^21-1/12*E(40)^23+5/6*E(40)^24-7/12*E(40)^29+7/12*E(40)^31+1/12*E(40)^32+1/12*E(40)^37+7/12*E(40)^39, -3/4*E(40)^7-13/6*E(40)^8+3/4*E(40)^13-17/4*E(40)^16+8/3*E(40)^21-3/4*E(40)^23-17/4*E(40)^24+8/3*E(40)^29-8/3*E(40)^31-13/6*E(40)^32+3/4*E(40)^37-8/3*E(40)^39, 2/3*E(40)^7+5/4*E(40)^8-2/3*E(40)^13+31/12*E(40)^16-7/4*E(40)^21+2/3*E(40)^23+31/12*E(40)^24-7/4*E(40)^29+7/4*E(40)^31+5/4*E(40)^32-2/3*E(40)^37+7/4*E(40)^39 ], [ 11/12*E(40)^7+3/2*E(40)^8-11/12*E(40)^13+43/12*E(40)^16-5/2*E(40)^21+11/12*E(40)^23+43/12*E(40)^24-5/2*E(40)^29+5/2*E(40)^31+3/2*E(40)^32-11/12*E(40)^37+5/2*E(40)^39, -5/4*E(40)^7-11/6*E(40)^8+5/4*E(40)^13-13/4*E(40)^16+7/3*E(40)^21-5/4*E(40)^23-13/4*E(40)^24+7/3*E(40)^29-7/3*E(40)^31-11/6*E(40)^32+5/4*E(40)^37-7/3*E(40)^39, -5/4*E(40)^7-3/2*E(40)^8+5/4*E(40)^13-11/4*E(40)^16+2*E(40)^21-5/4*E(40)^23-11/4*E(40)^24+2*E(40)^29-2*E(40)^31-3/2*E(40)^32+5/4*E(40)^37-2*E(40)^39, -11/4*E(40)^7-4*E(40)^8+11/4*E(40)^13-23/4*E(40)^16+4*E(40)^21-11/4*E(40)^23-23/4*E(40)^24+4*E(40)^29-4*E(40)^31-4*E(40)^32+11/4*E(40)^37-4*E(40)^39 ], [ -1/4*E(40)^7-1/12*E(40)^8+1/4*E(40)^13-3/2*E(40)^16+13/12*E(40)^21-1/4*E(40)^23-3/2*E(40)^24+13/12*E(40)^29-13/12*E(40)^31-1/12*E(40)^32+1/4*E(40)^37-13/12*E(40)^39, 5/6*E(40)^7+5/4*E(40)^8-5/6*E(40)^13-13/12*E(40)^16+3/4*E(40)^21+5/6*E(40)^23-13/12*E(40)^24+3/4*E(40)^29-3/4*E(40)^31+5/4*E(40)^32-5/6*E(40)^37-3/4*E(40)^39, 9/4*E(40)^7+3*E(40)^8-9/4*E(40)^13+25/4*E(40)^16-9/2*E(40)^21+9/4*E(40)^23+25/4*E(40)^24-9/2*E(40)^29+9/2*E(40)^31+3*E(40)^32-9/4*E(40)^37+9/2*E(40)^39, -3/2*E(40)^7-2*E(40)^8+3/2*E(40)^13-7/2*E(40)^16+5/2*E(40)^21-3/2*E(40)^23-7/2*E(40)^24+5/2*E(40)^29-5/2*E(40)^31-2*E(40)^32+3/2*E(40)^37-5/2*E(40)^39 ] ]
  exhaustive Gram-pruned enumeration [t=79s]
    Gram-consistent ordered 4-tuples: 2880   Gamma_b-orbits: 1   full similarities: 0   det signs: [  ]
    orbit rep tuple [ 1, 133, 38, 25 ]: similarity=false det sign=+1 vertices=true edges=false faces=false cells=false conj=[ true, true, true ][ true, true, true ] orientation=none
  [ok]   each Gamma_b-orbit of anchor tuples has size |Gamma_b| (free action)
  [ok]   the recorded orbits partition the enumerated tuple list
  [ok]   direct recomputation of M*M^T and det M for 206 sampled tuples agrees with orbit representatives
  [ok]   exhaustive similarity count 0 = |Gamma_b| * (number of flag-anchored cosets = 0)
  [ok]   number of similarity orbits found exhaustively = number of flag-anchored cosets
  [ok]   candidate even is not Gram-consistent and does not pass
  [ok]   candidate odd is not Gram-consistent and does not pass
  [ok]   det signs of passing candidates = det signs found exhaustively
  => EXHAUSTIVE PROOF: no similarity of E^4 carries realisation L3-{5,3,5/2}-2 onto L3-{5,3,5/2}-4 (no Gram-consistent tuple yields a structure map).

== pair (L3-{5,3,5/2}-3 -> L3-{5,3,5/2}-4)  f-vector (240,480,120,20)  |Gamma_a|=2880 |Gamma_b|=2880 [t=82s]
  lambda = |w_b|^2/|w_a|^2 = -8/3*E(40)^7-13/3*E(40)^8+8/3*E(40)^13-29/3*E(40)^16+20/3*E(40)^21-8/3*E(40)^23-29/3*E(40)^24+20/3*E(40)^29-20/3*E(40)^31-13/3*E(40)^32+8/3*E(40)^37-20/3*E(40)^39  (~0.03862932858823598)
  candidate even: image tuple (1-based indices in V_b) [ 219, 179, 51, 16 ]  Gram-consistent: false
    (i)   traversal of all p face vertices: true
    (ii)  M*M^T = lambda*I: false
    (iii) det M = -592/9*E(40)^7-841/9*E(40)^8+592/9*E(40)^13-2185/9*E(40)^16+1544/9*E(40)^21-592/9*E(40)^23-2185/9*E(40)^24+1544/9*E(40)^29-1544/9*E(40)^31-841/9*E(40)^32+592/9*E(40)^37-1544/9*E(40)^39  sign(det M/lambda^2) = +1
    (iv)  vertex set onto vertex set: false
    (v)   edges/faces/cells onto: false/false/false
    (vi)  M^-1 {S1,S2,X_a} M in Gamma_b: [ false, false, false ]   M {S1,S2,X_b} M^-1 in Gamma_a: [ false, false, false ]
    (vii) conjugated triple orientation in Gamma_b: none  (RepresentativeAction and own conjugator search agree: true; exact equality with same triple: false, with mirror triple: false)
    flag image = intended even flag: false   (= intended flag with the other cell: false;  image flag orbit: none)
    => candidate even passes (structure map): false;  represents the even coset: false
    M = [ [ E(40)^7-1/3*E(40)^8-E(40)^13+E(40)^16-4/3*E(40)^21+E(40)^23+E(40)^24-4/3*E(40)^29+4/3*E(40)^31-1/3*E(40)^32-E(40)^37+4/3*E(40)^39, 1/3*E(40)^7-2*E(40)^8-1/3*E(40)^13-8/3*E(40)^16+E(40)^21+1/3*E(40)^23-8/3*E(40)^24+E(40)^29-E(40)^31-2*E(40)^32-1/3*E(40)^37-E(40)^39, -2/3*E(40)^7-4/3*E(40)^8+2/3*E(40)^13-8/3*E(40)^16+5/3*E(40)^21-2/3*E(40)^23-8/3*E(40)^24+5/3*E(40)^29-5/3*E(40)^31-4/3*E(40)^32+2/3*E(40)^37-5/3*E(40)^39, 4/3*E(40)^7+4/3*E(40)^8-4/3*E(40)^13+10/3*E(40)^16-8/3*E(40)^21+4/3*E(40)^23+10/3*E(40)^24-8/3*E(40)^29+8/3*E(40)^31+4/3*E(40)^32-4/3*E(40)^37+8/3*E(40)^39 ], [ -1/3*E(40)^7+2*E(40)^8+1/3*E(40)^13+8/3*E(40)^16-E(40)^21-1/3*E(40)^23+8/3*E(40)^24-E(40)^29+E(40)^31+2*E(40)^32+1/3*E(40)^37+E(40)^39, E(40)^7-1/3*E(40)^8-E(40)^13+E(40)^16-4/3*E(40)^21+E(40)^23+E(40)^24-4/3*E(40)^29+4/3*E(40)^31-1/3*E(40)^32-E(40)^37+4/3*E(40)^39, -4/3*E(40)^7-4/3*E(40)^8+4/3*E(40)^13-10/3*E(40)^16+8/3*E(40)^21-4/3*E(40)^23-10/3*E(40)^24+8/3*E(40)^29-8/3*E(40)^31-4/3*E(40)^32+4/3*E(40)^37-8/3*E(40)^39, -2/3*E(40)^7-4/3*E(40)^8+2/3*E(40)^13-8/3*E(40)^16+5/3*E(40)^21-2/3*E(40)^23-8/3*E(40)^24+5/3*E(40)^29-5/3*E(40)^31-4/3*E(40)^32+2/3*E(40)^37-5/3*E(40)^39 ], [ -2/3*E(40)^7-4/3*E(40)^8+2/3*E(40)^13-8/3*E(40)^16+5/3*E(40)^21-2/3*E(40)^23-8/3*E(40)^24+5/3*E(40)^29-5/3*E(40)^31-4/3*E(40)^32+2/3*E(40)^37-5/3*E(40)^39, 4/3*E(40)^7+4/3*E(40)^8-4/3*E(40)^13+10/3*E(40)^16-8/3*E(40)^21+4/3*E(40)^23+10/3*E(40)^24-8/3*E(40)^29+8/3*E(40)^31+4/3*E(40)^32-4/3*E(40)^37+8/3*E(40)^39, 5/3*E(40)^7+7/3*E(40)^8-5/3*E(40)^13+11/3*E(40)^16-8/3*E(40)^21+5/3*E(40)^23+11/3*E(40)^24-8/3*E(40)^29+8/3*E(40)^31+7/3*E(40)^32-5/3*E(40)^37+8/3*E(40)^39, -7/3*E(40)^7-10/3*E(40)^8+7/3*E(40)^13-16/3*E(40)^16+11/3*E(40)^21-7/3*E(40)^23-16/3*E(40)^24+11/3*E(40)^29-11/3*E(40)^31-10/3*E(40)^32+7/3*E(40)^37-11/3*E(40)^39 ], [ -4/3*E(40)^7-4/3*E(40)^8+4/3*E(40)^13-10/3*E(40)^16+8/3*E(40)^21-4/3*E(40)^23-10/3*E(40)^24+8/3*E(40)^29-8/3*E(40)^31-4/3*E(40)^32+4/3*E(40)^37-8/3*E(40)^39, -2/3*E(40)^7-4/3*E(40)^8+2/3*E(40)^13-8/3*E(40)^16+5/3*E(40)^21-2/3*E(40)^23-8/3*E(40)^24+5/3*E(40)^29-5/3*E(40)^31-4/3*E(40)^32+2/3*E(40)^37-5/3*E(40)^39, 7/3*E(40)^7+10/3*E(40)^8-7/3*E(40)^13+16/3*E(40)^16-11/3*E(40)^21+7/3*E(40)^23+16/3*E(40)^24-11/3*E(40)^29+11/3*E(40)^31+10/3*E(40)^32-7/3*E(40)^37+11/3*E(40)^39, 5/3*E(40)^7+7/3*E(40)^8-5/3*E(40)^13+11/3*E(40)^16-8/3*E(40)^21+5/3*E(40)^23+11/3*E(40)^24-8/3*E(40)^29+8/3*E(40)^31+7/3*E(40)^32-5/3*E(40)^37+8/3*E(40)^39 ] ]
  candidate odd: image tuple (1-based indices in V_b) [ 219, 177, 205, 12 ]  Gram-consistent: false
    (i)   traversal of all p face vertices: true
    (ii)  M*M^T = lambda*I: false
    (iii) det M = -592/9*E(40)^7-841/9*E(40)^8+592/9*E(40)^13-2185/9*E(40)^16+1544/9*E(40)^21-592/9*E(40)^23-2185/9*E(40)^24+1544/9*E(40)^29-1544/9*E(40)^31-841/9*E(40)^32+592/9*E(40)^37-1544/9*E(40)^39  sign(det M/lambda^2) = +1
    (iv)  vertex set onto vertex set: false
    (v)   edges/faces/cells onto: false/false/false
    (vi)  M^-1 {S1,S2,X_a} M in Gamma_b: [ false, false, false ]   M {S1,S2,X_b} M^-1 in Gamma_a: [ false, false, false ]
    (vii) conjugated triple orientation in Gamma_b: none  (RepresentativeAction and own conjugator search agree: true; exact equality with same triple: false, with mirror triple: false)
    flag image = intended odd flag: false   (= intended flag with the other cell: false;  image flag orbit: none)
    => candidate odd passes (structure map): false;  represents the odd coset: false
    M = [ [ 2/3*E(40)^7-E(40)^8-2/3*E(40)^13-1/3*E(40)^16-1/2*E(40)^21+2/3*E(40)^23-1/3*E(40)^24-1/2*E(40)^29+1/2*E(40)^31-E(40)^32-2/3*E(40)^37+1/2*E(40)^39, 1/2*E(40)^7-1/6*E(40)^8-1/2*E(40)^13+E(40)^16-7/6*E(40)^21+1/2*E(40)^23+E(40)^24-7/6*E(40)^29+7/6*E(40)^31-1/6*E(40)^32-1/2*E(40)^37+7/6*E(40)^39, -5/3*E(40)^7-1/3*E(40)^8+5/3*E(40)^13-19/6*E(40)^16+8/3*E(40)^21-5/3*E(40)^23-19/6*E(40)^24+8/3*E(40)^29-8/3*E(40)^31-1/3*E(40)^32+5/3*E(40)^37-8/3*E(40)^39, 7/6*E(40)^7+7/6*E(40)^8-7/6*E(40)^13+19/6*E(40)^16-7/3*E(40)^21+7/6*E(40)^23+19/6*E(40)^24-7/3*E(40)^29+7/3*E(40)^31+7/6*E(40)^32-7/6*E(40)^37+7/3*E(40)^39 ], [ 7/3*E(40)^8+7/2*E(40)^16-5/3*E(40)^21+7/2*E(40)^24-5/3*E(40)^29+5/3*E(40)^31+7/3*E(40)^32+5/3*E(40)^39, -1/6*E(40)^7-3/2*E(40)^8+1/6*E(40)^13-13/6*E(40)^16+E(40)^21-1/6*E(40)^23-13/6*E(40)^24+E(40)^29-E(40)^31-3/2*E(40)^32+1/6*E(40)^37-E(40)^39, -4/3*E(40)^7-1/3*E(40)^8+4/3*E(40)^13-7/3*E(40)^16+13/6*E(40)^21-4/3*E(40)^23-7/3*E(40)^24+13/6*E(40)^29-13/6*E(40)^31-1/3*E(40)^32+4/3*E(40)^37-13/6*E(40)^39, -5/6*E(40)^7-7/6*E(40)^8+5/6*E(40)^13-7/3*E(40)^16+11/6*E(40)^21-5/6*E(40)^23-7/3*E(40)^24+11/6*E(40)^29-11/6*E(40)^31-7/6*E(40)^32+5/6*E(40)^37-11/6*E(40)^39 ], [ 1/6*E(40)^7-1/6*E(40)^8-1/6*E(40)^13-5/6*E(40)^16+1/3*E(40)^21+1/6*E(40)^23-5/6*E(40)^24+1/3*E(40)^29-1/3*E(40)^31-1/6*E(40)^32-1/6*E(40)^37-1/3*E(40)^39, 1/3*E(40)^7+1/3*E(40)^8-1/3*E(40)^13-13/6*E(40)^16+4/3*E(40)^21+1/3*E(40)^23-13/6*E(40)^24+4/3*E(40)^29-4/3*E(40)^31+1/3*E(40)^32-1/3*E(40)^37-4/3*E(40)^39, 3/2*E(40)^7+5/2*E(40)^8-3/2*E(40)^13+5*E(40)^16-7/2*E(40)^21+3/2*E(40)^23+5*E(40)^24-7/2*E(40)^29+7/2*E(40)^31+5/2*E(40)^32-3/2*E(40)^37+7/2*E(40)^39, -2*E(40)^7-3*E(40)^8+2*E(40)^13-5*E(40)^16+7/2*E(40)^21-2*E(40)^23-5*E(40)^24+7/2*E(40)^29-7/2*E(40)^31-3*E(40)^32+2*E(40)^37-7/2*E(40)^39 ], [ -7/6*E(40)^7-7/6*E(40)^8+7/6*E(40)^13-11/3*E(40)^16+17/6*E(40)^21-7/6*E(40)^23-11/3*E(40)^24+17/6*E(40)^29-17/6*E(40)^31-7/6*E(40)^32+7/6*E(40)^37-17/6*E(40)^39, 4/3*E(40)^7+5/3*E(40)^8-4/3*E(40)^13+7/3*E(40)^16-11/6*E(40)^21+4/3*E(40)^23+7/3*E(40)^24-11/6*E(40)^29+11/6*E(40)^31+5/3*E(40)^32-4/3*E(40)^37+11/6*E(40)^39, 3/2*E(40)^7+5/2*E(40)^8-3/2*E(40)^13+9/2*E(40)^16-3*E(40)^21+3/2*E(40)^23+9/2*E(40)^24-3*E(40)^29+3*E(40)^31+5/2*E(40)^32-3/2*E(40)^37+3*E(40)^39, 2*E(40)^7+3*E(40)^8-2*E(40)^13+9/2*E(40)^16-3*E(40)^21+2*E(40)^23+9/2*E(40)^24-3*E(40)^29+3*E(40)^31+3*E(40)^32-2*E(40)^37+3*E(40)^39 ] ]
  exhaustive Gram-pruned enumeration [t=82s]
    Gram-consistent ordered 4-tuples: 2880   Gamma_b-orbits: 1   full similarities: 0   det signs: [  ]
    orbit rep tuple [ 1, 133, 38, 25 ]: similarity=false det sign=+1 vertices=true edges=false faces=false cells=false conj=[ true, true, true ][ true, true, true ] orientation=none
  [ok]   each Gamma_b-orbit of anchor tuples has size |Gamma_b| (free action)
  [ok]   the recorded orbits partition the enumerated tuple list
  [ok]   direct recomputation of M*M^T and det M for 206 sampled tuples agrees with orbit representatives
  [ok]   exhaustive similarity count 0 = |Gamma_b| * (number of flag-anchored cosets = 0)
  [ok]   number of similarity orbits found exhaustively = number of flag-anchored cosets
  [ok]   candidate even is not Gram-consistent and does not pass
  [ok]   candidate odd is not Gram-consistent and does not pass
  [ok]   det signs of passing candidates = det signs found exhaustively
  => EXHAUSTIVE PROOF: no similarity of E^4 carries realisation L3-{5,3,5/2}-3 onto L3-{5,3,5/2}-4 (no Gram-consistent tuple yields a structure map).

== pair (L3-{5,3,5/2}-4 -> L3-{5,3,5/2}-4)  f-vector (240,480,120,20)  |Gamma_a|=2880 |Gamma_b|=2880 [t=84s]
  lambda = |w_b|^2/|w_a|^2 = 1  (~1.)
  candidate even: image tuple (1-based indices in V_b) [ 219, 179, 51, 16 ]  Gram-consistent: true
    (i)   traversal of all p face vertices: true
    (ii)  M*M^T = lambda*I: true
    (iii) det M = 1  sign(det M/lambda^2) = +1
    (iv)  vertex set onto vertex set: true
    (v)   edges/faces/cells onto: true/true/true
    (vi)  M^-1 {S1,S2,X_a} M in Gamma_b: [ true, true, true ]   M {S1,S2,X_b} M^-1 in Gamma_a: [ true, true, true ]
    (vii) conjugated triple orientation in Gamma_b: same  (RepresentativeAction and own conjugator search agree: true; exact equality with same triple: true, with mirror triple: false)
    flag image = intended even flag: true   (= intended flag with the other cell: false;  image flag orbit: even)
    => candidate even passes (structure map): true;  represents the even coset: true
    M = [ [ 1, 0, 0, 0 ], [ 0, 1, 0, 0 ], [ 0, 0, 1, 0 ], [ 0, 0, 0, 1 ] ]
  [ok]   orientation test: RepresentativeAction agrees with independent conjugator search
  [ok]   conjugated triple is not simultaneously conjugate to the same and the mirror triple (abstract chirality)
  [ok]   passing even candidate maps the base flag of a to the intended flag of b or to the intended flag with the other cell
  [ok]   image flag orbit is even iff (even candidate and intended flag) or (odd candidate and other cell)
  [ok]   even candidate with even image orbit: conjugated triple is Gamma_b-conjugate to (S1,S2,X_b)
  [ok]   even candidate hitting the base flag: conjugated triple equals (S1,S2,X_b) exactly (free flag action)
  candidate odd: image tuple (1-based indices in V_b) [ 219, 177, 205, 12 ]  Gram-consistent: true
    (i)   traversal of all p face vertices: true
    (ii)  M*M^T = lambda*I: true
    (iii) det M = 1  sign(det M/lambda^2) = +1
    (iv)  vertex set onto vertex set: true
    (v)   edges/faces/cells onto: true/true/true
    (vi)  M^-1 {S1,S2,X_a} M in Gamma_b: [ true, true, true ]   M {S1,S2,X_b} M^-1 in Gamma_a: [ true, true, true ]
    (vii) conjugated triple orientation in Gamma_b: same  (RepresentativeAction and own conjugator search agree: true; exact equality with same triple: false, with mirror triple: false)
    flag image = intended odd flag: false   (= intended flag with the other cell: true;  image flag orbit: even)
    => candidate odd passes (structure map): true;  represents the odd coset: false
    M = [ [ 1/3*E(40)^7-1/3*E(40)^8-1/3*E(40)^13-1/3*E(40)^16-1/6*E(40)^21+1/3*E(40)^23-1/3*E(40)^24-1/6*E(40)^29+1/6*E(40)^31-1/3*E(40)^32-1/3*E(40)^37+1/6*E(40)^39, -1/6*E(40)^7-1/6*E(40)^8+1/6*E(40)^13-1/3*E(40)^16+1/6*E(40)^21-1/6*E(40)^23-1/3*E(40)^24+1/6*E(40)^29-1/6*E(40)^31-1/6*E(40)^32+1/6*E(40)^37-1/6*E(40)^39, 1/3*E(40)^7+1/3*E(40)^8-1/3*E(40)^13+1/6*E(40)^16-1/3*E(40)^21+1/3*E(40)^23+1/6*E(40)^24-1/3*E(40)^29+1/3*E(40)^31+1/3*E(40)^32-1/3*E(40)^37+1/3*E(40)^39, 1/6*E(40)^7-1/6*E(40)^8-1/6*E(40)^13-1/6*E(40)^16-1/3*E(40)^21+1/6*E(40)^23-1/6*E(40)^24-1/3*E(40)^29+1/3*E(40)^31-1/6*E(40)^32-1/6*E(40)^37+1/3*E(40)^39 ], [ 1/3*E(40)^7+1/3*E(40)^8-1/3*E(40)^13+1/6*E(40)^16-1/3*E(40)^21+1/3*E(40)^23+1/6*E(40)^24-1/3*E(40)^29+1/3*E(40)^31+1/3*E(40)^32-1/3*E(40)^37+1/3*E(40)^39, 1/6*E(40)^7-1/6*E(40)^8-1/6*E(40)^13-1/6*E(40)^16-1/3*E(40)^21+1/6*E(40)^23-1/6*E(40)^24-1/3*E(40)^29+1/3*E(40)^31-1/6*E(40)^32-1/6*E(40)^37+1/3*E(40)^39, -1/3*E(40)^7+1/3*E(40)^8+1/3*E(40)^13+1/3*E(40)^16+1/6*E(40)^21-1/3*E(40)^23+1/3*E(40)^24+1/6*E(40)^29-1/6*E(40)^31+1/3*E(40)^32+1/3*E(40)^37-1/6*E(40)^39, 1/6*E(40)^7+1/6*E(40)^8-1/6*E(40)^13+1/3*E(40)^16-1/6*E(40)^21+1/6*E(40)^23+1/3*E(40)^24-1/6*E(40)^29+1/6*E(40)^31+1/6*E(40)^32-1/6*E(40)^37+1/6*E(40)^39 ], [ 1/6*E(40)^7-1/6*E(40)^8-1/6*E(40)^13-1/6*E(40)^16-1/3*E(40)^21+1/6*E(40)^23-1/6*E(40)^24-1/3*E(40)^29+1/3*E(40)^31-1/6*E(40)^32-1/6*E(40)^37+1/3*E(40)^39, -1/3*E(40)^7-1/3*E(40)^8+1/3*E(40)^13-1/6*E(40)^16+1/3*E(40)^21-1/3*E(40)^23-1/6*E(40)^24+1/3*E(40)^29-1/3*E(40)^31-1/3*E(40)^32+1/3*E(40)^37-1/3*E(40)^39, -1/6*E(40)^7-1/6*E(40)^8+1/6*E(40)^13-1/3*E(40)^16+1/6*E(40)^21-1/6*E(40)^23-1/3*E(40)^24+1/6*E(40)^29-1/6*E(40)^31-1/6*E(40)^32+1/6*E(40)^37-1/6*E(40)^39, -1/3*E(40)^7+1/3*E(40)^8+1/3*E(40)^13+1/3*E(40)^16+1/6*E(40)^21-1/3*E(40)^23+1/3*E(40)^24+1/6*E(40)^29-1/6*E(40)^31+1/3*E(40)^32+1/3*E(40)^37-1/6*E(40)^39 ], [ 1/6*E(40)^7+1/6*E(40)^8-1/6*E(40)^13+1/3*E(40)^16-1/6*E(40)^21+1/6*E(40)^23+1/3*E(40)^24-1/6*E(40)^29+1/6*E(40)^31+1/6*E(40)^32-1/6*E(40)^37+1/6*E(40)^39, 1/3*E(40)^7-1/3*E(40)^8-1/3*E(40)^13-1/3*E(40)^16-1/6*E(40)^21+1/3*E(40)^23-1/3*E(40)^24-1/6*E(40)^29+1/6*E(40)^31-1/3*E(40)^32-1/3*E(40)^37+1/6*E(40)^39, 1/6*E(40)^7-1/6*E(40)^8-1/6*E(40)^13-1/6*E(40)^16-1/3*E(40)^21+1/6*E(40)^23-1/6*E(40)^24-1/3*E(40)^29+1/3*E(40)^31-1/6*E(40)^32-1/6*E(40)^37+1/3*E(40)^39, -1/3*E(40)^7-1/3*E(40)^8+1/3*E(40)^13-1/6*E(40)^16+1/3*E(40)^21-1/3*E(40)^23-1/6*E(40)^24+1/3*E(40)^29-1/3*E(40)^31-1/3*E(40)^32+1/3*E(40)^37-1/3*E(40)^39 ] ]
  [ok]   orientation test: RepresentativeAction agrees with independent conjugator search
  [ok]   conjugated triple is not simultaneously conjugate to the same and the mirror triple (abstract chirality)
  [ok]   passing odd candidate maps the base flag of a to the intended flag of b or to the intended flag with the other cell
  [ok]   image flag orbit is even iff (even candidate and intended flag) or (odd candidate and other cell)
  [ok]   odd candidate with even image orbit: conjugated triple is Gamma_b-conjugate to (S1,S2,X_b)
  [ok]   both candidates pass but only one hits its intended flag: M_even^-1 M_odd lies in Gamma_b (same coset)
  [ok]   at least one of the two passing candidates hits its intended flag
  a = b: the odd candidate passes but maps the base flag to (Phi^2)^3 (even orbit): it is an element of Gamma, not an extra symmetry; no similarity maps the base flag to its 2-adjacent flag: geometrically chiral (symmetry group = Gamma)
  [ok]   a = b: the even candidate (identity) passes and fixes the base flag
  [ok]   a = b: the even candidate matrix is the identity
  exhaustive Gram-pruned enumeration [t=84s]
    Gram-consistent ordered 4-tuples: 2880   Gamma_b-orbits: 1   full similarities: 2880   det signs: [ "+1" ]
    orbit rep tuple [ 1, 94, 90, 104 ]: similarity=true det sign=+1 vertices=true edges=true faces=true cells=true conj=[ true, true, true ][ true, true, true ] orientation=same
  [ok]   each Gamma_b-orbit of anchor tuples has size |Gamma_b| (free action)
  [ok]   the recorded orbits partition the enumerated tuple list
  [ok]   direct recomputation of M*M^T and det M for 206 sampled tuples agrees with orbit representatives
  [ok]   exhaustive similarity count 2880 = |Gamma_b| * (number of flag-anchored cosets = 1)
  [ok]   number of similarity orbits found exhaustively = number of flag-anchored cosets
  [ok]   candidate even tuple is enumerated and its orbit verdict matches the candidate verdict
  [ok]   candidate odd tuple is enumerated and its orbit verdict matches the candidate verdict
  [ok]   det signs of passing candidates = det signs found exhaustively
  => 2880 similarities L3-{5,3,5/2}-4 -> L3-{5,3,5/2}-4 (1 Gamma_b-coset(s)), lambda = 1, det signs [ "+1" ]
pair (L3-{5,3,5/2}-5 -> L3-{5,3,5/2}-4): inequivalent: different f-vector (48,144,48,8) vs (240,480,120,20)
pair (L3-{5,3,5/2}-6 -> L3-{5,3,5/2}-4): inequivalent: different f-vector (48,144,48,8) vs (240,480,120,20)
pair (L3-{5,3,5/2}-7 -> L3-{5,3,5/2}-4): inequivalent: different f-vector (48,144,48,8) vs (240,480,120,20)
pair (L3-{5,3,5/2}-8 -> L3-{5,3,5/2}-4): inequivalent: different f-vector (48,144,48,8) vs (240,480,120,20)
pair (L3-{5,3,5/2}-9 -> L3-{5,3,5/2}-4): inequivalent: different f-vector (120,720,300,50) vs (240,480,120,20)
pair (L3-{5,3,5/2}-10 -> L3-{5,3,5/2}-4): inequivalent: different f-vector (120,720,300,50) vs (240,480,120,20)
pair (L3-{5,3,5/2}-11 -> L3-{5,3,5/2}-4): inequivalent: different f-vector (120,720,300,50) vs (240,480,120,20)
pair (L3-{5,3,5/2}-12 -> L3-{5,3,5/2}-4): inequivalent: different f-vector (120,720,300,50) vs (240,480,120,20)
pair (L3-{5,3,5/2}-13 -> L3-{5,3,5/2}-4): inequivalent: different f-vector (120,720,300,50) vs (240,480,120,20)
pair (L3-{5,3,5/2}-14 -> L3-{5,3,5/2}-4): inequivalent: different f-vector (120,720,300,50) vs (240,480,120,20)
pair (L3-{5,3,5/2}-15 -> L3-{5,3,5/2}-4): inequivalent: different f-vector (120,720,300,50) vs (240,480,120,20)
pair (L3-{5,3,5/2}-16 -> L3-{5,3,5/2}-4): inequivalent: different f-vector (120,720,300,50) vs (240,480,120,20)
pair (L3-{3,3,5/2}-1 -> L3-{5,3,5/2}-4): inequivalent: different f-vector (600,1200,120,5) vs (240,480,120,20)
pair (L3-{3,3,5/2}-4 -> L3-{5,3,5/2}-4): inequivalent: different f-vector (600,1200,120,5) vs (240,480,120,20)

#### target b = L3-{5,3,5/2}-5   computing Gram matrix of V_b [t=86s]
  [ok]   Gram diagonal constant = |w_b|^2
pair (L3-{4,3,3}-1 -> L3-{5,3,5/2}-5): inequivalent: different f-vector (16,32,12,4) vs (48,144,48,8)
pair (L3-{4,3,3}-2 -> L3-{5,3,5/2}-5): inequivalent: different f-vector (16,32,12,4) vs (48,144,48,8)
pair (L3-{4,3,3}-3 -> L3-{5,3,5/2}-5): inequivalent: different f-vector (16,32,12,4) vs (48,144,48,8)
pair (L3-{4,3,3}-6 -> L3-{5,3,5/2}-5): inequivalent: different f-vector (16,32,12,4) vs (48,144,48,8)
pair (L3-{5,3,3}-3 -> L3-{5,3,5/2}-5): inequivalent: different f-vector (600,1200,120,5) vs (48,144,48,8)
pair (L3-{5,3,3}-8 -> L3-{5,3,5/2}-5): inequivalent: different f-vector (600,1200,120,5) vs (48,144,48,8)
pair (L3-{5,3,5/2}-1 -> L3-{5,3,5/2}-5): inequivalent: different f-vector (240,480,120,20) vs (48,144,48,8)
pair (L3-{5,3,5/2}-2 -> L3-{5,3,5/2}-5): inequivalent: different f-vector (240,480,120,20) vs (48,144,48,8)
pair (L3-{5,3,5/2}-3 -> L3-{5,3,5/2}-5): inequivalent: different f-vector (240,480,120,20) vs (48,144,48,8)
pair (L3-{5,3,5/2}-4 -> L3-{5,3,5/2}-5): inequivalent: different f-vector (240,480,120,20) vs (48,144,48,8)

== pair (L3-{5,3,5/2}-5 -> L3-{5,3,5/2}-5)  f-vector (48,144,48,8)  |Gamma_a|=1152 |Gamma_b|=1152 [t=86s]
  lambda = |w_b|^2/|w_a|^2 = 1  (~1.)
  candidate even: image tuple (1-based indices in V_b) [ 27, 15, 10, 3 ]  Gram-consistent: true
    (i)   traversal of all p face vertices: true
    (ii)  M*M^T = lambda*I: true
    (iii) det M = 1  sign(det M/lambda^2) = +1
    (iv)  vertex set onto vertex set: true
    (v)   edges/faces/cells onto: true/true/true
    (vi)  M^-1 {S1,S2,X_a} M in Gamma_b: [ true, true, true ]   M {S1,S2,X_b} M^-1 in Gamma_a: [ true, true, true ]
    (vii) conjugated triple orientation in Gamma_b: same  (RepresentativeAction and own conjugator search agree: true; exact equality with same triple: true, with mirror triple: false)
    flag image = intended even flag: true   (= intended flag with the other cell: false;  image flag orbit: even)
    => candidate even passes (structure map): true;  represents the even coset: true
    M = [ [ 1, 0, 0, 0 ], [ 0, 1, 0, 0 ], [ 0, 0, 1, 0 ], [ 0, 0, 0, 1 ] ]
  [ok]   orientation test: RepresentativeAction agrees with independent conjugator search
  [ok]   conjugated triple is not simultaneously conjugate to the same and the mirror triple (abstract chirality)
  [ok]   passing even candidate maps the base flag of a to the intended flag of b or to the intended flag with the other cell
  [ok]   image flag orbit is even iff (even candidate and intended flag) or (odd candidate and other cell)
  [ok]   even candidate with even image orbit: conjugated triple is Gamma_b-conjugate to (S1,S2,X_b)
  [ok]   even candidate hitting the base flag: conjugated triple equals (S1,S2,X_b) exactly (free flag action)
  candidate odd: image tuple (1-based indices in V_b) [ 27, 16, 25, 5 ]  Gram-consistent: true
    (i)   traversal of all p face vertices: true
    (ii)  M*M^T = lambda*I: true
    (iii) det M = 1  sign(det M/lambda^2) = +1
    (iv)  vertex set onto vertex set: true
    (v)   edges/faces/cells onto: true/true/true
    (vi)  M^-1 {S1,S2,X_a} M in Gamma_b: [ true, true, true ]   M {S1,S2,X_b} M^-1 in Gamma_a: [ true, true, true ]
    (vii) conjugated triple orientation in Gamma_b: same  (RepresentativeAction and own conjugator search agree: true; exact equality with same triple: false, with mirror triple: false)
    flag image = intended odd flag: false   (= intended flag with the other cell: true;  image flag orbit: even)
    => candidate odd passes (structure map): true;  represents the odd coset: false
    M = [ [ -1/12*E(40)^7-2/3*E(40)^8+1/12*E(40)^13-2/3*E(40)^16-1/12*E(40)^21-1/12*E(40)^23-2/3*E(40)^24-1/12*E(40)^29+1/12*E(40)^31-2/3*E(40)^32+1/12*E(40)^37+1/12*E(40)^39, 1/6*E(40)^7+1/6*E(40)^8-1/6*E(40)^13+1/3*E(40)^16-1/6*E(40)^21+1/6*E(40)^23+1/3*E(40)^24-1/6*E(40)^29+1/6*E(40)^31+1/6*E(40)^32-1/6*E(40)^37+1/6*E(40)^39, -1/6*E(40)^7+1/3*E(40)^8+1/6*E(40)^13+1/6*E(40)^16-1/12*E(40)^21-1/6*E(40)^23+1/6*E(40)^24-1/12*E(40)^29+1/12*E(40)^31+1/3*E(40)^32+1/6*E(40)^37+1/12*E(40)^39, -1/12*E(40)^7-1/6*E(40)^8+1/12*E(40)^13-1/6*E(40)^16+1/6*E(40)^21-1/12*E(40)^23-1/6*E(40)^24+1/6*E(40)^29-1/6*E(40)^31-1/6*E(40)^32+1/12*E(40)^37-1/6*E(40)^39 ], [ -1/3*E(40)^7+1/6*E(40)^8+1/3*E(40)^13-1/6*E(40)^16+1/3*E(40)^21-1/3*E(40)^23-1/6*E(40)^24+1/3*E(40)^29-1/3*E(40)^31+1/6*E(40)^32+1/3*E(40)^37-1/3*E(40)^39, 1/12*E(40)^7-1/3*E(40)^8-1/12*E(40)^13-1/3*E(40)^16-1/6*E(40)^21+1/12*E(40)^23-1/3*E(40)^24-1/6*E(40)^29+1/6*E(40)^31-1/3*E(40)^32-1/12*E(40)^37+1/6*E(40)^39, 1/6*E(40)^7+1/3*E(40)^8-1/6*E(40)^13-1/6*E(40)^16-1/12*E(40)^21+1/6*E(40)^23-1/6*E(40)^24-1/12*E(40)^29+1/12*E(40)^31+1/3*E(40)^32-1/6*E(40)^37+1/12*E(40)^39, -1/12*E(40)^7+1/6*E(40)^8+1/12*E(40)^13+1/3*E(40)^16+1/12*E(40)^21-1/12*E(40)^23+1/3*E(40)^24+1/12*E(40)^29-1/12*E(40)^31+1/6*E(40)^32+1/12*E(40)^37-1/12*E(40)^39 ], [ -1/6*E(40)^8-1/12*E(40)^21-1/12*E(40)^29+1/12*E(40)^31-1/6*E(40)^32+1/12*E(40)^39, 1/6*E(40)^7-1/2*E(40)^8-1/6*E(40)^13-1/6*E(40)^16-1/4*E(40)^21+1/6*E(40)^23-1/6*E(40)^24-1/4*E(40)^29+1/4*E(40)^31-1/2*E(40)^32-1/6*E(40)^37+1/4*E(40)^39, -1/3*E(40)^8-1/2*E(40)^16+1/12*E(40)^21-1/2*E(40)^24+1/12*E(40)^29-1/12*E(40)^31-1/3*E(40)^32-1/12*E(40)^39, 1/3*E(40)^7-1/3*E(40)^13-1/3*E(40)^16-1/4*E(40)^21+1/3*E(40)^23-1/3*E(40)^24-1/4*E(40)^29+1/4*E(40)^31-1/3*E(40)^37+1/4*E(40)^39 ], [ -1/12*E(40)^7+1/12*E(40)^13-1/6*E(40)^16-1/12*E(40)^23-1/6*E(40)^24+1/12*E(40)^37, -1/4*E(40)^7-1/3*E(40)^8+1/4*E(40)^13-1/2*E(40)^16+1/12*E(40)^21-1/4*E(40)^23-1/2*E(40)^24+1/12*E(40)^29-1/12*E(40)^31-1/3*E(40)^32+1/4*E(40)^37-1/12*E(40)^39, -1/6*E(40)^7+1/6*E(40)^13+1/6*E(40)^16+1/4*E(40)^21-1/6*E(40)^23+1/6*E(40)^24+1/4*E(40)^29-1/4*E(40)^31+1/6*E(40)^37-1/4*E(40)^39, -2/3*E(40)^8-1/2*E(40)^16+1/6*E(40)^21-1/2*E(40)^24+1/6*E(40)^29-1/6*E(40)^31-2/3*E(40)^32-1/6*E(40)^39 ] ]
  [ok]   orientation test: RepresentativeAction agrees with independent conjugator search
  [ok]   conjugated triple is not simultaneously conjugate to the same and the mirror triple (abstract chirality)
  [ok]   passing odd candidate maps the base flag of a to the intended flag of b or to the intended flag with the other cell
  [ok]   image flag orbit is even iff (even candidate and intended flag) or (odd candidate and other cell)
  [ok]   odd candidate with even image orbit: conjugated triple is Gamma_b-conjugate to (S1,S2,X_b)
  [ok]   both candidates pass but only one hits its intended flag: M_even^-1 M_odd lies in Gamma_b (same coset)
  [ok]   at least one of the two passing candidates hits its intended flag
  a = b: the odd candidate passes but maps the base flag to (Phi^2)^3 (even orbit): it is an element of Gamma, not an extra symmetry; no similarity maps the base flag to its 2-adjacent flag: geometrically chiral (symmetry group = Gamma)
  [ok]   a = b: the even candidate (identity) passes and fixes the base flag
  [ok]   a = b: the even candidate matrix is the identity
  exhaustive Gram-pruned enumeration [t=86s]
    Gram-consistent ordered 4-tuples: 2304   Gamma_b-orbits: 2   full similarities: 1152   det signs: [ "+1" ]
    orbit rep tuple [ 1, 7, 2, 22 ]: similarity=false det sign=-1 vertices=true edges=true faces=false cells=false conj=[ true, true, true ][ true, true, true ] orientation=none
    orbit rep tuple [ 1, 7, 2, 36 ]: similarity=true det sign=+1 vertices=true edges=true faces=true cells=true conj=[ true, true, true ][ true, true, true ] orientation=same
  [ok]   each Gamma_b-orbit of anchor tuples has size |Gamma_b| (free action)
  [ok]   the recorded orbits partition the enumerated tuple list
  [ok]   direct recomputation of M*M^T and det M for 210 sampled tuples agrees with orbit representatives
  [ok]   exhaustive similarity count 1152 = |Gamma_b| * (number of flag-anchored cosets = 1)
  [ok]   number of similarity orbits found exhaustively = number of flag-anchored cosets
  [ok]   candidate even tuple is enumerated and its orbit verdict matches the candidate verdict
  [ok]   candidate odd tuple is enumerated and its orbit verdict matches the candidate verdict
  [ok]   det signs of passing candidates = det signs found exhaustively
  => 1152 similarities L3-{5,3,5/2}-5 -> L3-{5,3,5/2}-5 (1 Gamma_b-coset(s)), lambda = 1, det signs [ "+1" ]

== pair (L3-{5,3,5/2}-6 -> L3-{5,3,5/2}-5)  f-vector (48,144,48,8)  |Gamma_a|=1152 |Gamma_b|=1152 [t=88s]
  lambda = |w_b|^2/|w_a|^2 = -8/3*E(40)^7-13/3*E(40)^8+8/3*E(40)^13-29/3*E(40)^16+20/3*E(40)^21-8/3*E(40)^23-29/3*E(40)^24+20/3*E(40)^29-20/3*E(40)^31-13/3*E(40)^32+8/3*E(40)^37-20/3*E(40)^39  (~0.03862932858823598)
  candidate even: image tuple (1-based indices in V_b) [ 27, 15, 10, 3 ]  Gram-consistent: false
    (i)   traversal of all p face vertices: true
    (ii)  M*M^T = lambda*I: false
    (iii) det M = -592/9*E(40)^7-841/9*E(40)^8+592/9*E(40)^13-2185/9*E(40)^16+1544/9*E(40)^21-592/9*E(40)^23-2185/9*E(40)^24+1544/9*E(40)^29-1544/9*E(40)^31-841/9*E(40)^32+592/9*E(40)^37-1544/9*E(40)^39  sign(det M/lambda^2) = +1
    (iv)  vertex set onto vertex set: false
    (v)   edges/faces/cells onto: false/false/false
    (vi)  M^-1 {S1,S2,X_a} M in Gamma_b: [ false, false, false ]   M {S1,S2,X_b} M^-1 in Gamma_a: [ false, false, false ]
    (vii) conjugated triple orientation in Gamma_b: none  (RepresentativeAction and own conjugator search agree: true; exact equality with same triple: false, with mirror triple: false)
    flag image = intended even flag: false   (= intended flag with the other cell: false;  image flag orbit: none)
    => candidate even passes (structure map): false;  represents the even coset: false
    M = [ [ -1/3*E(40)^7-2/3*E(40)^8+1/3*E(40)^13+2/3*E(40)^16-2/3*E(40)^21-1/3*E(40)^23+2/3*E(40)^24-2/3*E(40)^29+2/3*E(40)^31-2/3*E(40)^32+1/3*E(40)^37+2/3*E(40)^39, -1/3*E(40)^7-1/3*E(40)^8+1/3*E(40)^13+2/3*E(40)^16-1/3*E(40)^21-1/3*E(40)^23+2/3*E(40)^24-1/3*E(40)^29+1/3*E(40)^31-1/3*E(40)^32+1/3*E(40)^37+1/3*E(40)^39, -2/3*E(40)^7-4/3*E(40)^8+2/3*E(40)^13-8/3*E(40)^16+5/3*E(40)^21-2/3*E(40)^23-8/3*E(40)^24+5/3*E(40)^29-5/3*E(40)^31-4/3*E(40)^32+2/3*E(40)^37-5/3*E(40)^39, -2/3*E(40)^7-2/3*E(40)^8+2/3*E(40)^13-5/3*E(40)^16+4/3*E(40)^21-2/3*E(40)^23-5/3*E(40)^24+4/3*E(40)^29-4/3*E(40)^31-2/3*E(40)^32+2/3*E(40)^37-4/3*E(40)^39 ], [ 1/3*E(40)^7+1/3*E(40)^8-1/3*E(40)^13-2/3*E(40)^16+1/3*E(40)^21+1/3*E(40)^23-2/3*E(40)^24+1/3*E(40)^29-1/3*E(40)^31+1/3*E(40)^32-1/3*E(40)^37-1/3*E(40)^39, -1/3*E(40)^7-2/3*E(40)^8+1/3*E(40)^13+2/3*E(40)^16-2/3*E(40)^21-1/3*E(40)^23+2/3*E(40)^24-2/3*E(40)^29+2/3*E(40)^31-2/3*E(40)^32+1/3*E(40)^37+2/3*E(40)^39, 2/3*E(40)^7+2/3*E(40)^8-2/3*E(40)^13+5/3*E(40)^16-4/3*E(40)^21+2/3*E(40)^23+5/3*E(40)^24-4/3*E(40)^29+4/3*E(40)^31+2/3*E(40)^32-2/3*E(40)^37+4/3*E(40)^39, -2/3*E(40)^7-4/3*E(40)^8+2/3*E(40)^13-8/3*E(40)^16+5/3*E(40)^21-2/3*E(40)^23-8/3*E(40)^24+5/3*E(40)^29-5/3*E(40)^31-4/3*E(40)^32+2/3*E(40)^37-5/3*E(40)^39 ], [ -2/3*E(40)^7-4/3*E(40)^8+2/3*E(40)^13-8/3*E(40)^16+5/3*E(40)^21-2/3*E(40)^23-8/3*E(40)^24+5/3*E(40)^29-5/3*E(40)^31-4/3*E(40)^32+2/3*E(40)^37-5/3*E(40)^39, -2/3*E(40)^7-2/3*E(40)^8+2/3*E(40)^13-5/3*E(40)^16+4/3*E(40)^21-2/3*E(40)^23-5/3*E(40)^24+4/3*E(40)^29-4/3*E(40)^31-2/3*E(40)^32+2/3*E(40)^37-4/3*E(40)^39, 1/3*E(40)^7+2*E(40)^8-1/3*E(40)^13+10/3*E(40)^16-2*E(40)^21+1/3*E(40)^23+10/3*E(40)^24-2*E(40)^29+2*E(40)^31+2*E(40)^32-1/3*E(40)^37+2*E(40)^39, E(40)^7+1/3*E(40)^8-E(40)^13+2*E(40)^16-5/3*E(40)^21+E(40)^23+2*E(40)^24-5/3*E(40)^29+5/3*E(40)^31+1/3*E(40)^32-E(40)^37+5/3*E(40)^39 ], [ 2/3*E(40)^7+2/3*E(40)^8-2/3*E(40)^13+5/3*E(40)^16-4/3*E(40)^21+2/3*E(40)^23+5/3*E(40)^24-4/3*E(40)^29+4/3*E(40)^31+2/3*E(40)^32-2/3*E(40)^37+4/3*E(40)^39, -2/3*E(40)^7-4/3*E(40)^8+2/3*E(40)^13-8/3*E(40)^16+5/3*E(40)^21-2/3*E(40)^23-8/3*E(40)^24+5/3*E(40)^29-5/3*E(40)^31-4/3*E(40)^32+2/3*E(40)^37-5/3*E(40)^39, -E(40)^7-1/3*E(40)^8+E(40)^13-2*E(40)^16+5/3*E(40)^21-E(40)^23-2*E(40)^24+5/3*E(40)^29-5/3*E(40)^31-1/3*E(40)^32+E(40)^37-5/3*E(40)^39, 1/3*E(40)^7+2*E(40)^8-1/3*E(40)^13+10/3*E(40)^16-2*E(40)^21+1/3*E(40)^23+10/3*E(40)^24-2*E(40)^29+2*E(40)^31+2*E(40)^32-1/3*E(40)^37+2*E(40)^39 ] ]
  candidate odd: image tuple (1-based indices in V_b) [ 27, 16, 25, 5 ]  Gram-consistent: false
    (i)   traversal of all p face vertices: true
    (ii)  M*M^T = lambda*I: false
    (iii) det M = -592/9*E(40)^7-841/9*E(40)^8+592/9*E(40)^13-2185/9*E(40)^16+1544/9*E(40)^21-592/9*E(40)^23-2185/9*E(40)^24+1544/9*E(40)^29-1544/9*E(40)^31-841/9*E(40)^32+592/9*E(40)^37-1544/9*E(40)^39  sign(det M/lambda^2) = +1
    (iv)  vertex set onto vertex set: false
    (v)   edges/faces/cells onto: false/false/false
    (vi)  M^-1 {S1,S2,X_a} M in Gamma_b: [ false, false, false ]   M {S1,S2,X_b} M^-1 in Gamma_a: [ false, false, false ]
    (vii) conjugated triple orientation in Gamma_b: none  (RepresentativeAction and own conjugator search agree: true; exact equality with same triple: false, with mirror triple: false)
    flag image = intended odd flag: false   (= intended flag with the other cell: false;  image flag orbit: none)
    => candidate odd passes (structure map): false;  represents the odd coset: false
    M = [ [ -1/4*E(40)^7-2/3*E(40)^8+1/4*E(40)^13+E(40)^16-11/12*E(40)^21-1/4*E(40)^23+E(40)^24-11/12*E(40)^29+11/12*E(40)^31-2/3*E(40)^32+1/4*E(40)^37+11/12*E(40)^39, -1/6*E(40)^7-1/2*E(40)^8+1/6*E(40)^13-2/3*E(40)^16+1/2*E(40)^21-1/6*E(40)^23-2/3*E(40)^24+1/2*E(40)^29-1/2*E(40)^31-1/2*E(40)^32+1/6*E(40)^37-1/2*E(40)^39, -1/6*E(40)^7-1/3*E(40)^8+1/6*E(40)^13-13/6*E(40)^16+17/12*E(40)^21-1/6*E(40)^23-13/6*E(40)^24+17/12*E(40)^29-17/12*E(40)^31-1/3*E(40)^32+1/6*E(40)^37-17/12*E(40)^39, -7/12*E(40)^7-5/6*E(40)^8+7/12*E(40)^13-11/6*E(40)^16+7/6*E(40)^21-7/12*E(40)^23-11/6*E(40)^24+7/6*E(40)^29-7/6*E(40)^31-5/6*E(40)^32+7/12*E(40)^37-7/6*E(40)^39 ], [ 1/3*E(40)^7+1/2*E(40)^8-1/3*E(40)^13-1/6*E(40)^16+1/3*E(40)^23-1/6*E(40)^24+1/2*E(40)^32-1/3*E(40)^37, -3/4*E(40)^7-4/3*E(40)^8+3/4*E(40)^13-2*E(40)^16+7/6*E(40)^21-3/4*E(40)^23-2*E(40)^24+7/6*E(40)^29-7/6*E(40)^31-4/3*E(40)^32+3/4*E(40)^37-7/6*E(40)^39, 7/6*E(40)^7+5/3*E(40)^8-7/6*E(40)^13+13/6*E(40)^16-19/12*E(40)^21+7/6*E(40)^23+13/6*E(40)^24-19/12*E(40)^29+19/12*E(40)^31+5/3*E(40)^32-7/6*E(40)^37+19/12*E(40)^39, -7/12*E(40)^7-7/6*E(40)^8+7/12*E(40)^13-7/3*E(40)^16+19/12*E(40)^21-7/12*E(40)^23-7/3*E(40)^24+19/12*E(40)^29-19/12*E(40)^31-7/6*E(40)^32+7/12*E(40)^37-19/12*E(40)^39 ], [ -E(40)^7-7/6*E(40)^8+E(40)^13-3*E(40)^16+25/12*E(40)^21-E(40)^23-3*E(40)^24+25/12*E(40)^29-25/12*E(40)^31-7/6*E(40)^32+E(40)^37-25/12*E(40)^39, -1/6*E(40)^7+3/2*E(40)^8+1/6*E(40)^13+11/6*E(40)^16-3/4*E(40)^21-1/6*E(40)^23+11/6*E(40)^24-3/4*E(40)^29+3/4*E(40)^31+3/2*E(40)^32+1/6*E(40)^37+3/4*E(40)^39, 2/3*E(40)^7+5/3*E(40)^8-2/3*E(40)^13+19/6*E(40)^16-25/12*E(40)^21+2/3*E(40)^23+19/6*E(40)^24-25/12*E(40)^29+25/12*E(40)^31+5/3*E(40)^32-2/3*E(40)^37+25/12*E(40)^39, 2/3*E(40)^7+1/3*E(40)^8-2/3*E(40)^13+5/3*E(40)^16-17/12*E(40)^21+2/3*E(40)^23+5/3*E(40)^24-17/12*E(40)^29+17/12*E(40)^31+1/3*E(40)^32-2/3*E(40)^37+17/12*E(40)^39 ], [ 1/12*E(40)^7-1/12*E(40)^13-1/6*E(40)^16+1/12*E(40)^23-1/6*E(40)^24-1/12*E(40)^37, 1/4*E(40)^7+2/3*E(40)^8-1/4*E(40)^13+3/2*E(40)^16-13/12*E(40)^21+1/4*E(40)^23+3/2*E(40)^24-13/12*E(40)^29+13/12*E(40)^31+2/3*E(40)^32-1/4*E(40)^37+13/12*E(40)^39, -5/6*E(40)^7-2/3*E(40)^8+5/6*E(40)^13-17/6*E(40)^16+25/12*E(40)^21-5/6*E(40)^23-17/6*E(40)^24+25/12*E(40)^29-25/12*E(40)^31-2/3*E(40)^32+5/6*E(40)^37-25/12*E(40)^39, 1/3*E(40)^7+7/3*E(40)^8-1/3*E(40)^13+23/6*E(40)^16-13/6*E(40)^21+1/3*E(40)^23+23/6*E(40)^24-13/6*E(40)^29+13/6*E(40)^31+7/3*E(40)^32-1/3*E(40)^37+13/6*E(40)^39 ] ]
  exhaustive Gram-pruned enumeration [t=88s]
    Gram-consistent ordered 4-tuples: 2304   Gamma_b-orbits: 2   full similarities: 0   det signs: [  ]
    orbit rep tuple [ 1, 9, 3, 22 ]: similarity=false det sign=+1 vertices=true edges=false faces=false cells=false conj=[ true, true, true ][ true, true, true ] orientation=none
    orbit rep tuple [ 1, 9, 3, 36 ]: similarity=false det sign=-1 vertices=true edges=false faces=false cells=false conj=[ true, true, true ][ true, true, true ] orientation=none
  [ok]   each Gamma_b-orbit of anchor tuples has size |Gamma_b| (free action)
  [ok]   the recorded orbits partition the enumerated tuple list
  [ok]   direct recomputation of M*M^T and det M for 210 sampled tuples agrees with orbit representatives
  [ok]   exhaustive similarity count 0 = |Gamma_b| * (number of flag-anchored cosets = 0)
  [ok]   number of similarity orbits found exhaustively = number of flag-anchored cosets
  [ok]   candidate even is not Gram-consistent and does not pass
  [ok]   candidate odd is not Gram-consistent and does not pass
  [ok]   det signs of passing candidates = det signs found exhaustively
  => EXHAUSTIVE PROOF: no similarity of E^4 carries realisation L3-{5,3,5/2}-6 onto L3-{5,3,5/2}-5 (no Gram-consistent tuple yields a structure map).

== pair (L3-{5,3,5/2}-7 -> L3-{5,3,5/2}-5)  f-vector (48,144,48,8)  |Gamma_a|=1152 |Gamma_b|=1152 [t=90s]
  lambda = |w_b|^2/|w_a|^2 = -2*E(40)^7-4*E(40)^8+2*E(40)^13-9*E(40)^16+6*E(40)^21-2*E(40)^23-9*E(40)^24+6*E(40)^29-6*E(40)^31-4*E(40)^32+2*E(40)^37-6*E(40)^39  (~0.1087603739203367)
  candidate even: image tuple (1-based indices in V_b) [ 27, 15, 10, 3 ]  Gram-consistent: false
    (i)   traversal of all p face vertices: true
    (ii)  M*M^T = lambda*I: false
    (iii) det M = -56*E(40)^7-81*E(40)^8+56*E(40)^13-210*E(40)^16+148*E(40)^21-56*E(40)^23-210*E(40)^24+148*E(40)^29-148*E(40)^31-81*E(40)^32+56*E(40)^37-148*E(40)^39  sign(det M/lambda^2) = +1
    (iv)  vertex set onto vertex set: false
    (v)   edges/faces/cells onto: false/false/false
    (vi)  M^-1 {S1,S2,X_a} M in Gamma_b: [ false, false, false ]   M {S1,S2,X_b} M^-1 in Gamma_a: [ false, false, false ]
    (vii) conjugated triple orientation in Gamma_b: none  (RepresentativeAction and own conjugator search agree: true; exact equality with same triple: false, with mirror triple: false)
    flag image = intended even flag: false   (= intended flag with the other cell: false;  image flag orbit: none)
    => candidate even passes (structure map): false;  represents the even coset: false
    M = [ [ -1/2*E(40)^8-2*E(40)^16+E(40)^21-2*E(40)^24+E(40)^29-E(40)^31-1/2*E(40)^32-E(40)^39, 1/2*E(40)^16-1/2*E(40)^21+1/2*E(40)^24-1/2*E(40)^29+1/2*E(40)^31+1/2*E(40)^39, 1/2*E(40)^7+E(40)^8-1/2*E(40)^13+2*E(40)^16-3/2*E(40)^21+1/2*E(40)^23+2*E(40)^24-3/2*E(40)^29+3/2*E(40)^31+E(40)^32-1/2*E(40)^37+3/2*E(40)^39, -1/2*E(40)^7-1/2*E(40)^8+1/2*E(40)^13-3/2*E(40)^16+E(40)^21-1/2*E(40)^23-3/2*E(40)^24+E(40)^29-E(40)^31-1/2*E(40)^32+1/2*E(40)^37-E(40)^39 ], [ -1/2*E(40)^16+1/2*E(40)^21-1/2*E(40)^24+1/2*E(40)^29-1/2*E(40)^31-1/2*E(40)^39, -1/2*E(40)^8-2*E(40)^16+E(40)^21-2*E(40)^24+E(40)^29-E(40)^31-1/2*E(40)^32-E(40)^39, 1/2*E(40)^7+1/2*E(40)^8-1/2*E(40)^13+3/2*E(40)^16-E(40)^21+1/2*E(40)^23+3/2*E(40)^24-E(40)^29+E(40)^31+1/2*E(40)^32-1/2*E(40)^37+E(40)^39, 1/2*E(40)^7+E(40)^8-1/2*E(40)^13+2*E(40)^16-3/2*E(40)^21+1/2*E(40)^23+2*E(40)^24-3/2*E(40)^29+3/2*E(40)^31+E(40)^32-1/2*E(40)^37+3/2*E(40)^39 ], [ 1/2*E(40)^7+E(40)^8-1/2*E(40)^13+2*E(40)^16-3/2*E(40)^21+1/2*E(40)^23+2*E(40)^24-3/2*E(40)^29+3/2*E(40)^31+E(40)^32-1/2*E(40)^37+3/2*E(40)^39, -1/2*E(40)^7-1/2*E(40)^8+1/2*E(40)^13-3/2*E(40)^16+E(40)^21-1/2*E(40)^23-3/2*E(40)^24+E(40)^29-E(40)^31-1/2*E(40)^32+1/2*E(40)^37-E(40)^39, -5/2*E(40)^8-4*E(40)^16+2*E(40)^21-4*E(40)^24+2*E(40)^29-2*E(40)^31-5/2*E(40)^32-2*E(40)^39, E(40)^7-E(40)^13+3/2*E(40)^16-3/2*E(40)^21+E(40)^23+3/2*E(40)^24-3/2*E(40)^29+3/2*E(40)^31-E(40)^37+3/2*E(40)^39 ], [ 1/2*E(40)^7+1/2*E(40)^8-1/2*E(40)^13+3/2*E(40)^16-E(40)^21+1/2*E(40)^23+3/2*E(40)^24-E(40)^29+E(40)^31+1/2*E(40)^32-1/2*E(40)^37+E(40)^39, 1/2*E(40)^7+E(40)^8-1/2*E(40)^13+2*E(40)^16-3/2*E(40)^21+1/2*E(40)^23+2*E(40)^24-3/2*E(40)^29+3/2*E(40)^31+E(40)^32-1/2*E(40)^37+3/2*E(40)^39, -E(40)^7+E(40)^13-3/2*E(40)^16+3/2*E(40)^21-E(40)^23-3/2*E(40)^24+3/2*E(40)^29-3/2*E(40)^31+E(40)^37-3/2*E(40)^39, -5/2*E(40)^8-4*E(40)^16+2*E(40)^21-4*E(40)^24+2*E(40)^29-2*E(40)^31-5/2*E(40)^32-2*E(40)^39 ] ]
  candidate odd: image tuple (1-based indices in V_b) [ 27, 16, 25, 5 ]  Gram-consistent: false
    (i)   traversal of all p face vertices: true
    (ii)  M*M^T = lambda*I: false
    (iii) det M = -56*E(40)^7-81*E(40)^8+56*E(40)^13-210*E(40)^16+148*E(40)^21-56*E(40)^23-210*E(40)^24+148*E(40)^29-148*E(40)^31-81*E(40)^32+56*E(40)^37-148*E(40)^39  sign(det M/lambda^2) = +1
    (iv)  vertex set onto vertex set: false
    (v)   edges/faces/cells onto: false/false/false
    (vi)  M^-1 {S1,S2,X_a} M in Gamma_b: [ false, false, false ]   M {S1,S2,X_b} M^-1 in Gamma_a: [ false, false, false ]
    (vii) conjugated triple orientation in Gamma_b: none  (RepresentativeAction and own conjugator search agree: true; exact equality with same triple: false, with mirror triple: false)
    flag image = intended odd flag: false   (= intended flag with the other cell: false;  image flag orbit: none)
    => candidate odd passes (structure map): false;  represents the odd coset: false
    M = [ [ 1/6*E(40)^7-1/6*E(40)^8-1/6*E(40)^13-7/6*E(40)^16+5/12*E(40)^21+1/6*E(40)^23-7/6*E(40)^24+5/12*E(40)^29-5/12*E(40)^31-1/6*E(40)^32-1/6*E(40)^37-5/12*E(40)^39, -1/3*E(40)^7-1/3*E(40)^8+1/3*E(40)^13-2/3*E(40)^16+1/3*E(40)^21-1/3*E(40)^23-2/3*E(40)^24+1/3*E(40)^29-1/3*E(40)^31-1/3*E(40)^32+1/3*E(40)^37-1/3*E(40)^39, 3/4*E(40)^7+4/3*E(40)^8-3/4*E(40)^13+5/2*E(40)^16-11/6*E(40)^21+3/4*E(40)^23+5/2*E(40)^24-11/6*E(40)^29+11/6*E(40)^31+4/3*E(40)^32-3/4*E(40)^37+11/6*E(40)^39, -7/12*E(40)^7-1/2*E(40)^8+7/12*E(40)^13-5/3*E(40)^16+5/4*E(40)^21-7/12*E(40)^23-5/3*E(40)^24+5/4*E(40)^29-5/4*E(40)^31-1/2*E(40)^32+7/12*E(40)^37-5/4*E(40)^39 ], [ -1/3*E(40)^7-1/3*E(40)^8+1/3*E(40)^13-5/3*E(40)^16+4/3*E(40)^21-1/3*E(40)^23-5/3*E(40)^24+4/3*E(40)^29-4/3*E(40)^31-1/3*E(40)^32+1/3*E(40)^37-4/3*E(40)^39, 7/12*E(40)^7+1/6*E(40)^8-7/12*E(40)^13+2/3*E(40)^16-11/12*E(40)^21+7/12*E(40)^23+2/3*E(40)^24-11/12*E(40)^29+11/12*E(40)^31+1/6*E(40)^32-7/12*E(40)^37+11/12*E(40)^39, -1/12*E(40)^7+1/12*E(40)^13+5/6*E(40)^16-1/2*E(40)^21-1/12*E(40)^23+5/6*E(40)^24-1/2*E(40)^29+1/2*E(40)^31+1/12*E(40)^37+1/2*E(40)^39, 1/2*E(40)^7+7/6*E(40)^8-1/2*E(40)^13+5/2*E(40)^16-17/12*E(40)^21+1/2*E(40)^23+5/2*E(40)^24-17/12*E(40)^29+17/12*E(40)^31+7/6*E(40)^32-1/2*E(40)^37+17/12*E(40)^39 ], [ 5/12*E(40)^7+1/3*E(40)^8-5/12*E(40)^13+5/6*E(40)^16-5/6*E(40)^21+5/12*E(40)^23+5/6*E(40)^24-5/6*E(40)^29+5/6*E(40)^31+1/3*E(40)^32-5/12*E(40)^37+5/6*E(40)^39, 11/12*E(40)^7-1/3*E(40)^8-11/12*E(40)^13+5/6*E(40)^16-7/6*E(40)^21+11/12*E(40)^23+5/6*E(40)^24-7/6*E(40)^29+7/6*E(40)^31-1/3*E(40)^32-11/12*E(40)^37+7/6*E(40)^39, -7/12*E(40)^7-2*E(40)^8+7/12*E(40)^13-25/6*E(40)^16+5/2*E(40)^21-7/12*E(40)^23-25/6*E(40)^24+5/2*E(40)^29-5/2*E(40)^31-2*E(40)^32+7/12*E(40)^37-5/2*E(40)^39, 5/4*E(40)^7-1/3*E(40)^8-5/4*E(40)^13+3/2*E(40)^16-5/3*E(40)^21+5/4*E(40)^23+3/2*E(40)^24-5/3*E(40)^29+5/3*E(40)^31-1/3*E(40)^32-5/4*E(40)^37+5/3*E(40)^39 ], [ 5/12*E(40)^7+7/6*E(40)^8-5/12*E(40)^13+7/3*E(40)^16-17/12*E(40)^21+5/12*E(40)^23+7/3*E(40)^24-17/12*E(40)^29+17/12*E(40)^31+7/6*E(40)^32-5/12*E(40)^37+17/12*E(40)^39, -7/6*E(40)^7+1/6*E(40)^8+7/6*E(40)^13-11/6*E(40)^16+19/12*E(40)^21-7/6*E(40)^23-11/6*E(40)^24+19/12*E(40)^29-19/12*E(40)^31+1/6*E(40)^32+7/6*E(40)^37-19/12*E(40)^39, -3/4*E(40)^7-1/3*E(40)^8+3/4*E(40)^13-3/2*E(40)^16+4/3*E(40)^21-3/4*E(40)^23-3/2*E(40)^24+4/3*E(40)^29-4/3*E(40)^31-1/3*E(40)^32+3/4*E(40)^37-4/3*E(40)^39, -1/6*E(40)^7-2*E(40)^8+1/6*E(40)^13-10/3*E(40)^16+2*E(40)^21-1/6*E(40)^23-10/3*E(40)^24+2*E(40)^29-2*E(40)^31-2*E(40)^32+1/6*E(40)^37-2*E(40)^39 ] ]
  exhaustive Gram-pruned enumeration [t=90s]
    Gram-consistent ordered 4-tuples: 2304   Gamma_b-orbits: 2   full similarities: 0   det signs: [  ]
    orbit rep tuple [ 1, 9, 3, 22 ]: similarity=false det sign=+1 vertices=true edges=false faces=false cells=false conj=[ true, true, true ][ true, true, true ] orientation=none
    orbit rep tuple [ 1, 9, 3, 36 ]: similarity=false det sign=-1 vertices=true edges=false faces=false cells=false conj=[ true, true, true ][ true, true, true ] orientation=none
  [ok]   each Gamma_b-orbit of anchor tuples has size |Gamma_b| (free action)
  [ok]   the recorded orbits partition the enumerated tuple list
  [ok]   direct recomputation of M*M^T and det M for 210 sampled tuples agrees with orbit representatives
  [ok]   exhaustive similarity count 0 = |Gamma_b| * (number of flag-anchored cosets = 0)
  [ok]   number of similarity orbits found exhaustively = number of flag-anchored cosets
  [ok]   candidate even is not Gram-consistent and does not pass
  [ok]   candidate odd is not Gram-consistent and does not pass
  [ok]   det signs of passing candidates = det signs found exhaustively
  => EXHAUSTIVE PROOF: no similarity of E^4 carries realisation L3-{5,3,5/2}-7 onto L3-{5,3,5/2}-5 (no Gram-consistent tuple yields a structure map).

== pair (L3-{5,3,5/2}-8 -> L3-{5,3,5/2}-5)  f-vector (48,144,48,8)  |Gamma_a|=1152 |Gamma_b|=1152 [t=92s]
  lambda = |w_b|^2/|w_a|^2 = -2/3*E(40)^7-4/3*E(40)^8+2/3*E(40)^13-5/3*E(40)^16+2/3*E(40)^21-2/3*E(40)^23-5/3*E(40)^24+2/3*E(40)^29-2/3*E(40)^31-4/3*E(40)^32+2/3*E(40)^37-2/3*E(40)^39  (~0.9298689546679015)
  candidate even: image tuple (1-based indices in V_b) [ 27, 15, 10, 3 ]  Gram-consistent: true
    (i)   traversal of all p face vertices: true
    (ii)  M*M^T = lambda*I: true
    (iii) det M = -16/9*E(40)^7-25/9*E(40)^8+16/9*E(40)^13-34/9*E(40)^16+20/9*E(40)^21-16/9*E(40)^23-34/9*E(40)^24+20/9*E(40)^29-20/9*E(40)^31-25/9*E(40)^32+16/9*E(40)^37-20/9*E(40)^39  sign(det M/lambda^2) = +1
    (iv)  vertex set onto vertex set: true
    (v)   edges/faces/cells onto: true/true/true
    (vi)  M^-1 {S1,S2,X_a} M in Gamma_b: [ true, true, true ]   M {S1,S2,X_b} M^-1 in Gamma_a: [ true, true, true ]
    (vii) conjugated triple orientation in Gamma_b: mirror  (RepresentativeAction and own conjugator search agree: true; exact equality with same triple: false, with mirror triple: false)
    flag image = intended even flag: false   (= intended flag with the other cell: true;  image flag orbit: odd)
    => candidate even passes (structure map): true;  represents the even coset: false
    M = [ [ -1/3*E(40)^7-1/2*E(40)^8+1/3*E(40)^13-1/3*E(40)^16-1/3*E(40)^23-1/3*E(40)^24-1/2*E(40)^32+1/3*E(40)^37, -1/3*E(40)^8-1/2*E(40)^16+1/6*E(40)^21-1/2*E(40)^24+1/6*E(40)^29-1/6*E(40)^31-1/3*E(40)^32-1/6*E(40)^39, -1/6*E(40)^7-1/3*E(40)^8+1/6*E(40)^13-2/3*E(40)^16+1/6*E(40)^21-1/6*E(40)^23-2/3*E(40)^24+1/6*E(40)^29-1/6*E(40)^31-1/3*E(40)^32+1/6*E(40)^37-1/6*E(40)^39, -1/6*E(40)^7-1/6*E(40)^8+1/6*E(40)^13-1/6*E(40)^16+1/3*E(40)^21-1/6*E(40)^23-1/6*E(40)^24+1/3*E(40)^29-1/3*E(40)^31-1/6*E(40)^32+1/6*E(40)^37-1/3*E(40)^39 ], [ 1/3*E(40)^8+1/2*E(40)^16-1/6*E(40)^21+1/2*E(40)^24-1/6*E(40)^29+1/6*E(40)^31+1/3*E(40)^32+1/6*E(40)^39, -1/3*E(40)^7-1/2*E(40)^8+1/3*E(40)^13-1/3*E(40)^16-1/3*E(40)^23-1/3*E(40)^24-1/2*E(40)^32+1/3*E(40)^37, 1/6*E(40)^7+1/6*E(40)^8-1/6*E(40)^13+1/6*E(40)^16-1/3*E(40)^21+1/6*E(40)^23+1/6*E(40)^24-1/3*E(40)^29+1/3*E(40)^31+1/6*E(40)^32-1/6*E(40)^37+1/3*E(40)^39, -1/6*E(40)^7-1/3*E(40)^8+1/6*E(40)^13-2/3*E(40)^16+1/6*E(40)^21-1/6*E(40)^23-2/3*E(40)^24+1/6*E(40)^29-1/6*E(40)^31-1/3*E(40)^32+1/6*E(40)^37-1/6*E(40)^39 ], [ -1/6*E(40)^7-1/3*E(40)^8+1/6*E(40)^13-2/3*E(40)^16+1/6*E(40)^21-1/6*E(40)^23-2/3*E(40)^24+1/6*E(40)^29-1/6*E(40)^31-1/3*E(40)^32+1/6*E(40)^37-1/6*E(40)^39, -1/6*E(40)^7-1/6*E(40)^8+1/6*E(40)^13-1/6*E(40)^16+1/3*E(40)^21-1/6*E(40)^23-1/6*E(40)^24+1/3*E(40)^29-1/3*E(40)^31-1/6*E(40)^32+1/6*E(40)^37-1/3*E(40)^39, 1/3*E(40)^7+1/6*E(40)^8-1/3*E(40)^13+1/3*E(40)^16-1/3*E(40)^21+1/3*E(40)^23+1/3*E(40)^24-1/3*E(40)^29+1/3*E(40)^31+1/6*E(40)^32-1/3*E(40)^37+1/3*E(40)^39, 1/3*E(40)^7+1/3*E(40)^8-1/3*E(40)^13-1/6*E(40)^16-1/6*E(40)^21+1/3*E(40)^23-1/6*E(40)^24-1/6*E(40)^29+1/6*E(40)^31+1/3*E(40)^32-1/3*E(40)^37+1/6*E(40)^39 ], [ 1/6*E(40)^7+1/6*E(40)^8-1/6*E(40)^13+1/6*E(40)^16-1/3*E(40)^21+1/6*E(40)^23+1/6*E(40)^24-1/3*E(40)^29+1/3*E(40)^31+1/6*E(40)^32-1/6*E(40)^37+1/3*E(40)^39, -1/6*E(40)^7-1/3*E(40)^8+1/6*E(40)^13-2/3*E(40)^16+1/6*E(40)^21-1/6*E(40)^23-2/3*E(40)^24+1/6*E(40)^29-1/6*E(40)^31-1/3*E(40)^32+1/6*E(40)^37-1/6*E(40)^39, -1/3*E(40)^7-1/3*E(40)^8+1/3*E(40)^13+1/6*E(40)^16+1/6*E(40)^21-1/3*E(40)^23+1/6*E(40)^24+1/6*E(40)^29-1/6*E(40)^31-1/3*E(40)^32+1/3*E(40)^37-1/6*E(40)^39, 1/3*E(40)^7+1/6*E(40)^8-1/3*E(40)^13+1/3*E(40)^16-1/3*E(40)^21+1/3*E(40)^23+1/3*E(40)^24-1/3*E(40)^29+1/3*E(40)^31+1/6*E(40)^32-1/3*E(40)^37+1/3*E(40)^39 ] ]
  [ok]   orientation test: RepresentativeAction agrees with independent conjugator search
  [ok]   conjugated triple is not simultaneously conjugate to the same and the mirror triple (abstract chirality)
  [ok]   passing even candidate maps the base flag of a to the intended flag of b or to the intended flag with the other cell
  [ok]   image flag orbit is even iff (even candidate and intended flag) or (odd candidate and other cell)
  [ok]   even candidate with odd image orbit: conjugated triple is Gamma_b-conjugate to the mirror triple (S1^-1, S1^2 S2, X_b)
  candidate odd: image tuple (1-based indices in V_b) [ 27, 16, 25, 5 ]  Gram-consistent: true
    (i)   traversal of all p face vertices: true
    (ii)  M*M^T = lambda*I: true
    (iii) det M = -16/9*E(40)^7-25/9*E(40)^8+16/9*E(40)^13-34/9*E(40)^16+20/9*E(40)^21-16/9*E(40)^23-34/9*E(40)^24+20/9*E(40)^29-20/9*E(40)^31-25/9*E(40)^32+16/9*E(40)^37-20/9*E(40)^39  sign(det M/lambda^2) = +1
    (iv)  vertex set onto vertex set: true
    (v)   edges/faces/cells onto: true/true/true
    (vi)  M^-1 {S1,S2,X_a} M in Gamma_b: [ true, true, true ]   M {S1,S2,X_b} M^-1 in Gamma_a: [ true, true, true ]
    (vii) conjugated triple orientation in Gamma_b: mirror  (RepresentativeAction and own conjugator search agree: true; exact equality with same triple: false, with mirror triple: false)
    flag image = intended odd flag: true   (= intended flag with the other cell: false;  image flag orbit: odd)
    => candidate odd passes (structure map): true;  represents the odd coset: true
    M = [ [ -1/2*E(40)^7-1/2*E(40)^8+1/2*E(40)^13-1/2*E(40)^16+1/4*E(40)^21-1/2*E(40)^23-1/2*E(40)^24+1/4*E(40)^29-1/4*E(40)^31-1/2*E(40)^32+1/2*E(40)^37-1/4*E(40)^39, 0, -1/12*E(40)^7-1/3*E(40)^8+1/12*E(40)^13-5/6*E(40)^16+1/6*E(40)^21-1/12*E(40)^23-5/6*E(40)^24+1/6*E(40)^29-1/6*E(40)^31-1/3*E(40)^32+1/12*E(40)^37-1/6*E(40)^39, -1/12*E(40)^7-1/6*E(40)^8+1/12*E(40)^13-1/3*E(40)^16+1/12*E(40)^21-1/12*E(40)^23-1/3*E(40)^24+1/12*E(40)^29-1/12*E(40)^31-1/6*E(40)^32+1/12*E(40)^37-1/12*E(40)^39 ], [ 0, -1/4*E(40)^7-1/2*E(40)^8+1/4*E(40)^13-E(40)^16+1/4*E(40)^21-1/4*E(40)^23-E(40)^24+1/4*E(40)^29-1/4*E(40)^31-1/2*E(40)^32+1/4*E(40)^37-1/4*E(40)^39, 5/12*E(40)^7+1/3*E(40)^8-5/12*E(40)^13+1/6*E(40)^16-1/6*E(40)^21+5/12*E(40)^23+1/6*E(40)^24-1/6*E(40)^29+1/6*E(40)^31+1/3*E(40)^32-5/12*E(40)^37+1/6*E(40)^39, -1/6*E(40)^7-1/6*E(40)^8+1/6*E(40)^13-1/6*E(40)^16+1/12*E(40)^21-1/6*E(40)^23-1/6*E(40)^24+1/12*E(40)^29-1/12*E(40)^31-1/6*E(40)^32+1/6*E(40)^37-1/12*E(40)^39 ], [ -1/12*E(40)^7-1/3*E(40)^8+1/12*E(40)^13-5/6*E(40)^16+1/6*E(40)^21-1/12*E(40)^23-5/6*E(40)^24+1/6*E(40)^29-1/6*E(40)^31-1/3*E(40)^32+1/12*E(40)^37-1/6*E(40)^39, 5/12*E(40)^7+1/3*E(40)^8-5/12*E(40)^13+1/6*E(40)^16-1/6*E(40)^21+5/12*E(40)^23+1/6*E(40)^24-1/6*E(40)^29+1/6*E(40)^31+1/3*E(40)^32-5/12*E(40)^37+1/6*E(40)^39, 1/4*E(40)^7+1/3*E(40)^8-1/4*E(40)^13+1/2*E(40)^16-1/6*E(40)^21+1/4*E(40)^23+1/2*E(40)^24-1/6*E(40)^29+1/6*E(40)^31+1/3*E(40)^32-1/4*E(40)^37+1/6*E(40)^39, 1/12*E(40)^7-1/12*E(40)^13-1/6*E(40)^16+1/12*E(40)^23-1/6*E(40)^24-1/12*E(40)^37 ], [ -1/12*E(40)^7-1/6*E(40)^8+1/12*E(40)^13-1/3*E(40)^16+1/12*E(40)^21-1/12*E(40)^23-1/3*E(40)^24+1/12*E(40)^29-1/12*E(40)^31-1/6*E(40)^32+1/12*E(40)^37-1/12*E(40)^39, -1/6*E(40)^7-1/6*E(40)^8+1/6*E(40)^13-1/6*E(40)^16+1/12*E(40)^21-1/6*E(40)^23-1/6*E(40)^24+1/12*E(40)^29-1/12*E(40)^31-1/6*E(40)^32+1/6*E(40)^37-1/12*E(40)^39, 1/12*E(40)^7-1/12*E(40)^13-1/6*E(40)^16+1/12*E(40)^23-1/6*E(40)^24-1/12*E(40)^37, 1/2*E(40)^7+2/3*E(40)^8-1/2*E(40)^13+E(40)^16-1/3*E(40)^21+1/2*E(40)^23+E(40)^24-1/3*E(40)^29+1/3*E(40)^31+2/3*E(40)^32-1/2*E(40)^37+1/3*E(40)^39 ] ]
  [ok]   orientation test: RepresentativeAction agrees with independent conjugator search
  [ok]   conjugated triple is not simultaneously conjugate to the same and the mirror triple (abstract chirality)
  [ok]   passing odd candidate maps the base flag of a to the intended flag of b or to the intended flag with the other cell
  [ok]   image flag orbit is even iff (even candidate and intended flag) or (odd candidate and other cell)
  [ok]   odd candidate with odd image orbit: conjugated triple is Gamma_b-conjugate to the mirror triple (S1^-1, S1^2 S2, X_b)
  [ok]   both candidates pass but only one hits its intended flag: M_even^-1 M_odd lies in Gamma_b (same coset)
  [ok]   at least one of the two passing candidates hits its intended flag
  exhaustive Gram-pruned enumeration [t=92s]
    Gram-consistent ordered 4-tuples: 2304   Gamma_b-orbits: 2   full similarities: 1152   det signs: [ "+1" ]
    orbit rep tuple [ 1, 7, 2, 22 ]: similarity=false det sign=-1 vertices=true edges=true faces=false cells=false conj=[ true, true, true ][ true, true, true ] orientation=none
    orbit rep tuple [ 1, 7, 2, 36 ]: similarity=true det sign=+1 vertices=true edges=true faces=true cells=true conj=[ true, true, true ][ true, true, true ] orientation=mirror
  [ok]   each Gamma_b-orbit of anchor tuples has size |Gamma_b| (free action)
  [ok]   the recorded orbits partition the enumerated tuple list
  [ok]   direct recomputation of M*M^T and det M for 210 sampled tuples agrees with orbit representatives
  [ok]   exhaustive similarity count 1152 = |Gamma_b| * (number of flag-anchored cosets = 1)
  [ok]   number of similarity orbits found exhaustively = number of flag-anchored cosets
  [ok]   candidate even tuple is enumerated and its orbit verdict matches the candidate verdict
  [ok]   candidate odd tuple is enumerated and its orbit verdict matches the candidate verdict
  [ok]   det signs of passing candidates = det signs found exhaustively
  => 1152 similarities L3-{5,3,5/2}-8 -> L3-{5,3,5/2}-5 (1 Gamma_b-coset(s)), lambda = -2/3*E(40)^7-4/3*E(40)^8+2/3*E(40)^13-5/3*E(40)^16+2/3*E(40)^21-2/3*E(40)^23-5/3*E(40)^24+2/3*E(40)^29-2/3*E(40)^31-4/3*E(40)^32+2/3*E(40)^37-2/3*E(40)^39, det signs [ "+1" ]
pair (L3-{5,3,5/2}-9 -> L3-{5,3,5/2}-5): inequivalent: different f-vector (120,720,300,50) vs (48,144,48,8)
pair (L3-{5,3,5/2}-10 -> L3-{5,3,5/2}-5): inequivalent: different f-vector (120,720,300,50) vs (48,144,48,8)
pair (L3-{5,3,5/2}-11 -> L3-{5,3,5/2}-5): inequivalent: different f-vector (120,720,300,50) vs (48,144,48,8)
pair (L3-{5,3,5/2}-12 -> L3-{5,3,5/2}-5): inequivalent: different f-vector (120,720,300,50) vs (48,144,48,8)
pair (L3-{5,3,5/2}-13 -> L3-{5,3,5/2}-5): inequivalent: different f-vector (120,720,300,50) vs (48,144,48,8)
pair (L3-{5,3,5/2}-14 -> L3-{5,3,5/2}-5): inequivalent: different f-vector (120,720,300,50) vs (48,144,48,8)
pair (L3-{5,3,5/2}-15 -> L3-{5,3,5/2}-5): inequivalent: different f-vector (120,720,300,50) vs (48,144,48,8)
pair (L3-{5,3,5/2}-16 -> L3-{5,3,5/2}-5): inequivalent: different f-vector (120,720,300,50) vs (48,144,48,8)
pair (L3-{3,3,5/2}-1 -> L3-{5,3,5/2}-5): inequivalent: different f-vector (600,1200,120,5) vs (48,144,48,8)
pair (L3-{3,3,5/2}-4 -> L3-{5,3,5/2}-5): inequivalent: different f-vector (600,1200,120,5) vs (48,144,48,8)

#### target b = L3-{5,3,5/2}-6   computing Gram matrix of V_b [t=94s]
  [ok]   Gram diagonal constant = |w_b|^2
pair (L3-{4,3,3}-1 -> L3-{5,3,5/2}-6): inequivalent: different f-vector (16,32,12,4) vs (48,144,48,8)
pair (L3-{4,3,3}-2 -> L3-{5,3,5/2}-6): inequivalent: different f-vector (16,32,12,4) vs (48,144,48,8)
pair (L3-{4,3,3}-3 -> L3-{5,3,5/2}-6): inequivalent: different f-vector (16,32,12,4) vs (48,144,48,8)
pair (L3-{4,3,3}-6 -> L3-{5,3,5/2}-6): inequivalent: different f-vector (16,32,12,4) vs (48,144,48,8)
pair (L3-{5,3,3}-3 -> L3-{5,3,5/2}-6): inequivalent: different f-vector (600,1200,120,5) vs (48,144,48,8)
pair (L3-{5,3,3}-8 -> L3-{5,3,5/2}-6): inequivalent: different f-vector (600,1200,120,5) vs (48,144,48,8)
pair (L3-{5,3,5/2}-1 -> L3-{5,3,5/2}-6): inequivalent: different f-vector (240,480,120,20) vs (48,144,48,8)
pair (L3-{5,3,5/2}-2 -> L3-{5,3,5/2}-6): inequivalent: different f-vector (240,480,120,20) vs (48,144,48,8)
pair (L3-{5,3,5/2}-3 -> L3-{5,3,5/2}-6): inequivalent: different f-vector (240,480,120,20) vs (48,144,48,8)
pair (L3-{5,3,5/2}-4 -> L3-{5,3,5/2}-6): inequivalent: different f-vector (240,480,120,20) vs (48,144,48,8)

== pair (L3-{5,3,5/2}-5 -> L3-{5,3,5/2}-6)  f-vector (48,144,48,8)  |Gamma_a|=1152 |Gamma_b|=1152 [t=94s]
  lambda = |w_b|^2/|w_a|^2 = 8/3*E(40)^7-13/3*E(40)^8-8/3*E(40)^13-29/3*E(40)^16-20/3*E(40)^21+8/3*E(40)^23-29/3*E(40)^24-20/3*E(40)^29+20/3*E(40)^31-13/3*E(40)^32-8/3*E(40)^37+20/3*E(40)^39  (~25.88706655141064)
  candidate even: image tuple (1-based indices in V_b) [ 47, 39, 12, 5 ]  Gram-consistent: false
    (i)   traversal of all p face vertices: true
    (ii)  M*M^T = lambda*I: false
    (iii) det M = 592/9*E(40)^7-841/9*E(40)^8-592/9*E(40)^13-2185/9*E(40)^16-1544/9*E(40)^21+592/9*E(40)^23-2185/9*E(40)^24-1544/9*E(40)^29+1544/9*E(40)^31-841/9*E(40)^32-592/9*E(40)^37+1544/9*E(40)^39  sign(det M/lambda^2) = +1
    (iv)  vertex set onto vertex set: false
    (v)   edges/faces/cells onto: false/false/false
    (vi)  M^-1 {S1,S2,X_a} M in Gamma_b: [ false, false, false ]   M {S1,S2,X_b} M^-1 in Gamma_a: [ false, false, false ]
    (vii) conjugated triple orientation in Gamma_b: none  (RepresentativeAction and own conjugator search agree: true; exact equality with same triple: false, with mirror triple: false)
    flag image = intended even flag: false   (= intended flag with the other cell: false;  image flag orbit: none)
    => candidate even passes (structure map): false;  represents the even coset: false
    M = [ [ 1/3*E(40)^7-2/3*E(40)^8-1/3*E(40)^13+2/3*E(40)^16+2/3*E(40)^21+1/3*E(40)^23+2/3*E(40)^24+2/3*E(40)^29-2/3*E(40)^31-2/3*E(40)^32-1/3*E(40)^37-2/3*E(40)^39, 1/3*E(40)^7-1/3*E(40)^8-1/3*E(40)^13+2/3*E(40)^16+1/3*E(40)^21+1/3*E(40)^23+2/3*E(40)^24+1/3*E(40)^29-1/3*E(40)^31-1/3*E(40)^32-1/3*E(40)^37-1/3*E(40)^39, 2/3*E(40)^7-4/3*E(40)^8-2/3*E(40)^13-8/3*E(40)^16-5/3*E(40)^21+2/3*E(40)^23-8/3*E(40)^24-5/3*E(40)^29+5/3*E(40)^31-4/3*E(40)^32-2/3*E(40)^37+5/3*E(40)^39, 2/3*E(40)^7-2/3*E(40)^8-2/3*E(40)^13-5/3*E(40)^16-4/3*E(40)^21+2/3*E(40)^23-5/3*E(40)^24-4/3*E(40)^29+4/3*E(40)^31-2/3*E(40)^32-2/3*E(40)^37+4/3*E(40)^39 ], [ -1/3*E(40)^7+1/3*E(40)^8+1/3*E(40)^13-2/3*E(40)^16-1/3*E(40)^21-1/3*E(40)^23-2/3*E(40)^24-1/3*E(40)^29+1/3*E(40)^31+1/3*E(40)^32+1/3*E(40)^37+1/3*E(40)^39, 1/3*E(40)^7-2/3*E(40)^8-1/3*E(40)^13+2/3*E(40)^16+2/3*E(40)^21+1/3*E(40)^23+2/3*E(40)^24+2/3*E(40)^29-2/3*E(40)^31-2/3*E(40)^32-1/3*E(40)^37-2/3*E(40)^39, -2/3*E(40)^7+2/3*E(40)^8+2/3*E(40)^13+5/3*E(40)^16+4/3*E(40)^21-2/3*E(40)^23+5/3*E(40)^24+4/3*E(40)^29-4/3*E(40)^31+2/3*E(40)^32+2/3*E(40)^37-4/3*E(40)^39, 2/3*E(40)^7-4/3*E(40)^8-2/3*E(40)^13-8/3*E(40)^16-5/3*E(40)^21+2/3*E(40)^23-8/3*E(40)^24-5/3*E(40)^29+5/3*E(40)^31-4/3*E(40)^32-2/3*E(40)^37+5/3*E(40)^39 ], [ 2/3*E(40)^7-4/3*E(40)^8-2/3*E(40)^13-8/3*E(40)^16-5/3*E(40)^21+2/3*E(40)^23-8/3*E(40)^24-5/3*E(40)^29+5/3*E(40)^31-4/3*E(40)^32-2/3*E(40)^37+5/3*E(40)^39, 2/3*E(40)^7-2/3*E(40)^8-2/3*E(40)^13-5/3*E(40)^16-4/3*E(40)^21+2/3*E(40)^23-5/3*E(40)^24-4/3*E(40)^29+4/3*E(40)^31-2/3*E(40)^32-2/3*E(40)^37+4/3*E(40)^39, -1/3*E(40)^7+2*E(40)^8+1/3*E(40)^13+10/3*E(40)^16+2*E(40)^21-1/3*E(40)^23+10/3*E(40)^24+2*E(40)^29-2*E(40)^31+2*E(40)^32+1/3*E(40)^37-2*E(40)^39, -E(40)^7+1/3*E(40)^8+E(40)^13+2*E(40)^16+5/3*E(40)^21-E(40)^23+2*E(40)^24+5/3*E(40)^29-5/3*E(40)^31+1/3*E(40)^32+E(40)^37-5/3*E(40)^39 ], [ -2/3*E(40)^7+2/3*E(40)^8+2/3*E(40)^13+5/3*E(40)^16+4/3*E(40)^21-2/3*E(40)^23+5/3*E(40)^24+4/3*E(40)^29-4/3*E(40)^31+2/3*E(40)^32+2/3*E(40)^37-4/3*E(40)^39, 2/3*E(40)^7-4/3*E(40)^8-2/3*E(40)^13-8/3*E(40)^16-5/3*E(40)^21+2/3*E(40)^23-8/3*E(40)^24-5/3*E(40)^29+5/3*E(40)^31-4/3*E(40)^32-2/3*E(40)^37+5/3*E(40)^39, E(40)^7-1/3*E(40)^8-E(40)^13-2*E(40)^16-5/3*E(40)^21+E(40)^23-2*E(40)^24-5/3*E(40)^29+5/3*E(40)^31-1/3*E(40)^32-E(40)^37+5/3*E(40)^39, -1/3*E(40)^7+2*E(40)^8+1/3*E(40)^13+10/3*E(40)^16+2*E(40)^21-1/3*E(40)^23+10/3*E(40)^24+2*E(40)^29-2*E(40)^31+2*E(40)^32+1/3*E(40)^37-2*E(40)^39 ] ]
  candidate odd: image tuple (1-based indices in V_b) [ 47, 38, 45, 3 ]  Gram-consistent: false
    (i)   traversal of all p face vertices: true
    (ii)  M*M^T = lambda*I: false
    (iii) det M = 592/9*E(40)^7-841/9*E(40)^8-592/9*E(40)^13-2185/9*E(40)^16-1544/9*E(40)^21+592/9*E(40)^23-2185/9*E(40)^24-1544/9*E(40)^29+1544/9*E(40)^31-841/9*E(40)^32-592/9*E(40)^37+1544/9*E(40)^39  sign(det M/lambda^2) = +1
    (iv)  vertex set onto vertex set: false
    (v)   edges/faces/cells onto: false/false/false
    (vi)  M^-1 {S1,S2,X_a} M in Gamma_b: [ false, false, false ]   M {S1,S2,X_b} M^-1 in Gamma_a: [ false, false, false ]
    (vii) conjugated triple orientation in Gamma_b: none  (RepresentativeAction and own conjugator search agree: true; exact equality with same triple: false, with mirror triple: false)
    flag image = intended odd flag: false   (= intended flag with the other cell: false;  image flag orbit: none)
    => candidate odd passes (structure map): false;  represents the odd coset: false
    M = [ [ 1/4*E(40)^7-2/3*E(40)^8-1/4*E(40)^13+E(40)^16+11/12*E(40)^21+1/4*E(40)^23+E(40)^24+11/12*E(40)^29-11/12*E(40)^31-2/3*E(40)^32-1/4*E(40)^37-11/12*E(40)^39, 1/6*E(40)^7-1/2*E(40)^8-1/6*E(40)^13-2/3*E(40)^16-1/2*E(40)^21+1/6*E(40)^23-2/3*E(40)^24-1/2*E(40)^29+1/2*E(40)^31-1/2*E(40)^32-1/6*E(40)^37+1/2*E(40)^39, 1/6*E(40)^7-1/3*E(40)^8-1/6*E(40)^13-13/6*E(40)^16-17/12*E(40)^21+1/6*E(40)^23-13/6*E(40)^24-17/12*E(40)^29+17/12*E(40)^31-1/3*E(40)^32-1/6*E(40)^37+17/12*E(40)^39, 7/12*E(40)^7-5/6*E(40)^8-7/12*E(40)^13-11/6*E(40)^16-7/6*E(40)^21+7/12*E(40)^23-11/6*E(40)^24-7/6*E(40)^29+7/6*E(40)^31-5/6*E(40)^32-7/12*E(40)^37+7/6*E(40)^39 ], [ -1/3*E(40)^7+1/2*E(40)^8+1/3*E(40)^13-1/6*E(40)^16-1/3*E(40)^23-1/6*E(40)^24+1/2*E(40)^32+1/3*E(40)^37, 3/4*E(40)^7-4/3*E(40)^8-3/4*E(40)^13-2*E(40)^16-7/6*E(40)^21+3/4*E(40)^23-2*E(40)^24-7/6*E(40)^29+7/6*E(40)^31-4/3*E(40)^32-3/4*E(40)^37+7/6*E(40)^39, -7/6*E(40)^7+5/3*E(40)^8+7/6*E(40)^13+13/6*E(40)^16+19/12*E(40)^21-7/6*E(40)^23+13/6*E(40)^24+19/12*E(40)^29-19/12*E(40)^31+5/3*E(40)^32+7/6*E(40)^37-19/12*E(40)^39, 7/12*E(40)^7-7/6*E(40)^8-7/12*E(40)^13-7/3*E(40)^16-19/12*E(40)^21+7/12*E(40)^23-7/3*E(40)^24-19/12*E(40)^29+19/12*E(40)^31-7/6*E(40)^32-7/12*E(40)^37+19/12*E(40)^39 ], [ E(40)^7-7/6*E(40)^8-E(40)^13-3*E(40)^16-25/12*E(40)^21+E(40)^23-3*E(40)^24-25/12*E(40)^29+25/12*E(40)^31-7/6*E(40)^32-E(40)^37+25/12*E(40)^39, 1/6*E(40)^7+3/2*E(40)^8-1/6*E(40)^13+11/6*E(40)^16+3/4*E(40)^21+1/6*E(40)^23+11/6*E(40)^24+3/4*E(40)^29-3/4*E(40)^31+3/2*E(40)^32-1/6*E(40)^37-3/4*E(40)^39, -2/3*E(40)^7+5/3*E(40)^8+2/3*E(40)^13+19/6*E(40)^16+25/12*E(40)^21-2/3*E(40)^23+19/6*E(40)^24+25/12*E(40)^29-25/12*E(40)^31+5/3*E(40)^32+2/3*E(40)^37-25/12*E(40)^39, -2/3*E(40)^7+1/3*E(40)^8+2/3*E(40)^13+5/3*E(40)^16+17/12*E(40)^21-2/3*E(40)^23+5/3*E(40)^24+17/12*E(40)^29-17/12*E(40)^31+1/3*E(40)^32+2/3*E(40)^37-17/12*E(40)^39 ], [ -1/12*E(40)^7+1/12*E(40)^13-1/6*E(40)^16-1/12*E(40)^23-1/6*E(40)^24+1/12*E(40)^37, -1/4*E(40)^7+2/3*E(40)^8+1/4*E(40)^13+3/2*E(40)^16+13/12*E(40)^21-1/4*E(40)^23+3/2*E(40)^24+13/12*E(40)^29-13/12*E(40)^31+2/3*E(40)^32+1/4*E(40)^37-13/12*E(40)^39, 5/6*E(40)^7-2/3*E(40)^8-5/6*E(40)^13-17/6*E(40)^16-25/12*E(40)^21+5/6*E(40)^23-17/6*E(40)^24-25/12*E(40)^29+25/12*E(40)^31-2/3*E(40)^32-5/6*E(40)^37+25/12*E(40)^39, -1/3*E(40)^7+7/3*E(40)^8+1/3*E(40)^13+23/6*E(40)^16+13/6*E(40)^21-1/3*E(40)^23+23/6*E(40)^24+13/6*E(40)^29-13/6*E(40)^31+7/3*E(40)^32+1/3*E(40)^37-13/6*E(40)^39 ] ]
  exhaustive Gram-pruned enumeration [t=94s]
    Gram-consistent ordered 4-tuples: 2304   Gamma_b-orbits: 2   full similarities: 0   det signs: [  ]
    orbit rep tuple [ 1, 9, 3, 16 ]: similarity=false det sign=+1 vertices=true edges=false faces=false cells=false conj=[ true, true, true ][ true, true, true ] orientation=none
    orbit rep tuple [ 1, 9, 3, 42 ]: similarity=false det sign=-1 vertices=true edges=false faces=false cells=false conj=[ true, true, true ][ true, true, true ] orientation=none
  [ok]   each Gamma_b-orbit of anchor tuples has size |Gamma_b| (free action)
  [ok]   the recorded orbits partition the enumerated tuple list
  [ok]   direct recomputation of M*M^T and det M for 210 sampled tuples agrees with orbit representatives
  [ok]   exhaustive similarity count 0 = |Gamma_b| * (number of flag-anchored cosets = 0)
  [ok]   number of similarity orbits found exhaustively = number of flag-anchored cosets
  [ok]   candidate even is not Gram-consistent and does not pass
  [ok]   candidate odd is not Gram-consistent and does not pass
  [ok]   det signs of passing candidates = det signs found exhaustively
  => EXHAUSTIVE PROOF: no similarity of E^4 carries realisation L3-{5,3,5/2}-5 onto L3-{5,3,5/2}-6 (no Gram-consistent tuple yields a structure map).

== pair (L3-{5,3,5/2}-6 -> L3-{5,3,5/2}-6)  f-vector (48,144,48,8)  |Gamma_a|=1152 |Gamma_b|=1152 [t=96s]
  lambda = |w_b|^2/|w_a|^2 = 1  (~1.)
  candidate even: image tuple (1-based indices in V_b) [ 47, 39, 12, 5 ]  Gram-consistent: true
    (i)   traversal of all p face vertices: true
    (ii)  M*M^T = lambda*I: true
    (iii) det M = 1  sign(det M/lambda^2) = +1
    (iv)  vertex set onto vertex set: true
    (v)   edges/faces/cells onto: true/true/true
    (vi)  M^-1 {S1,S2,X_a} M in Gamma_b: [ true, true, true ]   M {S1,S2,X_b} M^-1 in Gamma_a: [ true, true, true ]
    (vii) conjugated triple orientation in Gamma_b: same  (RepresentativeAction and own conjugator search agree: true; exact equality with same triple: true, with mirror triple: false)
    flag image = intended even flag: true   (= intended flag with the other cell: false;  image flag orbit: even)
    => candidate even passes (structure map): true;  represents the even coset: true
    M = [ [ 1, 0, 0, 0 ], [ 0, 1, 0, 0 ], [ 0, 0, 1, 0 ], [ 0, 0, 0, 1 ] ]
  [ok]   orientation test: RepresentativeAction agrees with independent conjugator search
  [ok]   conjugated triple is not simultaneously conjugate to the same and the mirror triple (abstract chirality)
  [ok]   passing even candidate maps the base flag of a to the intended flag of b or to the intended flag with the other cell
  [ok]   image flag orbit is even iff (even candidate and intended flag) or (odd candidate and other cell)
  [ok]   even candidate with even image orbit: conjugated triple is Gamma_b-conjugate to (S1,S2,X_b)
  [ok]   even candidate hitting the base flag: conjugated triple equals (S1,S2,X_b) exactly (free flag action)
  candidate odd: image tuple (1-based indices in V_b) [ 47, 38, 45, 3 ]  Gram-consistent: true
    (i)   traversal of all p face vertices: true
    (ii)  M*M^T = lambda*I: true
    (iii) det M = 1  sign(det M/lambda^2) = +1
    (iv)  vertex set onto vertex set: true
    (v)   edges/faces/cells onto: true/true/true
    (vi)  M^-1 {S1,S2,X_a} M in Gamma_b: [ true, true, true ]   M {S1,S2,X_b} M^-1 in Gamma_a: [ true, true, true ]
    (vii) conjugated triple orientation in Gamma_b: same  (RepresentativeAction and own conjugator search agree: true; exact equality with same triple: false, with mirror triple: false)
    flag image = intended odd flag: false   (= intended flag with the other cell: true;  image flag orbit: even)
    => candidate odd passes (structure map): true;  represents the odd coset: false
    M = [ [ 1/12*E(40)^7-2/3*E(40)^8-1/12*E(40)^13-2/3*E(40)^16+1/12*E(40)^21+1/12*E(40)^23-2/3*E(40)^24+1/12*E(40)^29-1/12*E(40)^31-2/3*E(40)^32-1/12*E(40)^37-1/12*E(40)^39, -1/6*E(40)^7+1/6*E(40)^8+1/6*E(40)^13+1/3*E(40)^16+1/6*E(40)^21-1/6*E(40)^23+1/3*E(40)^24+1/6*E(40)^29-1/6*E(40)^31+1/6*E(40)^32+1/6*E(40)^37-1/6*E(40)^39, 1/6*E(40)^7+1/3*E(40)^8-1/6*E(40)^13+1/6*E(40)^16+1/12*E(40)^21+1/6*E(40)^23+1/6*E(40)^24+1/12*E(40)^29-1/12*E(40)^31+1/3*E(40)^32-1/6*E(40)^37-1/12*E(40)^39, 1/12*E(40)^7-1/6*E(40)^8-1/12*E(40)^13-1/6*E(40)^16-1/6*E(40)^21+1/12*E(40)^23-1/6*E(40)^24-1/6*E(40)^29+1/6*E(40)^31-1/6*E(40)^32-1/12*E(40)^37+1/6*E(40)^39 ], [ 1/3*E(40)^7+1/6*E(40)^8-1/3*E(40)^13-1/6*E(40)^16-1/3*E(40)^21+1/3*E(40)^23-1/6*E(40)^24-1/3*E(40)^29+1/3*E(40)^31+1/6*E(40)^32-1/3*E(40)^37+1/3*E(40)^39, -1/12*E(40)^7-1/3*E(40)^8+1/12*E(40)^13-1/3*E(40)^16+1/6*E(40)^21-1/12*E(40)^23-1/3*E(40)^24+1/6*E(40)^29-1/6*E(40)^31-1/3*E(40)^32+1/12*E(40)^37-1/6*E(40)^39, -1/6*E(40)^7+1/3*E(40)^8+1/6*E(40)^13-1/6*E(40)^16+1/12*E(40)^21-1/6*E(40)^23-1/6*E(40)^24+1/12*E(40)^29-1/12*E(40)^31+1/3*E(40)^32+1/6*E(40)^37-1/12*E(40)^39, 1/12*E(40)^7+1/6*E(40)^8-1/12*E(40)^13+1/3*E(40)^16-1/12*E(40)^21+1/12*E(40)^23+1/3*E(40)^24-1/12*E(40)^29+1/12*E(40)^31+1/6*E(40)^32-1/12*E(40)^37+1/12*E(40)^39 ], [ -1/6*E(40)^8+1/12*E(40)^21+1/12*E(40)^29-1/12*E(40)^31-1/6*E(40)^32-1/12*E(40)^39, -1/6*E(40)^7-1/2*E(40)^8+1/6*E(40)^13-1/6*E(40)^16+1/4*E(40)^21-1/6*E(40)^23-1/6*E(40)^24+1/4*E(40)^29-1/4*E(40)^31-1/2*E(40)^32+1/6*E(40)^37-1/4*E(40)^39, -1/3*E(40)^8-1/2*E(40)^16-1/12*E(40)^21-1/2*E(40)^24-1/12*E(40)^29+1/12*E(40)^31-1/3*E(40)^32+1/12*E(40)^39, -1/3*E(40)^7+1/3*E(40)^13-1/3*E(40)^16+1/4*E(40)^21-1/3*E(40)^23-1/3*E(40)^24+1/4*E(40)^29-1/4*E(40)^31+1/3*E(40)^37-1/4*E(40)^39 ], [ 1/12*E(40)^7-1/12*E(40)^13-1/6*E(40)^16+1/12*E(40)^23-1/6*E(40)^24-1/12*E(40)^37, 1/4*E(40)^7-1/3*E(40)^8-1/4*E(40)^13-1/2*E(40)^16-1/12*E(40)^21+1/4*E(40)^23-1/2*E(40)^24-1/12*E(40)^29+1/12*E(40)^31-1/3*E(40)^32-1/4*E(40)^37+1/12*E(40)^39, 1/6*E(40)^7-1/6*E(40)^13+1/6*E(40)^16-1/4*E(40)^21+1/6*E(40)^23+1/6*E(40)^24-1/4*E(40)^29+1/4*E(40)^31-1/6*E(40)^37+1/4*E(40)^39, -2/3*E(40)^8-1/2*E(40)^16-1/6*E(40)^21-1/2*E(40)^24-1/6*E(40)^29+1/6*E(40)^31-2/3*E(40)^32+1/6*E(40)^39 ] ]
  [ok]   orientation test: RepresentativeAction agrees with independent conjugator search
  [ok]   conjugated triple is not simultaneously conjugate to the same and the mirror triple (abstract chirality)
  [ok]   passing odd candidate maps the base flag of a to the intended flag of b or to the intended flag with the other cell
  [ok]   image flag orbit is even iff (even candidate and intended flag) or (odd candidate and other cell)
  [ok]   odd candidate with even image orbit: conjugated triple is Gamma_b-conjugate to (S1,S2,X_b)
  [ok]   both candidates pass but only one hits its intended flag: M_even^-1 M_odd lies in Gamma_b (same coset)
  [ok]   at least one of the two passing candidates hits its intended flag
  a = b: the odd candidate passes but maps the base flag to (Phi^2)^3 (even orbit): it is an element of Gamma, not an extra symmetry; no similarity maps the base flag to its 2-adjacent flag: geometrically chiral (symmetry group = Gamma)
  [ok]   a = b: the even candidate (identity) passes and fixes the base flag
  [ok]   a = b: the even candidate matrix is the identity
  exhaustive Gram-pruned enumeration [t=97s]
    Gram-consistent ordered 4-tuples: 2304   Gamma_b-orbits: 2   full similarities: 1152   det signs: [ "+1" ]
    orbit rep tuple [ 1, 7, 2, 16 ]: similarity=false det sign=-1 vertices=true edges=true faces=false cells=false conj=[ true, true, true ][ true, true, true ] orientation=none
    orbit rep tuple [ 1, 7, 2, 42 ]: similarity=true det sign=+1 vertices=true edges=true faces=true cells=true conj=[ true, true, true ][ true, true, true ] orientation=same
  [ok]   each Gamma_b-orbit of anchor tuples has size |Gamma_b| (free action)
  [ok]   the recorded orbits partition the enumerated tuple list
  [ok]   direct recomputation of M*M^T and det M for 210 sampled tuples agrees with orbit representatives
  [ok]   exhaustive similarity count 1152 = |Gamma_b| * (number of flag-anchored cosets = 1)
  [ok]   number of similarity orbits found exhaustively = number of flag-anchored cosets
  [ok]   candidate even tuple is enumerated and its orbit verdict matches the candidate verdict
  [ok]   candidate odd tuple is enumerated and its orbit verdict matches the candidate verdict
  [ok]   det signs of passing candidates = det signs found exhaustively
  => 1152 similarities L3-{5,3,5/2}-6 -> L3-{5,3,5/2}-6 (1 Gamma_b-coset(s)), lambda = 1, det signs [ "+1" ]

== pair (L3-{5,3,5/2}-7 -> L3-{5,3,5/2}-6)  f-vector (48,144,48,8)  |Gamma_a|=1152 |Gamma_b|=1152 [t=98s]
  lambda = |w_b|^2/|w_a|^2 = 2/3*E(40)^7-4/3*E(40)^8-2/3*E(40)^13-5/3*E(40)^16-2/3*E(40)^21+2/3*E(40)^23-5/3*E(40)^24-2/3*E(40)^29+2/3*E(40)^31-4/3*E(40)^32-2/3*E(40)^37+2/3*E(40)^39  (~2.815487037832028)
  candidate even: image tuple (1-based indices in V_b) [ 47, 39, 12, 5 ]  Gram-consistent: true
    (i)   traversal of all p face vertices: true
    (ii)  M*M^T = lambda*I: true
    (iii) det M = 16/9*E(40)^7-25/9*E(40)^8-16/9*E(40)^13-34/9*E(40)^16-20/9*E(40)^21+16/9*E(40)^23-34/9*E(40)^24-20/9*E(40)^29+20/9*E(40)^31-25/9*E(40)^32-16/9*E(40)^37+20/9*E(40)^39  sign(det M/lambda^2) = +1
    (iv)  vertex set onto vertex set: true
    (v)   edges/faces/cells onto: true/true/true
    (vi)  M^-1 {S1,S2,X_a} M in Gamma_b: [ true, true, true ]   M {S1,S2,X_b} M^-1 in Gamma_a: [ true, true, true ]
    (vii) conjugated triple orientation in Gamma_b: mirror  (RepresentativeAction and own conjugator search agree: true; exact equality with same triple: false, with mirror triple: false)
    flag image = intended even flag: false   (= intended flag with the other cell: true;  image flag orbit: odd)
    => candidate even passes (structure map): true;  represents the even coset: false
    M = [ [ 1/3*E(40)^7-1/2*E(40)^8-1/3*E(40)^13-1/3*E(40)^16+1/3*E(40)^23-1/3*E(40)^24-1/2*E(40)^32-1/3*E(40)^37, -1/3*E(40)^8-1/2*E(40)^16-1/6*E(40)^21-1/2*E(40)^24-1/6*E(40)^29+1/6*E(40)^31-1/3*E(40)^32+1/6*E(40)^39, 1/6*E(40)^7-1/3*E(40)^8-1/6*E(40)^13-2/3*E(40)^16-1/6*E(40)^21+1/6*E(40)^23-2/3*E(40)^24-1/6*E(40)^29+1/6*E(40)^31-1/3*E(40)^32-1/6*E(40)^37+1/6*E(40)^39, 1/6*E(40)^7-1/6*E(40)^8-1/6*E(40)^13-1/6*E(40)^16-1/3*E(40)^21+1/6*E(40)^23-1/6*E(40)^24-1/3*E(40)^29+1/3*E(40)^31-1/6*E(40)^32-1/6*E(40)^37+1/3*E(40)^39 ], [ 1/3*E(40)^8+1/2*E(40)^16+1/6*E(40)^21+1/2*E(40)^24+1/6*E(40)^29-1/6*E(40)^31+1/3*E(40)^32-1/6*E(40)^39, 1/3*E(40)^7-1/2*E(40)^8-1/3*E(40)^13-1/3*E(40)^16+1/3*E(40)^23-1/3*E(40)^24-1/2*E(40)^32-1/3*E(40)^37, -1/6*E(40)^7+1/6*E(40)^8+1/6*E(40)^13+1/6*E(40)^16+1/3*E(40)^21-1/6*E(40)^23+1/6*E(40)^24+1/3*E(40)^29-1/3*E(40)^31+1/6*E(40)^32+1/6*E(40)^37-1/3*E(40)^39, 1/6*E(40)^7-1/3*E(40)^8-1/6*E(40)^13-2/3*E(40)^16-1/6*E(40)^21+1/6*E(40)^23-2/3*E(40)^24-1/6*E(40)^29+1/6*E(40)^31-1/3*E(40)^32-1/6*E(40)^37+1/6*E(40)^39 ], [ 1/6*E(40)^7-1/3*E(40)^8-1/6*E(40)^13-2/3*E(40)^16-1/6*E(40)^21+1/6*E(40)^23-2/3*E(40)^24-1/6*E(40)^29+1/6*E(40)^31-1/3*E(40)^32-1/6*E(40)^37+1/6*E(40)^39, 1/6*E(40)^7-1/6*E(40)^8-1/6*E(40)^13-1/6*E(40)^16-1/3*E(40)^21+1/6*E(40)^23-1/6*E(40)^24-1/3*E(40)^29+1/3*E(40)^31-1/6*E(40)^32-1/6*E(40)^37+1/3*E(40)^39, -1/3*E(40)^7+1/6*E(40)^8+1/3*E(40)^13+1/3*E(40)^16+1/3*E(40)^21-1/3*E(40)^23+1/3*E(40)^24+1/3*E(40)^29-1/3*E(40)^31+1/6*E(40)^32+1/3*E(40)^37-1/3*E(40)^39, -1/3*E(40)^7+1/3*E(40)^8+1/3*E(40)^13-1/6*E(40)^16+1/6*E(40)^21-1/3*E(40)^23-1/6*E(40)^24+1/6*E(40)^29-1/6*E(40)^31+1/3*E(40)^32+1/3*E(40)^37-1/6*E(40)^39 ], [ -1/6*E(40)^7+1/6*E(40)^8+1/6*E(40)^13+1/6*E(40)^16+1/3*E(40)^21-1/6*E(40)^23+1/6*E(40)^24+1/3*E(40)^29-1/3*E(40)^31+1/6*E(40)^32+1/6*E(40)^37-1/3*E(40)^39, 1/6*E(40)^7-1/3*E(40)^8-1/6*E(40)^13-2/3*E(40)^16-1/6*E(40)^21+1/6*E(40)^23-2/3*E(40)^24-1/6*E(40)^29+1/6*E(40)^31-1/3*E(40)^32-1/6*E(40)^37+1/6*E(40)^39, 1/3*E(40)^7-1/3*E(40)^8-1/3*E(40)^13+1/6*E(40)^16-1/6*E(40)^21+1/3*E(40)^23+1/6*E(40)^24-1/6*E(40)^29+1/6*E(40)^31-1/3*E(40)^32-1/3*E(40)^37+1/6*E(40)^39, -1/3*E(40)^7+1/6*E(40)^8+1/3*E(40)^13+1/3*E(40)^16+1/3*E(40)^21-1/3*E(40)^23+1/3*E(40)^24+1/3*E(40)^29-1/3*E(40)^31+1/6*E(40)^32+1/3*E(40)^37-1/3*E(40)^39 ] ]
  [ok]   orientation test: RepresentativeAction agrees with independent conjugator search
  [ok]   conjugated triple is not simultaneously conjugate to the same and the mirror triple (abstract chirality)
  [ok]   passing even candidate maps the base flag of a to the intended flag of b or to the intended flag with the other cell
  [ok]   image flag orbit is even iff (even candidate and intended flag) or (odd candidate and other cell)
  [ok]   even candidate with odd image orbit: conjugated triple is Gamma_b-conjugate to the mirror triple (S1^-1, S1^2 S2, X_b)
  candidate odd: image tuple (1-based indices in V_b) [ 47, 38, 45, 3 ]  Gram-consistent: true
    (i)   traversal of all p face vertices: true
    (ii)  M*M^T = lambda*I: true
    (iii) det M = 16/9*E(40)^7-25/9*E(40)^8-16/9*E(40)^13-34/9*E(40)^16-20/9*E(40)^21+16/9*E(40)^23-34/9*E(40)^24-20/9*E(40)^29+20/9*E(40)^31-25/9*E(40)^32-16/9*E(40)^37+20/9*E(40)^39  sign(det M/lambda^2) = +1
    (iv)  vertex set onto vertex set: true
    (v)   edges/faces/cells onto: true/true/true
    (vi)  M^-1 {S1,S2,X_a} M in Gamma_b: [ true, true, true ]   M {S1,S2,X_b} M^-1 in Gamma_a: [ true, true, true ]
    (vii) conjugated triple orientation in Gamma_b: mirror  (RepresentativeAction and own conjugator search agree: true; exact equality with same triple: false, with mirror triple: false)
    flag image = intended odd flag: true   (= intended flag with the other cell: false;  image flag orbit: odd)
    => candidate odd passes (structure map): true;  represents the odd coset: true
    M = [ [ 1/2*E(40)^7-1/2*E(40)^8-1/2*E(40)^13-1/2*E(40)^16-1/4*E(40)^21+1/2*E(40)^23-1/2*E(40)^24-1/4*E(40)^29+1/4*E(40)^31-1/2*E(40)^32-1/2*E(40)^37+1/4*E(40)^39, 0, 1/12*E(40)^7-1/3*E(40)^8-1/12*E(40)^13-5/6*E(40)^16-1/6*E(40)^21+1/12*E(40)^23-5/6*E(40)^24-1/6*E(40)^29+1/6*E(40)^31-1/3*E(40)^32-1/12*E(40)^37+1/6*E(40)^39, 1/12*E(40)^7-1/6*E(40)^8-1/12*E(40)^13-1/3*E(40)^16-1/12*E(40)^21+1/12*E(40)^23-1/3*E(40)^24-1/12*E(40)^29+1/12*E(40)^31-1/6*E(40)^32-1/12*E(40)^37+1/12*E(40)^39 ], [ 0, 1/4*E(40)^7-1/2*E(40)^8-1/4*E(40)^13-E(40)^16-1/4*E(40)^21+1/4*E(40)^23-E(40)^24-1/4*E(40)^29+1/4*E(40)^31-1/2*E(40)^32-1/4*E(40)^37+1/4*E(40)^39, -5/12*E(40)^7+1/3*E(40)^8+5/12*E(40)^13+1/6*E(40)^16+1/6*E(40)^21-5/12*E(40)^23+1/6*E(40)^24+1/6*E(40)^29-1/6*E(40)^31+1/3*E(40)^32+5/12*E(40)^37-1/6*E(40)^39, 1/6*E(40)^7-1/6*E(40)^8-1/6*E(40)^13-1/6*E(40)^16-1/12*E(40)^21+1/6*E(40)^23-1/6*E(40)^24-1/12*E(40)^29+1/12*E(40)^31-1/6*E(40)^32-1/6*E(40)^37+1/12*E(40)^39 ], [ 1/12*E(40)^7-1/3*E(40)^8-1/12*E(40)^13-5/6*E(40)^16-1/6*E(40)^21+1/12*E(40)^23-5/6*E(40)^24-1/6*E(40)^29+1/6*E(40)^31-1/3*E(40)^32-1/12*E(40)^37+1/6*E(40)^39, -5/12*E(40)^7+1/3*E(40)^8+5/12*E(40)^13+1/6*E(40)^16+1/6*E(40)^21-5/12*E(40)^23+1/6*E(40)^24+1/6*E(40)^29-1/6*E(40)^31+1/3*E(40)^32+5/12*E(40)^37-1/6*E(40)^39, -1/4*E(40)^7+1/3*E(40)^8+1/4*E(40)^13+1/2*E(40)^16+1/6*E(40)^21-1/4*E(40)^23+1/2*E(40)^24+1/6*E(40)^29-1/6*E(40)^31+1/3*E(40)^32+1/4*E(40)^37-1/6*E(40)^39, -1/12*E(40)^7+1/12*E(40)^13-1/6*E(40)^16-1/12*E(40)^23-1/6*E(40)^24+1/12*E(40)^37 ], [ 1/12*E(40)^7-1/6*E(40)^8-1/12*E(40)^13-1/3*E(40)^16-1/12*E(40)^21+1/12*E(40)^23-1/3*E(40)^24-1/12*E(40)^29+1/12*E(40)^31-1/6*E(40)^32-1/12*E(40)^37+1/12*E(40)^39, 1/6*E(40)^7-1/6*E(40)^8-1/6*E(40)^13-1/6*E(40)^16-1/12*E(40)^21+1/6*E(40)^23-1/6*E(40)^24-1/12*E(40)^29+1/12*E(40)^31-1/6*E(40)^32-1/6*E(40)^37+1/12*E(40)^39, -1/12*E(40)^7+1/12*E(40)^13-1/6*E(40)^16-1/12*E(40)^23-1/6*E(40)^24+1/12*E(40)^37, -1/2*E(40)^7+2/3*E(40)^8+1/2*E(40)^13+E(40)^16+1/3*E(40)^21-1/2*E(40)^23+E(40)^24+1/3*E(40)^29-1/3*E(40)^31+2/3*E(40)^32+1/2*E(40)^37-1/3*E(40)^39 ] ]
  [ok]   orientation test: RepresentativeAction agrees with independent conjugator search
  [ok]   conjugated triple is not simultaneously conjugate to the same and the mirror triple (abstract chirality)
  [ok]   passing odd candidate maps the base flag of a to the intended flag of b or to the intended flag with the other cell
  [ok]   image flag orbit is even iff (even candidate and intended flag) or (odd candidate and other cell)
  [ok]   odd candidate with odd image orbit: conjugated triple is Gamma_b-conjugate to the mirror triple (S1^-1, S1^2 S2, X_b)
  [ok]   both candidates pass but only one hits its intended flag: M_even^-1 M_odd lies in Gamma_b (same coset)
  [ok]   at least one of the two passing candidates hits its intended flag
  exhaustive Gram-pruned enumeration [t=99s]
    Gram-consistent ordered 4-tuples: 2304   Gamma_b-orbits: 2   full similarities: 1152   det signs: [ "+1" ]
    orbit rep tuple [ 1, 7, 2, 16 ]: similarity=false det sign=-1 vertices=true edges=true faces=false cells=false conj=[ true, true, true ][ true, true, true ] orientation=none
    orbit rep tuple [ 1, 7, 2, 42 ]: similarity=true det sign=+1 vertices=true edges=true faces=true cells=true conj=[ true, true, true ][ true, true, true ] orientation=mirror
  [ok]   each Gamma_b-orbit of anchor tuples has size |Gamma_b| (free action)
  [ok]   the recorded orbits partition the enumerated tuple list
  [ok]   direct recomputation of M*M^T and det M for 210 sampled tuples agrees with orbit representatives
  [ok]   exhaustive similarity count 1152 = |Gamma_b| * (number of flag-anchored cosets = 1)
  [ok]   number of similarity orbits found exhaustively = number of flag-anchored cosets
  [ok]   candidate even tuple is enumerated and its orbit verdict matches the candidate verdict
  [ok]   candidate odd tuple is enumerated and its orbit verdict matches the candidate verdict
  [ok]   det signs of passing candidates = det signs found exhaustively
  => 1152 similarities L3-{5,3,5/2}-7 -> L3-{5,3,5/2}-6 (1 Gamma_b-coset(s)), lambda = 2/3*E(40)^7-4/3*E(40)^8-2/3*E(40)^13-5/3*E(40)^16-2/3*E(40)^21+2/3*E(40)^23-5/3*E(40)^24-2/3*E(40)^29+2/3*E(40)^31-4/3*E(40)^32-2/3*E(40)^37+2/3*E(40)^39, det signs [ "+1" ]

== pair (L3-{5,3,5/2}-8 -> L3-{5,3,5/2}-6)  f-vector (48,144,48,8)  |Gamma_a|=1152 |Gamma_b|=1152 [t=101s]
  lambda = |w_b|^2/|w_a|^2 = 2*E(40)^7-4*E(40)^8-2*E(40)^13-9*E(40)^16-6*E(40)^21+2*E(40)^23-9*E(40)^24-6*E(40)^29+6*E(40)^31-4*E(40)^32-2*E(40)^37+6*E(40)^39  (~24.07157951357861)
  candidate even: image tuple (1-based indices in V_b) [ 47, 39, 12, 5 ]  Gram-consistent: false
    (i)   traversal of all p face vertices: true
    (ii)  M*M^T = lambda*I: false
    (iii) det M = 56*E(40)^7-81*E(40)^8-56*E(40)^13-210*E(40)^16-148*E(40)^21+56*E(40)^23-210*E(40)^24-148*E(40)^29+148*E(40)^31-81*E(40)^32-56*E(40)^37+148*E(40)^39  sign(det M/lambda^2) = +1
    (iv)  vertex set onto vertex set: false
    (v)   edges/faces/cells onto: false/false/false
    (vi)  M^-1 {S1,S2,X_a} M in Gamma_b: [ false, false, false ]   M {S1,S2,X_b} M^-1 in Gamma_a: [ false, false, false ]
    (vii) conjugated triple orientation in Gamma_b: none  (RepresentativeAction and own conjugator search agree: true; exact equality with same triple: false, with mirror triple: false)
    flag image = intended even flag: false   (= intended flag with the other cell: false;  image flag orbit: none)
    => candidate even passes (structure map): false;  represents the even coset: false
    M = [ [ -1/2*E(40)^8-2*E(40)^16-E(40)^21-2*E(40)^24-E(40)^29+E(40)^31-1/2*E(40)^32+E(40)^39, 1/2*E(40)^16+1/2*E(40)^21+1/2*E(40)^24+1/2*E(40)^29-1/2*E(40)^31-1/2*E(40)^39, -1/2*E(40)^7+E(40)^8+1/2*E(40)^13+2*E(40)^16+3/2*E(40)^21-1/2*E(40)^23+2*E(40)^24+3/2*E(40)^29-3/2*E(40)^31+E(40)^32+1/2*E(40)^37-3/2*E(40)^39, 1/2*E(40)^7-1/2*E(40)^8-1/2*E(40)^13-3/2*E(40)^16-E(40)^21+1/2*E(40)^23-3/2*E(40)^24-E(40)^29+E(40)^31-1/2*E(40)^32-1/2*E(40)^37+E(40)^39 ], [ -1/2*E(40)^16-1/2*E(40)^21-1/2*E(40)^24-1/2*E(40)^29+1/2*E(40)^31+1/2*E(40)^39, -1/2*E(40)^8-2*E(40)^16-E(40)^21-2*E(40)^24-E(40)^29+E(40)^31-1/2*E(40)^32+E(40)^39, -1/2*E(40)^7+1/2*E(40)^8+1/2*E(40)^13+3/2*E(40)^16+E(40)^21-1/2*E(40)^23+3/2*E(40)^24+E(40)^29-E(40)^31+1/2*E(40)^32+1/2*E(40)^37-E(40)^39, -1/2*E(40)^7+E(40)^8+1/2*E(40)^13+2*E(40)^16+3/2*E(40)^21-1/2*E(40)^23+2*E(40)^24+3/2*E(40)^29-3/2*E(40)^31+E(40)^32+1/2*E(40)^37-3/2*E(40)^39 ], [ -1/2*E(40)^7+E(40)^8+1/2*E(40)^13+2*E(40)^16+3/2*E(40)^21-1/2*E(40)^23+2*E(40)^24+3/2*E(40)^29-3/2*E(40)^31+E(40)^32+1/2*E(40)^37-3/2*E(40)^39, 1/2*E(40)^7-1/2*E(40)^8-1/2*E(40)^13-3/2*E(40)^16-E(40)^21+1/2*E(40)^23-3/2*E(40)^24-E(40)^29+E(40)^31-1/2*E(40)^32-1/2*E(40)^37+E(40)^39, -5/2*E(40)^8-4*E(40)^16-2*E(40)^21-4*E(40)^24-2*E(40)^29+2*E(40)^31-5/2*E(40)^32+2*E(40)^39, -E(40)^7+E(40)^13+3/2*E(40)^16+3/2*E(40)^21-E(40)^23+3/2*E(40)^24+3/2*E(40)^29-3/2*E(40)^31+E(40)^37-3/2*E(40)^39 ], [ -1/2*E(40)^7+1/2*E(40)^8+1/2*E(40)^13+3/2*E(40)^16+E(40)^21-1/2*E(40)^23+3/2*E(40)^24+E(40)^29-E(40)^31+1/2*E(40)^32+1/2*E(40)^37-E(40)^39, -1/2*E(40)^7+E(40)^8+1/2*E(40)^13+2*E(40)^16+3/2*E(40)^21-1/2*E(40)^23+2*E(40)^24+3/2*E(40)^29-3/2*E(40)^31+E(40)^32+1/2*E(40)^37-3/2*E(40)^39, E(40)^7-E(40)^13-3/2*E(40)^16-3/2*E(40)^21+E(40)^23-3/2*E(40)^24-3/2*E(40)^29+3/2*E(40)^31-E(40)^37+3/2*E(40)^39, -5/2*E(40)^8-4*E(40)^16-2*E(40)^21-4*E(40)^24-2*E(40)^29+2*E(40)^31-5/2*E(40)^32+2*E(40)^39 ] ]
  candidate odd: image tuple (1-based indices in V_b) [ 47, 38, 45, 3 ]  Gram-consistent: false
    (i)   traversal of all p face vertices: true
    (ii)  M*M^T = lambda*I: false
    (iii) det M = 56*E(40)^7-81*E(40)^8-56*E(40)^13-210*E(40)^16-148*E(40)^21+56*E(40)^23-210*E(40)^24-148*E(40)^29+148*E(40)^31-81*E(40)^32-56*E(40)^37+148*E(40)^39  sign(det M/lambda^2) = +1
    (iv)  vertex set onto vertex set: false
    (v)   edges/faces/cells onto: false/false/false
    (vi)  M^-1 {S1,S2,X_a} M in Gamma_b: [ false, false, false ]   M {S1,S2,X_b} M^-1 in Gamma_a: [ false, false, false ]
    (vii) conjugated triple orientation in Gamma_b: none  (RepresentativeAction and own conjugator search agree: true; exact equality with same triple: false, with mirror triple: false)
    flag image = intended odd flag: false   (= intended flag with the other cell: false;  image flag orbit: none)
    => candidate odd passes (structure map): false;  represents the odd coset: false
    M = [ [ -1/6*E(40)^7-1/6*E(40)^8+1/6*E(40)^13-7/6*E(40)^16-5/12*E(40)^21-1/6*E(40)^23-7/6*E(40)^24-5/12*E(40)^29+5/12*E(40)^31-1/6*E(40)^32+1/6*E(40)^37+5/12*E(40)^39, 1/3*E(40)^7-1/3*E(40)^8-1/3*E(40)^13-2/3*E(40)^16-1/3*E(40)^21+1/3*E(40)^23-2/3*E(40)^24-1/3*E(40)^29+1/3*E(40)^31-1/3*E(40)^32-1/3*E(40)^37+1/3*E(40)^39, -3/4*E(40)^7+4/3*E(40)^8+3/4*E(40)^13+5/2*E(40)^16+11/6*E(40)^21-3/4*E(40)^23+5/2*E(40)^24+11/6*E(40)^29-11/6*E(40)^31+4/3*E(40)^32+3/4*E(40)^37-11/6*E(40)^39, 7/12*E(40)^7-1/2*E(40)^8-7/12*E(40)^13-5/3*E(40)^16-5/4*E(40)^21+7/12*E(40)^23-5/3*E(40)^24-5/4*E(40)^29+5/4*E(40)^31-1/2*E(40)^32-7/12*E(40)^37+5/4*E(40)^39 ], [ 1/3*E(40)^7-1/3*E(40)^8-1/3*E(40)^13-5/3*E(40)^16-4/3*E(40)^21+1/3*E(40)^23-5/3*E(40)^24-4/3*E(40)^29+4/3*E(40)^31-1/3*E(40)^32-1/3*E(40)^37+4/3*E(40)^39, -7/12*E(40)^7+1/6*E(40)^8+7/12*E(40)^13+2/3*E(40)^16+11/12*E(40)^21-7/12*E(40)^23+2/3*E(40)^24+11/12*E(40)^29-11/12*E(40)^31+1/6*E(40)^32+7/12*E(40)^37-11/12*E(40)^39, 1/12*E(40)^7-1/12*E(40)^13+5/6*E(40)^16+1/2*E(40)^21+1/12*E(40)^23+5/6*E(40)^24+1/2*E(40)^29-1/2*E(40)^31-1/12*E(40)^37-1/2*E(40)^39, -1/2*E(40)^7+7/6*E(40)^8+1/2*E(40)^13+5/2*E(40)^16+17/12*E(40)^21-1/2*E(40)^23+5/2*E(40)^24+17/12*E(40)^29-17/12*E(40)^31+7/6*E(40)^32+1/2*E(40)^37-17/12*E(40)^39 ], [ -5/12*E(40)^7+1/3*E(40)^8+5/12*E(40)^13+5/6*E(40)^16+5/6*E(40)^21-5/12*E(40)^23+5/6*E(40)^24+5/6*E(40)^29-5/6*E(40)^31+1/3*E(40)^32+5/12*E(40)^37-5/6*E(40)^39, -11/12*E(40)^7-1/3*E(40)^8+11/12*E(40)^13+5/6*E(40)^16+7/6*E(40)^21-11/12*E(40)^23+5/6*E(40)^24+7/6*E(40)^29-7/6*E(40)^31-1/3*E(40)^32+11/12*E(40)^37-7/6*E(40)^39, 7/12*E(40)^7-2*E(40)^8-7/12*E(40)^13-25/6*E(40)^16-5/2*E(40)^21+7/12*E(40)^23-25/6*E(40)^24-5/2*E(40)^29+5/2*E(40)^31-2*E(40)^32-7/12*E(40)^37+5/2*E(40)^39, -5/4*E(40)^7-1/3*E(40)^8+5/4*E(40)^13+3/2*E(40)^16+5/3*E(40)^21-5/4*E(40)^23+3/2*E(40)^24+5/3*E(40)^29-5/3*E(40)^31-1/3*E(40)^32+5/4*E(40)^37-5/3*E(40)^39 ], [ -5/12*E(40)^7+7/6*E(40)^8+5/12*E(40)^13+7/3*E(40)^16+17/12*E(40)^21-5/12*E(40)^23+7/3*E(40)^24+17/12*E(40)^29-17/12*E(40)^31+7/6*E(40)^32+5/12*E(40)^37-17/12*E(40)^39, 7/6*E(40)^7+1/6*E(40)^8-7/6*E(40)^13-11/6*E(40)^16-19/12*E(40)^21+7/6*E(40)^23-11/6*E(40)^24-19/12*E(40)^29+19/12*E(40)^31+1/6*E(40)^32-7/6*E(40)^37+19/12*E(40)^39, 3/4*E(40)^7-1/3*E(40)^8-3/4*E(40)^13-3/2*E(40)^16-4/3*E(40)^21+3/4*E(40)^23-3/2*E(40)^24-4/3*E(40)^29+4/3*E(40)^31-1/3*E(40)^32-3/4*E(40)^37+4/3*E(40)^39, 1/6*E(40)^7-2*E(40)^8-1/6*E(40)^13-10/3*E(40)^16-2*E(40)^21+1/6*E(40)^23-10/3*E(40)^24-2*E(40)^29+2*E(40)^31-2*E(40)^32-1/6*E(40)^37+2*E(40)^39 ] ]
  exhaustive Gram-pruned enumeration [t=101s]
    Gram-consistent ordered 4-tuples: 2304   Gamma_b-orbits: 2   full similarities: 0   det signs: [  ]
    orbit rep tuple [ 1, 9, 3, 16 ]: similarity=false det sign=+1 vertices=true edges=false faces=false cells=false conj=[ true, true, true ][ true, true, true ] orientation=none
    orbit rep tuple [ 1, 9, 3, 42 ]: similarity=false det sign=-1 vertices=true edges=false faces=false cells=false conj=[ true, true, true ][ true, true, true ] orientation=none
  [ok]   each Gamma_b-orbit of anchor tuples has size |Gamma_b| (free action)
  [ok]   the recorded orbits partition the enumerated tuple list
  [ok]   direct recomputation of M*M^T and det M for 210 sampled tuples agrees with orbit representatives
  [ok]   exhaustive similarity count 0 = |Gamma_b| * (number of flag-anchored cosets = 0)
  [ok]   number of similarity orbits found exhaustively = number of flag-anchored cosets
  [ok]   candidate even is not Gram-consistent and does not pass
  [ok]   candidate odd is not Gram-consistent and does not pass
  [ok]   det signs of passing candidates = det signs found exhaustively
  => EXHAUSTIVE PROOF: no similarity of E^4 carries realisation L3-{5,3,5/2}-8 onto L3-{5,3,5/2}-6 (no Gram-consistent tuple yields a structure map).
pair (L3-{5,3,5/2}-9 -> L3-{5,3,5/2}-6): inequivalent: different f-vector (120,720,300,50) vs (48,144,48,8)
pair (L3-{5,3,5/2}-10 -> L3-{5,3,5/2}-6): inequivalent: different f-vector (120,720,300,50) vs (48,144,48,8)
pair (L3-{5,3,5/2}-11 -> L3-{5,3,5/2}-6): inequivalent: different f-vector (120,720,300,50) vs (48,144,48,8)
pair (L3-{5,3,5/2}-12 -> L3-{5,3,5/2}-6): inequivalent: different f-vector (120,720,300,50) vs (48,144,48,8)
pair (L3-{5,3,5/2}-13 -> L3-{5,3,5/2}-6): inequivalent: different f-vector (120,720,300,50) vs (48,144,48,8)
pair (L3-{5,3,5/2}-14 -> L3-{5,3,5/2}-6): inequivalent: different f-vector (120,720,300,50) vs (48,144,48,8)
pair (L3-{5,3,5/2}-15 -> L3-{5,3,5/2}-6): inequivalent: different f-vector (120,720,300,50) vs (48,144,48,8)
pair (L3-{5,3,5/2}-16 -> L3-{5,3,5/2}-6): inequivalent: different f-vector (120,720,300,50) vs (48,144,48,8)
pair (L3-{3,3,5/2}-1 -> L3-{5,3,5/2}-6): inequivalent: different f-vector (600,1200,120,5) vs (48,144,48,8)
pair (L3-{3,3,5/2}-4 -> L3-{5,3,5/2}-6): inequivalent: different f-vector (600,1200,120,5) vs (48,144,48,8)

#### target b = L3-{5,3,5/2}-7   computing Gram matrix of V_b [t=102s]
  [ok]   Gram diagonal constant = |w_b|^2
pair (L3-{4,3,3}-1 -> L3-{5,3,5/2}-7): inequivalent: different f-vector (16,32,12,4) vs (48,144,48,8)
pair (L3-{4,3,3}-2 -> L3-{5,3,5/2}-7): inequivalent: different f-vector (16,32,12,4) vs (48,144,48,8)
pair (L3-{4,3,3}-3 -> L3-{5,3,5/2}-7): inequivalent: different f-vector (16,32,12,4) vs (48,144,48,8)
pair (L3-{4,3,3}-6 -> L3-{5,3,5/2}-7): inequivalent: different f-vector (16,32,12,4) vs (48,144,48,8)
pair (L3-{5,3,3}-3 -> L3-{5,3,5/2}-7): inequivalent: different f-vector (600,1200,120,5) vs (48,144,48,8)
pair (L3-{5,3,3}-8 -> L3-{5,3,5/2}-7): inequivalent: different f-vector (600,1200,120,5) vs (48,144,48,8)
pair (L3-{5,3,5/2}-1 -> L3-{5,3,5/2}-7): inequivalent: different f-vector (240,480,120,20) vs (48,144,48,8)
pair (L3-{5,3,5/2}-2 -> L3-{5,3,5/2}-7): inequivalent: different f-vector (240,480,120,20) vs (48,144,48,8)
pair (L3-{5,3,5/2}-3 -> L3-{5,3,5/2}-7): inequivalent: different f-vector (240,480,120,20) vs (48,144,48,8)
pair (L3-{5,3,5/2}-4 -> L3-{5,3,5/2}-7): inequivalent: different f-vector (240,480,120,20) vs (48,144,48,8)

== pair (L3-{5,3,5/2}-5 -> L3-{5,3,5/2}-7)  f-vector (48,144,48,8)  |Gamma_a|=1152 |Gamma_b|=1152 [t=103s]
  lambda = |w_b|^2/|w_a|^2 = -3*E(40)^8-4*E(40)^16-2*E(40)^21-4*E(40)^24-2*E(40)^29+2*E(40)^31-3*E(40)^32+2*E(40)^39  (~9.194525211291369)
  candidate even: image tuple (1-based indices in V_b) [ 41, 33, 11, 5 ]  Gram-consistent: false
    (i)   traversal of all p face vertices: true
    (ii)  M*M^T = lambda*I: false
    (iii) det M = 4*E(40)^7-18*E(40)^8-4*E(40)^13-33*E(40)^16-20*E(40)^21+4*E(40)^23-33*E(40)^24-20*E(40)^29+20*E(40)^31-18*E(40)^32-4*E(40)^37+20*E(40)^39  sign(det M/lambda^2) = +1
    (iv)  vertex set onto vertex set: false
    (v)   edges/faces/cells onto: false/false/false
    (vi)  M^-1 {S1,S2,X_a} M in Gamma_b: [ false, false, false ]   M {S1,S2,X_b} M^-1 in Gamma_a: [ false, false, false ]
    (vii) conjugated triple orientation in Gamma_b: none  (RepresentativeAction and own conjugator search agree: true; exact equality with same triple: false, with mirror triple: false)
    flag image = intended even flag: false   (= intended flag with the other cell: false;  image flag orbit: none)
    => candidate even passes (structure map): false;  represents the even coset: false
    M = [ [ E(40)^7-E(40)^8-E(40)^13-3/2*E(40)^16-E(40)^21+E(40)^23-3/2*E(40)^24-E(40)^29+E(40)^31-E(40)^32-E(40)^37+E(40)^39, 1/2+1/2*E(8)-1/2*E(8)^3, -1/2*E(40)^7+1/2*E(40)^13+E(40)^16+E(40)^21-1/2*E(40)^23+E(40)^24+E(40)^29-E(40)^31+1/2*E(40)^37-E(40)^39, 1/2*E(40)^8+E(40)^16+1/2*E(40)^21+E(40)^24+1/2*E(40)^29-1/2*E(40)^31+1/2*E(40)^32-1/2*E(40)^39 ], [ -1/2-1/2*E(8)+1/2*E(8)^3, E(40)^7-E(40)^8-E(40)^13-3/2*E(40)^16-E(40)^21+E(40)^23-3/2*E(40)^24-E(40)^29+E(40)^31-E(40)^32-E(40)^37+E(40)^39, -1/2*E(40)^8-E(40)^16-1/2*E(40)^21-E(40)^24-1/2*E(40)^29+1/2*E(40)^31-1/2*E(40)^32+1/2*E(40)^39, -1/2*E(40)^7+1/2*E(40)^13+E(40)^16+E(40)^21-1/2*E(40)^23+E(40)^24+E(40)^29-E(40)^31+1/2*E(40)^37-E(40)^39 ], [ -1/2*E(40)^7+1/2*E(40)^13+E(40)^16+E(40)^21-1/2*E(40)^23+E(40)^24+E(40)^29-E(40)^31+1/2*E(40)^37-E(40)^39, 1/2*E(40)^8+E(40)^16+1/2*E(40)^21+E(40)^24+1/2*E(40)^29-1/2*E(40)^31+1/2*E(40)^32-1/2*E(40)^39, 2*E(40)^7+E(40)^8-2*E(40)^13-3/2*E(40)^16-2*E(40)^21+2*E(40)^23-3/2*E(40)^24-2*E(40)^29+2*E(40)^31+E(40)^32-2*E(40)^37+2*E(40)^39, -1/2*E(40)^7-3/2*E(40)^8+1/2*E(40)^13-3/2*E(40)^16-1/2*E(40)^21-1/2*E(40)^23-3/2*E(40)^24-1/2*E(40)^29+1/2*E(40)^31-3/2*E(40)^32+1/2*E(40)^37+1/2*E(40)^39 ], [ -1/2*E(40)^8-E(40)^16-1/2*E(40)^21-E(40)^24-1/2*E(40)^29+1/2*E(40)^31-1/2*E(40)^32+1/2*E(40)^39, -1/2*E(40)^7+1/2*E(40)^13+E(40)^16+E(40)^21-1/2*E(40)^23+E(40)^24+E(40)^29-E(40)^31+1/2*E(40)^37-E(40)^39, 1/2*E(40)^7+3/2*E(40)^8-1/2*E(40)^13+3/2*E(40)^16+1/2*E(40)^21+1/2*E(40)^23+3/2*E(40)^24+1/2*E(40)^29-1/2*E(40)^31+3/2*E(40)^32-1/2*E(40)^37-1/2*E(40)^39, 2*E(40)^7+E(40)^8-2*E(40)^13-3/2*E(40)^16-2*E(40)^21+2*E(40)^23-3/2*E(40)^24-2*E(40)^29+2*E(40)^31+E(40)^32-2*E(40)^37+2*E(40)^39 ] ]
  candidate odd: image tuple (1-based indices in V_b) [ 41, 32, 40, 3 ]  Gram-consistent: false
    (i)   traversal of all p face vertices: true
    (ii)  M*M^T = lambda*I: false
    (iii) det M = 4*E(40)^7-18*E(40)^8-4*E(40)^13-33*E(40)^16-20*E(40)^21+4*E(40)^23-33*E(40)^24-20*E(40)^29+20*E(40)^31-18*E(40)^32-4*E(40)^37+20*E(40)^39  sign(det M/lambda^2) = +1
    (iv)  vertex set onto vertex set: false
    (v)   edges/faces/cells onto: false/false/false
    (vi)  M^-1 {S1,S2,X_a} M in Gamma_b: [ false, false, false ]   M {S1,S2,X_b} M^-1 in Gamma_a: [ false, false, false ]
    (vii) conjugated triple orientation in Gamma_b: none  (RepresentativeAction and own conjugator search agree: true; exact equality with same triple: false, with mirror triple: false)
    flag image = intended odd flag: false   (= intended flag with the other cell: false;  image flag orbit: none)
    => candidate odd passes (structure map): false;  represents the odd coset: false
    M = [ [ 11/12*E(40)^7-7/6*E(40)^8-11/12*E(40)^13-5/3*E(40)^16-13/12*E(40)^21+11/12*E(40)^23-5/3*E(40)^24-13/12*E(40)^29+13/12*E(40)^31-7/6*E(40)^32-11/12*E(40)^37+13/12*E(40)^39, -1/3*E(40)^7-1/3*E(40)^8+1/3*E(40)^13+1/3*E(40)^16+1/3*E(40)^21-1/3*E(40)^23+1/3*E(40)^24+1/3*E(40)^29-1/3*E(40)^31-1/3*E(40)^32+1/3*E(40)^37-1/3*E(40)^39, -2/3*E(40)^7+5/6*E(40)^8+2/3*E(40)^13+7/6*E(40)^16+11/12*E(40)^21-2/3*E(40)^23+7/6*E(40)^24+11/12*E(40)^29-11/12*E(40)^31+5/6*E(40)^32+2/3*E(40)^37-11/12*E(40)^39, -1/12*E(40)^7+1/3*E(40)^8+1/12*E(40)^13+5/6*E(40)^16+2/3*E(40)^21-1/12*E(40)^23+5/6*E(40)^24+2/3*E(40)^29-2/3*E(40)^31+1/3*E(40)^32+1/12*E(40)^37-2/3*E(40)^39 ], [ -1/3*E(40)^7+2/3*E(40)^8+1/3*E(40)^13+1/3*E(40)^16+1/3*E(40)^21-1/3*E(40)^23+1/3*E(40)^24+1/3*E(40)^29-1/3*E(40)^31+2/3*E(40)^32+1/3*E(40)^37-1/3*E(40)^39, 1/12*E(40)^7-1/3*E(40)^8-1/12*E(40)^13+1/6*E(40)^16+1/3*E(40)^21+1/12*E(40)^23+1/6*E(40)^24+1/3*E(40)^29-1/3*E(40)^31-1/3*E(40)^32-1/12*E(40)^37-1/3*E(40)^39, -1/3*E(40)^7-1/6*E(40)^8+1/3*E(40)^13-7/6*E(40)^16-7/12*E(40)^21-1/3*E(40)^23-7/6*E(40)^24-7/12*E(40)^29+7/12*E(40)^31-1/6*E(40)^32+1/3*E(40)^37+7/12*E(40)^39, -7/12*E(40)^7+1/6*E(40)^8+7/12*E(40)^13+4/3*E(40)^16+13/12*E(40)^21-7/12*E(40)^23+4/3*E(40)^24+13/12*E(40)^29-13/12*E(40)^31+1/6*E(40)^32+7/12*E(40)^37-13/12*E(40)^39 ], [ 5/6*E(40)^8+3/2*E(40)^16+11/12*E(40)^21+3/2*E(40)^24+11/12*E(40)^29-11/12*E(40)^31+5/6*E(40)^32-11/12*E(40)^39, 5/3*E(40)^7+3/2*E(40)^8-5/3*E(40)^13-1/6*E(40)^16-5/4*E(40)^21+5/3*E(40)^23-1/6*E(40)^24-5/4*E(40)^29+5/4*E(40)^31+3/2*E(40)^32-5/3*E(40)^37+5/4*E(40)^39, E(40)^7+1/6*E(40)^8-E(40)^13-3/2*E(40)^16-17/12*E(40)^21+E(40)^23-3/2*E(40)^24-17/12*E(40)^29+17/12*E(40)^31+1/6*E(40)^32-E(40)^37+17/12*E(40)^39, -1/6*E(40)^7-3/2*E(40)^8+1/6*E(40)^13-11/6*E(40)^16-3/4*E(40)^21-1/6*E(40)^23-11/6*E(40)^24-3/4*E(40)^29+3/4*E(40)^31-3/2*E(40)^32+1/6*E(40)^37+3/4*E(40)^39 ], [ -1/12*E(40)^7+1/12*E(40)^13-1/6*E(40)^16-1/12*E(40)^23-1/6*E(40)^24+1/12*E(40)^37, 3/4*E(40)^7+1/6*E(40)^8-3/4*E(40)^13-E(40)^16-11/12*E(40)^21+3/4*E(40)^23-E(40)^24-11/12*E(40)^29+11/12*E(40)^31+1/6*E(40)^32-3/4*E(40)^37+11/12*E(40)^39, -1/6*E(40)^7+3/2*E(40)^8+1/6*E(40)^13+13/6*E(40)^16+5/4*E(40)^21-1/6*E(40)^23+13/6*E(40)^24+5/4*E(40)^29-5/4*E(40)^31+3/2*E(40)^32+1/6*E(40)^37-5/4*E(40)^39, 2*E(40)^7+4/3*E(40)^8-2*E(40)^13-E(40)^16-11/6*E(40)^21+2*E(40)^23-E(40)^24-11/6*E(40)^29+11/6*E(40)^31+4/3*E(40)^32-2*E(40)^37+11/6*E(40)^39 ] ]
  exhaustive Gram-pruned enumeration [t=103s]
    Gram-consistent ordered 4-tuples: 2304   Gamma_b-orbits: 2   full similarities: 0   det signs: [  ]
    orbit rep tuple [ 1, 7, 2, 22 ]: similarity=false det sign=-1 vertices=true edges=false faces=false cells=false conj=[ true, true, true ][ true, true, true ] orientation=none
    orbit rep tuple [ 1, 7, 2, 36 ]: similarity=false det sign=+1 vertices=true edges=false faces=false cells=false conj=[ true, true, true ][ true, true, true ] orientation=none
  [ok]   each Gamma_b-orbit of anchor tuples has size |Gamma_b| (free action)
  [ok]   the recorded orbits partition the enumerated tuple list
  [ok]   direct recomputation of M*M^T and det M for 210 sampled tuples agrees with orbit representatives
  [ok]   exhaustive similarity count 0 = |Gamma_b| * (number of flag-anchored cosets = 0)
  [ok]   number of similarity orbits found exhaustively = number of flag-anchored cosets
  [ok]   candidate even is not Gram-consistent and does not pass
  [ok]   candidate odd is not Gram-consistent and does not pass
  [ok]   det signs of passing candidates = det signs found exhaustively
  => EXHAUSTIVE PROOF: no similarity of E^4 carries realisation L3-{5,3,5/2}-5 onto L3-{5,3,5/2}-7 (no Gram-consistent tuple yields a structure map).

== pair (L3-{5,3,5/2}-6 -> L3-{5,3,5/2}-7)  f-vector (48,144,48,8)  |Gamma_a|=1152 |Gamma_b|=1152 [t=104s]
  lambda = |w_b|^2/|w_a|^2 = -4/3*E(40)^7-7/3*E(40)^8+4/3*E(40)^13-4/3*E(40)^16+2/3*E(40)^21-4/3*E(40)^23-4/3*E(40)^24+2/3*E(40)^29-2/3*E(40)^31-7/3*E(40)^32+4/3*E(40)^37-2/3*E(40)^39  (~0.3551783355998037)
  candidate even: image tuple (1-based indices in V_b) [ 41, 33, 11, 5 ]  Gram-consistent: true
    (i)   traversal of all p face vertices: true
    (ii)  M*M^T = lambda*I: true
    (iii) det M = -68/9*E(40)^7-98/9*E(40)^8+68/9*E(40)^13-41/9*E(40)^16+28/9*E(40)^21-68/9*E(40)^23-41/9*E(40)^24+28/9*E(40)^29-28/9*E(40)^31-98/9*E(40)^32+68/9*E(40)^37-28/9*E(40)^39  sign(det M/lambda^2) = +1
    (iv)  vertex set onto vertex set: true
    (v)   edges/faces/cells onto: true/true/true
    (vi)  M^-1 {S1,S2,X_a} M in Gamma_b: [ true, true, true ]   M {S1,S2,X_b} M^-1 in Gamma_a: [ true, true, true ]
    (vii) conjugated triple orientation in Gamma_b: mirror  (RepresentativeAction and own conjugator search agree: true; exact equality with same triple: false, with mirror triple: false)
    flag image = intended even flag: false   (= intended flag with the other cell: true;  image flag orbit: odd)
    => candidate even passes (structure map): true;  represents the even coset: false
    M = [ [ 1/3*E(40)^7-1/3*E(40)^13-1/6*E(40)^16+1/3*E(40)^23-1/6*E(40)^24-1/3*E(40)^37, 1/2*E(40)^7+5/6*E(40)^8-1/2*E(40)^13+1/2*E(40)^16-1/6*E(40)^21+1/2*E(40)^23+1/2*E(40)^24-1/6*E(40)^29+1/6*E(40)^31+5/6*E(40)^32-1/2*E(40)^37+1/6*E(40)^39, 1/6*E(40)^7-1/6*E(40)^13-1/3*E(40)^16+1/6*E(40)^23-1/3*E(40)^24-1/6*E(40)^37, 1/6*E(40)^8+1/6*E(40)^21+1/6*E(40)^29-1/6*E(40)^31+1/6*E(40)^32-1/6*E(40)^39 ], [ -1/2*E(40)^7-5/6*E(40)^8+1/2*E(40)^13-1/2*E(40)^16+1/6*E(40)^21-1/2*E(40)^23-1/2*E(40)^24+1/6*E(40)^29-1/6*E(40)^31-5/6*E(40)^32+1/2*E(40)^37-1/6*E(40)^39, 1/3*E(40)^7-1/3*E(40)^13-1/6*E(40)^16+1/3*E(40)^23-1/6*E(40)^24-1/3*E(40)^37, -1/6*E(40)^8-1/6*E(40)^21-1/6*E(40)^29+1/6*E(40)^31-1/6*E(40)^32+1/6*E(40)^39, 1/6*E(40)^7-1/6*E(40)^13-1/3*E(40)^16+1/6*E(40)^23-1/3*E(40)^24-1/6*E(40)^37 ], [ 1/6*E(40)^7-1/6*E(40)^13-1/3*E(40)^16+1/6*E(40)^23-1/3*E(40)^24-1/6*E(40)^37, 1/6*E(40)^8+1/6*E(40)^21+1/6*E(40)^29-1/6*E(40)^31+1/6*E(40)^32-1/6*E(40)^39, -2/3*E(40)^7-2/3*E(40)^8+2/3*E(40)^13-1/6*E(40)^16+1/3*E(40)^21-2/3*E(40)^23-1/6*E(40)^24+1/3*E(40)^29-1/3*E(40)^31-2/3*E(40)^32+2/3*E(40)^37-1/3*E(40)^39, 1/6*E(40)^7-1/6*E(40)^8-1/6*E(40)^13+1/6*E(40)^16-1/6*E(40)^21+1/6*E(40)^23+1/6*E(40)^24-1/6*E(40)^29+1/6*E(40)^31-1/6*E(40)^32-1/6*E(40)^37+1/6*E(40)^39 ], [ -1/6*E(40)^8-1/6*E(40)^21-1/6*E(40)^29+1/6*E(40)^31-1/6*E(40)^32+1/6*E(40)^39, 1/6*E(40)^7-1/6*E(40)^13-1/3*E(40)^16+1/6*E(40)^23-1/3*E(40)^24-1/6*E(40)^37, -1/6*E(40)^7+1/6*E(40)^8+1/6*E(40)^13-1/6*E(40)^16+1/6*E(40)^21-1/6*E(40)^23-1/6*E(40)^24+1/6*E(40)^29-1/6*E(40)^31+1/6*E(40)^32+1/6*E(40)^37-1/6*E(40)^39, -2/3*E(40)^7-2/3*E(40)^8+2/3*E(40)^13-1/6*E(40)^16+1/3*E(40)^21-2/3*E(40)^23-1/6*E(40)^24+1/3*E(40)^29-1/3*E(40)^31-2/3*E(40)^32+2/3*E(40)^37-1/3*E(40)^39 ] ]
  [ok]   orientation test: RepresentativeAction agrees with independent conjugator search
  [ok]   conjugated triple is not simultaneously conjugate to the same and the mirror triple (abstract chirality)
  [ok]   passing even candidate maps the base flag of a to the intended flag of b or to the intended flag with the other cell
  [ok]   image flag orbit is even iff (even candidate and intended flag) or (odd candidate and other cell)
  [ok]   even candidate with odd image orbit: conjugated triple is Gamma_b-conjugate to the mirror triple (S1^-1, S1^2 S2, X_b)
  candidate odd: image tuple (1-based indices in V_b) [ 41, 32, 40, 3 ]  Gram-consistent: true
    (i)   traversal of all p face vertices: true
    (ii)  M*M^T = lambda*I: true
    (iii) det M = -68/9*E(40)^7-98/9*E(40)^8+68/9*E(40)^13-41/9*E(40)^16+28/9*E(40)^21-68/9*E(40)^23-41/9*E(40)^24+28/9*E(40)^29-28/9*E(40)^31-98/9*E(40)^32+68/9*E(40)^37-28/9*E(40)^39  sign(det M/lambda^2) = +1
    (iv)  vertex set onto vertex set: true
    (v)   edges/faces/cells onto: true/true/true
    (vi)  M^-1 {S1,S2,X_a} M in Gamma_b: [ true, true, true ]   M {S1,S2,X_b} M^-1 in Gamma_a: [ true, true, true ]
    (vii) conjugated triple orientation in Gamma_b: mirror  (RepresentativeAction and own conjugator search agree: true; exact equality with same triple: false, with mirror triple: false)
    flag image = intended odd flag: true   (= intended flag with the other cell: false;  image flag orbit: odd)
    => candidate odd passes (structure map): true;  represents the odd coset: true
    M = [ [ 3/4*E(40)^7+1/2*E(40)^8-3/4*E(40)^13-1/4*E(40)^21+3/4*E(40)^23-1/4*E(40)^29+1/4*E(40)^31+1/2*E(40)^32-3/4*E(40)^37+1/4*E(40)^39, 0, -1/6*E(40)^8-1/2*E(40)^16+1/12*E(40)^21-1/2*E(40)^24+1/12*E(40)^29-1/12*E(40)^31-1/6*E(40)^32-1/12*E(40)^39, 1/12*E(40)^7-1/12*E(40)^13-1/6*E(40)^16+1/12*E(40)^23-1/6*E(40)^24-1/12*E(40)^37 ], [ 0, 1/4*E(40)^7-1/4*E(40)^13-1/2*E(40)^16+1/4*E(40)^23-1/2*E(40)^24-1/4*E(40)^37, -2/3*E(40)^7-1/2*E(40)^8+2/3*E(40)^13-1/6*E(40)^16+1/4*E(40)^21-2/3*E(40)^23-1/6*E(40)^24+1/4*E(40)^29-1/4*E(40)^31-1/2*E(40)^32+2/3*E(40)^37-1/4*E(40)^39, 1/4*E(40)^7+1/6*E(40)^8-1/4*E(40)^13-1/12*E(40)^21+1/4*E(40)^23-1/12*E(40)^29+1/12*E(40)^31+1/6*E(40)^32-1/4*E(40)^37+1/12*E(40)^39 ], [ -1/6*E(40)^8-1/2*E(40)^16+1/12*E(40)^21-1/2*E(40)^24+1/12*E(40)^29-1/12*E(40)^31-1/6*E(40)^32-1/12*E(40)^39, -2/3*E(40)^7-1/2*E(40)^8+2/3*E(40)^13-1/6*E(40)^16+1/4*E(40)^21-2/3*E(40)^23-1/6*E(40)^24+1/4*E(40)^29-1/4*E(40)^31-1/2*E(40)^32+2/3*E(40)^37-1/4*E(40)^39, -1/3*E(40)^7-1/6*E(40)^8+1/3*E(40)^13+1/6*E(40)^16+1/12*E(40)^21-1/3*E(40)^23+1/6*E(40)^24+1/12*E(40)^29-1/12*E(40)^31-1/6*E(40)^32+1/3*E(40)^37-1/12*E(40)^39, -1/6*E(40)^7-1/6*E(40)^8+1/6*E(40)^13-1/6*E(40)^16+1/12*E(40)^21-1/6*E(40)^23-1/6*E(40)^24+1/12*E(40)^29-1/12*E(40)^31-1/6*E(40)^32+1/6*E(40)^37-1/12*E(40)^39 ], [ 1/12*E(40)^7-1/12*E(40)^13-1/6*E(40)^16+1/12*E(40)^23-1/6*E(40)^24-1/12*E(40)^37, 1/4*E(40)^7+1/6*E(40)^8-1/4*E(40)^13-1/12*E(40)^21+1/4*E(40)^23-1/12*E(40)^29+1/12*E(40)^31+1/6*E(40)^32-1/4*E(40)^37+1/12*E(40)^39, -1/6*E(40)^7-1/6*E(40)^8+1/6*E(40)^13-1/6*E(40)^16+1/12*E(40)^21-1/6*E(40)^23-1/6*E(40)^24+1/12*E(40)^29-1/12*E(40)^31-1/6*E(40)^32+1/6*E(40)^37-1/12*E(40)^39, -2/3*E(40)^7-1/3*E(40)^8+2/3*E(40)^13+1/3*E(40)^16+1/6*E(40)^21-2/3*E(40)^23+1/3*E(40)^24+1/6*E(40)^29-1/6*E(40)^31-1/3*E(40)^32+2/3*E(40)^37-1/6*E(40)^39 ] ]
  [ok]   orientation test: RepresentativeAction agrees with independent conjugator search
  [ok]   conjugated triple is not simultaneously conjugate to the same and the mirror triple (abstract chirality)
  [ok]   passing odd candidate maps the base flag of a to the intended flag of b or to the intended flag with the other cell
  [ok]   image flag orbit is even iff (even candidate and intended flag) or (odd candidate and other cell)
  [ok]   odd candidate with odd image orbit: conjugated triple is Gamma_b-conjugate to the mirror triple (S1^-1, S1^2 S2, X_b)
  [ok]   both candidates pass but only one hits its intended flag: M_even^-1 M_odd lies in Gamma_b (same coset)
  [ok]   at least one of the two passing candidates hits its intended flag
  exhaustive Gram-pruned enumeration [t=105s]
    Gram-consistent ordered 4-tuples: 2304   Gamma_b-orbits: 2   full similarities: 1152   det signs: [ "+1" ]
    orbit rep tuple [ 1, 9, 3, 22 ]: similarity=true det sign=+1 vertices=true edges=true faces=true cells=true conj=[ true, true, true ][ true, true, true ] orientation=mirror
    orbit rep tuple [ 1, 9, 3, 36 ]: similarity=false det sign=-1 vertices=true edges=true faces=false cells=false conj=[ true, true, true ][ true, true, true ] orientation=none
  [ok]   each Gamma_b-orbit of anchor tuples has size |Gamma_b| (free action)
  [ok]   the recorded orbits partition the enumerated tuple list
  [ok]   direct recomputation of M*M^T and det M for 210 sampled tuples agrees with orbit representatives
  [ok]   exhaustive similarity count 1152 = |Gamma_b| * (number of flag-anchored cosets = 1)
  [ok]   number of similarity orbits found exhaustively = number of flag-anchored cosets
  [ok]   candidate even tuple is enumerated and its orbit verdict matches the candidate verdict
  [ok]   candidate odd tuple is enumerated and its orbit verdict matches the candidate verdict
  [ok]   det signs of passing candidates = det signs found exhaustively
  => 1152 similarities L3-{5,3,5/2}-6 -> L3-{5,3,5/2}-7 (1 Gamma_b-coset(s)), lambda = -4/3*E(40)^7-7/3*E(40)^8+4/3*E(40)^13-4/3*E(40)^16+2/3*E(40)^21-4/3*E(40)^23-4/3*E(40)^24+2/3*E(40)^29-2/3*E(40)^31-7/3*E(40)^32+4/3*E(40)^37-2/3*E(40)^39, det signs [ "+1" ]

== pair (L3-{5,3,5/2}-7 -> L3-{5,3,5/2}-7)  f-vector (48,144,48,8)  |Gamma_a|=1152 |Gamma_b|=1152 [t=106s]
  lambda = |w_b|^2/|w_a|^2 = 1  (~1.)
  candidate even: image tuple (1-based indices in V_b) [ 41, 33, 11, 5 ]  Gram-consistent: true
    (i)   traversal of all p face vertices: true
    (ii)  M*M^T = lambda*I: true
    (iii) det M = 1  sign(det M/lambda^2) = +1
    (iv)  vertex set onto vertex set: true
    (v)   edges/faces/cells onto: true/true/true
    (vi)  M^-1 {S1,S2,X_a} M in Gamma_b: [ true, true, true ]   M {S1,S2,X_b} M^-1 in Gamma_a: [ true, true, true ]
    (vii) conjugated triple orientation in Gamma_b: same  (RepresentativeAction and own conjugator search agree: true; exact equality with same triple: true, with mirror triple: false)
    flag image = intended even flag: true   (= intended flag with the other cell: false;  image flag orbit: even)
    => candidate even passes (structure map): true;  represents the even coset: true
    M = [ [ 1, 0, 0, 0 ], [ 0, 1, 0, 0 ], [ 0, 0, 1, 0 ], [ 0, 0, 0, 1 ] ]
  [ok]   orientation test: RepresentativeAction agrees with independent conjugator search
  [ok]   conjugated triple is not simultaneously conjugate to the same and the mirror triple (abstract chirality)
  [ok]   passing even candidate maps the base flag of a to the intended flag of b or to the intended flag with the other cell
  [ok]   image flag orbit is even iff (even candidate and intended flag) or (odd candidate and other cell)
  [ok]   even candidate with even image orbit: conjugated triple is Gamma_b-conjugate to (S1,S2,X_b)
  [ok]   even candidate hitting the base flag: conjugated triple equals (S1,S2,X_b) exactly (free flag action)
  candidate odd: image tuple (1-based indices in V_b) [ 41, 32, 40, 3 ]  Gram-consistent: true
    (i)   traversal of all p face vertices: true
    (ii)  M*M^T = lambda*I: true
    (iii) det M = 1  sign(det M/lambda^2) = +1
    (iv)  vertex set onto vertex set: true
    (v)   edges/faces/cells onto: true/true/true
    (vi)  M^-1 {S1,S2,X_a} M in Gamma_b: [ true, true, true ]   M {S1,S2,X_b} M^-1 in Gamma_a: [ true, true, true ]
    (vii) conjugated triple orientation in Gamma_b: same  (RepresentativeAction and own conjugator search agree: true; exact equality with same triple: false, with mirror triple: false)
    flag image = intended odd flag: false   (= intended flag with the other cell: true;  image flag orbit: even)
    => candidate odd passes (structure map): true;  represents the odd coset: false
    M = [ [ 1/6*E(40)^7-2/3*E(40)^8-1/6*E(40)^13-2/3*E(40)^16-1/12*E(40)^21+1/6*E(40)^23-2/3*E(40)^24-1/12*E(40)^29+1/12*E(40)^31-2/3*E(40)^32-1/6*E(40)^37+1/12*E(40)^39, 1/6*E(40)^7+1/6*E(40)^8-1/6*E(40)^13-1/6*E(40)^16-1/6*E(40)^21+1/6*E(40)^23-1/6*E(40)^24-1/6*E(40)^29+1/6*E(40)^31+1/6*E(40)^32-1/6*E(40)^37+1/6*E(40)^39, -1/4*E(40)^7-1/6*E(40)^8+1/4*E(40)^13+1/6*E(40)^21-1/4*E(40)^23+1/6*E(40)^29-1/6*E(40)^31-1/6*E(40)^32+1/4*E(40)^37-1/6*E(40)^39, -1/12*E(40)^7+1/12*E(40)^13-1/6*E(40)^16+1/4*E(40)^21-1/12*E(40)^23-1/6*E(40)^24+1/4*E(40)^29-1/4*E(40)^31+1/12*E(40)^37-1/4*E(40)^39 ], [ -1/3*E(40)^7-1/3*E(40)^8+1/3*E(40)^13-1/6*E(40)^16+1/3*E(40)^21-1/3*E(40)^23-1/6*E(40)^24+1/3*E(40)^29-1/3*E(40)^31-1/3*E(40)^32+1/3*E(40)^37-1/3*E(40)^39, 1/12*E(40)^7-1/3*E(40)^8-1/12*E(40)^13-1/3*E(40)^16+1/12*E(40)^21+1/12*E(40)^23-1/3*E(40)^24+1/12*E(40)^29-1/12*E(40)^31-1/3*E(40)^32-1/12*E(40)^37-1/12*E(40)^39, -1/12*E(40)^7+1/2*E(40)^8+1/12*E(40)^13+1/3*E(40)^16-1/12*E(40)^23+1/3*E(40)^24+1/2*E(40)^32+1/12*E(40)^37, 1/6*E(40)^8+1/2*E(40)^16+1/12*E(40)^21+1/2*E(40)^24+1/12*E(40)^29-1/12*E(40)^31+1/6*E(40)^32-1/12*E(40)^39 ], [ -1/12*E(40)^7-1/6*E(40)^8+1/12*E(40)^13-1/6*E(40)^16+1/6*E(40)^21-1/12*E(40)^23-1/6*E(40)^24+1/6*E(40)^29-1/6*E(40)^31-1/6*E(40)^32+1/12*E(40)^37-1/6*E(40)^39, -1/12*E(40)^7-1/3*E(40)^8+1/12*E(40)^13-1/6*E(40)^16-1/6*E(40)^21-1/12*E(40)^23-1/6*E(40)^24-1/6*E(40)^29+1/6*E(40)^31-1/3*E(40)^32+1/12*E(40)^37+1/6*E(40)^39, -1/12*E(40)^7-1/2*E(40)^8+1/12*E(40)^13-2/3*E(40)^16-1/12*E(40)^23-2/3*E(40)^24-1/2*E(40)^32+1/12*E(40)^37, 1/4*E(40)^7-1/3*E(40)^8-1/4*E(40)^13-1/6*E(40)^21+1/4*E(40)^23-1/6*E(40)^29+1/6*E(40)^31-1/3*E(40)^32-1/4*E(40)^37+1/6*E(40)^39 ], [ -1/12*E(40)^7+1/6*E(40)^8+1/12*E(40)^13+1/3*E(40)^16+1/12*E(40)^21-1/12*E(40)^23+1/3*E(40)^24+1/12*E(40)^29-1/12*E(40)^31+1/6*E(40)^32+1/12*E(40)^37-1/12*E(40)^39, -1/6*E(40)^7+1/6*E(40)^8+1/6*E(40)^13-1/3*E(40)^16+1/12*E(40)^21-1/6*E(40)^23-1/3*E(40)^24+1/12*E(40)^29-1/12*E(40)^31+1/6*E(40)^32+1/6*E(40)^37-1/12*E(40)^39, -1/4*E(40)^7+1/6*E(40)^8+1/4*E(40)^13+1/3*E(40)^21-1/4*E(40)^23+1/3*E(40)^29-1/3*E(40)^31+1/6*E(40)^32+1/4*E(40)^37-1/3*E(40)^39, -1/6*E(40)^7-1/2*E(40)^8+1/6*E(40)^13-1/3*E(40)^16-1/6*E(40)^23-1/3*E(40)^24-1/2*E(40)^32+1/6*E(40)^37 ] ]
  [ok]   orientation test: RepresentativeAction agrees with independent conjugator search
  [ok]   conjugated triple is not simultaneously conjugate to the same and the mirror triple (abstract chirality)
  [ok]   passing odd candidate maps the base flag of a to the intended flag of b or to the intended flag with the other cell
  [ok]   image flag orbit is even iff (even candidate and intended flag) or (odd candidate and other cell)
  [ok]   odd candidate with even image orbit: conjugated triple is Gamma_b-conjugate to (S1,S2,X_b)
  [ok]   both candidates pass but only one hits its intended flag: M_even^-1 M_odd lies in Gamma_b (same coset)
  [ok]   at least one of the two passing candidates hits its intended flag
  a = b: the odd candidate passes but maps the base flag to (Phi^2)^3 (even orbit): it is an element of Gamma, not an extra symmetry; no similarity maps the base flag to its 2-adjacent flag: geometrically chiral (symmetry group = Gamma)
  [ok]   a = b: the even candidate (identity) passes and fixes the base flag
  [ok]   a = b: the even candidate matrix is the identity
  exhaustive Gram-pruned enumeration [t=106s]
    Gram-consistent ordered 4-tuples: 2304   Gamma_b-orbits: 2   full similarities: 1152   det signs: [ "+1" ]
    orbit rep tuple [ 1, 9, 3, 22 ]: similarity=true det sign=+1 vertices=true edges=true faces=true cells=true conj=[ true, true, true ][ true, true, true ] orientation=same
    orbit rep tuple [ 1, 9, 3, 36 ]: similarity=false det sign=-1 vertices=true edges=true faces=false cells=false conj=[ true, true, true ][ true, true, true ] orientation=none
  [ok]   each Gamma_b-orbit of anchor tuples has size |Gamma_b| (free action)
  [ok]   the recorded orbits partition the enumerated tuple list
  [ok]   direct recomputation of M*M^T and det M for 210 sampled tuples agrees with orbit representatives
  [ok]   exhaustive similarity count 1152 = |Gamma_b| * (number of flag-anchored cosets = 1)
  [ok]   number of similarity orbits found exhaustively = number of flag-anchored cosets
  [ok]   candidate even tuple is enumerated and its orbit verdict matches the candidate verdict
  [ok]   candidate odd tuple is enumerated and its orbit verdict matches the candidate verdict
  [ok]   det signs of passing candidates = det signs found exhaustively
  => 1152 similarities L3-{5,3,5/2}-7 -> L3-{5,3,5/2}-7 (1 Gamma_b-coset(s)), lambda = 1, det signs [ "+1" ]

== pair (L3-{5,3,5/2}-8 -> L3-{5,3,5/2}-7)  f-vector (48,144,48,8)  |Gamma_a|=1152 |Gamma_b|=1152 [t=108s]
  lambda = |w_b|^2/|w_a|^2 = -4/3*E(40)^7-13/3*E(40)^8+4/3*E(40)^13-13/3*E(40)^16-4/3*E(40)^21-4/3*E(40)^23-13/3*E(40)^24-4/3*E(40)^29+4/3*E(40)^31-13/3*E(40)^32+4/3*E(40)^37+4/3*E(40)^39  (~8.549703546891172)
  candidate even: image tuple (1-based indices in V_b) [ 41, 33, 11, 5 ]  Gram-consistent: false
    (i)   traversal of all p face vertices: true
    (ii)  M*M^T = lambda*I: false
    (iii) det M = -104/9*E(40)^7-329/9*E(40)^8+104/9*E(40)^13-329/9*E(40)^16-104/9*E(40)^21-104/9*E(40)^23-329/9*E(40)^24-104/9*E(40)^29+104/9*E(40)^31-329/9*E(40)^32+104/9*E(40)^37+104/9*E(40)^39  sign(det M/lambda^2) = +1
    (iv)  vertex set onto vertex set: false
    (v)   edges/faces/cells onto: false/false/false
    (vi)  M^-1 {S1,S2,X_a} M in Gamma_b: [ false, false, false ]   M {S1,S2,X_b} M^-1 in Gamma_a: [ false, false, false ]
    (vii) conjugated triple orientation in Gamma_b: none  (RepresentativeAction and own conjugator search agree: true; exact equality with same triple: false, with mirror triple: false)
    flag image = intended even flag: false   (= intended flag with the other cell: false;  image flag orbit: none)
    => candidate even passes (structure map): false;  represents the even coset: false
    M = [ [ -1/3*E(40)^7+2/3*E(40)^8+1/3*E(40)^13+2/3*E(40)^16+2/3*E(40)^21-1/3*E(40)^23+2/3*E(40)^24+2/3*E(40)^29-2/3*E(40)^31+2/3*E(40)^32+1/3*E(40)^37-2/3*E(40)^39, 1/3*E(40)^7-1/3*E(40)^8-1/3*E(40)^13-2/3*E(40)^16-1/3*E(40)^21+1/3*E(40)^23-2/3*E(40)^24-1/3*E(40)^29+1/3*E(40)^31-1/3*E(40)^32-1/3*E(40)^37+1/3*E(40)^39, 2/3*E(40)^7-2/3*E(40)^13-4/3*E(40)^16-E(40)^21+2/3*E(40)^23-4/3*E(40)^24-E(40)^29+E(40)^31-2/3*E(40)^37+E(40)^39, 2/3*E(40)^8+E(40)^16+2/3*E(40)^21+E(40)^24+2/3*E(40)^29-2/3*E(40)^31+2/3*E(40)^32-2/3*E(40)^39 ], [ -1/3*E(40)^7+1/3*E(40)^8+1/3*E(40)^13+2/3*E(40)^16+1/3*E(40)^21-1/3*E(40)^23+2/3*E(40)^24+1/3*E(40)^29-1/3*E(40)^31+1/3*E(40)^32+1/3*E(40)^37-1/3*E(40)^39, -1/3*E(40)^7+2/3*E(40)^8+1/3*E(40)^13+2/3*E(40)^16+2/3*E(40)^21-1/3*E(40)^23+2/3*E(40)^24+2/3*E(40)^29-2/3*E(40)^31+2/3*E(40)^32+1/3*E(40)^37-2/3*E(40)^39, -2/3*E(40)^8-E(40)^16-2/3*E(40)^21-E(40)^24-2/3*E(40)^29+2/3*E(40)^31-2/3*E(40)^32+2/3*E(40)^39, 2/3*E(40)^7-2/3*E(40)^13-4/3*E(40)^16-E(40)^21+2/3*E(40)^23-4/3*E(40)^24-E(40)^29+E(40)^31-2/3*E(40)^37+E(40)^39 ], [ 2/3*E(40)^7-2/3*E(40)^13-4/3*E(40)^16-E(40)^21+2/3*E(40)^23-4/3*E(40)^24-E(40)^29+E(40)^31-2/3*E(40)^37+E(40)^39, 2/3*E(40)^8+E(40)^16+2/3*E(40)^21+E(40)^24+2/3*E(40)^29-2/3*E(40)^31+2/3*E(40)^32-2/3*E(40)^39, -7/3*E(40)^7-2*E(40)^8+7/3*E(40)^13+2/3*E(40)^16+2*E(40)^21-7/3*E(40)^23+2/3*E(40)^24+2*E(40)^29-2*E(40)^31-2*E(40)^32+7/3*E(40)^37-2*E(40)^39, -E(40)^7-7/3*E(40)^8+E(40)^13-2*E(40)^16-1/3*E(40)^21-E(40)^23-2*E(40)^24-1/3*E(40)^29+1/3*E(40)^31-7/3*E(40)^32+E(40)^37+1/3*E(40)^39 ], [ -2/3*E(40)^8-E(40)^16-2/3*E(40)^21-E(40)^24-2/3*E(40)^29+2/3*E(40)^31-2/3*E(40)^32+2/3*E(40)^39, 2/3*E(40)^7-2/3*E(40)^13-4/3*E(40)^16-E(40)^21+2/3*E(40)^23-4/3*E(40)^24-E(40)^29+E(40)^31-2/3*E(40)^37+E(40)^39, E(40)^7+7/3*E(40)^8-E(40)^13+2*E(40)^16+1/3*E(40)^21+E(40)^23+2*E(40)^24+1/3*E(40)^29-1/3*E(40)^31+7/3*E(40)^32-E(40)^37-1/3*E(40)^39, -7/3*E(40)^7-2*E(40)^8+7/3*E(40)^13+2/3*E(40)^16+2*E(40)^21-7/3*E(40)^23+2/3*E(40)^24+2*E(40)^29-2*E(40)^31-2*E(40)^32+7/3*E(40)^37-2*E(40)^39 ] ]
  candidate odd: image tuple (1-based indices in V_b) [ 41, 32, 40, 3 ]  Gram-consistent: false
    (i)   traversal of all p face vertices: true
    (ii)  M*M^T = lambda*I: false
    (iii) det M = -104/9*E(40)^7-329/9*E(40)^8+104/9*E(40)^13-329/9*E(40)^16-104/9*E(40)^21-104/9*E(40)^23-329/9*E(40)^24-104/9*E(40)^29+104/9*E(40)^31-329/9*E(40)^32+104/9*E(40)^37+104/9*E(40)^39  sign(det M/lambda^2) = +1
    (iv)  vertex set onto vertex set: false
    (v)   edges/faces/cells onto: false/false/false
    (vi)  M^-1 {S1,S2,X_a} M in Gamma_b: [ false, false, false ]   M {S1,S2,X_b} M^-1 in Gamma_a: [ false, false, false ]
    (vii) conjugated triple orientation in Gamma_b: none  (RepresentativeAction and own conjugator search agree: true; exact equality with same triple: false, with mirror triple: false)
    flag image = intended odd flag: false   (= intended flag with the other cell: false;  image flag orbit: none)
    => candidate odd passes (structure map): false;  represents the odd coset: false
    M = [ [ -1/6*E(40)^7+2/3*E(40)^8+1/6*E(40)^13+1/3*E(40)^16+5/12*E(40)^21-1/6*E(40)^23+1/3*E(40)^24+5/12*E(40)^29-5/12*E(40)^31+2/3*E(40)^32+1/6*E(40)^37-5/12*E(40)^39, 1/6*E(40)^7+1/6*E(40)^8-1/6*E(40)^13+1/6*E(40)^16+1/6*E(40)^21+1/6*E(40)^23+1/6*E(40)^24+1/6*E(40)^29-1/6*E(40)^31+1/6*E(40)^32-1/6*E(40)^37-1/6*E(40)^39, 7/12*E(40)^7-1/6*E(40)^8-7/12*E(40)^13-5/3*E(40)^16-7/6*E(40)^21+7/12*E(40)^23-5/3*E(40)^24-7/6*E(40)^29+7/6*E(40)^31-1/6*E(40)^32-7/12*E(40)^37+7/6*E(40)^39, 1/12*E(40)^7+2/3*E(40)^8-1/12*E(40)^13+5/6*E(40)^16+5/12*E(40)^21+1/12*E(40)^23+5/6*E(40)^24+5/12*E(40)^29-5/12*E(40)^31+2/3*E(40)^32-1/12*E(40)^37-5/12*E(40)^39 ], [ -1/3*E(40)^7+2/3*E(40)^8+1/3*E(40)^13+7/6*E(40)^16+2/3*E(40)^21-1/3*E(40)^23+7/6*E(40)^24+2/3*E(40)^29-2/3*E(40)^31+2/3*E(40)^32+1/3*E(40)^37-2/3*E(40)^39, -1/12*E(40)^7-2/3*E(40)^8+1/12*E(40)^13-4/3*E(40)^16-5/12*E(40)^21-1/12*E(40)^23-4/3*E(40)^24-5/12*E(40)^29+5/12*E(40)^31-2/3*E(40)^32+1/12*E(40)^37+5/12*E(40)^39, 1/12*E(40)^7-5/6*E(40)^8-1/12*E(40)^13-2/3*E(40)^16-1/3*E(40)^21+1/12*E(40)^23-2/3*E(40)^24-1/3*E(40)^29+1/3*E(40)^31-5/6*E(40)^32-1/12*E(40)^37+1/3*E(40)^39, 2/3*E(40)^7+1/6*E(40)^8-2/3*E(40)^13-5/6*E(40)^16-13/12*E(40)^21+2/3*E(40)^23-5/6*E(40)^24-13/12*E(40)^29+13/12*E(40)^31+1/6*E(40)^32-2/3*E(40)^37+13/12*E(40)^39 ], [ 1/12*E(40)^7-1/2*E(40)^8-1/12*E(40)^13-7/6*E(40)^16-1/2*E(40)^21+1/12*E(40)^23-7/6*E(40)^24-1/2*E(40)^29+1/2*E(40)^31-1/2*E(40)^32-1/12*E(40)^37+1/2*E(40)^39, -5/4*E(40)^7-7/3*E(40)^8+5/4*E(40)^13-3/2*E(40)^16+1/6*E(40)^21-5/4*E(40)^23-3/2*E(40)^24+1/6*E(40)^29-1/6*E(40)^31-7/3*E(40)^32+5/4*E(40)^37-1/6*E(40)^39, -19/12*E(40)^7-1/2*E(40)^8+19/12*E(40)^13+5/3*E(40)^16+2*E(40)^21-19/12*E(40)^23+5/3*E(40)^24+2*E(40)^29-2*E(40)^31-1/2*E(40)^32+19/12*E(40)^37-2*E(40)^39, -5/4*E(40)^7-8/3*E(40)^8+5/4*E(40)^13-2*E(40)^16-1/6*E(40)^21-5/4*E(40)^23-2*E(40)^24-1/6*E(40)^29+1/6*E(40)^31-8/3*E(40)^32+5/4*E(40)^37+1/6*E(40)^39 ], [ 3/4*E(40)^7+1/6*E(40)^8-3/4*E(40)^13-E(40)^16-13/12*E(40)^21+3/4*E(40)^23-E(40)^24-13/12*E(40)^29+13/12*E(40)^31+1/6*E(40)^32-3/4*E(40)^37+13/12*E(40)^39, 7/6*E(40)^7+5/2*E(40)^8-7/6*E(40)^13+5/3*E(40)^16+1/4*E(40)^21+7/6*E(40)^23+5/3*E(40)^24+1/4*E(40)^29-1/4*E(40)^31+5/2*E(40)^32-7/6*E(40)^37-1/4*E(40)^39, 1/4*E(40)^7+5/6*E(40)^8-1/4*E(40)^13+E(40)^16+1/3*E(40)^21+1/4*E(40)^23+E(40)^24+1/3*E(40)^29-1/3*E(40)^31+5/6*E(40)^32-1/4*E(40)^37-1/3*E(40)^39, -13/6*E(40)^7-3/2*E(40)^8+13/6*E(40)^13+4/3*E(40)^16+2*E(40)^21-13/6*E(40)^23+4/3*E(40)^24+2*E(40)^29-2*E(40)^31-3/2*E(40)^32+13/6*E(40)^37-2*E(40)^39 ] ]
  exhaustive Gram-pruned enumeration [t=108s]
    Gram-consistent ordered 4-tuples: 2304   Gamma_b-orbits: 2   full similarities: 0   det signs: [  ]
    orbit rep tuple [ 1, 7, 2, 22 ]: similarity=false det sign=-1 vertices=true edges=false faces=false cells=false conj=[ true, true, true ][ true, true, true ] orientation=none
    orbit rep tuple [ 1, 7, 2, 36 ]: similarity=false det sign=+1 vertices=true edges=false faces=false cells=false conj=[ true, true, true ][ true, true, true ] orientation=none
  [ok]   each Gamma_b-orbit of anchor tuples has size |Gamma_b| (free action)
  [ok]   the recorded orbits partition the enumerated tuple list
  [ok]   direct recomputation of M*M^T and det M for 210 sampled tuples agrees with orbit representatives
  [ok]   exhaustive similarity count 0 = |Gamma_b| * (number of flag-anchored cosets = 0)
  [ok]   number of similarity orbits found exhaustively = number of flag-anchored cosets
  [ok]   candidate even is not Gram-consistent and does not pass
  [ok]   candidate odd is not Gram-consistent and does not pass
  [ok]   det signs of passing candidates = det signs found exhaustively
  => EXHAUSTIVE PROOF: no similarity of E^4 carries realisation L3-{5,3,5/2}-8 onto L3-{5,3,5/2}-7 (no Gram-consistent tuple yields a structure map).
pair (L3-{5,3,5/2}-9 -> L3-{5,3,5/2}-7): inequivalent: different f-vector (120,720,300,50) vs (48,144,48,8)
pair (L3-{5,3,5/2}-10 -> L3-{5,3,5/2}-7): inequivalent: different f-vector (120,720,300,50) vs (48,144,48,8)
pair (L3-{5,3,5/2}-11 -> L3-{5,3,5/2}-7): inequivalent: different f-vector (120,720,300,50) vs (48,144,48,8)
pair (L3-{5,3,5/2}-12 -> L3-{5,3,5/2}-7): inequivalent: different f-vector (120,720,300,50) vs (48,144,48,8)
pair (L3-{5,3,5/2}-13 -> L3-{5,3,5/2}-7): inequivalent: different f-vector (120,720,300,50) vs (48,144,48,8)
pair (L3-{5,3,5/2}-14 -> L3-{5,3,5/2}-7): inequivalent: different f-vector (120,720,300,50) vs (48,144,48,8)
pair (L3-{5,3,5/2}-15 -> L3-{5,3,5/2}-7): inequivalent: different f-vector (120,720,300,50) vs (48,144,48,8)
pair (L3-{5,3,5/2}-16 -> L3-{5,3,5/2}-7): inequivalent: different f-vector (120,720,300,50) vs (48,144,48,8)
pair (L3-{3,3,5/2}-1 -> L3-{5,3,5/2}-7): inequivalent: different f-vector (600,1200,120,5) vs (48,144,48,8)
pair (L3-{3,3,5/2}-4 -> L3-{5,3,5/2}-7): inequivalent: different f-vector (600,1200,120,5) vs (48,144,48,8)

#### target b = L3-{5,3,5/2}-8   computing Gram matrix of V_b [t=109s]
  [ok]   Gram diagonal constant = |w_b|^2
pair (L3-{4,3,3}-1 -> L3-{5,3,5/2}-8): inequivalent: different f-vector (16,32,12,4) vs (48,144,48,8)
pair (L3-{4,3,3}-2 -> L3-{5,3,5/2}-8): inequivalent: different f-vector (16,32,12,4) vs (48,144,48,8)
pair (L3-{4,3,3}-3 -> L3-{5,3,5/2}-8): inequivalent: different f-vector (16,32,12,4) vs (48,144,48,8)
pair (L3-{4,3,3}-6 -> L3-{5,3,5/2}-8): inequivalent: different f-vector (16,32,12,4) vs (48,144,48,8)
pair (L3-{5,3,3}-3 -> L3-{5,3,5/2}-8): inequivalent: different f-vector (600,1200,120,5) vs (48,144,48,8)
pair (L3-{5,3,3}-8 -> L3-{5,3,5/2}-8): inequivalent: different f-vector (600,1200,120,5) vs (48,144,48,8)
pair (L3-{5,3,5/2}-1 -> L3-{5,3,5/2}-8): inequivalent: different f-vector (240,480,120,20) vs (48,144,48,8)
pair (L3-{5,3,5/2}-2 -> L3-{5,3,5/2}-8): inequivalent: different f-vector (240,480,120,20) vs (48,144,48,8)
pair (L3-{5,3,5/2}-3 -> L3-{5,3,5/2}-8): inequivalent: different f-vector (240,480,120,20) vs (48,144,48,8)
pair (L3-{5,3,5/2}-4 -> L3-{5,3,5/2}-8): inequivalent: different f-vector (240,480,120,20) vs (48,144,48,8)

== pair (L3-{5,3,5/2}-5 -> L3-{5,3,5/2}-8)  f-vector (48,144,48,8)  |Gamma_a|=1152 |Gamma_b|=1152 [t=110s]
  lambda = |w_b|^2/|w_a|^2 = 4/3*E(40)^7-7/3*E(40)^8-4/3*E(40)^13-4/3*E(40)^16-2/3*E(40)^21+4/3*E(40)^23-4/3*E(40)^24-2/3*E(40)^29+2/3*E(40)^31-7/3*E(40)^32-4/3*E(40)^37+2/3*E(40)^39  (~1.075420353567074)
  candidate even: image tuple (1-based indices in V_b) [ 41, 30, 11, 5 ]  Gram-consistent: true
    (i)   traversal of all p face vertices: true
    (ii)  M*M^T = lambda*I: true
    (iii) det M = 68/9*E(40)^7-98/9*E(40)^8-68/9*E(40)^13-41/9*E(40)^16-28/9*E(40)^21+68/9*E(40)^23-41/9*E(40)^24-28/9*E(40)^29+28/9*E(40)^31-98/9*E(40)^32-68/9*E(40)^37+28/9*E(40)^39  sign(det M/lambda^2) = +1
    (iv)  vertex set onto vertex set: true
    (v)   edges/faces/cells onto: true/true/true
    (vi)  M^-1 {S1,S2,X_a} M in Gamma_b: [ true, true, true ]   M {S1,S2,X_b} M^-1 in Gamma_a: [ true, true, true ]
    (vii) conjugated triple orientation in Gamma_b: mirror  (RepresentativeAction and own conjugator search agree: true; exact equality with same triple: false, with mirror triple: false)
    flag image = intended even flag: false   (= intended flag with the other cell: true;  image flag orbit: odd)
    => candidate even passes (structure map): true;  represents the even coset: false
    M = [ [ -1/3*E(40)^7+1/3*E(40)^13-1/6*E(40)^16-1/3*E(40)^23-1/6*E(40)^24+1/3*E(40)^37, -1/2*E(40)^7+5/6*E(40)^8+1/2*E(40)^13+1/2*E(40)^16+1/6*E(40)^21-1/2*E(40)^23+1/2*E(40)^24+1/6*E(40)^29-1/6*E(40)^31+5/6*E(40)^32+1/2*E(40)^37-1/6*E(40)^39, -1/6*E(40)^7+1/6*E(40)^13-1/3*E(40)^16-1/6*E(40)^23-1/3*E(40)^24+1/6*E(40)^37, 1/6*E(40)^8-1/6*E(40)^21-1/6*E(40)^29+1/6*E(40)^31+1/6*E(40)^32+1/6*E(40)^39 ], [ 1/2*E(40)^7-5/6*E(40)^8-1/2*E(40)^13-1/2*E(40)^16-1/6*E(40)^21+1/2*E(40)^23-1/2*E(40)^24-1/6*E(40)^29+1/6*E(40)^31-5/6*E(40)^32-1/2*E(40)^37+1/6*E(40)^39, -1/3*E(40)^7+1/3*E(40)^13-1/6*E(40)^16-1/3*E(40)^23-1/6*E(40)^24+1/3*E(40)^37, -1/6*E(40)^8+1/6*E(40)^21+1/6*E(40)^29-1/6*E(40)^31-1/6*E(40)^32-1/6*E(40)^39, -1/6*E(40)^7+1/6*E(40)^13-1/3*E(40)^16-1/6*E(40)^23-1/3*E(40)^24+1/6*E(40)^37 ], [ -1/6*E(40)^7+1/6*E(40)^13-1/3*E(40)^16-1/6*E(40)^23-1/3*E(40)^24+1/6*E(40)^37, 1/6*E(40)^8-1/6*E(40)^21-1/6*E(40)^29+1/6*E(40)^31+1/6*E(40)^32+1/6*E(40)^39, 2/3*E(40)^7-2/3*E(40)^8-2/3*E(40)^13-1/6*E(40)^16-1/3*E(40)^21+2/3*E(40)^23-1/6*E(40)^24-1/3*E(40)^29+1/3*E(40)^31-2/3*E(40)^32-2/3*E(40)^37+1/3*E(40)^39, -1/6*E(40)^7-1/6*E(40)^8+1/6*E(40)^13+1/6*E(40)^16+1/6*E(40)^21-1/6*E(40)^23+1/6*E(40)^24+1/6*E(40)^29-1/6*E(40)^31-1/6*E(40)^32+1/6*E(40)^37-1/6*E(40)^39 ], [ -1/6*E(40)^8+1/6*E(40)^21+1/6*E(40)^29-1/6*E(40)^31-1/6*E(40)^32-1/6*E(40)^39, -1/6*E(40)^7+1/6*E(40)^13-1/3*E(40)^16-1/6*E(40)^23-1/3*E(40)^24+1/6*E(40)^37, 1/6*E(40)^7+1/6*E(40)^8-1/6*E(40)^13-1/6*E(40)^16-1/6*E(40)^21+1/6*E(40)^23-1/6*E(40)^24-1/6*E(40)^29+1/6*E(40)^31+1/6*E(40)^32-1/6*E(40)^37+1/6*E(40)^39, 2/3*E(40)^7-2/3*E(40)^8-2/3*E(40)^13-1/6*E(40)^16-1/3*E(40)^21+2/3*E(40)^23-1/6*E(40)^24-1/3*E(40)^29+1/3*E(40)^31-2/3*E(40)^32-2/3*E(40)^37+1/3*E(40)^39 ] ]
  [ok]   orientation test: RepresentativeAction agrees with independent conjugator search
  [ok]   conjugated triple is not simultaneously conjugate to the same and the mirror triple (abstract chirality)
  [ok]   passing even candidate maps the base flag of a to the intended flag of b or to the intended flag with the other cell
  [ok]   image flag orbit is even iff (even candidate and intended flag) or (odd candidate and other cell)
  [ok]   even candidate with odd image orbit: conjugated triple is Gamma_b-conjugate to the mirror triple (S1^-1, S1^2 S2, X_b)
  candidate odd: image tuple (1-based indices in V_b) [ 41, 29, 38, 3 ]  Gram-consistent: true
    (i)   traversal of all p face vertices: true
    (ii)  M*M^T = lambda*I: true
    (iii) det M = 68/9*E(40)^7-98/9*E(40)^8-68/9*E(40)^13-41/9*E(40)^16-28/9*E(40)^21+68/9*E(40)^23-41/9*E(40)^24-28/9*E(40)^29+28/9*E(40)^31-98/9*E(40)^32-68/9*E(40)^37+28/9*E(40)^39  sign(det M/lambda^2) = +1
    (iv)  vertex set onto vertex set: true
    (v)   edges/faces/cells onto: true/true/true
    (vi)  M^-1 {S1,S2,X_a} M in Gamma_b: [ true, true, true ]   M {S1,S2,X_b} M^-1 in Gamma_a: [ true, true, true ]
    (vii) conjugated triple orientation in Gamma_b: mirror  (RepresentativeAction and own conjugator search agree: true; exact equality with same triple: false, with mirror triple: false)
    flag image = intended odd flag: true   (= intended flag with the other cell: false;  image flag orbit: odd)
    => candidate odd passes (structure map): true;  represents the odd coset: true
    M = [ [ -3/4*E(40)^7+1/2*E(40)^8+3/4*E(40)^13+1/4*E(40)^21-3/4*E(40)^23+1/4*E(40)^29-1/4*E(40)^31+1/2*E(40)^32+3/4*E(40)^37-1/4*E(40)^39, 0, -1/6*E(40)^8-1/2*E(40)^16-1/12*E(40)^21-1/2*E(40)^24-1/12*E(40)^29+1/12*E(40)^31-1/6*E(40)^32+1/12*E(40)^39, -1/12*E(40)^7+1/12*E(40)^13-1/6*E(40)^16-1/12*E(40)^23-1/6*E(40)^24+1/12*E(40)^37 ], [ 0, -1/4*E(40)^7+1/4*E(40)^13-1/2*E(40)^16-1/4*E(40)^23-1/2*E(40)^24+1/4*E(40)^37, 2/3*E(40)^7-1/2*E(40)^8-2/3*E(40)^13-1/6*E(40)^16-1/4*E(40)^21+2/3*E(40)^23-1/6*E(40)^24-1/4*E(40)^29+1/4*E(40)^31-1/2*E(40)^32-2/3*E(40)^37+1/4*E(40)^39, -1/4*E(40)^7+1/6*E(40)^8+1/4*E(40)^13+1/12*E(40)^21-1/4*E(40)^23+1/12*E(40)^29-1/12*E(40)^31+1/6*E(40)^32+1/4*E(40)^37-1/12*E(40)^39 ], [ -1/6*E(40)^8-1/2*E(40)^16-1/12*E(40)^21-1/2*E(40)^24-1/12*E(40)^29+1/12*E(40)^31-1/6*E(40)^32+1/12*E(40)^39, 2/3*E(40)^7-1/2*E(40)^8-2/3*E(40)^13-1/6*E(40)^16-1/4*E(40)^21+2/3*E(40)^23-1/6*E(40)^24-1/4*E(40)^29+1/4*E(40)^31-1/2*E(40)^32-2/3*E(40)^37+1/4*E(40)^39, 1/3*E(40)^7-1/6*E(40)^8-1/3*E(40)^13+1/6*E(40)^16-1/12*E(40)^21+1/3*E(40)^23+1/6*E(40)^24-1/12*E(40)^29+1/12*E(40)^31-1/6*E(40)^32-1/3*E(40)^37+1/12*E(40)^39, 1/6*E(40)^7-1/6*E(40)^8-1/6*E(40)^13-1/6*E(40)^16-1/12*E(40)^21+1/6*E(40)^23-1/6*E(40)^24-1/12*E(40)^29+1/12*E(40)^31-1/6*E(40)^32-1/6*E(40)^37+1/12*E(40)^39 ], [ -1/12*E(40)^7+1/12*E(40)^13-1/6*E(40)^16-1/12*E(40)^23-1/6*E(40)^24+1/12*E(40)^37, -1/4*E(40)^7+1/6*E(40)^8+1/4*E(40)^13+1/12*E(40)^21-1/4*E(40)^23+1/12*E(40)^29-1/12*E(40)^31+1/6*E(40)^32+1/4*E(40)^37-1/12*E(40)^39, 1/6*E(40)^7-1/6*E(40)^8-1/6*E(40)^13-1/6*E(40)^16-1/12*E(40)^21+1/6*E(40)^23-1/6*E(40)^24-1/12*E(40)^29+1/12*E(40)^31-1/6*E(40)^32-1/6*E(40)^37+1/12*E(40)^39, 2/3*E(40)^7-1/3*E(40)^8-2/3*E(40)^13+1/3*E(40)^16-1/6*E(40)^21+2/3*E(40)^23+1/3*E(40)^24-1/6*E(40)^29+1/6*E(40)^31-1/3*E(40)^32-2/3*E(40)^37+1/6*E(40)^39 ] ]
  [ok]   orientation test: RepresentativeAction agrees with independent conjugator search
  [ok]   conjugated triple is not simultaneously conjugate to the same and the mirror triple (abstract chirality)
  [ok]   passing odd candidate maps the base flag of a to the intended flag of b or to the intended flag with the other cell
  [ok]   image flag orbit is even iff (even candidate and intended flag) or (odd candidate and other cell)
  [ok]   odd candidate with odd image orbit: conjugated triple is Gamma_b-conjugate to the mirror triple (S1^-1, S1^2 S2, X_b)
  [ok]   both candidates pass but only one hits its intended flag: M_even^-1 M_odd lies in Gamma_b (same coset)
  [ok]   at least one of the two passing candidates hits its intended flag
  exhaustive Gram-pruned enumeration [t=110s]
    Gram-consistent ordered 4-tuples: 2304   Gamma_b-orbits: 2   full similarities: 1152   det signs: [ "+1" ]
    orbit rep tuple [ 1, 7, 3, 22 ]: similarity=true det sign=+1 vertices=true edges=true faces=true cells=true conj=[ true, true, true ][ true, true, true ] orientation=mirror
    orbit rep tuple [ 1, 7, 3, 36 ]: similarity=false det sign=-1 vertices=true edges=true faces=false cells=false conj=[ true, true, true ][ true, true, true ] orientation=none
  [ok]   each Gamma_b-orbit of anchor tuples has size |Gamma_b| (free action)
  [ok]   the recorded orbits partition the enumerated tuple list
  [ok]   direct recomputation of M*M^T and det M for 210 sampled tuples agrees with orbit representatives
  [ok]   exhaustive similarity count 1152 = |Gamma_b| * (number of flag-anchored cosets = 1)
  [ok]   number of similarity orbits found exhaustively = number of flag-anchored cosets
  [ok]   candidate even tuple is enumerated and its orbit verdict matches the candidate verdict
  [ok]   candidate odd tuple is enumerated and its orbit verdict matches the candidate verdict
  [ok]   det signs of passing candidates = det signs found exhaustively
  => 1152 similarities L3-{5,3,5/2}-5 -> L3-{5,3,5/2}-8 (1 Gamma_b-coset(s)), lambda = 4/3*E(40)^7-7/3*E(40)^8-4/3*E(40)^13-4/3*E(40)^16-2/3*E(40)^21+4/3*E(40)^23-4/3*E(40)^24-2/3*E(40)^29+2/3*E(40)^31-7/3*E(40)^32-4/3*E(40)^37+2/3*E(40)^39, det signs [ "+1" ]

== pair (L3-{5,3,5/2}-6 -> L3-{5,3,5/2}-8)  f-vector (48,144,48,8)  |Gamma_a|=1152 |Gamma_b|=1152 [t=111s]
  lambda = |w_b|^2/|w_a|^2 = -3*E(40)^8-4*E(40)^16+2*E(40)^21-4*E(40)^24+2*E(40)^29-2*E(40)^31-3*E(40)^32-2*E(40)^39  (~0.04154276620842112)
  candidate even: image tuple (1-based indices in V_b) [ 41, 30, 11, 5 ]  Gram-consistent: false
    (i)   traversal of all p face vertices: true
    (ii)  M*M^T = lambda*I: false
    (iii) det M = -4*E(40)^7-18*E(40)^8+4*E(40)^13-33*E(40)^16+20*E(40)^21-4*E(40)^23-33*E(40)^24+20*E(40)^29-20*E(40)^31-18*E(40)^32+4*E(40)^37-20*E(40)^39  sign(det M/lambda^2) = +1
    (iv)  vertex set onto vertex set: false
    (v)   edges/faces/cells onto: false/false/false
    (vi)  M^-1 {S1,S2,X_a} M in Gamma_b: [ false, false, false ]   M {S1,S2,X_b} M^-1 in Gamma_a: [ false, false, false ]
    (vii) conjugated triple orientation in Gamma_b: none  (RepresentativeAction and own conjugator search agree: true; exact equality with same triple: false, with mirror triple: false)
    flag image = intended even flag: false   (= intended flag with the other cell: false;  image flag orbit: none)
    => candidate even passes (structure map): false;  represents the even coset: false
    M = [ [ -E(40)^7-E(40)^8+E(40)^13-3/2*E(40)^16+E(40)^21-E(40)^23-3/2*E(40)^24+E(40)^29-E(40)^31-E(40)^32+E(40)^37-E(40)^39, 1/2-1/2*E(8)+1/2*E(8)^3, 1/2*E(40)^7-1/2*E(40)^13+E(40)^16-E(40)^21+1/2*E(40)^23+E(40)^24-E(40)^29+E(40)^31-1/2*E(40)^37+E(40)^39, 1/2*E(40)^8+E(40)^16-1/2*E(40)^21+E(40)^24-1/2*E(40)^29+1/2*E(40)^31+1/2*E(40)^32+1/2*E(40)^39 ], [ -1/2+1/2*E(8)-1/2*E(8)^3, -E(40)^7-E(40)^8+E(40)^13-3/2*E(40)^16+E(40)^21-E(40)^23-3/2*E(40)^24+E(40)^29-E(40)^31-E(40)^32+E(40)^37-E(40)^39, -1/2*E(40)^8-E(40)^16+1/2*E(40)^21-E(40)^24+1/2*E(40)^29-1/2*E(40)^31-1/2*E(40)^32-1/2*E(40)^39, 1/2*E(40)^7-1/2*E(40)^13+E(40)^16-E(40)^21+1/2*E(40)^23+E(40)^24-E(40)^29+E(40)^31-1/2*E(40)^37+E(40)^39 ], [ 1/2*E(40)^7-1/2*E(40)^13+E(40)^16-E(40)^21+1/2*E(40)^23+E(40)^24-E(40)^29+E(40)^31-1/2*E(40)^37+E(40)^39, 1/2*E(40)^8+E(40)^16-1/2*E(40)^21+E(40)^24-1/2*E(40)^29+1/2*E(40)^31+1/2*E(40)^32+1/2*E(40)^39, -2*E(40)^7+E(40)^8+2*E(40)^13-3/2*E(40)^16+2*E(40)^21-2*E(40)^23-3/2*E(40)^24+2*E(40)^29-2*E(40)^31+E(40)^32+2*E(40)^37-2*E(40)^39, 1/2*E(40)^7-3/2*E(40)^8-1/2*E(40)^13-3/2*E(40)^16+1/2*E(40)^21+1/2*E(40)^23-3/2*E(40)^24+1/2*E(40)^29-1/2*E(40)^31-3/2*E(40)^32-1/2*E(40)^37-1/2*E(40)^39 ], [ -1/2*E(40)^8-E(40)^16+1/2*E(40)^21-E(40)^24+1/2*E(40)^29-1/2*E(40)^31-1/2*E(40)^32-1/2*E(40)^39, 1/2*E(40)^7-1/2*E(40)^13+E(40)^16-E(40)^21+1/2*E(40)^23+E(40)^24-E(40)^29+E(40)^31-1/2*E(40)^37+E(40)^39, -1/2*E(40)^7+3/2*E(40)^8+1/2*E(40)^13+3/2*E(40)^16-1/2*E(40)^21-1/2*E(40)^23+3/2*E(40)^24-1/2*E(40)^29+1/2*E(40)^31+3/2*E(40)^32+1/2*E(40)^37+1/2*E(40)^39, -2*E(40)^7+E(40)^8+2*E(40)^13-3/2*E(40)^16+2*E(40)^21-2*E(40)^23-3/2*E(40)^24+2*E(40)^29-2*E(40)^31+E(40)^32+2*E(40)^37-2*E(40)^39 ] ]
  candidate odd: image tuple (1-based indices in V_b) [ 41, 29, 38, 3 ]  Gram-consistent: false
    (i)   traversal of all p face vertices: true
    (ii)  M*M^T = lambda*I: false
    (iii) det M = -4*E(40)^7-18*E(40)^8+4*E(40)^13-33*E(40)^16+20*E(40)^21-4*E(40)^23-33*E(40)^24+20*E(40)^29-20*E(40)^31-18*E(40)^32+4*E(40)^37-20*E(40)^39  sign(det M/lambda^2) = +1
    (iv)  vertex set onto vertex set: false
    (v)   edges/faces/cells onto: false/false/false
    (vi)  M^-1 {S1,S2,X_a} M in Gamma_b: [ false, false, false ]   M {S1,S2,X_b} M^-1 in Gamma_a: [ false, false, false ]
    (vii) conjugated triple orientation in Gamma_b: none  (RepresentativeAction and own conjugator search agree: true; exact equality with same triple: false, with mirror triple: false)
    flag image = intended odd flag: false   (= intended flag with the other cell: false;  image flag orbit: none)
    => candidate odd passes (structure map): false;  represents the odd coset: false
    M = [ [ -11/12*E(40)^7-7/6*E(40)^8+11/12*E(40)^13-5/3*E(40)^16+13/12*E(40)^21-11/12*E(40)^23-5/3*E(40)^24+13/12*E(40)^29-13/12*E(40)^31-7/6*E(40)^32+11/12*E(40)^37-13/12*E(40)^39, 1/3*E(40)^7-1/3*E(40)^8-1/3*E(40)^13+1/3*E(40)^16-1/3*E(40)^21+1/3*E(40)^23+1/3*E(40)^24-1/3*E(40)^29+1/3*E(40)^31-1/3*E(40)^32-1/3*E(40)^37+1/3*E(40)^39, 2/3*E(40)^7+5/6*E(40)^8-2/3*E(40)^13+7/6*E(40)^16-11/12*E(40)^21+2/3*E(40)^23+7/6*E(40)^24-11/12*E(40)^29+11/12*E(40)^31+5/6*E(40)^32-2/3*E(40)^37+11/12*E(40)^39, 1/12*E(40)^7+1/3*E(40)^8-1/12*E(40)^13+5/6*E(40)^16-2/3*E(40)^21+1/12*E(40)^23+5/6*E(40)^24-2/3*E(40)^29+2/3*E(40)^31+1/3*E(40)^32-1/12*E(40)^37+2/3*E(40)^39 ], [ 1/3*E(40)^7+2/3*E(40)^8-1/3*E(40)^13+1/3*E(40)^16-1/3*E(40)^21+1/3*E(40)^23+1/3*E(40)^24-1/3*E(40)^29+1/3*E(40)^31+2/3*E(40)^32-1/3*E(40)^37+1/3*E(40)^39, -1/12*E(40)^7-1/3*E(40)^8+1/12*E(40)^13+1/6*E(40)^16-1/3*E(40)^21-1/12*E(40)^23+1/6*E(40)^24-1/3*E(40)^29+1/3*E(40)^31-1/3*E(40)^32+1/12*E(40)^37+1/3*E(40)^39, 1/3*E(40)^7-1/6*E(40)^8-1/3*E(40)^13-7/6*E(40)^16+7/12*E(40)^21+1/3*E(40)^23-7/6*E(40)^24+7/12*E(40)^29-7/12*E(40)^31-1/6*E(40)^32-1/3*E(40)^37-7/12*E(40)^39, 7/12*E(40)^7+1/6*E(40)^8-7/12*E(40)^13+4/3*E(40)^16-13/12*E(40)^21+7/12*E(40)^23+4/3*E(40)^24-13/12*E(40)^29+13/12*E(40)^31+1/6*E(40)^32-7/12*E(40)^37+13/12*E(40)^39 ], [ 5/6*E(40)^8+3/2*E(40)^16-11/12*E(40)^21+3/2*E(40)^24-11/12*E(40)^29+11/12*E(40)^31+5/6*E(40)^32+11/12*E(40)^39, -5/3*E(40)^7+3/2*E(40)^8+5/3*E(40)^13-1/6*E(40)^16+5/4*E(40)^21-5/3*E(40)^23-1/6*E(40)^24+5/4*E(40)^29-5/4*E(40)^31+3/2*E(40)^32+5/3*E(40)^37-5/4*E(40)^39, -E(40)^7+1/6*E(40)^8+E(40)^13-3/2*E(40)^16+17/12*E(40)^21-E(40)^23-3/2*E(40)^24+17/12*E(40)^29-17/12*E(40)^31+1/6*E(40)^32+E(40)^37-17/12*E(40)^39, 1/6*E(40)^7-3/2*E(40)^8-1/6*E(40)^13-11/6*E(40)^16+3/4*E(40)^21+1/6*E(40)^23-11/6*E(40)^24+3/4*E(40)^29-3/4*E(40)^31-3/2*E(40)^32-1/6*E(40)^37-3/4*E(40)^39 ], [ 1/12*E(40)^7-1/12*E(40)^13-1/6*E(40)^16+1/12*E(40)^23-1/6*E(40)^24-1/12*E(40)^37, -3/4*E(40)^7+1/6*E(40)^8+3/4*E(40)^13-E(40)^16+11/12*E(40)^21-3/4*E(40)^23-E(40)^24+11/12*E(40)^29-11/12*E(40)^31+1/6*E(40)^32+3/4*E(40)^37-11/12*E(40)^39, 1/6*E(40)^7+3/2*E(40)^8-1/6*E(40)^13+13/6*E(40)^16-5/4*E(40)^21+1/6*E(40)^23+13/6*E(40)^24-5/4*E(40)^29+5/4*E(40)^31+3/2*E(40)^32-1/6*E(40)^37+5/4*E(40)^39, -2*E(40)^7+4/3*E(40)^8+2*E(40)^13-E(40)^16+11/6*E(40)^21-2*E(40)^23-E(40)^24+11/6*E(40)^29-11/6*E(40)^31+4/3*E(40)^32+2*E(40)^37-11/6*E(40)^39 ] ]
  exhaustive Gram-pruned enumeration [t=111s]
    Gram-consistent ordered 4-tuples: 2304   Gamma_b-orbits: 2   full similarities: 0   det signs: [  ]
    orbit rep tuple [ 1, 9, 2, 22 ]: similarity=false det sign=-1 vertices=true edges=false faces=false cells=false conj=[ true, true, true ][ true, true, true ] orientation=none
    orbit rep tuple [ 1, 9, 2, 36 ]: similarity=false det sign=+1 vertices=true edges=false faces=false cells=false conj=[ true, true, true ][ true, true, true ] orientation=none
  [ok]   each Gamma_b-orbit of anchor tuples has size |Gamma_b| (free action)
  [ok]   the recorded orbits partition the enumerated tuple list
  [ok]   direct recomputation of M*M^T and det M for 210 sampled tuples agrees with orbit representatives
  [ok]   exhaustive similarity count 0 = |Gamma_b| * (number of flag-anchored cosets = 0)
  [ok]   number of similarity orbits found exhaustively = number of flag-anchored cosets
  [ok]   candidate even is not Gram-consistent and does not pass
  [ok]   candidate odd is not Gram-consistent and does not pass
  [ok]   det signs of passing candidates = det signs found exhaustively
  => EXHAUSTIVE PROOF: no similarity of E^4 carries realisation L3-{5,3,5/2}-6 onto L3-{5,3,5/2}-8 (no Gram-consistent tuple yields a structure map).

== pair (L3-{5,3,5/2}-7 -> L3-{5,3,5/2}-8)  f-vector (48,144,48,8)  |Gamma_a|=1152 |Gamma_b|=1152 [t=113s]
  lambda = |w_b|^2/|w_a|^2 = 4/3*E(40)^7-13/3*E(40)^8-4/3*E(40)^13-13/3*E(40)^16+4/3*E(40)^21+4/3*E(40)^23-13/3*E(40)^24+4/3*E(40)^29-4/3*E(40)^31-13/3*E(40)^32-4/3*E(40)^37-4/3*E(40)^39  (~0.1169631197754952)
  candidate even: image tuple (1-based indices in V_b) [ 41, 30, 11, 5 ]  Gram-consistent: false
    (i)   traversal of all p face vertices: true
    (ii)  M*M^T = lambda*I: false
    (iii) det M = 104/9*E(40)^7-329/9*E(40)^8-104/9*E(40)^13-329/9*E(40)^16+104/9*E(40)^21+104/9*E(40)^23-329/9*E(40)^24+104/9*E(40)^29-104/9*E(40)^31-329/9*E(40)^32-104/9*E(40)^37-104/9*E(40)^39  sign(det M/lambda^2) = +1
    (iv)  vertex set onto vertex set: false
    (v)   edges/faces/cells onto: false/false/false
    (vi)  M^-1 {S1,S2,X_a} M in Gamma_b: [ false, false, false ]   M {S1,S2,X_b} M^-1 in Gamma_a: [ false, false, false ]
    (vii) conjugated triple orientation in Gamma_b: none  (RepresentativeAction and own conjugator search agree: true; exact equality with same triple: false, with mirror triple: false)
    flag image = intended even flag: false   (= intended flag with the other cell: false;  image flag orbit: none)
    => candidate even passes (structure map): false;  represents the even coset: false
    M = [ [ 1/3*E(40)^7+2/3*E(40)^8-1/3*E(40)^13+2/3*E(40)^16-2/3*E(40)^21+1/3*E(40)^23+2/3*E(40)^24-2/3*E(40)^29+2/3*E(40)^31+2/3*E(40)^32-1/3*E(40)^37+2/3*E(40)^39, -1/3*E(40)^7-1/3*E(40)^8+1/3*E(40)^13-2/3*E(40)^16+1/3*E(40)^21-1/3*E(40)^23-2/3*E(40)^24+1/3*E(40)^29-1/3*E(40)^31-1/3*E(40)^32+1/3*E(40)^37-1/3*E(40)^39, -2/3*E(40)^7+2/3*E(40)^13-4/3*E(40)^16+E(40)^21-2/3*E(40)^23-4/3*E(40)^24+E(40)^29-E(40)^31+2/3*E(40)^37-E(40)^39, 2/3*E(40)^8+E(40)^16-2/3*E(40)^21+E(40)^24-2/3*E(40)^29+2/3*E(40)^31+2/3*E(40)^32+2/3*E(40)^39 ], [ 1/3*E(40)^7+1/3*E(40)^8-1/3*E(40)^13+2/3*E(40)^16-1/3*E(40)^21+1/3*E(40)^23+2/3*E(40)^24-1/3*E(40)^29+1/3*E(40)^31+1/3*E(40)^32-1/3*E(40)^37+1/3*E(40)^39, 1/3*E(40)^7+2/3*E(40)^8-1/3*E(40)^13+2/3*E(40)^16-2/3*E(40)^21+1/3*E(40)^23+2/3*E(40)^24-2/3*E(40)^29+2/3*E(40)^31+2/3*E(40)^32-1/3*E(40)^37+2/3*E(40)^39, -2/3*E(40)^8-E(40)^16+2/3*E(40)^21-E(40)^24+2/3*E(40)^29-2/3*E(40)^31-2/3*E(40)^32-2/3*E(40)^39, -2/3*E(40)^7+2/3*E(40)^13-4/3*E(40)^16+E(40)^21-2/3*E(40)^23-4/3*E(40)^24+E(40)^29-E(40)^31+2/3*E(40)^37-E(40)^39 ], [ -2/3*E(40)^7+2/3*E(40)^13-4/3*E(40)^16+E(40)^21-2/3*E(40)^23-4/3*E(40)^24+E(40)^29-E(40)^31+2/3*E(40)^37-E(40)^39, 2/3*E(40)^8+E(40)^16-2/3*E(40)^21+E(40)^24-2/3*E(40)^29+2/3*E(40)^31+2/3*E(40)^32+2/3*E(40)^39, 7/3*E(40)^7-2*E(40)^8-7/3*E(40)^13+2/3*E(40)^16-2*E(40)^21+7/3*E(40)^23+2/3*E(40)^24-2*E(40)^29+2*E(40)^31-2*E(40)^32-7/3*E(40)^37+2*E(40)^39, E(40)^7-7/3*E(40)^8-E(40)^13-2*E(40)^16+1/3*E(40)^21+E(40)^23-2*E(40)^24+1/3*E(40)^29-1/3*E(40)^31-7/3*E(40)^32-E(40)^37-1/3*E(40)^39 ], [ -2/3*E(40)^8-E(40)^16+2/3*E(40)^21-E(40)^24+2/3*E(40)^29-2/3*E(40)^31-2/3*E(40)^32-2/3*E(40)^39, -2/3*E(40)^7+2/3*E(40)^13-4/3*E(40)^16+E(40)^21-2/3*E(40)^23-4/3*E(40)^24+E(40)^29-E(40)^31+2/3*E(40)^37-E(40)^39, -E(40)^7+7/3*E(40)^8+E(40)^13+2*E(40)^16-1/3*E(40)^21-E(40)^23+2*E(40)^24-1/3*E(40)^29+1/3*E(40)^31+7/3*E(40)^32+E(40)^37+1/3*E(40)^39, 7/3*E(40)^7-2*E(40)^8-7/3*E(40)^13+2/3*E(40)^16-2*E(40)^21+7/3*E(40)^23+2/3*E(40)^24-2*E(40)^29+2*E(40)^31-2*E(40)^32-7/3*E(40)^37+2*E(40)^39 ] ]
  candidate odd: image tuple (1-based indices in V_b) [ 41, 29, 38, 3 ]  Gram-consistent: false
    (i)   traversal of all p face vertices: true
    (ii)  M*M^T = lambda*I: false
    (iii) det M = 104/9*E(40)^7-329/9*E(40)^8-104/9*E(40)^13-329/9*E(40)^16+104/9*E(40)^21+104/9*E(40)^23-329/9*E(40)^24+104/9*E(40)^29-104/9*E(40)^31-329/9*E(40)^32-104/9*E(40)^37-104/9*E(40)^39  sign(det M/lambda^2) = +1
    (iv)  vertex set onto vertex set: false
    (v)   edges/faces/cells onto: false/false/false
    (vi)  M^-1 {S1,S2,X_a} M in Gamma_b: [ false, false, false ]   M {S1,S2,X_b} M^-1 in Gamma_a: [ false, false, false ]
    (vii) conjugated triple orientation in Gamma_b: none  (RepresentativeAction and own conjugator search agree: true; exact equality with same triple: false, with mirror triple: false)
    flag image = intended odd flag: false   (= intended flag with the other cell: false;  image flag orbit: none)
    => candidate odd passes (structure map): false;  represents the odd coset: false
    M = [ [ 1/6*E(40)^7+2/3*E(40)^8-1/6*E(40)^13+1/3*E(40)^16-5/12*E(40)^21+1/6*E(40)^23+1/3*E(40)^24-5/12*E(40)^29+5/12*E(40)^31+2/3*E(40)^32-1/6*E(40)^37+5/12*E(40)^39, -1/6*E(40)^7+1/6*E(40)^8+1/6*E(40)^13+1/6*E(40)^16-1/6*E(40)^21-1/6*E(40)^23+1/6*E(40)^24-1/6*E(40)^29+1/6*E(40)^31+1/6*E(40)^32+1/6*E(40)^37+1/6*E(40)^39, -7/12*E(40)^7-1/6*E(40)^8+7/12*E(40)^13-5/3*E(40)^16+7/6*E(40)^21-7/12*E(40)^23-5/3*E(40)^24+7/6*E(40)^29-7/6*E(40)^31-1/6*E(40)^32+7/12*E(40)^37-7/6*E(40)^39, -1/12*E(40)^7+2/3*E(40)^8+1/12*E(40)^13+5/6*E(40)^16-5/12*E(40)^21-1/12*E(40)^23+5/6*E(40)^24-5/12*E(40)^29+5/12*E(40)^31+2/3*E(40)^32+1/12*E(40)^37+5/12*E(40)^39 ], [ 1/3*E(40)^7+2/3*E(40)^8-1/3*E(40)^13+7/6*E(40)^16-2/3*E(40)^21+1/3*E(40)^23+7/6*E(40)^24-2/3*E(40)^29+2/3*E(40)^31+2/3*E(40)^32-1/3*E(40)^37+2/3*E(40)^39, 1/12*E(40)^7-2/3*E(40)^8-1/12*E(40)^13-4/3*E(40)^16+5/12*E(40)^21+1/12*E(40)^23-4/3*E(40)^24+5/12*E(40)^29-5/12*E(40)^31-2/3*E(40)^32-1/12*E(40)^37-5/12*E(40)^39, -1/12*E(40)^7-5/6*E(40)^8+1/12*E(40)^13-2/3*E(40)^16+1/3*E(40)^21-1/12*E(40)^23-2/3*E(40)^24+1/3*E(40)^29-1/3*E(40)^31-5/6*E(40)^32+1/12*E(40)^37-1/3*E(40)^39, -2/3*E(40)^7+1/6*E(40)^8+2/3*E(40)^13-5/6*E(40)^16+13/12*E(40)^21-2/3*E(40)^23-5/6*E(40)^24+13/12*E(40)^29-13/12*E(40)^31+1/6*E(40)^32+2/3*E(40)^37-13/12*E(40)^39 ], [ -1/12*E(40)^7-1/2*E(40)^8+1/12*E(40)^13-7/6*E(40)^16+1/2*E(40)^21-1/12*E(40)^23-7/6*E(40)^24+1/2*E(40)^29-1/2*E(40)^31-1/2*E(40)^32+1/12*E(40)^37-1/2*E(40)^39, 5/4*E(40)^7-7/3*E(40)^8-5/4*E(40)^13-3/2*E(40)^16-1/6*E(40)^21+5/4*E(40)^23-3/2*E(40)^24-1/6*E(40)^29+1/6*E(40)^31-7/3*E(40)^32-5/4*E(40)^37+1/6*E(40)^39, 19/12*E(40)^7-1/2*E(40)^8-19/12*E(40)^13+5/3*E(40)^16-2*E(40)^21+19/12*E(40)^23+5/3*E(40)^24-2*E(40)^29+2*E(40)^31-1/2*E(40)^32-19/12*E(40)^37+2*E(40)^39, 5/4*E(40)^7-8/3*E(40)^8-5/4*E(40)^13-2*E(40)^16+1/6*E(40)^21+5/4*E(40)^23-2*E(40)^24+1/6*E(40)^29-1/6*E(40)^31-8/3*E(40)^32-5/4*E(40)^37-1/6*E(40)^39 ], [ -3/4*E(40)^7+1/6*E(40)^8+3/4*E(40)^13-E(40)^16+13/12*E(40)^21-3/4*E(40)^23-E(40)^24+13/12*E(40)^29-13/12*E(40)^31+1/6*E(40)^32+3/4*E(40)^37-13/12*E(40)^39, -7/6*E(40)^7+5/2*E(40)^8+7/6*E(40)^13+5/3*E(40)^16-1/4*E(40)^21-7/6*E(40)^23+5/3*E(40)^24-1/4*E(40)^29+1/4*E(40)^31+5/2*E(40)^32+7/6*E(40)^37+1/4*E(40)^39, -1/4*E(40)^7+5/6*E(40)^8+1/4*E(40)^13+E(40)^16-1/3*E(40)^21-1/4*E(40)^23+E(40)^24-1/3*E(40)^29+1/3*E(40)^31+5/6*E(40)^32+1/4*E(40)^37+1/3*E(40)^39, 13/6*E(40)^7-3/2*E(40)^8-13/6*E(40)^13+4/3*E(40)^16-2*E(40)^21+13/6*E(40)^23+4/3*E(40)^24-2*E(40)^29+2*E(40)^31-3/2*E(40)^32-13/6*E(40)^37+2*E(40)^39 ] ]
  exhaustive Gram-pruned enumeration [t=113s]
    Gram-consistent ordered 4-tuples: 2304   Gamma_b-orbits: 2   full similarities: 0   det signs: [  ]
    orbit rep tuple [ 1, 9, 2, 22 ]: similarity=false det sign=-1 vertices=true edges=false faces=false cells=false conj=[ true, true, true ][ true, true, true ] orientation=none
    orbit rep tuple [ 1, 9, 2, 36 ]: similarity=false det sign=+1 vertices=true edges=false faces=false cells=false conj=[ true, true, true ][ true, true, true ] orientation=none
  [ok]   each Gamma_b-orbit of anchor tuples has size |Gamma_b| (free action)
  [ok]   the recorded orbits partition the enumerated tuple list
  [ok]   direct recomputation of M*M^T and det M for 210 sampled tuples agrees with orbit representatives
  [ok]   exhaustive similarity count 0 = |Gamma_b| * (number of flag-anchored cosets = 0)
  [ok]   number of similarity orbits found exhaustively = number of flag-anchored cosets
  [ok]   candidate even is not Gram-consistent and does not pass
  [ok]   candidate odd is not Gram-consistent and does not pass
  [ok]   det signs of passing candidates = det signs found exhaustively
  => EXHAUSTIVE PROOF: no similarity of E^4 carries realisation L3-{5,3,5/2}-7 onto L3-{5,3,5/2}-8 (no Gram-consistent tuple yields a structure map).

== pair (L3-{5,3,5/2}-8 -> L3-{5,3,5/2}-8)  f-vector (48,144,48,8)  |Gamma_a|=1152 |Gamma_b|=1152 [t=115s]
  lambda = |w_b|^2/|w_a|^2 = 1  (~1.)
  candidate even: image tuple (1-based indices in V_b) [ 41, 30, 11, 5 ]  Gram-consistent: true
    (i)   traversal of all p face vertices: true
    (ii)  M*M^T = lambda*I: true
    (iii) det M = 1  sign(det M/lambda^2) = +1
    (iv)  vertex set onto vertex set: true
    (v)   edges/faces/cells onto: true/true/true
    (vi)  M^-1 {S1,S2,X_a} M in Gamma_b: [ true, true, true ]   M {S1,S2,X_b} M^-1 in Gamma_a: [ true, true, true ]
    (vii) conjugated triple orientation in Gamma_b: same  (RepresentativeAction and own conjugator search agree: true; exact equality with same triple: true, with mirror triple: false)
    flag image = intended even flag: true   (= intended flag with the other cell: false;  image flag orbit: even)
    => candidate even passes (structure map): true;  represents the even coset: true
    M = [ [ 1, 0, 0, 0 ], [ 0, 1, 0, 0 ], [ 0, 0, 1, 0 ], [ 0, 0, 0, 1 ] ]
  [ok]   orientation test: RepresentativeAction agrees with independent conjugator search
  [ok]   conjugated triple is not simultaneously conjugate to the same and the mirror triple (abstract chirality)
  [ok]   passing even candidate maps the base flag of a to the intended flag of b or to the intended flag with the other cell
  [ok]   image flag orbit is even iff (even candidate and intended flag) or (odd candidate and other cell)
  [ok]   even candidate with even image orbit: conjugated triple is Gamma_b-conjugate to (S1,S2,X_b)
  [ok]   even candidate hitting the base flag: conjugated triple equals (S1,S2,X_b) exactly (free flag action)
  candidate odd: image tuple (1-based indices in V_b) [ 41, 29, 38, 3 ]  Gram-consistent: true
    (i)   traversal of all p face vertices: true
    (ii)  M*M^T = lambda*I: true
    (iii) det M = 1  sign(det M/lambda^2) = +1
    (iv)  vertex set onto vertex set: true
    (v)   edges/faces/cells onto: true/true/true
    (vi)  M^-1 {S1,S2,X_a} M in Gamma_b: [ true, true, true ]   M {S1,S2,X_b} M^-1 in Gamma_a: [ true, true, true ]
    (vii) conjugated triple orientation in Gamma_b: same  (RepresentativeAction and own conjugator search agree: true; exact equality with same triple: false, with mirror triple: false)
    flag image = intended odd flag: false   (= intended flag with the other cell: true;  image flag orbit: even)
    => candidate odd passes (structure map): true;  represents the odd coset: false
    M = [ [ -1/6*E(40)^7-2/3*E(40)^8+1/6*E(40)^13-2/3*E(40)^16+1/12*E(40)^21-1/6*E(40)^23-2/3*E(40)^24+1/12*E(40)^29-1/12*E(40)^31-2/3*E(40)^32+1/6*E(40)^37-1/12*E(40)^39, -1/6*E(40)^7+1/6*E(40)^8+1/6*E(40)^13-1/6*E(40)^16+1/6*E(40)^21-1/6*E(40)^23-1/6*E(40)^24+1/6*E(40)^29-1/6*E(40)^31+1/6*E(40)^32+1/6*E(40)^37-1/6*E(40)^39, 1/4*E(40)^7-1/6*E(40)^8-1/4*E(40)^13-1/6*E(40)^21+1/4*E(40)^23-1/6*E(40)^29+1/6*E(40)^31-1/6*E(40)^32-1/4*E(40)^37+1/6*E(40)^39, 1/12*E(40)^7-1/12*E(40)^13-1/6*E(40)^16-1/4*E(40)^21+1/12*E(40)^23-1/6*E(40)^24-1/4*E(40)^29+1/4*E(40)^31-1/12*E(40)^37+1/4*E(40)^39 ], [ 1/3*E(40)^7-1/3*E(40)^8-1/3*E(40)^13-1/6*E(40)^16-1/3*E(40)^21+1/3*E(40)^23-1/6*E(40)^24-1/3*E(40)^29+1/3*E(40)^31-1/3*E(40)^32-1/3*E(40)^37+1/3*E(40)^39, -1/12*E(40)^7-1/3*E(40)^8+1/12*E(40)^13-1/3*E(40)^16-1/12*E(40)^21-1/12*E(40)^23-1/3*E(40)^24-1/12*E(40)^29+1/12*E(40)^31-1/3*E(40)^32+1/12*E(40)^37+1/12*E(40)^39, 1/12*E(40)^7+1/2*E(40)^8-1/12*E(40)^13+1/3*E(40)^16+1/12*E(40)^23+1/3*E(40)^24+1/2*E(40)^32-1/12*E(40)^37, 1/6*E(40)^8+1/2*E(40)^16-1/12*E(40)^21+1/2*E(40)^24-1/12*E(40)^29+1/12*E(40)^31+1/6*E(40)^32+1/12*E(40)^39 ], [ 1/12*E(40)^7-1/6*E(40)^8-1/12*E(40)^13-1/6*E(40)^16-1/6*E(40)^21+1/12*E(40)^23-1/6*E(40)^24-1/6*E(40)^29+1/6*E(40)^31-1/6*E(40)^32-1/12*E(40)^37+1/6*E(40)^39, 1/12*E(40)^7-1/3*E(40)^8-1/12*E(40)^13-1/6*E(40)^16+1/6*E(40)^21+1/12*E(40)^23-1/6*E(40)^24+1/6*E(40)^29-1/6*E(40)^31-1/3*E(40)^32-1/12*E(40)^37-1/6*E(40)^39, 1/12*E(40)^7-1/2*E(40)^8-1/12*E(40)^13-2/3*E(40)^16+1/12*E(40)^23-2/3*E(40)^24-1/2*E(40)^32-1/12*E(40)^37, -1/4*E(40)^7-1/3*E(40)^8+1/4*E(40)^13+1/6*E(40)^21-1/4*E(40)^23+1/6*E(40)^29-1/6*E(40)^31-1/3*E(40)^32+1/4*E(40)^37-1/6*E(40)^39 ], [ 1/12*E(40)^7+1/6*E(40)^8-1/12*E(40)^13+1/3*E(40)^16-1/12*E(40)^21+1/12*E(40)^23+1/3*E(40)^24-1/12*E(40)^29+1/12*E(40)^31+1/6*E(40)^32-1/12*E(40)^37+1/12*E(40)^39, 1/6*E(40)^7+1/6*E(40)^8-1/6*E(40)^13-1/3*E(40)^16-1/12*E(40)^21+1/6*E(40)^23-1/3*E(40)^24-1/12*E(40)^29+1/12*E(40)^31+1/6*E(40)^32-1/6*E(40)^37+1/12*E(40)^39, 1/4*E(40)^7+1/6*E(40)^8-1/4*E(40)^13-1/3*E(40)^21+1/4*E(40)^23-1/3*E(40)^29+1/3*E(40)^31+1/6*E(40)^32-1/4*E(40)^37+1/3*E(40)^39, 1/6*E(40)^7-1/2*E(40)^8-1/6*E(40)^13-1/3*E(40)^16+1/6*E(40)^23-1/3*E(40)^24-1/2*E(40)^32-1/6*E(40)^37 ] ]
  [ok]   orientation test: RepresentativeAction agrees with independent conjugator search
  [ok]   conjugated triple is not simultaneously conjugate to the same and the mirror triple (abstract chirality)
  [ok]   passing odd candidate maps the base flag of a to the intended flag of b or to the intended flag with the other cell
  [ok]   image flag orbit is even iff (even candidate and intended flag) or (odd candidate and other cell)
  [ok]   odd candidate with even image orbit: conjugated triple is Gamma_b-conjugate to (S1,S2,X_b)
  [ok]   both candidates pass but only one hits its intended flag: M_even^-1 M_odd lies in Gamma_b (same coset)
  [ok]   at least one of the two passing candidates hits its intended flag
  a = b: the odd candidate passes but maps the base flag to (Phi^2)^3 (even orbit): it is an element of Gamma, not an extra symmetry; no similarity maps the base flag to its 2-adjacent flag: geometrically chiral (symmetry group = Gamma)
  [ok]   a = b: the even candidate (identity) passes and fixes the base flag
  [ok]   a = b: the even candidate matrix is the identity
  exhaustive Gram-pruned enumeration [t=115s]
    Gram-consistent ordered 4-tuples: 2304   Gamma_b-orbits: 2   full similarities: 1152   det signs: [ "+1" ]
    orbit rep tuple [ 1, 7, 3, 22 ]: similarity=true det sign=+1 vertices=true edges=true faces=true cells=true conj=[ true, true, true ][ true, true, true ] orientation=same
    orbit rep tuple [ 1, 7, 3, 36 ]: similarity=false det sign=-1 vertices=true edges=true faces=false cells=false conj=[ true, true, true ][ true, true, true ] orientation=none
  [ok]   each Gamma_b-orbit of anchor tuples has size |Gamma_b| (free action)
  [ok]   the recorded orbits partition the enumerated tuple list
  [ok]   direct recomputation of M*M^T and det M for 210 sampled tuples agrees with orbit representatives
  [ok]   exhaustive similarity count 1152 = |Gamma_b| * (number of flag-anchored cosets = 1)
  [ok]   number of similarity orbits found exhaustively = number of flag-anchored cosets
  [ok]   candidate even tuple is enumerated and its orbit verdict matches the candidate verdict
  [ok]   candidate odd tuple is enumerated and its orbit verdict matches the candidate verdict
  [ok]   det signs of passing candidates = det signs found exhaustively
  => 1152 similarities L3-{5,3,5/2}-8 -> L3-{5,3,5/2}-8 (1 Gamma_b-coset(s)), lambda = 1, det signs [ "+1" ]
pair (L3-{5,3,5/2}-9 -> L3-{5,3,5/2}-8): inequivalent: different f-vector (120,720,300,50) vs (48,144,48,8)
pair (L3-{5,3,5/2}-10 -> L3-{5,3,5/2}-8): inequivalent: different f-vector (120,720,300,50) vs (48,144,48,8)
pair (L3-{5,3,5/2}-11 -> L3-{5,3,5/2}-8): inequivalent: different f-vector (120,720,300,50) vs (48,144,48,8)
pair (L3-{5,3,5/2}-12 -> L3-{5,3,5/2}-8): inequivalent: different f-vector (120,720,300,50) vs (48,144,48,8)
pair (L3-{5,3,5/2}-13 -> L3-{5,3,5/2}-8): inequivalent: different f-vector (120,720,300,50) vs (48,144,48,8)
pair (L3-{5,3,5/2}-14 -> L3-{5,3,5/2}-8): inequivalent: different f-vector (120,720,300,50) vs (48,144,48,8)
pair (L3-{5,3,5/2}-15 -> L3-{5,3,5/2}-8): inequivalent: different f-vector (120,720,300,50) vs (48,144,48,8)
pair (L3-{5,3,5/2}-16 -> L3-{5,3,5/2}-8): inequivalent: different f-vector (120,720,300,50) vs (48,144,48,8)
pair (L3-{3,3,5/2}-1 -> L3-{5,3,5/2}-8): inequivalent: different f-vector (600,1200,120,5) vs (48,144,48,8)
pair (L3-{3,3,5/2}-4 -> L3-{5,3,5/2}-8): inequivalent: different f-vector (600,1200,120,5) vs (48,144,48,8)

#### target b = L3-{5,3,5/2}-9   computing Gram matrix of V_b [t=116s]
  [ok]   Gram diagonal constant = |w_b|^2
pair (L3-{4,3,3}-1 -> L3-{5,3,5/2}-9): inequivalent: different f-vector (16,32,12,4) vs (120,720,300,50)
pair (L3-{4,3,3}-2 -> L3-{5,3,5/2}-9): inequivalent: different f-vector (16,32,12,4) vs (120,720,300,50)
pair (L3-{4,3,3}-3 -> L3-{5,3,5/2}-9): inequivalent: different f-vector (16,32,12,4) vs (120,720,300,50)
pair (L3-{4,3,3}-6 -> L3-{5,3,5/2}-9): inequivalent: different f-vector (16,32,12,4) vs (120,720,300,50)
pair (L3-{5,3,3}-3 -> L3-{5,3,5/2}-9): inequivalent: different f-vector (600,1200,120,5) vs (120,720,300,50)
pair (L3-{5,3,3}-8 -> L3-{5,3,5/2}-9): inequivalent: different f-vector (600,1200,120,5) vs (120,720,300,50)
pair (L3-{5,3,5/2}-1 -> L3-{5,3,5/2}-9): inequivalent: different f-vector (240,480,120,20) vs (120,720,300,50)
pair (L3-{5,3,5/2}-2 -> L3-{5,3,5/2}-9): inequivalent: different f-vector (240,480,120,20) vs (120,720,300,50)
pair (L3-{5,3,5/2}-3 -> L3-{5,3,5/2}-9): inequivalent: different f-vector (240,480,120,20) vs (120,720,300,50)
pair (L3-{5,3,5/2}-4 -> L3-{5,3,5/2}-9): inequivalent: different f-vector (240,480,120,20) vs (120,720,300,50)
pair (L3-{5,3,5/2}-5 -> L3-{5,3,5/2}-9): inequivalent: different f-vector (48,144,48,8) vs (120,720,300,50)
pair (L3-{5,3,5/2}-6 -> L3-{5,3,5/2}-9): inequivalent: different f-vector (48,144,48,8) vs (120,720,300,50)
pair (L3-{5,3,5/2}-7 -> L3-{5,3,5/2}-9): inequivalent: different f-vector (48,144,48,8) vs (120,720,300,50)
pair (L3-{5,3,5/2}-8 -> L3-{5,3,5/2}-9): inequivalent: different f-vector (48,144,48,8) vs (120,720,300,50)

== pair (L3-{5,3,5/2}-9 -> L3-{5,3,5/2}-9)  f-vector (120,720,300,50)  |Gamma_a|=7200 |Gamma_b|=7200 [t=116s]
  lambda = |w_b|^2/|w_a|^2 = 1  (~1.)
  candidate even: image tuple (1-based indices in V_b) [ 108, 51, 94, 38 ]  Gram-consistent: true
    (i)   traversal of all p face vertices: true
    (ii)  M*M^T = lambda*I: true
    (iii) det M = 1  sign(det M/lambda^2) = +1
    (iv)  vertex set onto vertex set: true
    (v)   edges/faces/cells onto: true/true/true
    (vi)  M^-1 {S1,S2,X_a} M in Gamma_b: [ true, true, true ]   M {S1,S2,X_b} M^-1 in Gamma_a: [ true, true, true ]
    (vii) conjugated triple orientation in Gamma_b: same  (RepresentativeAction and own conjugator search agree: true; exact equality with same triple: true, with mirror triple: false)
    flag image = intended even flag: true   (= intended flag with the other cell: false;  image flag orbit: even)
    => candidate even passes (structure map): true;  represents the even coset: true
    M = [ [ 1, 0, 0, 0 ], [ 0, 1, 0, 0 ], [ 0, 0, 1, 0 ], [ 0, 0, 0, 1 ] ]
  [ok]   orientation test: RepresentativeAction agrees with independent conjugator search
  [ok]   conjugated triple is not simultaneously conjugate to the same and the mirror triple (abstract chirality)
  [ok]   passing even candidate maps the base flag of a to the intended flag of b or to the intended flag with the other cell
  [ok]   image flag orbit is even iff (even candidate and intended flag) or (odd candidate and other cell)
  [ok]   even candidate with even image orbit: conjugated triple is Gamma_b-conjugate to (S1,S2,X_b)
  [ok]   even candidate hitting the base flag: conjugated triple equals (S1,S2,X_b) exactly (free flag action)
  candidate odd: image tuple (1-based indices in V_b) [ 108, 43, 96, 34 ]  Gram-consistent: true
    (i)   traversal of all p face vertices: true
    (ii)  M*M^T = lambda*I: true
    (iii) det M = 1  sign(det M/lambda^2) = +1
    (iv)  vertex set onto vertex set: true
    (v)   edges/faces/cells onto: true/true/true
    (vi)  M^-1 {S1,S2,X_a} M in Gamma_b: [ true, true, true ]   M {S1,S2,X_b} M^-1 in Gamma_a: [ true, true, true ]
    (vii) conjugated triple orientation in Gamma_b: same  (RepresentativeAction and own conjugator search agree: true; exact equality with same triple: false, with mirror triple: false)
    flag image = intended odd flag: false   (= intended flag with the other cell: true;  image flag orbit: even)
    => candidate odd passes (structure map): true;  represents the odd coset: false
    M = [ [ 1, 0, 0, 0 ], [ 0, 1/2, 1/2*E(5)+1/2*E(5)^4, 1/2*E(5)^2+1/2*E(5)^3 ], [ 0, 1/2*E(5)+1/2*E(5)^4, -1/2*E(5)^2-1/2*E(5)^3, 1/2 ], [ 0, -1/2*E(5)^2-1/2*E(5)^3, -1/2, 1/2*E(5)+1/2*E(5)^4 ] ]
  [ok]   orientation test: RepresentativeAction agrees with independent conjugator search
  [ok]   conjugated triple is not simultaneously conjugate to the same and the mirror triple (abstract chirality)
  [ok]   passing odd candidate maps the base flag of a to the intended flag of b or to the intended flag with the other cell
  [ok]   image flag orbit is even iff (even candidate and intended flag) or (odd candidate and other cell)
  [ok]   odd candidate with even image orbit: conjugated triple is Gamma_b-conjugate to (S1,S2,X_b)
  [ok]   both candidates pass but only one hits its intended flag: M_even^-1 M_odd lies in Gamma_b (same coset)
  [ok]   at least one of the two passing candidates hits its intended flag
  a = b: the odd candidate passes but maps the base flag to (Phi^2)^3 (even orbit): it is an element of Gamma, not an extra symmetry; no similarity maps the base flag to its 2-adjacent flag: geometrically chiral (symmetry group = Gamma)
  [ok]   a = b: the even candidate (identity) passes and fixes the base flag
  [ok]   a = b: the even candidate matrix is the identity
  exhaustive Gram-pruned enumeration [t=116s]
    Gram-consistent ordered 4-tuples: 14400   Gamma_b-orbits: 2   full similarities: 7200   det signs: [ "+1" ]
    orbit rep tuple [ 1, 2, 5, 70 ]: similarity=true det sign=+1 vertices=true edges=true faces=true cells=true conj=[ true, true, true ][ true, true, true ] orientation=same
    orbit rep tuple [ 1, 2, 5, 119 ]: similarity=false det sign=-1 vertices=true edges=true faces=false cells=false conj=[ true, true, true ][ true, true, true ] orientation=none
  [ok]   each Gamma_b-orbit of anchor tuples has size |Gamma_b| (free action)
  [ok]   the recorded orbits partition the enumerated tuple list
  [ok]   direct recomputation of M*M^T and det M for 200 sampled tuples agrees with orbit representatives
  [ok]   exhaustive similarity count 7200 = |Gamma_b| * (number of flag-anchored cosets = 1)
  [ok]   number of similarity orbits found exhaustively = number of flag-anchored cosets
  [ok]   candidate even tuple is enumerated and its orbit verdict matches the candidate verdict
  [ok]   candidate odd tuple is enumerated and its orbit verdict matches the candidate verdict
  [ok]   det signs of passing candidates = det signs found exhaustively
  => 7200 similarities L3-{5,3,5/2}-9 -> L3-{5,3,5/2}-9 (1 Gamma_b-coset(s)), lambda = 1, det signs [ "+1" ]

== pair (L3-{5,3,5/2}-10 -> L3-{5,3,5/2}-9)  f-vector (120,720,300,50)  |Gamma_a|=7200 |Gamma_b|=7200 [t=116s]
  lambda = |w_b|^2/|w_a|^2 = 1/3  (~0.3333333333333333)
  candidate even: image tuple (1-based indices in V_b) [ 108, 51, 94, 38 ]  Gram-consistent: false
    (i)   traversal of all p face vertices: true
    (ii)  M*M^T = lambda*I: false
    (iii) det M = 1/9  sign(det M/lambda^2) = +1
    (iv)  vertex set onto vertex set: false
    (v)   edges/faces/cells onto: false/false/false
    (vi)  M^-1 {S1,S2,X_a} M in Gamma_b: [ false, false, false ]   M {S1,S2,X_b} M^-1 in Gamma_a: [ false, false, false ]
    (vii) conjugated triple orientation in Gamma_b: none  (RepresentativeAction and own conjugator search agree: true; exact equality with same triple: false, with mirror triple: false)
    flag image = intended even flag: false   (= intended flag with the other cell: false;  image flag orbit: none)
    => candidate even passes (structure map): false;  represents the even coset: false
    M = [ [ 2/3*E(5)+2/3*E(5)^4, -2*E(5)-2/3*E(5)^2-2/3*E(5)^3-2*E(5)^4, -1/3*E(5)^2-1/3*E(5)^3, -1/3*E(5)-1/3*E(5)^4 ], [ 2*E(5)+2/3*E(5)^2+2/3*E(5)^3+2*E(5)^4, 2/3*E(5)+2/3*E(5)^4, 1/3*E(5)+1/3*E(5)^4, -1/3*E(5)^2-1/3*E(5)^3 ], [ -1/3*E(5)^2-1/3*E(5)^3, -1/3*E(5)-1/3*E(5)^4, 0, 0 ], [ 1/3*E(5)+1/3*E(5)^4, -1/3*E(5)^2-1/3*E(5)^3, 0, 0 ] ]
  candidate odd: image tuple (1-based indices in V_b) [ 108, 43, 96, 34 ]  Gram-consistent: false
    (i)   traversal of all p face vertices: true
    (ii)  M*M^T = lambda*I: false
    (iii) det M = 1/9  sign(det M/lambda^2) = +1
    (iv)  vertex set onto vertex set: false
    (v)   edges/faces/cells onto: false/false/false
    (vi)  M^-1 {S1,S2,X_a} M in Gamma_b: [ false, false, false ]   M {S1,S2,X_b} M^-1 in Gamma_a: [ false, false, false ]
    (vii) conjugated triple orientation in Gamma_b: none  (RepresentativeAction and own conjugator search agree: true; exact equality with same triple: false, with mirror triple: false)
    flag image = intended odd flag: false   (= intended flag with the other cell: false;  image flag orbit: none)
    => candidate odd passes (structure map): false;  represents the odd coset: false
    M = [ [ 2/3*E(5)+2/3*E(5)^4, -E(5)-1/3*E(5)^2-1/3*E(5)^3-E(5)^4, 5/3*E(5)+1/3*E(5)^2+1/3*E(5)^3+5/3*E(5)^4, 1/3 ], [ 2*E(5)+2/3*E(5)^2+2/3*E(5)^3+2*E(5)^4, -1/6*E(5)-1/2*E(5)^2-1/2*E(5)^3-1/6*E(5)^4, -5/6*E(5)-1/3*E(5)^2-1/3*E(5)^3-5/6*E(5)^4, 1/3*E(5)+1/6*E(5)^2+1/6*E(5)^3+1/3*E(5)^4 ], [ -1/3*E(5)^2-1/3*E(5)^3, -1/6*E(5)-1/6*E(5)^4, 1/3*E(5)+1/6*E(5)^2+1/6*E(5)^3+1/3*E(5)^4, 1/6 ], [ 1/3*E(5)+1/3*E(5)^4, -1/6*E(5)^2-1/6*E(5)^3, 1/6, 1/6*E(5)+1/3*E(5)^2+1/3*E(5)^3+1/6*E(5)^4 ] ]
  exhaustive Gram-pruned enumeration [t=116s]
    Gram-consistent ordered 4-tuples: 14400   Gamma_b-orbits: 2   full similarities: 0   det signs: [  ]
    orbit rep tuple [ 1, 45, 5, 64 ]: similarity=false det sign=-1 vertices=true edges=false faces=false cells=false conj=[ true, true, true ][ true, true, true ] orientation=none
    orbit rep tuple [ 1, 45, 5, 93 ]: similarity=false det sign=+1 vertices=true edges=false faces=false cells=false conj=[ true, true, true ][ true, true, true ] orientation=none
  [ok]   each Gamma_b-orbit of anchor tuples has size |Gamma_b| (free action)
  [ok]   the recorded orbits partition the enumerated tuple list
  [ok]   direct recomputation of M*M^T and det M for 200 sampled tuples agrees with orbit representatives
  [ok]   exhaustive similarity count 0 = |Gamma_b| * (number of flag-anchored cosets = 0)
  [ok]   number of similarity orbits found exhaustively = number of flag-anchored cosets
  [ok]   candidate even is not Gram-consistent and does not pass
  [ok]   candidate odd is not Gram-consistent and does not pass
  [ok]   det signs of passing candidates = det signs found exhaustively
  => EXHAUSTIVE PROOF: no similarity of E^4 carries realisation L3-{5,3,5/2}-10 onto L3-{5,3,5/2}-9 (no Gram-consistent tuple yields a structure map).

== pair (L3-{5,3,5/2}-11 -> L3-{5,3,5/2}-9)  f-vector (120,720,300,50)  |Gamma_a|=7200 |Gamma_b|=7200 [t=117s]
  lambda = |w_b|^2/|w_a|^2 = 1/2  (~0.5)
  candidate even: image tuple (1-based indices in V_b) [ 108, 51, 94, 38 ]  Gram-consistent: false
    (i)   traversal of all p face vertices: true
    (ii)  M*M^T = lambda*I: false
    (iii) det M = 1/4  sign(det M/lambda^2) = +1
    (iv)  vertex set onto vertex set: false
    (v)   edges/faces/cells onto: false/false/false
    (vi)  M^-1 {S1,S2,X_a} M in Gamma_b: [ false, false, false ]   M {S1,S2,X_b} M^-1 in Gamma_a: [ false, false, false ]
    (vii) conjugated triple orientation in Gamma_b: none  (RepresentativeAction and own conjugator search agree: true; exact equality with same triple: false, with mirror triple: false)
    flag image = intended even flag: false   (= intended flag with the other cell: false;  image flag orbit: none)
    => candidate even passes (structure map): false;  represents the even coset: false
    M = [ [ -5/4*E(5)-E(5)^2-E(5)^3-5/4*E(5)^4, -5/2*E(5)-E(5)^2-E(5)^3-5/2*E(5)^4, 1/4, -1/2*E(5)-1/4*E(5)^2-1/4*E(5)^3-1/2*E(5)^4 ], [ 5/2*E(5)+E(5)^2+E(5)^3+5/2*E(5)^4, -5/4*E(5)-E(5)^2-E(5)^3-5/4*E(5)^4, 1/2*E(5)+1/4*E(5)^2+1/4*E(5)^3+1/2*E(5)^4, 1/4 ], [ 1/4, -1/2*E(5)-1/4*E(5)^2-1/4*E(5)^3-1/2*E(5)^4, -1/4*E(5)-1/2*E(5)^2-1/2*E(5)^3-1/4*E(5)^4, 0 ], [ 1/2*E(5)+1/4*E(5)^2+1/4*E(5)^3+1/2*E(5)^4, 1/4, 0, -1/4*E(5)-1/2*E(5)^2-1/2*E(5)^3-1/4*E(5)^4 ] ]
  candidate odd: image tuple (1-based indices in V_b) [ 108, 43, 96, 34 ]  Gram-consistent: false
    (i)   traversal of all p face vertices: true
    (ii)  M*M^T = lambda*I: false
    (iii) det M = 1/4  sign(det M/lambda^2) = +1
    (iv)  vertex set onto vertex set: false
    (v)   edges/faces/cells onto: false/false/false
    (vi)  M^-1 {S1,S2,X_a} M in Gamma_b: [ false, false, false ]   M {S1,S2,X_b} M^-1 in Gamma_a: [ false, false, false ]
    (vii) conjugated triple orientation in Gamma_b: none  (RepresentativeAction and own conjugator search agree: true; exact equality with same triple: false, with mirror triple: false)
    flag image = intended odd flag: false   (= intended flag with the other cell: false;  image flag orbit: none)
    => candidate odd passes (structure map): false;  represents the odd coset: false
    M = [ [ -5/4*E(5)-E(5)^2-E(5)^3-5/4*E(5)^4, -E(5)-1/2*E(5)^2-1/2*E(5)^3-E(5)^4, 9/4*E(5)+3/4*E(5)^2+3/4*E(5)^3+9/4*E(5)^4, -1/2*E(5)-1/4*E(5)^2-1/4*E(5)^3-1/2*E(5)^4 ], [ 5/2*E(5)+E(5)^2+E(5)^3+5/2*E(5)^4, -E(5)-3/4*E(5)^2-3/4*E(5)^3-E(5)^4, 3/4*E(5)+1/4*E(5)^2+1/4*E(5)^3+3/4*E(5)^4, 1/4*E(5)+1/2*E(5)^2+1/2*E(5)^3+1/4*E(5)^4 ], [ 1/4, 1/4, 1/4*E(5)-1/4*E(5)^2-1/4*E(5)^3+1/4*E(5)^4, 1/4 ], [ 1/2*E(5)+1/4*E(5)^2+1/4*E(5)^3+1/2*E(5)^4, -1/4*E(5)-1/2*E(5)^2-1/2*E(5)^3-1/4*E(5)^4, -1/4, 0 ] ]
  exhaustive Gram-pruned enumeration [t=117s]
    Gram-consistent ordered 4-tuples: 14400   Gamma_b-orbits: 2   full similarities: 0   det signs: [  ]
    orbit rep tuple [ 1, 45, 5, 64 ]: similarity=false det sign=-1 vertices=true edges=false faces=false cells=false conj=[ true, true, true ][ true, true, true ] orientation=none
    orbit rep tuple [ 1, 45, 5, 93 ]: similarity=false det sign=+1 vertices=true edges=false faces=false cells=false conj=[ true, true, true ][ true, true, true ] orientation=none
  [ok]   each Gamma_b-orbit of anchor tuples has size |Gamma_b| (free action)
  [ok]   the recorded orbits partition the enumerated tuple list
  [ok]   direct recomputation of M*M^T and det M for 200 sampled tuples agrees with orbit representatives
  [ok]   exhaustive similarity count 0 = |Gamma_b| * (number of flag-anchored cosets = 0)
  [ok]   number of similarity orbits found exhaustively = number of flag-anchored cosets
  [ok]   candidate even is not Gram-consistent and does not pass
  [ok]   candidate odd is not Gram-consistent and does not pass
  [ok]   det signs of passing candidates = det signs found exhaustively
  => EXHAUSTIVE PROOF: no similarity of E^4 carries realisation L3-{5,3,5/2}-11 onto L3-{5,3,5/2}-9 (no Gram-consistent tuple yields a structure map).

== pair (L3-{5,3,5/2}-12 -> L3-{5,3,5/2}-9)  f-vector (120,720,300,50)  |Gamma_a|=7200 |Gamma_b|=7200 [t=117s]
  lambda = |w_b|^2/|w_a|^2 = 5/6  (~0.8333333333333334)
  candidate even: image tuple (1-based indices in V_b) [ 108, 51, 94, 38 ]  Gram-consistent: true
    (i)   traversal of all p face vertices: true
    (ii)  M*M^T = lambda*I: true
    (iii) det M = 25/36  sign(det M/lambda^2) = +1
    (iv)  vertex set onto vertex set: true
    (v)   edges/faces/cells onto: true/true/true
    (vi)  M^-1 {S1,S2,X_a} M in Gamma_b: [ true, true, true ]   M {S1,S2,X_b} M^-1 in Gamma_a: [ true, true, true ]
    (vii) conjugated triple orientation in Gamma_b: mirror  (RepresentativeAction and own conjugator search agree: true; exact equality with same triple: false, with mirror triple: false)
    flag image = intended even flag: false   (= intended flag with the other cell: true;  image flag orbit: odd)
    => candidate even passes (structure map): true;  represents the even coset: false
    M = [ [ -3/4*E(5)-1/2*E(5)^2-1/2*E(5)^3-3/4*E(5)^4, 0, -1/4*E(5)-7/12*E(5)^2-7/12*E(5)^3-1/4*E(5)^4, 1/6*E(5)+1/4*E(5)^2+1/4*E(5)^3+1/6*E(5)^4 ], [ 0, -3/4*E(5)-1/2*E(5)^2-1/2*E(5)^3-3/4*E(5)^4, -1/6*E(5)-1/4*E(5)^2-1/4*E(5)^3-1/6*E(5)^4, -1/4*E(5)-7/12*E(5)^2-7/12*E(5)^3-1/4*E(5)^4 ], [ -1/4*E(5)-7/12*E(5)^2-7/12*E(5)^3-1/4*E(5)^4, 1/6*E(5)+1/4*E(5)^2+1/4*E(5)^3+1/6*E(5)^4, -5/12*E(5)-5/12*E(5)^4, -1/2*E(5)-1/3*E(5)^2-1/3*E(5)^3-1/2*E(5)^4 ], [ -1/6*E(5)-1/4*E(5)^2-1/4*E(5)^3-1/6*E(5)^4, -1/4*E(5)-7/12*E(5)^2-7/12*E(5)^3-1/4*E(5)^4, 1/2*E(5)+1/3*E(5)^2+1/3*E(5)^3+1/2*E(5)^4, -5/12*E(5)-5/12*E(5)^4 ] ]
  [ok]   orientation test: RepresentativeAction agrees with independent conjugator search
  [ok]   conjugated triple is not simultaneously conjugate to the same and the mirror triple (abstract chirality)
  [ok]   passing even candidate maps the base flag of a to the intended flag of b or to the intended flag with the other cell
  [ok]   image flag orbit is even iff (even candidate and intended flag) or (odd candidate and other cell)
  [ok]   even candidate with odd image orbit: conjugated triple is Gamma_b-conjugate to the mirror triple (S1^-1, S1^2 S2, X_b)
  candidate odd: image tuple (1-based indices in V_b) [ 108, 43, 96, 34 ]  Gram-consistent: true
    (i)   traversal of all p face vertices: true
    (ii)  M*M^T = lambda*I: true
    (iii) det M = 25/36  sign(det M/lambda^2) = +1
    (iv)  vertex set onto vertex set: true
    (v)   edges/faces/cells onto: true/true/true
    (vi)  M^-1 {S1,S2,X_a} M in Gamma_b: [ true, true, true ]   M {S1,S2,X_b} M^-1 in Gamma_a: [ true, true, true ]
    (vii) conjugated triple orientation in Gamma_b: mirror  (RepresentativeAction and own conjugator search agree: true; exact equality with same triple: false, with mirror triple: false)
    flag image = intended odd flag: true   (= intended flag with the other cell: false;  image flag orbit: odd)
    => candidate odd passes (structure map): true;  represents the odd coset: true
    M = [ [ -3/4*E(5)-1/2*E(5)^2-1/2*E(5)^3-3/4*E(5)^4, 0, -1/4*E(5)-7/12*E(5)^2-7/12*E(5)^3-1/4*E(5)^4, -1/6*E(5)-1/4*E(5)^2-1/4*E(5)^3-1/6*E(5)^4 ], [ 0, -1/2*E(5)-3/4*E(5)^2-3/4*E(5)^3-1/2*E(5)^4, 7/12*E(5)+1/4*E(5)^2+1/4*E(5)^3+7/12*E(5)^4, -1/4*E(5)-1/6*E(5)^2-1/6*E(5)^3-1/4*E(5)^4 ], [ -1/4*E(5)-7/12*E(5)^2-7/12*E(5)^3-1/4*E(5)^4, 7/12*E(5)+1/4*E(5)^2+1/4*E(5)^3+7/12*E(5)^4, -5/12, 1/12*E(5)-1/12*E(5)^2-1/12*E(5)^3+1/12*E(5)^4 ], [ -1/6*E(5)-1/4*E(5)^2-1/4*E(5)^3-1/6*E(5)^4, -1/4*E(5)-1/6*E(5)^2-1/6*E(5)^3-1/4*E(5)^4, 1/12*E(5)-1/12*E(5)^2-1/12*E(5)^3+1/12*E(5)^4, -5/6 ] ]
  [ok]   orientation test: RepresentativeAction agrees with independent conjugator search
  [ok]   conjugated triple is not simultaneously conjugate to the same and the mirror triple (abstract chirality)
  [ok]   passing odd candidate maps the base flag of a to the intended flag of b or to the intended flag with the other cell
  [ok]   image flag orbit is even iff (even candidate and intended flag) or (odd candidate and other cell)
  [ok]   odd candidate with odd image orbit: conjugated triple is Gamma_b-conjugate to the mirror triple (S1^-1, S1^2 S2, X_b)
  [ok]   both candidates pass but only one hits its intended flag: M_even^-1 M_odd lies in Gamma_b (same coset)
  [ok]   at least one of the two passing candidates hits its intended flag
  exhaustive Gram-pruned enumeration [t=117s]
    Gram-consistent ordered 4-tuples: 14400   Gamma_b-orbits: 2   full similarities: 7200   det signs: [ "+1" ]
    orbit rep tuple [ 1, 2, 5, 70 ]: similarity=true det sign=+1 vertices=true edges=true faces=true cells=true conj=[ true, true, true ][ true, true, true ] orientation=mirror
    orbit rep tuple [ 1, 2, 5, 119 ]: similarity=false det sign=-1 vertices=true edges=true faces=false cells=false conj=[ true, true, true ][ true, true, true ] orientation=none
  [ok]   each Gamma_b-orbit of anchor tuples has size |Gamma_b| (free action)
  [ok]   the recorded orbits partition the enumerated tuple list
  [ok]   direct recomputation of M*M^T and det M for 200 sampled tuples agrees with orbit representatives
  [ok]   exhaustive similarity count 7200 = |Gamma_b| * (number of flag-anchored cosets = 1)
  [ok]   number of similarity orbits found exhaustively = number of flag-anchored cosets
  [ok]   candidate even tuple is enumerated and its orbit verdict matches the candidate verdict
  [ok]   candidate odd tuple is enumerated and its orbit verdict matches the candidate verdict
  [ok]   det signs of passing candidates = det signs found exhaustively
  => 7200 similarities L3-{5,3,5/2}-12 -> L3-{5,3,5/2}-9 (1 Gamma_b-coset(s)), lambda = 5/6, det signs [ "+1" ]

== pair (L3-{5,3,5/2}-13 -> L3-{5,3,5/2}-9)  f-vector (120,720,300,50)  |Gamma_a|=7200 |Gamma_b|=7200 [t=117s]
  lambda = |w_b|^2/|w_a|^2 = 4/3  (~1.333333333333333)
  candidate even: image tuple (1-based indices in V_b) [ 108, 51, 94, 38 ]  Gram-consistent: false
    (i)   traversal of all p face vertices: true
    (ii)  M*M^T = lambda*I: false
    (iii) det M = -32/9*E(5)-80/9*E(5)^2-80/9*E(5)^3-32/9*E(5)^4  sign(det M/lambda^2) = na
    (iv)  vertex set onto vertex set: false
    (v)   edges/faces/cells onto: false/false/false
    (vi)  M^-1 {S1,S2,X_a} M in Gamma_b: [ false, false, false ]   M {S1,S2,X_b} M^-1 in Gamma_a: [ false, false, false ]
    (vii) conjugated triple orientation in Gamma_b: none  (RepresentativeAction and own conjugator search agree: true; exact equality with same triple: false, with mirror triple: false)
    flag image = intended even flag: false   (= intended flag with the other cell: false;  image flag orbit: none)
    => candidate even passes (structure map): false;  represents the even coset: false
    M = [ [ 4/3, -1/3*E(5)-2/3*E(5)^2-2/3*E(5)^3-1/3*E(5)^4, 1/3*E(5)^2+1/3*E(5)^3, 1/3*E(5)+E(5)^2+E(5)^3+1/3*E(5)^4 ], [ 1/3*E(5)+2/3*E(5)^2+2/3*E(5)^3+1/3*E(5)^4, 4/3, -1/3*E(5)-E(5)^2-E(5)^3-1/3*E(5)^4, 1/3*E(5)^2+1/3*E(5)^3 ], [ 1/3*E(5)^2+1/3*E(5)^3, 1/3*E(5)+E(5)^2+E(5)^3+1/3*E(5)^4, -2/3*E(5)-4/3*E(5)^2-4/3*E(5)^3-2/3*E(5)^4, -1/3*E(5)-4/3*E(5)^2-4/3*E(5)^3-1/3*E(5)^4 ], [ -1/3*E(5)-E(5)^2-E(5)^3-1/3*E(5)^4, 1/3*E(5)^2+1/3*E(5)^3, 1/3*E(5)+4/3*E(5)^2+4/3*E(5)^3+1/3*E(5)^4, -2/3*E(5)-4/3*E(5)^2-4/3*E(5)^3-2/3*E(5)^4 ] ]
  candidate odd: image tuple (1-based indices in V_b) [ 108, 43, 96, 34 ]  Gram-consistent: false
    (i)   traversal of all p face vertices: true
    (ii)  M*M^T = lambda*I: false
    (iii) det M = -32/9*E(5)-80/9*E(5)^2-80/9*E(5)^3-32/9*E(5)^4  sign(det M/lambda^2) = na
    (iv)  vertex set onto vertex set: false
    (v)   edges/faces/cells onto: false/false/false
    (vi)  M^-1 {S1,S2,X_a} M in Gamma_b: [ false, false, false ]   M {S1,S2,X_b} M^-1 in Gamma_a: [ false, false, false ]
    (vii) conjugated triple orientation in Gamma_b: none  (RepresentativeAction and own conjugator search agree: true; exact equality with same triple: false, with mirror triple: false)
    flag image = intended odd flag: false   (= intended flag with the other cell: false;  image flag orbit: none)
    => candidate odd passes (structure map): false;  represents the odd coset: false
    M = [ [ 4/3, 1/3*E(5)+2/3*E(5)^2+2/3*E(5)^3+1/3*E(5)^4, -1/3*E(5)^2-1/3*E(5)^3, 1/3*E(5)+E(5)^2+E(5)^3+1/3*E(5)^4 ], [ 1/3*E(5)+2/3*E(5)^2+2/3*E(5)^3+1/3*E(5)^4, 2/3, 1/3*E(5)-E(5)^2-E(5)^3+1/3*E(5)^4, 1/3*E(5)^2+1/3*E(5)^3 ], [ 1/3*E(5)^2+1/3*E(5)^3, -1/3*E(5)-E(5)^2-E(5)^3-1/3*E(5)^4, 0, -E(5)-2*E(5)^2-2*E(5)^3-E(5)^4 ], [ -1/3*E(5)-E(5)^2-E(5)^3-1/3*E(5)^4, -1/3*E(5)^2-1/3*E(5)^3, E(5)+2*E(5)^2+2*E(5)^3+E(5)^4, 0 ] ]
  exhaustive Gram-pruned enumeration [t=117s]
    Gram-consistent ordered 4-tuples: 14400   Gamma_b-orbits: 2   full similarities: 0   det signs: [  ]
    orbit rep tuple [ 1, 4, 68, 114 ]: similarity=false det sign=-1 vertices=true edges=false faces=false cells=false conj=[ true, true, true ][ true, true, true ] orientation=none
    orbit rep tuple [ 1, 4, 68, 117 ]: similarity=false det sign=+1 vertices=true edges=false faces=false cells=false conj=[ true, true, true ][ true, true, true ] orientation=none
  [ok]   each Gamma_b-orbit of anchor tuples has size |Gamma_b| (free action)
  [ok]   the recorded orbits partition the enumerated tuple list
  [ok]   direct recomputation of M*M^T and det M for 200 sampled tuples agrees with orbit representatives
  [ok]   exhaustive similarity count 0 = |Gamma_b| * (number of flag-anchored cosets = 0)
  [ok]   number of similarity orbits found exhaustively = number of flag-anchored cosets
  [ok]   candidate even is not Gram-consistent and does not pass
  [ok]   candidate odd is not Gram-consistent and does not pass
  [ok]   det signs of passing candidates = det signs found exhaustively
  => EXHAUSTIVE PROOF: no similarity of E^4 carries realisation L3-{5,3,5/2}-13 onto L3-{5,3,5/2}-9 (no Gram-consistent tuple yields a structure map).

== pair (L3-{5,3,5/2}-14 -> L3-{5,3,5/2}-9)  f-vector (120,720,300,50)  |Gamma_a|=7200 |Gamma_b|=7200 [t=118s]
  lambda = |w_b|^2/|w_a|^2 = -1/2*E(5)-E(5)^2-E(5)^3-1/2*E(5)^4  (~1.309016994374947)
  candidate even: image tuple (1-based indices in V_b) [ 108, 51, 94, 38 ]  Gram-consistent: false
    (i)   traversal of all p face vertices: true
    (ii)  M*M^T = lambda*I: false
    (iii) det M = -13/4*E(5)-17/2*E(5)^2-17/2*E(5)^3-13/4*E(5)^4  sign(det M/lambda^2) = na
    (iv)  vertex set onto vertex set: false
    (v)   edges/faces/cells onto: false/false/false
    (vi)  M^-1 {S1,S2,X_a} M in Gamma_b: [ false, false, false ]   M {S1,S2,X_b} M^-1 in Gamma_a: [ false, false, false ]
    (vii) conjugated triple orientation in Gamma_b: none  (RepresentativeAction and own conjugator search agree: true; exact equality with same triple: false, with mirror triple: false)
    flag image = intended even flag: false   (= intended flag with the other cell: false;  image flag orbit: none)
    => candidate even passes (structure map): false;  represents the even coset: false
    M = [ [ 1/2, -1/4*E(5)-3/4*E(5)^2-3/4*E(5)^3-1/4*E(5)^4, -1/4*E(5)-1/2*E(5)^2-1/2*E(5)^3-1/4*E(5)^4, 1/2*E(5)+5/4*E(5)^2+5/4*E(5)^3+1/2*E(5)^4 ], [ 1/4*E(5)+3/4*E(5)^2+3/4*E(5)^3+1/4*E(5)^4, 1/2, -1/2*E(5)-5/4*E(5)^2-5/4*E(5)^3-1/2*E(5)^4, -1/4*E(5)-1/2*E(5)^2-1/2*E(5)^3-1/4*E(5)^4 ], [ -1/4*E(5)-1/2*E(5)^2-1/2*E(5)^3-1/4*E(5)^4, 1/2*E(5)+5/4*E(5)^2+5/4*E(5)^3+1/2*E(5)^4, 0, -3/4*E(5)-7/4*E(5)^2-7/4*E(5)^3-3/4*E(5)^4 ], [ -1/2*E(5)-5/4*E(5)^2-5/4*E(5)^3-1/2*E(5)^4, -1/4*E(5)-1/2*E(5)^2-1/2*E(5)^3-1/4*E(5)^4, 3/4*E(5)+7/4*E(5)^2+7/4*E(5)^3+3/4*E(5)^4, 0 ] ]
  candidate odd: image tuple (1-based indices in V_b) [ 108, 43, 96, 34 ]  Gram-consistent: false
    (i)   traversal of all p face vertices: true
    (ii)  M*M^T = lambda*I: false
    (iii) det M = -13/4*E(5)-17/2*E(5)^2-17/2*E(5)^3-13/4*E(5)^4  sign(det M/lambda^2) = na
    (iv)  vertex set onto vertex set: false
    (v)   edges/faces/cells onto: false/false/false
    (vi)  M^-1 {S1,S2,X_a} M in Gamma_b: [ false, false, false ]   M {S1,S2,X_b} M^-1 in Gamma_a: [ false, false, false ]
    (vii) conjugated triple orientation in Gamma_b: none  (RepresentativeAction and own conjugator search agree: true; exact equality with same triple: false, with mirror triple: false)
    flag image = intended odd flag: false   (= intended flag with the other cell: false;  image flag orbit: none)
    => candidate odd passes (structure map): false;  represents the odd coset: false
    M = [ [ 1/2, 1/4*E(5)+1/2*E(5)^2+1/2*E(5)^3+1/4*E(5)^4, -1/2*E(5)-5/4*E(5)^2-5/4*E(5)^3-1/2*E(5)^4, 1/4*E(5)+3/4*E(5)^2+3/4*E(5)^3+1/4*E(5)^4 ], [ 1/4*E(5)+3/4*E(5)^2+3/4*E(5)^3+1/4*E(5)^4, -1/2*E(5)-E(5)^2-E(5)^3-1/2*E(5)^4, -3/4*E(5)^2-3/4*E(5)^3, -1/4*E(5)-1/2*E(5)^2-1/2*E(5)^3-1/4*E(5)^4 ], [ -1/4*E(5)-1/2*E(5)^2-1/2*E(5)^3-1/4*E(5)^4, -1/4*E(5)-3/4*E(5)^2-3/4*E(5)^3-1/4*E(5)^4, 1/2*E(5)+5/4*E(5)^2+5/4*E(5)^3+1/2*E(5)^4, -1/2*E(5)-3/2*E(5)^2-3/2*E(5)^3-1/2*E(5)^4 ], [ -1/2*E(5)-5/4*E(5)^2-5/4*E(5)^3-1/2*E(5)^4, 1/4*E(5)^2+1/4*E(5)^3, 1/2*E(5)+5/4*E(5)^2+5/4*E(5)^3+1/2*E(5)^4, 1/2*E(5)+5/4*E(5)^2+5/4*E(5)^3+1/2*E(5)^4 ] ]
  exhaustive Gram-pruned enumeration [t=118s]
    Gram-consistent ordered 4-tuples: 14400   Gamma_b-orbits: 2   full similarities: 0   det signs: [  ]
    orbit rep tuple [ 1, 4, 68, 114 ]: similarity=false det sign=-1 vertices=true edges=false faces=false cells=false conj=[ true, true, true ][ true, true, true ] orientation=none
    orbit rep tuple [ 1, 4, 68, 117 ]: similarity=false det sign=+1 vertices=true edges=false faces=false cells=false conj=[ true, true, true ][ true, true, true ] orientation=none
  [ok]   each Gamma_b-orbit of anchor tuples has size |Gamma_b| (free action)
  [ok]   the recorded orbits partition the enumerated tuple list
  [ok]   direct recomputation of M*M^T and det M for 200 sampled tuples agrees with orbit representatives
  [ok]   exhaustive similarity count 0 = |Gamma_b| * (number of flag-anchored cosets = 0)
  [ok]   number of similarity orbits found exhaustively = number of flag-anchored cosets
  [ok]   candidate even is not Gram-consistent and does not pass
  [ok]   candidate odd is not Gram-consistent and does not pass
  [ok]   det signs of passing candidates = det signs found exhaustively
  => EXHAUSTIVE PROOF: no similarity of E^4 carries realisation L3-{5,3,5/2}-14 onto L3-{5,3,5/2}-9 (no Gram-consistent tuple yields a structure map).

== pair (L3-{5,3,5/2}-15 -> L3-{5,3,5/2}-9)  f-vector (120,720,300,50)  |Gamma_a|=7200 |Gamma_b|=7200 [t=118s]
  lambda = |w_b|^2/|w_a|^2 = -5/6*E(5)-1/3*E(5)^2-1/3*E(5)^3-5/6*E(5)^4  (~0.02431633895838597)
  candidate even: image tuple (1-based indices in V_b) [ 108, 51, 94, 38 ]  Gram-consistent: false
    (i)   traversal of all p face vertices: true
    (ii)  M*M^T = lambda*I: false
    (iii) det M = -5/36*E(5)-1/18*E(5)^2-1/18*E(5)^3-5/36*E(5)^4  sign(det M/lambda^2) = na
    (iv)  vertex set onto vertex set: false
    (v)   edges/faces/cells onto: false/false/false
    (vi)  M^-1 {S1,S2,X_a} M in Gamma_b: [ false, false, false ]   M {S1,S2,X_b} M^-1 in Gamma_a: [ false, false, false ]
    (vii) conjugated triple orientation in Gamma_b: none  (RepresentativeAction and own conjugator search agree: true; exact equality with same triple: false, with mirror triple: false)
    flag image = intended even flag: false   (= intended flag with the other cell: false;  image flag orbit: none)
    => candidate even passes (structure map): false;  represents the even coset: false
    M = [ [ -4/3*E(5)-2/3*E(5)^2-2/3*E(5)^3-4/3*E(5)^4, 5/12, -1/4*E(5)-1/6*E(5)^2-1/6*E(5)^3-1/4*E(5)^4, -1/6*E(5)-1/4*E(5)^2-1/4*E(5)^3-1/6*E(5)^4 ], [ -5/12, -4/3*E(5)-2/3*E(5)^2-2/3*E(5)^3-4/3*E(5)^4, 1/6*E(5)+1/4*E(5)^2+1/4*E(5)^3+1/6*E(5)^4, -1/4*E(5)-1/6*E(5)^2-1/6*E(5)^3-1/4*E(5)^4 ], [ -1/4*E(5)-1/6*E(5)^2-1/6*E(5)^3-1/4*E(5)^4, -1/6*E(5)-1/4*E(5)^2-1/4*E(5)^3-1/6*E(5)^4, 1/6, 1/12*E(5)-1/12*E(5)^2-1/12*E(5)^3+1/12*E(5)^4 ], [ 1/6*E(5)+1/4*E(5)^2+1/4*E(5)^3+1/6*E(5)^4, -1/4*E(5)-1/6*E(5)^2-1/6*E(5)^3-1/4*E(5)^4, -1/12*E(5)+1/12*E(5)^2+1/12*E(5)^3-1/12*E(5)^4, 1/6 ] ]
  candidate odd: image tuple (1-based indices in V_b) [ 108, 43, 96, 34 ]  Gram-consistent: false
    (i)   traversal of all p face vertices: true
    (ii)  M*M^T = lambda*I: false
    (iii) det M = -5/36*E(5)-1/18*E(5)^2-1/18*E(5)^3-5/36*E(5)^4  sign(det M/lambda^2) = na
    (iv)  vertex set onto vertex set: false
    (v)   edges/faces/cells onto: false/false/false
    (vi)  M^-1 {S1,S2,X_a} M in Gamma_b: [ false, false, false ]   M {S1,S2,X_b} M^-1 in Gamma_a: [ false, false, false ]
    (vii) conjugated triple orientation in Gamma_b: none  (RepresentativeAction and own conjugator search agree: true; exact equality with same triple: false, with mirror triple: false)
    flag image = intended odd flag: false   (= intended flag with the other cell: false;  image flag orbit: none)
    => candidate odd passes (structure map): false;  represents the odd coset: false
    M = [ [ -4/3*E(5)-2/3*E(5)^2-2/3*E(5)^3-4/3*E(5)^4, -1/12*E(5)-1/3*E(5)^2-1/3*E(5)^3-1/12*E(5)^4, 1/3*E(5)+1/12*E(5)^2+1/12*E(5)^3+1/3*E(5)^4, -1/12*E(5)+1/12*E(5)^2+1/12*E(5)^3-1/12*E(5)^4 ], [ -5/12, -2/3*E(5)-1/3*E(5)^2-1/3*E(5)^3-2/3*E(5)^4, 7/6*E(5)+7/12*E(5)^2+7/12*E(5)^3+7/6*E(5)^4, -1/12*E(5)+1/6*E(5)^2+1/6*E(5)^3-1/12*E(5)^4 ], [ -1/4*E(5)-1/6*E(5)^2-1/6*E(5)^3-1/4*E(5)^4, -1/12*E(5)-1/4*E(5)^2-1/4*E(5)^3-1/12*E(5)^4, -1/12*E(5)^2-1/12*E(5)^3, -1/6*E(5)-1/6*E(5)^4 ], [ 1/6*E(5)+1/4*E(5)^2+1/4*E(5)^3+1/6*E(5)^4, -1/12*E(5)^2-1/12*E(5)^3, 1/3*E(5)+1/4*E(5)^2+1/4*E(5)^3+1/3*E(5)^4, 1/12*E(5)^2+1/12*E(5)^3 ] ]
  exhaustive Gram-pruned enumeration [t=118s]
    Gram-consistent ordered 4-tuples: 14400   Gamma_b-orbits: 2   full similarities: 0   det signs: [  ]
    orbit rep tuple [ 1, 13, 9, 14 ]: similarity=false det sign=+1 vertices=true edges=false faces=false cells=false conj=[ true, true, true ][ true, true, true ] orientation=none
    orbit rep tuple [ 1, 13, 9, 39 ]: similarity=false det sign=-1 vertices=true edges=false faces=false cells=false conj=[ true, true, true ][ true, true, true ] orientation=none
  [ok]   each Gamma_b-orbit of anchor tuples has size |Gamma_b| (free action)
  [ok]   the recorded orbits partition the enumerated tuple list
  [ok]   direct recomputation of M*M^T and det M for 200 sampled tuples agrees with orbit representatives
  [ok]   exhaustive similarity count 0 = |Gamma_b| * (number of flag-anchored cosets = 0)
  [ok]   number of similarity orbits found exhaustively = number of flag-anchored cosets
  [ok]   candidate even is not Gram-consistent and does not pass
  [ok]   candidate odd is not Gram-consistent and does not pass
  [ok]   det signs of passing candidates = det signs found exhaustively
  => EXHAUSTIVE PROOF: no similarity of E^4 carries realisation L3-{5,3,5/2}-15 onto L3-{5,3,5/2}-9 (no Gram-consistent tuple yields a structure map).

== pair (L3-{5,3,5/2}-16 -> L3-{5,3,5/2}-9)  f-vector (120,720,300,50)  |Gamma_a|=7200 |Gamma_b|=7200 [t=118s]
  lambda = |w_b|^2/|w_a|^2 = 1/4  (~0.25)
  candidate even: image tuple (1-based indices in V_b) [ 108, 51, 94, 38 ]  Gram-consistent: false
    (i)   traversal of all p face vertices: true
    (ii)  M*M^T = lambda*I: false
    (iii) det M = -1/8*E(5)-5/16*E(5)^2-5/16*E(5)^3-1/8*E(5)^4  sign(det M/lambda^2) = na
    (iv)  vertex set onto vertex set: false
    (v)   edges/faces/cells onto: false/false/false
    (vi)  M^-1 {S1,S2,X_a} M in Gamma_b: [ false, false, false ]   M {S1,S2,X_b} M^-1 in Gamma_a: [ false, false, false ]
    (vii) conjugated triple orientation in Gamma_b: none  (RepresentativeAction and own conjugator search agree: true; exact equality with same triple: false, with mirror triple: false)
    flag image = intended even flag: false   (= intended flag with the other cell: false;  image flag orbit: none)
    => candidate even passes (structure map): false;  represents the even coset: false
    M = [ [ -1/2*E(5)-1/2*E(5)^4, -1/4*E(5)-E(5)^2-E(5)^3-1/4*E(5)^4, 1/4*E(5)^2+1/4*E(5)^3, -1/4*E(5)-3/4*E(5)^2-3/4*E(5)^3-1/4*E(5)^4 ], [ 1/4*E(5)+E(5)^2+E(5)^3+1/4*E(5)^4, -1/2*E(5)-1/2*E(5)^4, 1/4*E(5)+3/4*E(5)^2+3/4*E(5)^3+1/4*E(5)^4, 1/4*E(5)^2+1/4*E(5)^3 ], [ 1/4*E(5)^2+1/4*E(5)^3, -1/4*E(5)-3/4*E(5)^2-3/4*E(5)^3-1/4*E(5)^4, 0, -1/4*E(5)-1/2*E(5)^2-1/2*E(5)^3-1/4*E(5)^4 ], [ 1/4*E(5)+3/4*E(5)^2+3/4*E(5)^3+1/4*E(5)^4, 1/4*E(5)^2+1/4*E(5)^3, 1/4*E(5)+1/2*E(5)^2+1/2*E(5)^3+1/4*E(5)^4, 0 ] ]
  candidate odd: image tuple (1-based indices in V_b) [ 108, 43, 96, 34 ]  Gram-consistent: false
    (i)   traversal of all p face vertices: true
    (ii)  M*M^T = lambda*I: false
    (iii) det M = -1/8*E(5)-5/16*E(5)^2-5/16*E(5)^3-1/8*E(5)^4  sign(det M/lambda^2) = na
    (iv)  vertex set onto vertex set: false
    (v)   edges/faces/cells onto: false/false/false
    (vi)  M^-1 {S1,S2,X_a} M in Gamma_b: [ false, false, false ]   M {S1,S2,X_b} M^-1 in Gamma_a: [ false, false, false ]
    (vii) conjugated triple orientation in Gamma_b: none  (RepresentativeAction and own conjugator search agree: true; exact equality with same triple: false, with mirror triple: false)
    flag image = intended odd flag: false   (= intended flag with the other cell: false;  image flag orbit: none)
    => candidate odd passes (structure map): false;  represents the odd coset: false
    M = [ [ -1/2*E(5)-1/2*E(5)^4, -1/4*E(5)-E(5)^2-E(5)^3-1/4*E(5)^4, 1/4*E(5)^2+1/4*E(5)^3, 1/4*E(5)+3/4*E(5)^2+3/4*E(5)^3+1/4*E(5)^4 ], [ 1/4*E(5)+E(5)^2+E(5)^3+1/4*E(5)^4, 1/2*E(5)^2+1/2*E(5)^3, -3/4, 1/4*E(5)^2+1/4*E(5)^3 ], [ 1/4*E(5)^2+1/4*E(5)^3, -1/4*E(5)-3/4*E(5)^2-3/4*E(5)^3-1/4*E(5)^4, 0, 1/4*E(5)+1/2*E(5)^2+1/2*E(5)^3+1/4*E(5)^4 ], [ 1/4*E(5)+3/4*E(5)^2+3/4*E(5)^3+1/4*E(5)^4, 1/4*E(5)^2+1/4*E(5)^3, 1/4*E(5)+1/2*E(5)^2+1/2*E(5)^3+1/4*E(5)^4, 0 ] ]
  exhaustive Gram-pruned enumeration [t=118s]
    Gram-consistent ordered 4-tuples: 14400   Gamma_b-orbits: 2   full similarities: 0   det signs: [  ]
    orbit rep tuple [ 1, 13, 9, 14 ]: similarity=false det sign=+1 vertices=true edges=false faces=false cells=false conj=[ true, true, true ][ true, true, true ] orientation=none
    orbit rep tuple [ 1, 13, 9, 39 ]: similarity=false det sign=-1 vertices=true edges=false faces=false cells=false conj=[ true, true, true ][ true, true, true ] orientation=none
  [ok]   each Gamma_b-orbit of anchor tuples has size |Gamma_b| (free action)
  [ok]   the recorded orbits partition the enumerated tuple list
  [ok]   direct recomputation of M*M^T and det M for 200 sampled tuples agrees with orbit representatives
  [ok]   exhaustive similarity count 0 = |Gamma_b| * (number of flag-anchored cosets = 0)
  [ok]   number of similarity orbits found exhaustively = number of flag-anchored cosets
  [ok]   candidate even is not Gram-consistent and does not pass
  [ok]   candidate odd is not Gram-consistent and does not pass
  [ok]   det signs of passing candidates = det signs found exhaustively
  => EXHAUSTIVE PROOF: no similarity of E^4 carries realisation L3-{5,3,5/2}-16 onto L3-{5,3,5/2}-9 (no Gram-consistent tuple yields a structure map).
pair (L3-{3,3,5/2}-1 -> L3-{5,3,5/2}-9): inequivalent: different f-vector (600,1200,120,5) vs (120,720,300,50)
pair (L3-{3,3,5/2}-4 -> L3-{5,3,5/2}-9): inequivalent: different f-vector (600,1200,120,5) vs (120,720,300,50)

#### target b = L3-{5,3,5/2}-10   computing Gram matrix of V_b [t=119s]
  [ok]   Gram diagonal constant = |w_b|^2
pair (L3-{4,3,3}-1 -> L3-{5,3,5/2}-10): inequivalent: different f-vector (16,32,12,4) vs (120,720,300,50)
pair (L3-{4,3,3}-2 -> L3-{5,3,5/2}-10): inequivalent: different f-vector (16,32,12,4) vs (120,720,300,50)
pair (L3-{4,3,3}-3 -> L3-{5,3,5/2}-10): inequivalent: different f-vector (16,32,12,4) vs (120,720,300,50)
pair (L3-{4,3,3}-6 -> L3-{5,3,5/2}-10): inequivalent: different f-vector (16,32,12,4) vs (120,720,300,50)
pair (L3-{5,3,3}-3 -> L3-{5,3,5/2}-10): inequivalent: different f-vector (600,1200,120,5) vs (120,720,300,50)
pair (L3-{5,3,3}-8 -> L3-{5,3,5/2}-10): inequivalent: different f-vector (600,1200,120,5) vs (120,720,300,50)
pair (L3-{5,3,5/2}-1 -> L3-{5,3,5/2}-10): inequivalent: different f-vector (240,480,120,20) vs (120,720,300,50)
pair (L3-{5,3,5/2}-2 -> L3-{5,3,5/2}-10): inequivalent: different f-vector (240,480,120,20) vs (120,720,300,50)
pair (L3-{5,3,5/2}-3 -> L3-{5,3,5/2}-10): inequivalent: different f-vector (240,480,120,20) vs (120,720,300,50)
pair (L3-{5,3,5/2}-4 -> L3-{5,3,5/2}-10): inequivalent: different f-vector (240,480,120,20) vs (120,720,300,50)
pair (L3-{5,3,5/2}-5 -> L3-{5,3,5/2}-10): inequivalent: different f-vector (48,144,48,8) vs (120,720,300,50)
pair (L3-{5,3,5/2}-6 -> L3-{5,3,5/2}-10): inequivalent: different f-vector (48,144,48,8) vs (120,720,300,50)
pair (L3-{5,3,5/2}-7 -> L3-{5,3,5/2}-10): inequivalent: different f-vector (48,144,48,8) vs (120,720,300,50)
pair (L3-{5,3,5/2}-8 -> L3-{5,3,5/2}-10): inequivalent: different f-vector (48,144,48,8) vs (120,720,300,50)

== pair (L3-{5,3,5/2}-9 -> L3-{5,3,5/2}-10)  f-vector (120,720,300,50)  |Gamma_a|=7200 |Gamma_b|=7200 [t=119s]
  lambda = |w_b|^2/|w_a|^2 = 3  (~3.)
  candidate even: image tuple (1-based indices in V_b) [ 13, 37, 74, 11 ]  Gram-consistent: false
    (i)   traversal of all p face vertices: true
    (ii)  M*M^T = lambda*I: false
    (iii) det M = 9  sign(det M/lambda^2) = +1
    (iv)  vertex set onto vertex set: false
    (v)   edges/faces/cells onto: false/false/false
    (vi)  M^-1 {S1,S2,X_a} M in Gamma_b: [ false, false, false ]   M {S1,S2,X_b} M^-1 in Gamma_a: [ false, false, false ]
    (vii) conjugated triple orientation in Gamma_b: none  (RepresentativeAction and own conjugator search agree: true; exact equality with same triple: false, with mirror triple: false)
    flag image = intended even flag: false   (= intended flag with the other cell: false;  image flag orbit: none)
    => candidate even passes (structure map): false;  represents the even coset: false
    M = [ [ 0, 0, -E(5)^2-E(5)^3, E(5)+E(5)^4 ], [ 0, 0, -E(5)-E(5)^4, -E(5)^2-E(5)^3 ], [ -E(5)^2-E(5)^3, E(5)+E(5)^4, -2*E(5)-2*E(5)^4, -6*E(5)-2*E(5)^2-2*E(5)^3-6*E(5)^4 ], [ -E(5)-E(5)^4, -E(5)^2-E(5)^3, 6*E(5)+2*E(5)^2+2*E(5)^3+6*E(5)^4, -2*E(5)-2*E(5)^4 ] ]
  candidate odd: image tuple (1-based indices in V_b) [ 13, 41, 66, 17 ]  Gram-consistent: false
    (i)   traversal of all p face vertices: true
    (ii)  M*M^T = lambda*I: false
    (iii) det M = 9  sign(det M/lambda^2) = +1
    (iv)  vertex set onto vertex set: false
    (v)   edges/faces/cells onto: false/false/false
    (vi)  M^-1 {S1,S2,X_a} M in Gamma_b: [ false, false, false ]   M {S1,S2,X_b} M^-1 in Gamma_a: [ false, false, false ]
    (vii) conjugated triple orientation in Gamma_b: none  (RepresentativeAction and own conjugator search agree: true; exact equality with same triple: false, with mirror triple: false)
    flag image = intended odd flag: false   (= intended flag with the other cell: false;  image flag orbit: none)
    => candidate odd passes (structure map): false;  represents the odd coset: false
    M = [ [ 0, 0, -E(5)^2-E(5)^3, E(5)+E(5)^4 ], [ 0, 3/2, -1/2*E(5)-1/2*E(5)^4, -1/2*E(5)^2-1/2*E(5)^3 ], [ -E(5)^2-E(5)^3, -1/2*E(5)-1/2*E(5)^4, -E(5)+1/2*E(5)^2+1/2*E(5)^3-E(5)^4, -13/2*E(5)-5/2*E(5)^2-5/2*E(5)^3-13/2*E(5)^4 ], [ E(5)+E(5)^4, 6*E(5)+5/2*E(5)^2+5/2*E(5)^3+6*E(5)^4, 5/2*E(5)+1/2*E(5)^2+1/2*E(5)^3+5/2*E(5)^4, -1/2*E(5)+E(5)^2+E(5)^3-1/2*E(5)^4 ] ]
  exhaustive Gram-pruned enumeration [t=119s]
    Gram-consistent ordered 4-tuples: 14400   Gamma_b-orbits: 2   full similarities: 0   det signs: [  ]
    orbit rep tuple [ 1, 2, 57, 101 ]: similarity=false det sign=+1 vertices=true edges=false faces=false cells=false conj=[ true, true, true ][ true, true, true ] orientation=none
    orbit rep tuple [ 1, 2, 57, 103 ]: similarity=false det sign=-1 vertices=true edges=false faces=false cells=false conj=[ true, true, true ][ true, true, true ] orientation=none
  [ok]   each Gamma_b-orbit of anchor tuples has size |Gamma_b| (free action)
  [ok]   the recorded orbits partition the enumerated tuple list
  [ok]   direct recomputation of M*M^T and det M for 200 sampled tuples agrees with orbit representatives
  [ok]   exhaustive similarity count 0 = |Gamma_b| * (number of flag-anchored cosets = 0)
  [ok]   number of similarity orbits found exhaustively = number of flag-anchored cosets
  [ok]   candidate even is not Gram-consistent and does not pass
  [ok]   candidate odd is not Gram-consistent and does not pass
  [ok]   det signs of passing candidates = det signs found exhaustively
  => EXHAUSTIVE PROOF: no similarity of E^4 carries realisation L3-{5,3,5/2}-9 onto L3-{5,3,5/2}-10 (no Gram-consistent tuple yields a structure map).

== pair (L3-{5,3,5/2}-10 -> L3-{5,3,5/2}-10)  f-vector (120,720,300,50)  |Gamma_a|=7200 |Gamma_b|=7200 [t=119s]
  lambda = |w_b|^2/|w_a|^2 = 1  (~1.)
  candidate even: image tuple (1-based indices in V_b) [ 13, 37, 74, 11 ]  Gram-consistent: true
    (i)   traversal of all p face vertices: true
    (ii)  M*M^T = lambda*I: true
    (iii) det M = 1  sign(det M/lambda^2) = +1
    (iv)  vertex set onto vertex set: true
    (v)   edges/faces/cells onto: true/true/true
    (vi)  M^-1 {S1,S2,X_a} M in Gamma_b: [ true, true, true ]   M {S1,S2,X_b} M^-1 in Gamma_a: [ true, true, true ]
    (vii) conjugated triple orientation in Gamma_b: same  (RepresentativeAction and own conjugator search agree: true; exact equality with same triple: true, with mirror triple: false)
    flag image = intended even flag: true   (= intended flag with the other cell: false;  image flag orbit: even)
    => candidate even passes (structure map): true;  represents the even coset: true
    M = [ [ 1, 0, 0, 0 ], [ 0, 1, 0, 0 ], [ 0, 0, 1, 0 ], [ 0, 0, 0, 1 ] ]
  [ok]   orientation test: RepresentativeAction agrees with independent conjugator search
  [ok]   conjugated triple is not simultaneously conjugate to the same and the mirror triple (abstract chirality)
  [ok]   passing even candidate maps the base flag of a to the intended flag of b or to the intended flag with the other cell
  [ok]   image flag orbit is even iff (even candidate and intended flag) or (odd candidate and other cell)
  [ok]   even candidate with even image orbit: conjugated triple is Gamma_b-conjugate to (S1,S2,X_b)
  [ok]   even candidate hitting the base flag: conjugated triple equals (S1,S2,X_b) exactly (free flag action)
  candidate odd: image tuple (1-based indices in V_b) [ 13, 41, 66, 17 ]  Gram-consistent: true
    (i)   traversal of all p face vertices: true
    (ii)  M*M^T = lambda*I: true
    (iii) det M = 1  sign(det M/lambda^2) = +1
    (iv)  vertex set onto vertex set: true
    (v)   edges/faces/cells onto: true/true/true
    (vi)  M^-1 {S1,S2,X_a} M in Gamma_b: [ true, true, true ]   M {S1,S2,X_b} M^-1 in Gamma_a: [ true, true, true ]
    (vii) conjugated triple orientation in Gamma_b: same  (RepresentativeAction and own conjugator search agree: true; exact equality with same triple: false, with mirror triple: false)
    flag image = intended odd flag: false   (= intended flag with the other cell: true;  image flag orbit: even)
    => candidate odd passes (structure map): true;  represents the odd coset: false
    M = [ [ 1/3*E(5)-1/3*E(5)^2-1/3*E(5)^3+1/3*E(5)^4, -1/3, -1/3*E(5)-1/3*E(5)^4, -1/3*E(5)^2-1/3*E(5)^3 ], [ 2/3, 1/6*E(5)-1/6*E(5)^2-1/6*E(5)^3+1/6*E(5)^4, -1/2*E(5)-1/3*E(5)^2-1/3*E(5)^3-1/2*E(5)^4, 1/3*E(5)+1/2*E(5)^2+1/2*E(5)^3+1/3*E(5)^4 ], [ 0, -1/2*E(5)-1/2*E(5)^4, -2/3*E(5)-5/6*E(5)^2-5/6*E(5)^3-2/3*E(5)^4, 1/6 ], [ 0, -1/2*E(5)^2-1/2*E(5)^3, 1/6, -5/6*E(5)-2/3*E(5)^2-2/3*E(5)^3-5/6*E(5)^4 ] ]
  [ok]   orientation test: RepresentativeAction agrees with independent conjugator search
  [ok]   conjugated triple is not simultaneously conjugate to the same and the mirror triple (abstract chirality)
  [ok]   passing odd candidate maps the base flag of a to the intended flag of b or to the intended flag with the other cell
  [ok]   image flag orbit is even iff (even candidate and intended flag) or (odd candidate and other cell)
  [ok]   odd candidate with even image orbit: conjugated triple is Gamma_b-conjugate to (S1,S2,X_b)
  [ok]   both candidates pass but only one hits its intended flag: M_even^-1 M_odd lies in Gamma_b (same coset)
  [ok]   at least one of the two passing candidates hits its intended flag
  a = b: the odd candidate passes but maps the base flag to (Phi^2)^3 (even orbit): it is an element of Gamma, not an extra symmetry; no similarity maps the base flag to its 2-adjacent flag: geometrically chiral (symmetry group = Gamma)
  [ok]   a = b: the even candidate (identity) passes and fixes the base flag
  [ok]   a = b: the even candidate matrix is the identity
  exhaustive Gram-pruned enumeration [t=119s]
    Gram-consistent ordered 4-tuples: 14400   Gamma_b-orbits: 2   full similarities: 7200   det signs: [ "+1" ]
    orbit rep tuple [ 1, 24, 56, 45 ]: similarity=true det sign=+1 vertices=true edges=true faces=true cells=true conj=[ true, true, true ][ true, true, true ] orientation=same
    orbit rep tuple [ 1, 24, 56, 47 ]: similarity=false det sign=-1 vertices=true edges=true faces=false cells=false conj=[ true, true, true ][ true, true, true ] orientation=none
  [ok]   each Gamma_b-orbit of anchor tuples has size |Gamma_b| (free action)
  [ok]   the recorded orbits partition the enumerated tuple list
  [ok]   direct recomputation of M*M^T and det M for 200 sampled tuples agrees with orbit representatives
  [ok]   exhaustive similarity count 7200 = |Gamma_b| * (number of flag-anchored cosets = 1)
  [ok]   number of similarity orbits found exhaustively = number of flag-anchored cosets
  [ok]   candidate even tuple is enumerated and its orbit verdict matches the candidate verdict
  [ok]   candidate odd tuple is enumerated and its orbit verdict matches the candidate verdict
  [ok]   det signs of passing candidates = det signs found exhaustively
  => 7200 similarities L3-{5,3,5/2}-10 -> L3-{5,3,5/2}-10 (1 Gamma_b-coset(s)), lambda = 1, det signs [ "+1" ]

== pair (L3-{5,3,5/2}-11 -> L3-{5,3,5/2}-10)  f-vector (120,720,300,50)  |Gamma_a|=7200 |Gamma_b|=7200 [t=119s]
  lambda = |w_b|^2/|w_a|^2 = 3/2  (~1.5)
  candidate even: image tuple (1-based indices in V_b) [ 13, 37, 74, 11 ]  Gram-consistent: true
    (i)   traversal of all p face vertices: true
    (ii)  M*M^T = lambda*I: true
    (iii) det M = 9/4  sign(det M/lambda^2) = +1
    (iv)  vertex set onto vertex set: true
    (v)   edges/faces/cells onto: true/true/true
    (vi)  M^-1 {S1,S2,X_a} M in Gamma_b: [ true, true, true ]   M {S1,S2,X_b} M^-1 in Gamma_a: [ true, true, true ]
    (vii) conjugated triple orientation in Gamma_b: mirror  (RepresentativeAction and own conjugator search agree: true; exact equality with same triple: false, with mirror triple: false)
    flag image = intended even flag: false   (= intended flag with the other cell: true;  image flag orbit: odd)
    => candidate even passes (structure map): true;  represents the even coset: false
    M = [ [ -3/4*E(5)-1/2*E(5)^2-1/2*E(5)^3-3/4*E(5)^4, 1/2*E(5)+1/2*E(5)^4, -1/4*E(5)-3/4*E(5)^2-3/4*E(5)^3-1/4*E(5)^4, -1/4*E(5)^2-1/4*E(5)^3 ], [ -1/2*E(5)-1/2*E(5)^4, -3/4*E(5)-1/2*E(5)^2-1/2*E(5)^3-3/4*E(5)^4, 1/4*E(5)^2+1/4*E(5)^3, -1/4*E(5)-3/4*E(5)^2-3/4*E(5)^3-1/4*E(5)^4 ], [ -1/4*E(5)-3/4*E(5)^2-3/4*E(5)^3-1/4*E(5)^4, -1/4*E(5)^2-1/4*E(5)^3, -3/4*E(5)-3/4*E(5)^4, 0 ], [ 1/4*E(5)^2+1/4*E(5)^3, -1/4*E(5)-3/4*E(5)^2-3/4*E(5)^3-1/4*E(5)^4, 0, -3/4*E(5)-3/4*E(5)^4 ] ]
  [ok]   orientation test: RepresentativeAction agrees with independent conjugator search
  [ok]   conjugated triple is not simultaneously conjugate to the same and the mirror triple (abstract chirality)
  [ok]   passing even candidate maps the base flag of a to the intended flag of b or to the intended flag with the other cell
  [ok]   image flag orbit is even iff (even candidate and intended flag) or (odd candidate and other cell)
  [ok]   even candidate with odd image orbit: conjugated triple is Gamma_b-conjugate to the mirror triple (S1^-1, S1^2 S2, X_b)
  candidate odd: image tuple (1-based indices in V_b) [ 13, 41, 66, 17 ]  Gram-consistent: true
    (i)   traversal of all p face vertices: true
    (ii)  M*M^T = lambda*I: true
    (iii) det M = 9/4  sign(det M/lambda^2) = +1
    (iv)  vertex set onto vertex set: true
    (v)   edges/faces/cells onto: true/true/true
    (vi)  M^-1 {S1,S2,X_a} M in Gamma_b: [ true, true, true ]   M {S1,S2,X_b} M^-1 in Gamma_a: [ true, true, true ]
    (vii) conjugated triple orientation in Gamma_b: mirror  (RepresentativeAction and own conjugator search agree: true; exact equality with same triple: false, with mirror triple: false)
    flag image = intended odd flag: true   (= intended flag with the other cell: false;  image flag orbit: odd)
    => candidate odd passes (structure map): true;  represents the odd coset: true
    M = [ [ 3/4*E(5)+3/4*E(5)^4, 0, -1/4*E(5)-3/4*E(5)^2-3/4*E(5)^3-1/4*E(5)^4, -1/4*E(5)^2-1/4*E(5)^3 ], [ 0, -3/4*E(5)^2-3/4*E(5)^3, -3/4*E(5)-1/4*E(5)^2-1/4*E(5)^3-3/4*E(5)^4, 1/4*E(5)+1/4*E(5)^4 ], [ -1/4*E(5)-3/4*E(5)^2-3/4*E(5)^3-1/4*E(5)^4, -3/4*E(5)-1/4*E(5)^2-1/4*E(5)^3-3/4*E(5)^4, -1/4*E(5)+1/4*E(5)^2+1/4*E(5)^3-1/4*E(5)^4, 1/4 ], [ -1/4*E(5)^2-1/4*E(5)^3, 1/4*E(5)+1/4*E(5)^4, 1/4, -1/2*E(5)+1/2*E(5)^2+1/2*E(5)^3-1/2*E(5)^4 ] ]
  [ok]   orientation test: RepresentativeAction agrees with independent conjugator search
  [ok]   conjugated triple is not simultaneously conjugate to the same and the mirror triple (abstract chirality)
  [ok]   passing odd candidate maps the base flag of a to the intended flag of b or to the intended flag with the other cell
  [ok]   image flag orbit is even iff (even candidate and intended flag) or (odd candidate and other cell)
  [ok]   odd candidate with odd image orbit: conjugated triple is Gamma_b-conjugate to the mirror triple (S1^-1, S1^2 S2, X_b)
  [ok]   both candidates pass but only one hits its intended flag: M_even^-1 M_odd lies in Gamma_b (same coset)
  [ok]   at least one of the two passing candidates hits its intended flag
  exhaustive Gram-pruned enumeration [t=119s]
    Gram-consistent ordered 4-tuples: 14400   Gamma_b-orbits: 2   full similarities: 7200   det signs: [ "+1" ]
    orbit rep tuple [ 1, 24, 56, 45 ]: similarity=true det sign=+1 vertices=true edges=true faces=true cells=true conj=[ true, true, true ][ true, true, true ] orientation=mirror
    orbit rep tuple [ 1, 24, 56, 47 ]: similarity=false det sign=-1 vertices=true edges=true faces=false cells=false conj=[ true, true, true ][ true, true, true ] orientation=none
  [ok]   each Gamma_b-orbit of anchor tuples has size |Gamma_b| (free action)
  [ok]   the recorded orbits partition the enumerated tuple list
  [ok]   direct recomputation of M*M^T and det M for 200 sampled tuples agrees with orbit representatives
  [ok]   exhaustive similarity count 7200 = |Gamma_b| * (number of flag-anchored cosets = 1)
  [ok]   number of similarity orbits found exhaustively = number of flag-anchored cosets
  [ok]   candidate even tuple is enumerated and its orbit verdict matches the candidate verdict
  [ok]   candidate odd tuple is enumerated and its orbit verdict matches the candidate verdict
  [ok]   det signs of passing candidates = det signs found exhaustively
  => 7200 similarities L3-{5,3,5/2}-11 -> L3-{5,3,5/2}-10 (1 Gamma_b-coset(s)), lambda = 3/2, det signs [ "+1" ]

== pair (L3-{5,3,5/2}-12 -> L3-{5,3,5/2}-10)  f-vector (120,720,300,50)  |Gamma_a|=7200 |Gamma_b|=7200 [t=120s]
  lambda = |w_b|^2/|w_a|^2 = 5/2  (~2.5)
  candidate even: image tuple (1-based indices in V_b) [ 13, 37, 74, 11 ]  Gram-consistent: false
    (i)   traversal of all p face vertices: true
    (ii)  M*M^T = lambda*I: false
    (iii) det M = 25/4  sign(det M/lambda^2) = +1
    (iv)  vertex set onto vertex set: false
    (v)   edges/faces/cells onto: false/false/false
    (vi)  M^-1 {S1,S2,X_a} M in Gamma_b: [ false, false, false ]   M {S1,S2,X_b} M^-1 in Gamma_a: [ false, false, false ]
    (vii) conjugated triple orientation in Gamma_b: none  (RepresentativeAction and own conjugator search agree: true; exact equality with same triple: false, with mirror triple: false)
    flag image = intended even flag: false   (= intended flag with the other cell: false;  image flag orbit: none)
    => candidate even passes (structure map): false;  represents the even coset: false
    M = [ [ -1/4*E(5)-E(5)^2-E(5)^3-1/4*E(5)^4, 0, -1/4*E(5)+1/4*E(5)^2+1/4*E(5)^3-1/4*E(5)^4, E(5)+1/4*E(5)^2+1/4*E(5)^3+E(5)^4 ], [ 0, -1/4*E(5)-E(5)^2-E(5)^3-1/4*E(5)^4, -E(5)-1/4*E(5)^2-1/4*E(5)^3-E(5)^4, -1/4*E(5)+1/4*E(5)^2+1/4*E(5)^3-1/4*E(5)^4 ], [ -1/4*E(5)+1/4*E(5)^2+1/4*E(5)^3-1/4*E(5)^4, E(5)+1/4*E(5)^2+1/4*E(5)^3+E(5)^4, 7/4*E(5)-1/2*E(5)^2-1/2*E(5)^3+7/4*E(5)^4, -11/2*E(5)-2*E(5)^2-2*E(5)^3-11/2*E(5)^4 ], [ -E(5)-1/4*E(5)^2-1/4*E(5)^3-E(5)^4, -1/4*E(5)+1/4*E(5)^2+1/4*E(5)^3-1/4*E(5)^4, 11/2*E(5)+2*E(5)^2+2*E(5)^3+11/2*E(5)^4, 7/4*E(5)-1/2*E(5)^2-1/2*E(5)^3+7/4*E(5)^4 ] ]
  candidate odd: image tuple (1-based indices in V_b) [ 13, 41, 66, 17 ]  Gram-consistent: false
    (i)   traversal of all p face vertices: true
    (ii)  M*M^T = lambda*I: false
    (iii) det M = 25/4  sign(det M/lambda^2) = +1
    (iv)  vertex set onto vertex set: false
    (v)   edges/faces/cells onto: false/false/false
    (vi)  M^-1 {S1,S2,X_a} M in Gamma_b: [ false, false, false ]   M {S1,S2,X_b} M^-1 in Gamma_a: [ false, false, false ]
    (vii) conjugated triple orientation in Gamma_b: none  (RepresentativeAction and own conjugator search agree: true; exact equality with same triple: false, with mirror triple: false)
    flag image = intended odd flag: false   (= intended flag with the other cell: false;  image flag orbit: none)
    => candidate odd passes (structure map): false;  represents the odd coset: false
    M = [ [ -5/12*E(5)-5/6*E(5)^2-5/6*E(5)^3-5/12*E(5)^4, -2/3*E(5)-1/6*E(5)^2-1/6*E(5)^3-2/3*E(5)^4, 1/4*E(5)+7/12*E(5)^2+7/12*E(5)^3+1/4*E(5)^4, 2/3*E(5)-1/4*E(5)^2-1/4*E(5)^3+2/3*E(5)^4 ], [ -1/6*E(5)-2/3*E(5)^2-2/3*E(5)^3-1/6*E(5)^4, -5/6*E(5)-5/12*E(5)^2-5/12*E(5)^3-5/6*E(5)^4, -7/12*E(5)-1/4*E(5)^2-1/4*E(5)^3-7/12*E(5)^4, -1/4*E(5)+2/3*E(5)^2+2/3*E(5)^3-1/4*E(5)^4 ], [ 13/12*E(5)+7/12*E(5)^2+7/12*E(5)^3+13/12*E(5)^4, 41/12*E(5)+19/12*E(5)^2+19/12*E(5)^3+41/12*E(5)^4, 1/4*E(5)-13/12*E(5)^2-13/12*E(5)^3+1/4*E(5)^4, -59/12*E(5)-7/4*E(5)^2-7/4*E(5)^3-59/12*E(5)^4 ], [ 2/3*E(5)+7/12*E(5)^2+7/12*E(5)^3+2/3*E(5)^4, 47/12*E(5)+2/3*E(5)^2+2/3*E(5)^3+47/12*E(5)^4, 31/12*E(5)+3/4*E(5)^2+3/4*E(5)^3+31/12*E(5)^4, 3*E(5)+1/3*E(5)^2+1/3*E(5)^3+3*E(5)^4 ] ]
  exhaustive Gram-pruned enumeration [t=120s]
    Gram-consistent ordered 4-tuples: 14400   Gamma_b-orbits: 2   full similarities: 0   det signs: [  ]
    orbit rep tuple [ 1, 2, 57, 101 ]: similarity=false det sign=+1 vertices=true edges=false faces=false cells=false conj=[ true, true, true ][ true, true, true ] orientation=none
    orbit rep tuple [ 1, 2, 57, 103 ]: similarity=false det sign=-1 vertices=true edges=false faces=false cells=false conj=[ true, true, true ][ true, true, true ] orientation=none
  [ok]   each Gamma_b-orbit of anchor tuples has size |Gamma_b| (free action)
  [ok]   the recorded orbits partition the enumerated tuple list
  [ok]   direct recomputation of M*M^T and det M for 200 sampled tuples agrees with orbit representatives
  [ok]   exhaustive similarity count 0 = |Gamma_b| * (number of flag-anchored cosets = 0)
  [ok]   number of similarity orbits found exhaustively = number of flag-anchored cosets
  [ok]   candidate even is not Gram-consistent and does not pass
  [ok]   candidate odd is not Gram-consistent and does not pass
  [ok]   det signs of passing candidates = det signs found exhaustively
  => EXHAUSTIVE PROOF: no similarity of E^4 carries realisation L3-{5,3,5/2}-12 onto L3-{5,3,5/2}-10 (no Gram-consistent tuple yields a structure map).

== pair (L3-{5,3,5/2}-13 -> L3-{5,3,5/2}-10)  f-vector (120,720,300,50)  |Gamma_a|=7200 |Gamma_b|=7200 [t=120s]
  lambda = |w_b|^2/|w_a|^2 = 4  (~4.)
  candidate even: image tuple (1-based indices in V_b) [ 13, 37, 74, 11 ]  Gram-consistent: false
    (i)   traversal of all p face vertices: true
    (ii)  M*M^T = lambda*I: false
    (iii) det M = -32*E(5)-80*E(5)^2-80*E(5)^3-32*E(5)^4  sign(det M/lambda^2) = na
    (iv)  vertex set onto vertex set: false
    (v)   edges/faces/cells onto: false/false/false
    (vi)  M^-1 {S1,S2,X_a} M in Gamma_b: [ false, false, false ]   M {S1,S2,X_b} M^-1 in Gamma_a: [ false, false, false ]
    (vii) conjugated triple orientation in Gamma_b: none  (RepresentativeAction and own conjugator search agree: true; exact equality with same triple: false, with mirror triple: false)
    flag image = intended even flag: false   (= intended flag with the other cell: false;  image flag orbit: none)
    => candidate even passes (structure map): false;  represents the even coset: false
    M = [ [ 0, E(5)+2*E(5)^2+2*E(5)^3+E(5)^4, -E(5)^2-E(5)^3, -E(5)-3*E(5)^2-3*E(5)^3-E(5)^4 ], [ -E(5)-2*E(5)^2-2*E(5)^3-E(5)^4, 0, E(5)+3*E(5)^2+3*E(5)^3+E(5)^4, -E(5)^2-E(5)^3 ], [ -E(5)^2-E(5)^3, -E(5)-3*E(5)^2-3*E(5)^3-E(5)^4, -2*E(5)-2*E(5)^4, E(5)+4*E(5)^2+4*E(5)^3+E(5)^4 ], [ E(5)+3*E(5)^2+3*E(5)^3+E(5)^4, -E(5)^2-E(5)^3, -E(5)-4*E(5)^2-4*E(5)^3-E(5)^4, -2*E(5)-2*E(5)^4 ] ]
  candidate odd: image tuple (1-based indices in V_b) [ 13, 41, 66, 17 ]  Gram-consistent: false
    (i)   traversal of all p face vertices: true
    (ii)  M*M^T = lambda*I: false
    (iii) det M = -32*E(5)-80*E(5)^2-80*E(5)^3-32*E(5)^4  sign(det M/lambda^2) = na
    (iv)  vertex set onto vertex set: false
    (v)   edges/faces/cells onto: false/false/false
    (vi)  M^-1 {S1,S2,X_a} M in Gamma_b: [ false, false, false ]   M {S1,S2,X_b} M^-1 in Gamma_a: [ false, false, false ]
    (vii) conjugated triple orientation in Gamma_b: none  (RepresentativeAction and own conjugator search agree: true; exact equality with same triple: false, with mirror triple: false)
    flag image = intended odd flag: false   (= intended flag with the other cell: false;  image flag orbit: none)
    => candidate odd passes (structure map): false;  represents the odd coset: false
    M = [ [ 2/3*E(5)+4/3*E(5)^2+4/3*E(5)^3+2/3*E(5)^4, -1/3*E(5)-4/3*E(5)^2-4/3*E(5)^3-1/3*E(5)^4, -E(5)^2-E(5)^3, -E(5)-3*E(5)^2-3*E(5)^3-E(5)^4 ], [ -1/3*E(5)-4/3*E(5)^2-4/3*E(5)^3-1/3*E(5)^4, -2/3*E(5)-4/3*E(5)^2-4/3*E(5)^3-2/3*E(5)^4, E(5)+3*E(5)^2+3*E(5)^3+E(5)^4, -E(5)^2-E(5)^3 ], [ -4/3*E(5)-3*E(5)^2-3*E(5)^3-4/3*E(5)^4, -E(5)+5/3*E(5)^2+5/3*E(5)^3-E(5)^4, -2/3*E(5)+2/3*E(5)^2+2/3*E(5)^3-2/3*E(5)^4, 1/3*E(5)+10/3*E(5)^2+10/3*E(5)^3+1/3*E(5)^4 ], [ E(5)+5/3*E(5)^2+5/3*E(5)^3+E(5)^4, 4/3*E(5)+E(5)^2+E(5)^3+4/3*E(5)^4, -5/3*E(5)-14/3*E(5)^2-14/3*E(5)^3-5/3*E(5)^4, -4/3*E(5)+4/3*E(5)^2+4/3*E(5)^3-4/3*E(5)^4 ] ]
  exhaustive Gram-pruned enumeration [t=120s]
    Gram-consistent ordered 4-tuples: 14400   Gamma_b-orbits: 2   full similarities: 0   det signs: [  ]
    orbit rep tuple [ 1, 8, 56, 108 ]: similarity=false det sign=-1 vertices=true edges=false faces=false cells=false conj=[ true, true, true ][ true, true, true ] orientation=none
    orbit rep tuple [ 1, 8, 56, 118 ]: similarity=false det sign=+1 vertices=true edges=false faces=false cells=false conj=[ true, true, true ][ true, true, true ] orientation=none
  [ok]   each Gamma_b-orbit of anchor tuples has size |Gamma_b| (free action)
  [ok]   the recorded orbits partition the enumerated tuple list
  [ok]   direct recomputation of M*M^T and det M for 200 sampled tuples agrees with orbit representatives
  [ok]   exhaustive similarity count 0 = |Gamma_b| * (number of flag-anchored cosets = 0)
  [ok]   number of similarity orbits found exhaustively = number of flag-anchored cosets
  [ok]   candidate even is not Gram-consistent and does not pass
  [ok]   candidate odd is not Gram-consistent and does not pass
  [ok]   det signs of passing candidates = det signs found exhaustively
  => EXHAUSTIVE PROOF: no similarity of E^4 carries realisation L3-{5,3,5/2}-13 onto L3-{5,3,5/2}-10 (no Gram-consistent tuple yields a structure map).

== pair (L3-{5,3,5/2}-14 -> L3-{5,3,5/2}-10)  f-vector (120,720,300,50)  |Gamma_a|=7200 |Gamma_b|=7200 [t=120s]
  lambda = |w_b|^2/|w_a|^2 = -3/2*E(5)-3*E(5)^2-3*E(5)^3-3/2*E(5)^4  (~3.927050983124842)
  candidate even: image tuple (1-based indices in V_b) [ 13, 37, 74, 11 ]  Gram-consistent: false
    (i)   traversal of all p face vertices: true
    (ii)  M*M^T = lambda*I: false
    (iii) det M = -117/4*E(5)-153/2*E(5)^2-153/2*E(5)^3-117/4*E(5)^4  sign(det M/lambda^2) = na
    (iv)  vertex set onto vertex set: false
    (v)   edges/faces/cells onto: false/false/false
    (vi)  M^-1 {S1,S2,X_a} M in Gamma_b: [ false, false, false ]   M {S1,S2,X_b} M^-1 in Gamma_a: [ false, false, false ]
    (vii) conjugated triple orientation in Gamma_b: none  (RepresentativeAction and own conjugator search agree: true; exact equality with same triple: false, with mirror triple: false)
    flag image = intended even flag: false   (= intended flag with the other cell: false;  image flag orbit: none)
    => candidate even passes (structure map): false;  represents the even coset: false
    M = [ [ -1/2*E(5)-3/2*E(5)^2-3/2*E(5)^3-1/2*E(5)^4, 3/4*E(5)+7/4*E(5)^2+7/4*E(5)^3+3/4*E(5)^4, 1/4*E(5)+E(5)^2+E(5)^3+1/4*E(5)^4, -E(5)-11/4*E(5)^2-11/4*E(5)^3-E(5)^4 ], [ -3/4*E(5)-7/4*E(5)^2-7/4*E(5)^3-3/4*E(5)^4, -1/2*E(5)-3/2*E(5)^2-3/2*E(5)^3-1/2*E(5)^4, E(5)+11/4*E(5)^2+11/4*E(5)^3+E(5)^4, 1/4*E(5)+E(5)^2+E(5)^3+1/4*E(5)^4 ], [ 1/4*E(5)+E(5)^2+E(5)^3+1/4*E(5)^4, -E(5)-11/4*E(5)^2-11/4*E(5)^3-E(5)^4, -2*E(5)^2-2*E(5)^3, 5/4*E(5)+15/4*E(5)^2+15/4*E(5)^3+5/4*E(5)^4 ], [ E(5)+11/4*E(5)^2+11/4*E(5)^3+E(5)^4, 1/4*E(5)+E(5)^2+E(5)^3+1/4*E(5)^4, -5/4*E(5)-15/4*E(5)^2-15/4*E(5)^3-5/4*E(5)^4, -2*E(5)^2-2*E(5)^3 ] ]
  candidate odd: image tuple (1-based indices in V_b) [ 13, 41, 66, 17 ]  Gram-consistent: false
    (i)   traversal of all p face vertices: true
    (ii)  M*M^T = lambda*I: false
    (iii) det M = -117/4*E(5)-153/2*E(5)^2-153/2*E(5)^3-117/4*E(5)^4  sign(det M/lambda^2) = na
    (iv)  vertex set onto vertex set: false
    (v)   edges/faces/cells onto: false/false/false
    (vi)  M^-1 {S1,S2,X_a} M in Gamma_b: [ false, false, false ]   M {S1,S2,X_b} M^-1 in Gamma_a: [ false, false, false ]
    (vii) conjugated triple orientation in Gamma_b: none  (RepresentativeAction and own conjugator search agree: true; exact equality with same triple: false, with mirror triple: false)
    flag image = intended odd flag: false   (= intended flag with the other cell: false;  image flag orbit: none)
    => candidate odd passes (structure map): false;  represents the odd coset: false
    M = [ [ 0, -3/4*E(5)-3/2*E(5)^2-3/2*E(5)^3-3/4*E(5)^4, 1/2*E(5)+5/4*E(5)^2+5/4*E(5)^3+1/2*E(5)^4, -5/4*E(5)-13/4*E(5)^2-13/4*E(5)^3-5/4*E(5)^4 ], [ -3/4*E(5)-9/4*E(5)^2-9/4*E(5)^3-3/4*E(5)^4, 0, E(5)+11/4*E(5)^2+11/4*E(5)^3+E(5)^4, 1/4*E(5)+E(5)^2+E(5)^3+1/4*E(5)^4 ], [ -1/4*E(5)-E(5)^2-E(5)^3-1/4*E(5)^4, 7/4*E(5)+11/4*E(5)^2+11/4*E(5)^3+7/4*E(5)^4, -1/2*E(5)-9/4*E(5)^2-9/4*E(5)^3-1/2*E(5)^4, 3/2*E(5)+4*E(5)^2+4*E(5)^3+3/2*E(5)^4 ], [ E(5)+11/4*E(5)^2+11/4*E(5)^3+E(5)^4, -1/2*E(5)-5/4*E(5)^2-5/4*E(5)^3-1/2*E(5)^4, -3/2*E(5)-17/4*E(5)^2-17/4*E(5)^3-3/2*E(5)^4, 1/2*E(5)-3/4*E(5)^2-3/4*E(5)^3+1/2*E(5)^4 ] ]
  exhaustive Gram-pruned enumeration [t=120s]
    Gram-consistent ordered 4-tuples: 14400   Gamma_b-orbits: 2   full similarities: 0   det signs: [  ]
    orbit rep tuple [ 1, 8, 56, 108 ]: similarity=false det sign=-1 vertices=true edges=false faces=false cells=false conj=[ true, true, true ][ true, true, true ] orientation=none
    orbit rep tuple [ 1, 8, 56, 118 ]: similarity=false det sign=+1 vertices=true edges=false faces=false cells=false conj=[ true, true, true ][ true, true, true ] orientation=none
  [ok]   each Gamma_b-orbit of anchor tuples has size |Gamma_b| (free action)
  [ok]   the recorded orbits partition the enumerated tuple list
  [ok]   direct recomputation of M*M^T and det M for 200 sampled tuples agrees with orbit representatives
  [ok]   exhaustive similarity count 0 = |Gamma_b| * (number of flag-anchored cosets = 0)
  [ok]   number of similarity orbits found exhaustively = number of flag-anchored cosets
  [ok]   candidate even is not Gram-consistent and does not pass
  [ok]   candidate odd is not Gram-consistent and does not pass
  [ok]   det signs of passing candidates = det signs found exhaustively
  => EXHAUSTIVE PROOF: no similarity of E^4 carries realisation L3-{5,3,5/2}-14 onto L3-{5,3,5/2}-10 (no Gram-consistent tuple yields a structure map).

== pair (L3-{5,3,5/2}-15 -> L3-{5,3,5/2}-10)  f-vector (120,720,300,50)  |Gamma_a|=7200 |Gamma_b|=7200 [t=121s]
  lambda = |w_b|^2/|w_a|^2 = -5/2*E(5)-E(5)^2-E(5)^3-5/2*E(5)^4  (~0.07294901687515809)
  candidate even: image tuple (1-based indices in V_b) [ 13, 37, 74, 11 ]  Gram-consistent: false
    (i)   traversal of all p face vertices: true
    (ii)  M*M^T = lambda*I: false
    (iii) det M = -5/4*E(5)-1/2*E(5)^2-1/2*E(5)^3-5/4*E(5)^4  sign(det M/lambda^2) = na
    (iv)  vertex set onto vertex set: false
    (v)   edges/faces/cells onto: false/false/false
    (vi)  M^-1 {S1,S2,X_a} M in Gamma_b: [ false, false, false ]   M {S1,S2,X_b} M^-1 in Gamma_a: [ false, false, false ]
    (vii) conjugated triple orientation in Gamma_b: none  (RepresentativeAction and own conjugator search agree: true; exact equality with same triple: false, with mirror triple: false)
    flag image = intended even flag: false   (= intended flag with the other cell: false;  image flag orbit: none)
    => candidate even passes (structure map): false;  represents the even coset: false
    M = [ [ 0, 1/4*E(5)-1/4*E(5)^2-1/4*E(5)^3+1/4*E(5)^4, 1/4*E(5)+1/4*E(5)^4, -1/4*E(5)^2-1/4*E(5)^3 ], [ -1/4*E(5)+1/4*E(5)^2+1/4*E(5)^3-1/4*E(5)^4, 0, 1/4*E(5)^2+1/4*E(5)^3, 1/4*E(5)+1/4*E(5)^4 ], [ 1/4*E(5)+1/4*E(5)^4, -1/4*E(5)^2-1/4*E(5)^3, -3/2*E(5)-1/2*E(5)^2-1/2*E(5)^3-3/2*E(5)^4, 1/4 ], [ 1/4*E(5)^2+1/4*E(5)^3, 1/4*E(5)+1/4*E(5)^4, -1/4, -3/2*E(5)-1/2*E(5)^2-1/2*E(5)^3-3/2*E(5)^4 ] ]
  candidate odd: image tuple (1-based indices in V_b) [ 13, 41, 66, 17 ]  Gram-consistent: false
    (i)   traversal of all p face vertices: true
    (ii)  M*M^T = lambda*I: false
    (iii) det M = -5/4*E(5)-1/2*E(5)^2-1/2*E(5)^3-5/4*E(5)^4  sign(det M/lambda^2) = na
    (iv)  vertex set onto vertex set: false
    (v)   edges/faces/cells onto: false/false/false
    (vi)  M^-1 {S1,S2,X_a} M in Gamma_b: [ false, false, false ]   M {S1,S2,X_b} M^-1 in Gamma_a: [ false, false, false ]
    (vii) conjugated triple orientation in Gamma_b: none  (RepresentativeAction and own conjugator search agree: true; exact equality with same triple: false, with mirror triple: false)
    flag image = intended odd flag: false   (= intended flag with the other cell: false;  image flag orbit: none)
    => candidate odd passes (structure map): false;  represents the odd coset: false
    M = [ [ 1/6*E(5)-1/6*E(5)^2-1/6*E(5)^3+1/6*E(5)^4, -1/12*E(5)-1/3*E(5)^2-1/3*E(5)^3-1/12*E(5)^4, 1/3*E(5)-1/12*E(5)^2-1/12*E(5)^3+1/3*E(5)^4, -1/12 ], [ -5/12, -1/6*E(5)-1/3*E(5)^2-1/3*E(5)^3-1/6*E(5)^4, -1/6*E(5)+1/12*E(5)^2+1/12*E(5)^3-1/6*E(5)^4, 5/12*E(5)+1/3*E(5)^2+1/3*E(5)^3+5/12*E(5)^4 ], [ -1/4*E(5)-1/3*E(5)^2-1/3*E(5)^3-1/4*E(5)^4, -17/12*E(5)-3/4*E(5)^2-3/4*E(5)^3-17/12*E(5)^4, -2/3*E(5)-1/4*E(5)^2-1/4*E(5)^3-2/3*E(5)^4, -1/2*E(5)-1/6*E(5)^2-1/6*E(5)^3-1/2*E(5)^4 ], [ 1/3*E(5)+1/4*E(5)^2+1/4*E(5)^3+1/3*E(5)^4, 1/2*E(5)+1/12*E(5)^2+1/12*E(5)^3+1/2*E(5)^4, 1/12*E(5)^2+1/12*E(5)^3, -4/3*E(5)-1/4*E(5)^2-1/4*E(5)^3-4/3*E(5)^4 ] ]
  exhaustive Gram-pruned enumeration [t=121s]
    Gram-consistent ordered 4-tuples: 14400   Gamma_b-orbits: 2   full similarities: 0   det signs: [  ]
    orbit rep tuple [ 1, 14, 4, 10 ]: similarity=false det sign=-1 vertices=true edges=false faces=false cells=false conj=[ true, true, true ][ true, true, true ] orientation=none
    orbit rep tuple [ 1, 14, 4, 67 ]: similarity=false det sign=+1 vertices=true edges=false faces=false cells=false conj=[ true, true, true ][ true, true, true ] orientation=none
  [ok]   each Gamma_b-orbit of anchor tuples has size |Gamma_b| (free action)
  [ok]   the recorded orbits partition the enumerated tuple list
  [ok]   direct recomputation of M*M^T and det M for 200 sampled tuples agrees with orbit representatives
  [ok]   exhaustive similarity count 0 = |Gamma_b| * (number of flag-anchored cosets = 0)
  [ok]   number of similarity orbits found exhaustively = number of flag-anchored cosets
  [ok]   candidate even is not Gram-consistent and does not pass
  [ok]   candidate odd is not Gram-consistent and does not pass
  [ok]   det signs of passing candidates = det signs found exhaustively
  => EXHAUSTIVE PROOF: no similarity of E^4 carries realisation L3-{5,3,5/2}-15 onto L3-{5,3,5/2}-10 (no Gram-consistent tuple yields a structure map).

== pair (L3-{5,3,5/2}-16 -> L3-{5,3,5/2}-10)  f-vector (120,720,300,50)  |Gamma_a|=7200 |Gamma_b|=7200 [t=121s]
  lambda = |w_b|^2/|w_a|^2 = 3/4  (~0.75)
  candidate even: image tuple (1-based indices in V_b) [ 13, 37, 74, 11 ]  Gram-consistent: false
    (i)   traversal of all p face vertices: true
    (ii)  M*M^T = lambda*I: false
    (iii) det M = -9/8*E(5)-45/16*E(5)^2-45/16*E(5)^3-9/8*E(5)^4  sign(det M/lambda^2) = na
    (iv)  vertex set onto vertex set: false
    (v)   edges/faces/cells onto: false/false/false
    (vi)  M^-1 {S1,S2,X_a} M in Gamma_b: [ false, false, false ]   M {S1,S2,X_b} M^-1 in Gamma_a: [ false, false, false ]
    (vii) conjugated triple orientation in Gamma_b: none  (RepresentativeAction and own conjugator search agree: true; exact equality with same triple: false, with mirror triple: false)
    flag image = intended even flag: false   (= intended flag with the other cell: false;  image flag orbit: none)
    => candidate even passes (structure map): false;  represents the even coset: false
    M = [ [ 1/2*E(5)+E(5)^2+E(5)^3+1/2*E(5)^4, -1/4*E(5)-E(5)^2-E(5)^3-1/4*E(5)^4, 1/4*E(5)^2+1/4*E(5)^3, -1/4*E(5)-3/4*E(5)^2-3/4*E(5)^3-1/4*E(5)^4 ], [ 1/4*E(5)+E(5)^2+E(5)^3+1/4*E(5)^4, 1/2*E(5)+E(5)^2+E(5)^3+1/2*E(5)^4, 1/4*E(5)+3/4*E(5)^2+3/4*E(5)^3+1/4*E(5)^4, 1/4*E(5)^2+1/4*E(5)^3 ], [ 1/4*E(5)^2+1/4*E(5)^3, -1/4*E(5)-3/4*E(5)^2-3/4*E(5)^3-1/4*E(5)^4, -1, -1/4*E(5)-1/2*E(5)^2-1/2*E(5)^3-1/4*E(5)^4 ], [ 1/4*E(5)+3/4*E(5)^2+3/4*E(5)^3+1/4*E(5)^4, 1/4*E(5)^2+1/4*E(5)^3, 1/4*E(5)+1/2*E(5)^2+1/2*E(5)^3+1/4*E(5)^4, -1 ] ]
  candidate odd: image tuple (1-based indices in V_b) [ 13, 41, 66, 17 ]  Gram-consistent: false
    (i)   traversal of all p face vertices: true
    (ii)  M*M^T = lambda*I: false
    (iii) det M = -9/8*E(5)-45/16*E(5)^2-45/16*E(5)^3-9/8*E(5)^4  sign(det M/lambda^2) = na
    (iv)  vertex set onto vertex set: false
    (v)   edges/faces/cells onto: false/false/false
    (vi)  M^-1 {S1,S2,X_a} M in Gamma_b: [ false, false, false ]   M {S1,S2,X_b} M^-1 in Gamma_a: [ false, false, false ]
    (vii) conjugated triple orientation in Gamma_b: none  (RepresentativeAction and own conjugator search agree: true; exact equality with same triple: false, with mirror triple: false)
    flag image = intended odd flag: false   (= intended flag with the other cell: false;  image flag orbit: none)
    => candidate odd passes (structure map): false;  represents the odd coset: false
    M = [ [ 0, -3/4*E(5)-3/2*E(5)^2-3/2*E(5)^3-3/4*E(5)^4, -1/4*E(5)^2-1/4*E(5)^3, 1/4*E(5)+3/4*E(5)^2+3/4*E(5)^3+1/4*E(5)^4 ], [ 3/4*E(5)+3/2*E(5)^2+3/2*E(5)^3+3/4*E(5)^4, 0, 1/4*E(5)+3/4*E(5)^2+3/4*E(5)^3+1/4*E(5)^4, 1/4*E(5)^2+1/4*E(5)^3 ], [ -1/4*E(5)^2-1/4*E(5)^3, 1/4*E(5)-3/4*E(5)^2-3/4*E(5)^3+1/4*E(5)^4, -1/2, 1/4*E(5)+1/2*E(5)^2+1/2*E(5)^3+1/4*E(5)^4 ], [ 1/4*E(5)+3/4*E(5)^2+3/4*E(5)^3+1/4*E(5)^4, 1/4*E(5)^2+1/4*E(5)^3, 1/4*E(5)+1/2*E(5)^2+1/2*E(5)^3+1/4*E(5)^4, -1 ] ]
  exhaustive Gram-pruned enumeration [t=121s]
    Gram-consistent ordered 4-tuples: 14400   Gamma_b-orbits: 2   full similarities: 0   det signs: [  ]
    orbit rep tuple [ 1, 14, 4, 10 ]: similarity=false det sign=-1 vertices=true edges=false faces=false cells=false conj=[ true, true, true ][ true, true, true ] orientation=none
    orbit rep tuple [ 1, 14, 4, 67 ]: similarity=false det sign=+1 vertices=true edges=false faces=false cells=false conj=[ true, true, true ][ true, true, true ] orientation=none
  [ok]   each Gamma_b-orbit of anchor tuples has size |Gamma_b| (free action)
  [ok]   the recorded orbits partition the enumerated tuple list
  [ok]   direct recomputation of M*M^T and det M for 200 sampled tuples agrees with orbit representatives
  [ok]   exhaustive similarity count 0 = |Gamma_b| * (number of flag-anchored cosets = 0)
  [ok]   number of similarity orbits found exhaustively = number of flag-anchored cosets
  [ok]   candidate even is not Gram-consistent and does not pass
  [ok]   candidate odd is not Gram-consistent and does not pass
  [ok]   det signs of passing candidates = det signs found exhaustively
  => EXHAUSTIVE PROOF: no similarity of E^4 carries realisation L3-{5,3,5/2}-16 onto L3-{5,3,5/2}-10 (no Gram-consistent tuple yields a structure map).
pair (L3-{3,3,5/2}-1 -> L3-{5,3,5/2}-10): inequivalent: different f-vector (600,1200,120,5) vs (120,720,300,50)
pair (L3-{3,3,5/2}-4 -> L3-{5,3,5/2}-10): inequivalent: different f-vector (600,1200,120,5) vs (120,720,300,50)

#### target b = L3-{5,3,5/2}-11   computing Gram matrix of V_b [t=121s]
  [ok]   Gram diagonal constant = |w_b|^2
pair (L3-{4,3,3}-1 -> L3-{5,3,5/2}-11): inequivalent: different f-vector (16,32,12,4) vs (120,720,300,50)
pair (L3-{4,3,3}-2 -> L3-{5,3,5/2}-11): inequivalent: different f-vector (16,32,12,4) vs (120,720,300,50)
pair (L3-{4,3,3}-3 -> L3-{5,3,5/2}-11): inequivalent: different f-vector (16,32,12,4) vs (120,720,300,50)
pair (L3-{4,3,3}-6 -> L3-{5,3,5/2}-11): inequivalent: different f-vector (16,32,12,4) vs (120,720,300,50)
pair (L3-{5,3,3}-3 -> L3-{5,3,5/2}-11): inequivalent: different f-vector (600,1200,120,5) vs (120,720,300,50)
pair (L3-{5,3,3}-8 -> L3-{5,3,5/2}-11): inequivalent: different f-vector (600,1200,120,5) vs (120,720,300,50)
pair (L3-{5,3,5/2}-1 -> L3-{5,3,5/2}-11): inequivalent: different f-vector (240,480,120,20) vs (120,720,300,50)
pair (L3-{5,3,5/2}-2 -> L3-{5,3,5/2}-11): inequivalent: different f-vector (240,480,120,20) vs (120,720,300,50)
pair (L3-{5,3,5/2}-3 -> L3-{5,3,5/2}-11): inequivalent: different f-vector (240,480,120,20) vs (120,720,300,50)
pair (L3-{5,3,5/2}-4 -> L3-{5,3,5/2}-11): inequivalent: different f-vector (240,480,120,20) vs (120,720,300,50)
pair (L3-{5,3,5/2}-5 -> L3-{5,3,5/2}-11): inequivalent: different f-vector (48,144,48,8) vs (120,720,300,50)
pair (L3-{5,3,5/2}-6 -> L3-{5,3,5/2}-11): inequivalent: different f-vector (48,144,48,8) vs (120,720,300,50)
pair (L3-{5,3,5/2}-7 -> L3-{5,3,5/2}-11): inequivalent: different f-vector (48,144,48,8) vs (120,720,300,50)
pair (L3-{5,3,5/2}-8 -> L3-{5,3,5/2}-11): inequivalent: different f-vector (48,144,48,8) vs (120,720,300,50)

== pair (L3-{5,3,5/2}-9 -> L3-{5,3,5/2}-11)  f-vector (120,720,300,50)  |Gamma_a|=7200 |Gamma_b|=7200 [t=121s]
  lambda = |w_b|^2/|w_a|^2 = 2  (~2.)
  candidate even: image tuple (1-based indices in V_b) [ 114, 22, 79, 23 ]  Gram-consistent: false
    (i)   traversal of all p face vertices: true
    (ii)  M*M^T = lambda*I: false
    (iii) det M = 4  sign(det M/lambda^2) = +1
    (iv)  vertex set onto vertex set: false
    (v)   edges/faces/cells onto: false/false/false
    (vi)  M^-1 {S1,S2,X_a} M in Gamma_b: [ false, false, false ]   M {S1,S2,X_b} M^-1 in Gamma_a: [ false, false, false ]
    (vii) conjugated triple orientation in Gamma_b: none  (RepresentativeAction and own conjugator search agree: true; exact equality with same triple: false, with mirror triple: false)
    flag image = intended even flag: false   (= intended flag with the other cell: false;  image flag orbit: none)
    => candidate even passes (structure map): false;  represents the even coset: false
    M = [ [ -1/2*E(5)-E(5)^2-E(5)^3-1/2*E(5)^4, 0, -1/2, E(5)+1/2*E(5)^2+1/2*E(5)^3+E(5)^4 ], [ 0, -1/2*E(5)-E(5)^2-E(5)^3-1/2*E(5)^4, -E(5)-1/2*E(5)^2-1/2*E(5)^3-E(5)^4, -1/2 ], [ -1/2, E(5)+1/2*E(5)^2+1/2*E(5)^3+E(5)^4, -5/2*E(5)-2*E(5)^2-2*E(5)^3-5/2*E(5)^4, -5*E(5)-2*E(5)^2-2*E(5)^3-5*E(5)^4 ], [ -E(5)-1/2*E(5)^2-1/2*E(5)^3-E(5)^4, -1/2, 5*E(5)+2*E(5)^2+2*E(5)^3+5*E(5)^4, -5/2*E(5)-2*E(5)^2-2*E(5)^3-5/2*E(5)^4 ] ]
  candidate odd: image tuple (1-based indices in V_b) [ 114, 14, 107, 18 ]  Gram-consistent: false
    (i)   traversal of all p face vertices: true
    (ii)  M*M^T = lambda*I: false
    (iii) det M = 4  sign(det M/lambda^2) = +1
    (iv)  vertex set onto vertex set: false
    (v)   edges/faces/cells onto: false/false/false
    (vi)  M^-1 {S1,S2,X_a} M in Gamma_b: [ false, false, false ]   M {S1,S2,X_b} M^-1 in Gamma_a: [ false, false, false ]
    (vii) conjugated triple orientation in Gamma_b: none  (RepresentativeAction and own conjugator search agree: true; exact equality with same triple: false, with mirror triple: false)
    flag image = intended odd flag: false   (= intended flag with the other cell: false;  image flag orbit: none)
    => candidate odd passes (structure map): false;  represents the odd coset: false
    M = [ [ -1/2*E(5)-E(5)^2-E(5)^3-1/2*E(5)^4, 0, -1/2, E(5)+1/2*E(5)^2+1/2*E(5)^3+E(5)^4 ], [ 0, -E(5)-1/2*E(5)^2-1/2*E(5)^3-E(5)^4, 1/2, 1/2*E(5)+E(5)^2+E(5)^3+1/2*E(5)^4 ], [ -1/2, 1/2, 3/2, -11/2*E(5)-5/2*E(5)^2-5/2*E(5)^3-11/2*E(5)^4 ], [ E(5)+1/2*E(5)^2+1/2*E(5)^3+E(5)^4, 9/2*E(5)+E(5)^2+E(5)^3+9/2*E(5)^4, 5/2*E(5)+3/2*E(5)^2+3/2*E(5)^3+5/2*E(5)^4, 1 ] ]
  exhaustive Gram-pruned enumeration [t=121s]
    Gram-consistent ordered 4-tuples: 14400   Gamma_b-orbits: 2   full similarities: 0   det signs: [  ]
    orbit rep tuple [ 1, 7, 24, 51 ]: similarity=false det sign=-1 vertices=true edges=false faces=false cells=false conj=[ true, true, true ][ true, true, true ] orientation=none
    orbit rep tuple [ 1, 7, 24, 116 ]: similarity=false det sign=+1 vertices=true edges=false faces=false cells=false conj=[ true, true, true ][ true, true, true ] orientation=none
  [ok]   each Gamma_b-orbit of anchor tuples has size |Gamma_b| (free action)
  [ok]   the recorded orbits partition the enumerated tuple list
  [ok]   direct recomputation of M*M^T and det M for 200 sampled tuples agrees with orbit representatives
  [ok]   exhaustive similarity count 0 = |Gamma_b| * (number of flag-anchored cosets = 0)
  [ok]   number of similarity orbits found exhaustively = number of flag-anchored cosets
  [ok]   candidate even is not Gram-consistent and does not pass
  [ok]   candidate odd is not Gram-consistent and does not pass
  [ok]   det signs of passing candidates = det signs found exhaustively
  => EXHAUSTIVE PROOF: no similarity of E^4 carries realisation L3-{5,3,5/2}-9 onto L3-{5,3,5/2}-11 (no Gram-consistent tuple yields a structure map).

== pair (L3-{5,3,5/2}-10 -> L3-{5,3,5/2}-11)  f-vector (120,720,300,50)  |Gamma_a|=7200 |Gamma_b|=7200 [t=122s]
  lambda = |w_b|^2/|w_a|^2 = 2/3  (~0.6666666666666666)
  candidate even: image tuple (1-based indices in V_b) [ 114, 22, 79, 23 ]  Gram-consistent: true
    (i)   traversal of all p face vertices: true
    (ii)  M*M^T = lambda*I: true
    (iii) det M = 4/9  sign(det M/lambda^2) = +1
    (iv)  vertex set onto vertex set: true
    (v)   edges/faces/cells onto: true/true/true
    (vi)  M^-1 {S1,S2,X_a} M in Gamma_b: [ true, true, true ]   M {S1,S2,X_b} M^-1 in Gamma_a: [ true, true, true ]
    (vii) conjugated triple orientation in Gamma_b: mirror  (RepresentativeAction and own conjugator search agree: true; exact equality with same triple: false, with mirror triple: false)
    flag image = intended even flag: false   (= intended flag with the other cell: true;  image flag orbit: odd)
    => candidate even passes (structure map): true;  represents the even coset: false
    M = [ [ -1/2*E(5)-1/3*E(5)^2-1/3*E(5)^3-1/2*E(5)^4, -1/3*E(5)-1/3*E(5)^4, -1/6*E(5)-1/2*E(5)^2-1/2*E(5)^3-1/6*E(5)^4, 1/6*E(5)^2+1/6*E(5)^3 ], [ 1/3*E(5)+1/3*E(5)^4, -1/2*E(5)-1/3*E(5)^2-1/3*E(5)^3-1/2*E(5)^4, -1/6*E(5)^2-1/6*E(5)^3, -1/6*E(5)-1/2*E(5)^2-1/2*E(5)^3-1/6*E(5)^4 ], [ -1/6*E(5)-1/2*E(5)^2-1/2*E(5)^3-1/6*E(5)^4, 1/6*E(5)^2+1/6*E(5)^3, -1/2*E(5)-1/2*E(5)^4, 0 ], [ -1/6*E(5)^2-1/6*E(5)^3, -1/6*E(5)-1/2*E(5)^2-1/2*E(5)^3-1/6*E(5)^4, 0, -1/2*E(5)-1/2*E(5)^4 ] ]
  [ok]   orientation test: RepresentativeAction agrees with independent conjugator search
  [ok]   conjugated triple is not simultaneously conjugate to the same and the mirror triple (abstract chirality)
  [ok]   passing even candidate maps the base flag of a to the intended flag of b or to the intended flag with the other cell
  [ok]   image flag orbit is even iff (even candidate and intended flag) or (odd candidate and other cell)
  [ok]   even candidate with odd image orbit: conjugated triple is Gamma_b-conjugate to the mirror triple (S1^-1, S1^2 S2, X_b)
  candidate odd: image tuple (1-based indices in V_b) [ 114, 14, 107, 18 ]  Gram-consistent: true
    (i)   traversal of all p face vertices: true
    (ii)  M*M^T = lambda*I: true
    (iii) det M = 4/9  sign(det M/lambda^2) = +1
    (iv)  vertex set onto vertex set: true
    (v)   edges/faces/cells onto: true/true/true
    (vi)  M^-1 {S1,S2,X_a} M in Gamma_b: [ true, true, true ]   M {S1,S2,X_b} M^-1 in Gamma_a: [ true, true, true ]
    (vii) conjugated triple orientation in Gamma_b: mirror  (RepresentativeAction and own conjugator search agree: true; exact equality with same triple: false, with mirror triple: false)
    flag image = intended odd flag: true   (= intended flag with the other cell: false;  image flag orbit: odd)
    => candidate odd passes (structure map): true;  represents the odd coset: true
    M = [ [ 1/2*E(5)+1/2*E(5)^4, 0, -1/6*E(5)-1/2*E(5)^2-1/2*E(5)^3-1/6*E(5)^4, -1/6*E(5)^2-1/6*E(5)^3 ], [ 0, -1/2*E(5)^2-1/2*E(5)^3, -1/2*E(5)-1/6*E(5)^2-1/6*E(5)^3-1/2*E(5)^4, 1/6*E(5)+1/6*E(5)^4 ], [ -1/6*E(5)-1/2*E(5)^2-1/2*E(5)^3-1/6*E(5)^4, -1/2*E(5)-1/6*E(5)^2-1/6*E(5)^3-1/2*E(5)^4, -1/6*E(5)+1/6*E(5)^2+1/6*E(5)^3-1/6*E(5)^4, 1/6 ], [ -1/6*E(5)^2-1/6*E(5)^3, 1/6*E(5)+1/6*E(5)^4, 1/6, -1/3*E(5)+1/3*E(5)^2+1/3*E(5)^3-1/3*E(5)^4 ] ]
  [ok]   orientation test: RepresentativeAction agrees with independent conjugator search
  [ok]   conjugated triple is not simultaneously conjugate to the same and the mirror triple (abstract chirality)
  [ok]   passing odd candidate maps the base flag of a to the intended flag of b or to the intended flag with the other cell
  [ok]   image flag orbit is even iff (even candidate and intended flag) or (odd candidate and other cell)
  [ok]   odd candidate with odd image orbit: conjugated triple is Gamma_b-conjugate to the mirror triple (S1^-1, S1^2 S2, X_b)
  [ok]   both candidates pass but only one hits its intended flag: M_even^-1 M_odd lies in Gamma_b (same coset)
  [ok]   at least one of the two passing candidates hits its intended flag
  exhaustive Gram-pruned enumeration [t=122s]
    Gram-consistent ordered 4-tuples: 14400   Gamma_b-orbits: 2   full similarities: 7200   det signs: [ "+1" ]
    orbit rep tuple [ 1, 14, 52, 4 ]: similarity=true det sign=+1 vertices=true edges=true faces=true cells=true conj=[ true, true, true ][ true, true, true ] orientation=mirror
    orbit rep tuple [ 1, 14, 52, 65 ]: similarity=false det sign=-1 vertices=true edges=true faces=false cells=false conj=[ true, true, true ][ true, true, true ] orientation=none
  [ok]   each Gamma_b-orbit of anchor tuples has size |Gamma_b| (free action)
  [ok]   the recorded orbits partition the enumerated tuple list
  [ok]   direct recomputation of M*M^T and det M for 200 sampled tuples agrees with orbit representatives
  [ok]   exhaustive similarity count 7200 = |Gamma_b| * (number of flag-anchored cosets = 1)
  [ok]   number of similarity orbits found exhaustively = number of flag-anchored cosets
  [ok]   candidate even tuple is enumerated and its orbit verdict matches the candidate verdict
  [ok]   candidate odd tuple is enumerated and its orbit verdict matches the candidate verdict
  [ok]   det signs of passing candidates = det signs found exhaustively
  => 7200 similarities L3-{5,3,5/2}-10 -> L3-{5,3,5/2}-11 (1 Gamma_b-coset(s)), lambda = 2/3, det signs [ "+1" ]

== pair (L3-{5,3,5/2}-11 -> L3-{5,3,5/2}-11)  f-vector (120,720,300,50)  |Gamma_a|=7200 |Gamma_b|=7200 [t=122s]
  lambda = |w_b|^2/|w_a|^2 = 1  (~1.)
  candidate even: image tuple (1-based indices in V_b) [ 114, 22, 79, 23 ]  Gram-consistent: true
    (i)   traversal of all p face vertices: true
    (ii)  M*M^T = lambda*I: true
    (iii) det M = 1  sign(det M/lambda^2) = +1
    (iv)  vertex set onto vertex set: true
    (v)   edges/faces/cells onto: true/true/true
    (vi)  M^-1 {S1,S2,X_a} M in Gamma_b: [ true, true, true ]   M {S1,S2,X_b} M^-1 in Gamma_a: [ true, true, true ]
    (vii) conjugated triple orientation in Gamma_b: same  (RepresentativeAction and own conjugator search agree: true; exact equality with same triple: true, with mirror triple: false)
    flag image = intended even flag: true   (= intended flag with the other cell: false;  image flag orbit: even)
    => candidate even passes (structure map): true;  represents the even coset: true
    M = [ [ 1, 0, 0, 0 ], [ 0, 1, 0, 0 ], [ 0, 0, 1, 0 ], [ 0, 0, 0, 1 ] ]
  [ok]   orientation test: RepresentativeAction agrees with independent conjugator search
  [ok]   conjugated triple is not simultaneously conjugate to the same and the mirror triple (abstract chirality)
  [ok]   passing even candidate maps the base flag of a to the intended flag of b or to the intended flag with the other cell
  [ok]   image flag orbit is even iff (even candidate and intended flag) or (odd candidate and other cell)
  [ok]   even candidate with even image orbit: conjugated triple is Gamma_b-conjugate to (S1,S2,X_b)
  [ok]   even candidate hitting the base flag: conjugated triple equals (S1,S2,X_b) exactly (free flag action)
  candidate odd: image tuple (1-based indices in V_b) [ 114, 14, 107, 18 ]  Gram-consistent: true
    (i)   traversal of all p face vertices: true
    (ii)  M*M^T = lambda*I: true
    (iii) det M = 1  sign(det M/lambda^2) = +1
    (iv)  vertex set onto vertex set: true
    (v)   edges/faces/cells onto: true/true/true
    (vi)  M^-1 {S1,S2,X_a} M in Gamma_b: [ true, true, true ]   M {S1,S2,X_b} M^-1 in Gamma_a: [ true, true, true ]
    (vii) conjugated triple orientation in Gamma_b: same  (RepresentativeAction and own conjugator search agree: true; exact equality with same triple: false, with mirror triple: false)
    flag image = intended odd flag: false   (= intended flag with the other cell: true;  image flag orbit: even)
    => candidate odd passes (structure map): true;  represents the odd coset: false
    M = [ [ 1/4*E(5)-1/2*E(5)^2-1/2*E(5)^3+1/4*E(5)^4, 1/4, 1/2*E(5)+1/4*E(5)^2+1/4*E(5)^3+1/2*E(5)^4, 0 ], [ 1/2*E(5)+1/4*E(5)^2+1/4*E(5)^3+1/2*E(5)^4, -1/4*E(5)^2-1/4*E(5)^3, -1/2*E(5)-1/4*E(5)^2-1/4*E(5)^3-1/2*E(5)^4, 1/2*E(5)+3/4*E(5)^2+3/4*E(5)^3+1/2*E(5)^4 ], [ 0, -3/4*E(5)-1/2*E(5)^2-1/2*E(5)^3-3/4*E(5)^4, -1/2*E(5)-3/4*E(5)^2-3/4*E(5)^3-1/2*E(5)^4, 1/4 ], [ -1/4, -1/2*E(5)^2-1/2*E(5)^3, 1/4*E(5)^2+1/4*E(5)^3, -3/4*E(5)-1/2*E(5)^2-1/2*E(5)^3-3/4*E(5)^4 ] ]
  [ok]   orientation test: RepresentativeAction agrees with independent conjugator search
  [ok]   conjugated triple is not simultaneously conjugate to the same and the mirror triple (abstract chirality)
  [ok]   passing odd candidate maps the base flag of a to the intended flag of b or to the intended flag with the other cell
  [ok]   image flag orbit is even iff (even candidate and intended flag) or (odd candidate and other cell)
  [ok]   odd candidate with even image orbit: conjugated triple is Gamma_b-conjugate to (S1,S2,X_b)
  [ok]   both candidates pass but only one hits its intended flag: M_even^-1 M_odd lies in Gamma_b (same coset)
  [ok]   at least one of the two passing candidates hits its intended flag
  a = b: the odd candidate passes but maps the base flag to (Phi^2)^3 (even orbit): it is an element of Gamma, not an extra symmetry; no similarity maps the base flag to its 2-adjacent flag: geometrically chiral (symmetry group = Gamma)
  [ok]   a = b: the even candidate (identity) passes and fixes the base flag
  [ok]   a = b: the even candidate matrix is the identity
  exhaustive Gram-pruned enumeration [t=122s]
    Gram-consistent ordered 4-tuples: 14400   Gamma_b-orbits: 2   full similarities: 7200   det signs: [ "+1" ]
    orbit rep tuple [ 1, 14, 52, 4 ]: similarity=true det sign=+1 vertices=true edges=true faces=true cells=true conj=[ true, true, true ][ true, true, true ] orientation=same
    orbit rep tuple [ 1, 14, 52, 65 ]: similarity=false det sign=-1 vertices=true edges=true faces=false cells=false conj=[ true, true, true ][ true, true, true ] orientation=none
  [ok]   each Gamma_b-orbit of anchor tuples has size |Gamma_b| (free action)
  [ok]   the recorded orbits partition the enumerated tuple list
  [ok]   direct recomputation of M*M^T and det M for 200 sampled tuples agrees with orbit representatives
  [ok]   exhaustive similarity count 7200 = |Gamma_b| * (number of flag-anchored cosets = 1)
  [ok]   number of similarity orbits found exhaustively = number of flag-anchored cosets
  [ok]   candidate even tuple is enumerated and its orbit verdict matches the candidate verdict
  [ok]   candidate odd tuple is enumerated and its orbit verdict matches the candidate verdict
  [ok]   det signs of passing candidates = det signs found exhaustively
  => 7200 similarities L3-{5,3,5/2}-11 -> L3-{5,3,5/2}-11 (1 Gamma_b-coset(s)), lambda = 1, det signs [ "+1" ]

== pair (L3-{5,3,5/2}-12 -> L3-{5,3,5/2}-11)  f-vector (120,720,300,50)  |Gamma_a|=7200 |Gamma_b|=7200 [t=122s]
  lambda = |w_b|^2/|w_a|^2 = 5/3  (~1.666666666666667)
  candidate even: image tuple (1-based indices in V_b) [ 114, 22, 79, 23 ]  Gram-consistent: false
    (i)   traversal of all p face vertices: true
    (ii)  M*M^T = lambda*I: false
    (iii) det M = 25/9  sign(det M/lambda^2) = +1
    (iv)  vertex set onto vertex set: false
    (v)   edges/faces/cells onto: false/false/false
    (vi)  M^-1 {S1,S2,X_a} M in Gamma_b: [ false, false, false ]   M {S1,S2,X_b} M^-1 in Gamma_a: [ false, false, false ]
    (vii) conjugated triple orientation in Gamma_b: none  (RepresentativeAction and own conjugator search agree: true; exact equality with same triple: false, with mirror triple: false)
    flag image = intended even flag: false   (= intended flag with the other cell: false;  image flag orbit: none)
    => candidate even passes (structure map): false;  represents the even coset: false
    M = [ [ 0, 0, -2/3*E(5)-E(5)^2-E(5)^3-2/3*E(5)^4, E(5)+2/3*E(5)^2+2/3*E(5)^3+E(5)^4 ], [ 0, 0, -E(5)-2/3*E(5)^2-2/3*E(5)^3-E(5)^4, -2/3*E(5)-E(5)^2-E(5)^3-2/3*E(5)^4 ], [ -2/3*E(5)-E(5)^2-E(5)^3-2/3*E(5)^4, E(5)+2/3*E(5)^2+2/3*E(5)^3+E(5)^4, 2*E(5)+4/3*E(5)^2+4/3*E(5)^3+2*E(5)^4, -14/3*E(5)-2*E(5)^2-2*E(5)^3-14/3*E(5)^4 ], [ -E(5)-2/3*E(5)^2-2/3*E(5)^3-E(5)^4, -2/3*E(5)-E(5)^2-E(5)^3-2/3*E(5)^4, 14/3*E(5)+2*E(5)^2+2*E(5)^3+14/3*E(5)^4, 2*E(5)+4/3*E(5)^2+4/3*E(5)^3+2*E(5)^4 ] ]
  candidate odd: image tuple (1-based indices in V_b) [ 114, 14, 107, 18 ]  Gram-consistent: false
    (i)   traversal of all p face vertices: true
    (ii)  M*M^T = lambda*I: false
    (iii) det M = 25/9  sign(det M/lambda^2) = +1
    (iv)  vertex set onto vertex set: false
    (v)   edges/faces/cells onto: false/false/false
    (vi)  M^-1 {S1,S2,X_a} M in Gamma_b: [ false, false, false ]   M {S1,S2,X_b} M^-1 in Gamma_a: [ false, false, false ]
    (vii) conjugated triple orientation in Gamma_b: none  (RepresentativeAction and own conjugator search agree: true; exact equality with same triple: false, with mirror triple: false)
    flag image = intended odd flag: false   (= intended flag with the other cell: false;  image flag orbit: none)
    => candidate odd passes (structure map): false;  represents the odd coset: false
    M = [ [ -1/4*E(5)-1/6*E(5)^2-1/6*E(5)^3-1/4*E(5)^4, -7/12*E(5)-1/4*E(5)^2-1/4*E(5)^3-7/12*E(5)^4, -1/3*E(5)-11/12*E(5)^2-11/12*E(5)^3-1/3*E(5)^4, 2/3*E(5)+1/6*E(5)^2+1/6*E(5)^3+2/3*E(5)^4 ], [ 1/6*E(5)+1/4*E(5)^2+1/4*E(5)^3+1/6*E(5)^4, -E(5)-13/12*E(5)^2-13/12*E(5)^3-E(5)^4, -1/3*E(5)-1/12*E(5)^2-1/12*E(5)^3-1/3*E(5)^4, -2/3*E(5)-7/12*E(5)^2-7/12*E(5)^3-2/3*E(5)^4 ], [ 1/2*E(5)-1/2*E(5)^2-1/2*E(5)^3+1/2*E(5)^4, 11/4*E(5)+E(5)^2+E(5)^3+11/4*E(5)^4, E(5)+13/12*E(5)^2+13/12*E(5)^3+E(5)^4, -49/12*E(5)-7/4*E(5)^2-7/4*E(5)^3-49/12*E(5)^4 ], [ 1/4*E(5)-1/4*E(5)^2-1/4*E(5)^3+1/4*E(5)^4, 7/2*E(5)+3/2*E(5)^2+3/2*E(5)^3+7/2*E(5)^4, 13/6*E(5)+3/4*E(5)^2+3/4*E(5)^3+13/6*E(5)^4, 13/4*E(5)+13/6*E(5)^2+13/6*E(5)^3+13/4*E(5)^4 ] ]
  exhaustive Gram-pruned enumeration [t=122s]
    Gram-consistent ordered 4-tuples: 14400   Gamma_b-orbits: 2   full similarities: 0   det signs: [  ]
    orbit rep tuple [ 1, 7, 24, 51 ]: similarity=false det sign=-1 vertices=true edges=false faces=false cells=false conj=[ true, true, true ][ true, true, true ] orientation=none
    orbit rep tuple [ 1, 7, 24, 116 ]: similarity=false det sign=+1 vertices=true edges=false faces=false cells=false conj=[ true, true, true ][ true, true, true ] orientation=none
  [ok]   each Gamma_b-orbit of anchor tuples has size |Gamma_b| (free action)
  [ok]   the recorded orbits partition the enumerated tuple list
  [ok]   direct recomputation of M*M^T and det M for 200 sampled tuples agrees with orbit representatives
  [ok]   exhaustive similarity count 0 = |Gamma_b| * (number of flag-anchored cosets = 0)
  [ok]   number of similarity orbits found exhaustively = number of flag-anchored cosets
  [ok]   candidate even is not Gram-consistent and does not pass
  [ok]   candidate odd is not Gram-consistent and does not pass
  [ok]   det signs of passing candidates = det signs found exhaustively
  => EXHAUSTIVE PROOF: no similarity of E^4 carries realisation L3-{5,3,5/2}-12 onto L3-{5,3,5/2}-11 (no Gram-consistent tuple yields a structure map).

== pair (L3-{5,3,5/2}-13 -> L3-{5,3,5/2}-11)  f-vector (120,720,300,50)  |Gamma_a|=7200 |Gamma_b|=7200 [t=123s]
  lambda = |w_b|^2/|w_a|^2 = 8/3  (~2.666666666666667)
  candidate even: image tuple (1-based indices in V_b) [ 114, 22, 79, 23 ]  Gram-consistent: false
    (i)   traversal of all p face vertices: true
    (ii)  M*M^T = lambda*I: false
    (iii) det M = -128/9*E(5)-320/9*E(5)^2-320/9*E(5)^3-128/9*E(5)^4  sign(det M/lambda^2) = na
    (iv)  vertex set onto vertex set: false
    (v)   edges/faces/cells onto: false/false/false
    (vi)  M^-1 {S1,S2,X_a} M in Gamma_b: [ false, false, false ]   M {S1,S2,X_b} M^-1 in Gamma_a: [ false, false, false ]
    (vii) conjugated triple orientation in Gamma_b: none  (RepresentativeAction and own conjugator search agree: true; exact equality with same triple: false, with mirror triple: false)
    flag image = intended even flag: false   (= intended flag with the other cell: false;  image flag orbit: none)
    => candidate even passes (structure map): false;  represents the even coset: false
    M = [ [ -2/3*E(5)-4/3*E(5)^2-4/3*E(5)^3-2/3*E(5)^4, -1/3*E(5)-4/3*E(5)^2-4/3*E(5)^3-1/3*E(5)^4, 2/3*E(5)+E(5)^2+E(5)^3+2/3*E(5)^4, E(5)+7/3*E(5)^2+7/3*E(5)^3+E(5)^4 ], [ 1/3*E(5)+4/3*E(5)^2+4/3*E(5)^3+1/3*E(5)^4, -2/3*E(5)-4/3*E(5)^2-4/3*E(5)^3-2/3*E(5)^4, -E(5)-7/3*E(5)^2-7/3*E(5)^3-E(5)^4, 2/3*E(5)+E(5)^2+E(5)^3+2/3*E(5)^4 ], [ 2/3*E(5)+E(5)^2+E(5)^3+2/3*E(5)^4, E(5)+7/3*E(5)^2+7/3*E(5)^3+E(5)^4, 8/3, -5/3*E(5)-10/3*E(5)^2-10/3*E(5)^3-5/3*E(5)^4 ], [ -E(5)-7/3*E(5)^2-7/3*E(5)^3-E(5)^4, 2/3*E(5)+E(5)^2+E(5)^3+2/3*E(5)^4, 5/3*E(5)+10/3*E(5)^2+10/3*E(5)^3+5/3*E(5)^4, 8/3 ] ]
  candidate odd: image tuple (1-based indices in V_b) [ 114, 14, 107, 18 ]  Gram-consistent: false
    (i)   traversal of all p face vertices: true
    (ii)  M*M^T = lambda*I: false
    (iii) det M = -128/9*E(5)-320/9*E(5)^2-320/9*E(5)^3-128/9*E(5)^4  sign(det M/lambda^2) = na
    (iv)  vertex set onto vertex set: false
    (v)   edges/faces/cells onto: false/false/false
    (vi)  M^-1 {S1,S2,X_a} M in Gamma_b: [ false, false, false ]   M {S1,S2,X_b} M^-1 in Gamma_a: [ false, false, false ]
    (vii) conjugated triple orientation in Gamma_b: none  (RepresentativeAction and own conjugator search agree: true; exact equality with same triple: false, with mirror triple: false)
    flag image = intended odd flag: false   (= intended flag with the other cell: false;  image flag orbit: none)
    => candidate odd passes (structure map): false;  represents the odd coset: false
    M = [ [ -2/3*E(5)-5/3*E(5)^2-5/3*E(5)^3-2/3*E(5)^4, 2/3*E(5)+4/3*E(5)^2+4/3*E(5)^3+2/3*E(5)^4, 1/3*E(5)+1/3*E(5)^4, E(5)+7/3*E(5)^2+7/3*E(5)^3+E(5)^4 ], [ 2/3*E(5)+4/3*E(5)^2+4/3*E(5)^3+2/3*E(5)^4, 1/3, -E(5)-8/3*E(5)^2-8/3*E(5)^3-E(5)^4, 2/3*E(5)+E(5)^2+E(5)^3+2/3*E(5)^4 ], [ 1/3*E(5)+4/3*E(5)^2+4/3*E(5)^3+1/3*E(5)^4, -7/3*E(5)-8/3*E(5)^2-8/3*E(5)^3-7/3*E(5)^4, -E(5)-2/3*E(5)^2-2/3*E(5)^3-E(5)^4, -7/3*E(5)-4*E(5)^2-4*E(5)^3-7/3*E(5)^4 ], [ -1/3*E(5)-5/3*E(5)^2-5/3*E(5)^3-1/3*E(5)^4, 2/3*E(5)-1/3*E(5)^2-1/3*E(5)^3+2/3*E(5)^4, 5/3*E(5)+4*E(5)^2+4*E(5)^3+5/3*E(5)^4, -2*E(5)-4/3*E(5)^2-4/3*E(5)^3-2*E(5)^4 ] ]
  exhaustive Gram-pruned enumeration [t=123s]
    Gram-consistent ordered 4-tuples: 14400   Gamma_b-orbits: 2   full similarities: 0   det signs: [  ]
    orbit rep tuple [ 1, 2, 21, 11 ]: similarity=false det sign=+1 vertices=true edges=false faces=false cells=false conj=[ true, true, true ][ true, true, true ] orientation=none
    orbit rep tuple [ 1, 2, 21, 79 ]: similarity=false det sign=-1 vertices=true edges=false faces=false cells=false conj=[ true, true, true ][ true, true, true ] orientation=none
  [ok]   each Gamma_b-orbit of anchor tuples has size |Gamma_b| (free action)
  [ok]   the recorded orbits partition the enumerated tuple list
  [ok]   direct recomputation of M*M^T and det M for 200 sampled tuples agrees with orbit representatives
  [ok]   exhaustive similarity count 0 = |Gamma_b| * (number of flag-anchored cosets = 0)
  [ok]   number of similarity orbits found exhaustively = number of flag-anchored cosets
  [ok]   candidate even is not Gram-consistent and does not pass
  [ok]   candidate odd is not Gram-consistent and does not pass
  [ok]   det signs of passing candidates = det signs found exhaustively
  => EXHAUSTIVE PROOF: no similarity of E^4 carries realisation L3-{5,3,5/2}-13 onto L3-{5,3,5/2}-11 (no Gram-consistent tuple yields a structure map).

== pair (L3-{5,3,5/2}-14 -> L3-{5,3,5/2}-11)  f-vector (120,720,300,50)  |Gamma_a|=7200 |Gamma_b|=7200 [t=123s]
  lambda = |w_b|^2/|w_a|^2 = -E(5)-2*E(5)^2-2*E(5)^3-E(5)^4  (~2.618033988749895)
  candidate even: image tuple (1-based indices in V_b) [ 114, 22, 79, 23 ]  Gram-consistent: false
    (i)   traversal of all p face vertices: true
    (ii)  M*M^T = lambda*I: false
    (iii) det M = -13*E(5)-34*E(5)^2-34*E(5)^3-13*E(5)^4  sign(det M/lambda^2) = na
    (iv)  vertex set onto vertex set: false
    (v)   edges/faces/cells onto: false/false/false
    (vi)  M^-1 {S1,S2,X_a} M in Gamma_b: [ false, false, false ]   M {S1,S2,X_b} M^-1 in Gamma_a: [ false, false, false ]
    (vii) conjugated triple orientation in Gamma_b: none  (RepresentativeAction and own conjugator search agree: true; exact equality with same triple: false, with mirror triple: false)
    flag image = intended even flag: false   (= intended flag with the other cell: false;  image flag orbit: none)
    => candidate even passes (structure map): false;  represents the even coset: false
    M = [ [ 0, -1/2*E(5)-3/2*E(5)^2-3/2*E(5)^3-1/2*E(5)^4, -1/2*E(5)-E(5)^2-E(5)^3-1/2*E(5)^4, E(5)+5/2*E(5)^2+5/2*E(5)^3+E(5)^4 ], [ 1/2*E(5)+3/2*E(5)^2+3/2*E(5)^3+1/2*E(5)^4, 0, -E(5)-5/2*E(5)^2-5/2*E(5)^3-E(5)^4, -1/2*E(5)-E(5)^2-E(5)^3-1/2*E(5)^4 ], [ -1/2*E(5)-E(5)^2-E(5)^3-1/2*E(5)^4, E(5)+5/2*E(5)^2+5/2*E(5)^3+E(5)^4, -1, -3/2*E(5)-7/2*E(5)^2-7/2*E(5)^3-3/2*E(5)^4 ], [ -E(5)-5/2*E(5)^2-5/2*E(5)^3-E(5)^4, -1/2*E(5)-E(5)^2-E(5)^3-1/2*E(5)^4, 3/2*E(5)+7/2*E(5)^2+7/2*E(5)^3+3/2*E(5)^4, -1 ] ]
  candidate odd: image tuple (1-based indices in V_b) [ 114, 14, 107, 18 ]  Gram-consistent: false
    (i)   traversal of all p face vertices: true
    (ii)  M*M^T = lambda*I: false
    (iii) det M = -13*E(5)-34*E(5)^2-34*E(5)^3-13*E(5)^4  sign(det M/lambda^2) = na
    (iv)  vertex set onto vertex set: false
    (v)   edges/faces/cells onto: false/false/false
    (vi)  M^-1 {S1,S2,X_a} M in Gamma_b: [ false, false, false ]   M {S1,S2,X_b} M^-1 in Gamma_a: [ false, false, false ]
    (vii) conjugated triple orientation in Gamma_b: none  (RepresentativeAction and own conjugator search agree: true; exact equality with same triple: false, with mirror triple: false)
    flag image = intended odd flag: false   (= intended flag with the other cell: false;  image flag orbit: none)
    => candidate odd passes (structure map): false;  represents the odd coset: false
    M = [ [ -1/4*E(5)-1/2*E(5)^2-1/2*E(5)^3-1/4*E(5)^4, 1/4*E(5)+E(5)^2+E(5)^3+1/4*E(5)^4, -3/4*E(5)-2*E(5)^2-2*E(5)^3-3/4*E(5)^4, 3/4*E(5)+2*E(5)^2+2*E(5)^3+3/4*E(5)^4 ], [ 3/4*E(5)+7/4*E(5)^2+7/4*E(5)^3+3/4*E(5)^4, -1/2*E(5)-5/4*E(5)^2-5/4*E(5)^3-1/2*E(5)^4, -3/4*E(5)-2*E(5)^2-2*E(5)^3-3/4*E(5)^4, -1/2*E(5)-E(5)^2-E(5)^3-1/2*E(5)^4 ], [ -1/4*E(5)^2-1/4*E(5)^3, -3/2*E(5)^2-3/2*E(5)^3, 5/4*E(5)+5/2*E(5)^2+5/2*E(5)^3+5/4*E(5)^4, -5/4*E(5)-13/4*E(5)^2-13/4*E(5)^3-5/4*E(5)^4 ], [ -E(5)-5/2*E(5)^2-5/2*E(5)^3-E(5)^4, 1/4*E(5)+3/4*E(5)^2+3/4*E(5)^3+1/4*E(5)^4, 5/4*E(5)+3*E(5)^2+3*E(5)^3+5/4*E(5)^4, 3/2*E(5)+9/4*E(5)^2+9/4*E(5)^3+3/2*E(5)^4 ] ]
  exhaustive Gram-pruned enumeration [t=123s]
    Gram-consistent ordered 4-tuples: 14400   Gamma_b-orbits: 2   full similarities: 0   det signs: [  ]
    orbit rep tuple [ 1, 2, 21, 11 ]: similarity=false det sign=+1 vertices=true edges=false faces=false cells=false conj=[ true, true, true ][ true, true, true ] orientation=none
    orbit rep tuple [ 1, 2, 21, 79 ]: similarity=false det sign=-1 vertices=true edges=false faces=false cells=false conj=[ true, true, true ][ true, true, true ] orientation=none
  [ok]   each Gamma_b-orbit of anchor tuples has size |Gamma_b| (free action)
  [ok]   the recorded orbits partition the enumerated tuple list
  [ok]   direct recomputation of M*M^T and det M for 200 sampled tuples agrees with orbit representatives
  [ok]   exhaustive similarity count 0 = |Gamma_b| * (number of flag-anchored cosets = 0)
  [ok]   number of similarity orbits found exhaustively = number of flag-anchored cosets
  [ok]   candidate even is not Gram-consistent and does not pass
  [ok]   candidate odd is not Gram-consistent and does not pass
  [ok]   det signs of passing candidates = det signs found exhaustively
  => EXHAUSTIVE PROOF: no similarity of E^4 carries realisation L3-{5,3,5/2}-14 onto L3-{5,3,5/2}-11 (no Gram-consistent tuple yields a structure map).

== pair (L3-{5,3,5/2}-15 -> L3-{5,3,5/2}-11)  f-vector (120,720,300,50)  |Gamma_a|=7200 |Gamma_b|=7200 [t=124s]
  lambda = |w_b|^2/|w_a|^2 = -5/3*E(5)-2/3*E(5)^2-2/3*E(5)^3-5/3*E(5)^4  (~0.04863267791677206)
  candidate even: image tuple (1-based indices in V_b) [ 114, 22, 79, 23 ]  Gram-consistent: false
    (i)   traversal of all p face vertices: true
    (ii)  M*M^T = lambda*I: false
    (iii) det M = -5/9*E(5)-2/9*E(5)^2-2/9*E(5)^3-5/9*E(5)^4  sign(det M/lambda^2) = na
    (iv)  vertex set onto vertex set: false
    (v)   edges/faces/cells onto: false/false/false
    (vi)  M^-1 {S1,S2,X_a} M in Gamma_b: [ false, false, false ]   M {S1,S2,X_b} M^-1 in Gamma_a: [ false, false, false ]
    (vii) conjugated triple orientation in Gamma_b: none  (RepresentativeAction and own conjugator search agree: true; exact equality with same triple: false, with mirror triple: false)
    flag image = intended even flag: false   (= intended flag with the other cell: false;  image flag orbit: none)
    => candidate even passes (structure map): false;  represents the even coset: false
    M = [ [ 1/3, 1/6*E(5)-1/6*E(5)^2-1/6*E(5)^3+1/6*E(5)^4, 1/6*E(5)+1/6*E(5)^4, -1/6*E(5)^2-1/6*E(5)^3 ], [ -1/6*E(5)+1/6*E(5)^2+1/6*E(5)^3-1/6*E(5)^4, 1/3, 1/6*E(5)^2+1/6*E(5)^3, 1/6*E(5)+1/6*E(5)^4 ], [ 1/6*E(5)+1/6*E(5)^4, -1/6*E(5)^2-1/6*E(5)^3, -4/3*E(5)-2/3*E(5)^2-2/3*E(5)^3-4/3*E(5)^4, 1/6 ], [ 1/6*E(5)^2+1/6*E(5)^3, 1/6*E(5)+1/6*E(5)^4, -1/6, -4/3*E(5)-2/3*E(5)^2-2/3*E(5)^3-4/3*E(5)^4 ] ]
  candidate odd: image tuple (1-based indices in V_b) [ 114, 14, 107, 18 ]  Gram-consistent: false
    (i)   traversal of all p face vertices: true
    (ii)  M*M^T = lambda*I: false
    (iii) det M = -5/9*E(5)-2/9*E(5)^2-2/9*E(5)^3-5/9*E(5)^4  sign(det M/lambda^2) = na
    (iv)  vertex set onto vertex set: false
    (v)   edges/faces/cells onto: false/false/false
    (vi)  M^-1 {S1,S2,X_a} M in Gamma_b: [ false, false, false ]   M {S1,S2,X_b} M^-1 in Gamma_a: [ false, false, false ]
    (vii) conjugated triple orientation in Gamma_b: none  (RepresentativeAction and own conjugator search agree: true; exact equality with same triple: false, with mirror triple: false)
    flag image = intended odd flag: false   (= intended flag with the other cell: false;  image flag orbit: none)
    => candidate odd passes (structure map): false;  represents the odd coset: false
    M = [ [ -1/12*E(5)-1/6*E(5)^2-1/6*E(5)^3-1/12*E(5)^4, -1/12*E(5)-1/3*E(5)^2-1/3*E(5)^3-1/12*E(5)^4, 5/12*E(5)+1/6*E(5)^2+1/6*E(5)^3+5/12*E(5)^4, 1/12*E(5)+1/6*E(5)^2+1/6*E(5)^3+1/12*E(5)^4 ], [ -5/12, -1/6*E(5)-1/12*E(5)^2-1/12*E(5)^3-1/6*E(5)^4, 1/12*E(5)+1/6*E(5)^2+1/6*E(5)^3+1/12*E(5)^4, -1/3 ], [ -1/6*E(5)-1/12*E(5)^2-1/12*E(5)^3-1/6*E(5)^4, -7/6*E(5)-2/3*E(5)^2-2/3*E(5)^3-7/6*E(5)^4, -7/12*E(5)-1/3*E(5)^2-1/3*E(5)^3-7/12*E(5)^4, -5/12*E(5)-1/12*E(5)^2-1/12*E(5)^3-5/12*E(5)^4 ], [ -1/3, 5/12*E(5)+1/12*E(5)^2+1/12*E(5)^3+5/12*E(5)^4, 1/12*E(5)+1/6*E(5)^2+1/6*E(5)^3+1/12*E(5)^4, -7/6*E(5)-5/12*E(5)^2-5/12*E(5)^3-7/6*E(5)^4 ] ]
  exhaustive Gram-pruned enumeration [t=124s]
    Gram-consistent ordered 4-tuples: 14400   Gamma_b-orbits: 2   full similarities: 0   det signs: [  ]
    orbit rep tuple [ 1, 9, 21, 3 ]: similarity=false det sign=-1 vertices=true edges=false faces=false cells=false conj=[ true, true, true ][ true, true, true ] orientation=none
    orbit rep tuple [ 1, 9, 21, 69 ]: similarity=false det sign=+1 vertices=true edges=false faces=false cells=false conj=[ true, true, true ][ true, true, true ] orientation=none
  [ok]   each Gamma_b-orbit of anchor tuples has size |Gamma_b| (free action)
  [ok]   the recorded orbits partition the enumerated tuple list
  [ok]   direct recomputation of M*M^T and det M for 200 sampled tuples agrees with orbit representatives
  [ok]   exhaustive similarity count 0 = |Gamma_b| * (number of flag-anchored cosets = 0)
  [ok]   number of similarity orbits found exhaustively = number of flag-anchored cosets
  [ok]   candidate even is not Gram-consistent and does not pass
  [ok]   candidate odd is not Gram-consistent and does not pass
  [ok]   det signs of passing candidates = det signs found exhaustively
  => EXHAUSTIVE PROOF: no similarity of E^4 carries realisation L3-{5,3,5/2}-15 onto L3-{5,3,5/2}-11 (no Gram-consistent tuple yields a structure map).

== pair (L3-{5,3,5/2}-16 -> L3-{5,3,5/2}-11)  f-vector (120,720,300,50)  |Gamma_a|=7200 |Gamma_b|=7200 [t=124s]
  lambda = |w_b|^2/|w_a|^2 = 1/2  (~0.5)
  candidate even: image tuple (1-based indices in V_b) [ 114, 22, 79, 23 ]  Gram-consistent: false
    (i)   traversal of all p face vertices: true
    (ii)  M*M^T = lambda*I: false
    (iii) det M = -1/2*E(5)-5/4*E(5)^2-5/4*E(5)^3-1/2*E(5)^4  sign(det M/lambda^2) = na
    (iv)  vertex set onto vertex set: false
    (v)   edges/faces/cells onto: false/false/false
    (vi)  M^-1 {S1,S2,X_a} M in Gamma_b: [ false, false, false ]   M {S1,S2,X_b} M^-1 in Gamma_a: [ false, false, false ]
    (vii) conjugated triple orientation in Gamma_b: none  (RepresentativeAction and own conjugator search agree: true; exact equality with same triple: false, with mirror triple: false)
    flag image = intended even flag: false   (= intended flag with the other cell: false;  image flag orbit: none)
    => candidate even passes (structure map): false;  represents the even coset: false
    M = [ [ 0, -1/4*E(5)-E(5)^2-E(5)^3-1/4*E(5)^4, 1/4*E(5)^2+1/4*E(5)^3, -1/4*E(5)-3/4*E(5)^2-3/4*E(5)^3-1/4*E(5)^4 ], [ 1/4*E(5)+E(5)^2+E(5)^3+1/4*E(5)^4, 0, 1/4*E(5)+3/4*E(5)^2+3/4*E(5)^3+1/4*E(5)^4, 1/4*E(5)^2+1/4*E(5)^3 ], [ 1/4*E(5)^2+1/4*E(5)^3, -1/4*E(5)-3/4*E(5)^2-3/4*E(5)^3-1/4*E(5)^4, 1/2*E(5)+1/2*E(5)^4, -1/4*E(5)-1/2*E(5)^2-1/2*E(5)^3-1/4*E(5)^4 ], [ 1/4*E(5)+3/4*E(5)^2+3/4*E(5)^3+1/4*E(5)^4, 1/4*E(5)^2+1/4*E(5)^3, 1/4*E(5)+1/2*E(5)^2+1/2*E(5)^3+1/4*E(5)^4, 1/2*E(5)+1/2*E(5)^4 ] ]
  candidate odd: image tuple (1-based indices in V_b) [ 114, 14, 107, 18 ]  Gram-consistent: false
    (i)   traversal of all p face vertices: true
    (ii)  M*M^T = lambda*I: false
    (iii) det M = -1/2*E(5)-5/4*E(5)^2-5/4*E(5)^3-1/2*E(5)^4  sign(det M/lambda^2) = na
    (iv)  vertex set onto vertex set: false
    (v)   edges/faces/cells onto: false/false/false
    (vi)  M^-1 {S1,S2,X_a} M in Gamma_b: [ false, false, false ]   M {S1,S2,X_b} M^-1 in Gamma_a: [ false, false, false ]
    (vii) conjugated triple orientation in Gamma_b: none  (RepresentativeAction and own conjugator search agree: true; exact equality with same triple: false, with mirror triple: false)
    flag image = intended odd flag: false   (= intended flag with the other cell: false;  image flag orbit: none)
    => candidate odd passes (structure map): false;  represents the odd coset: false
    M = [ [ 1/4*E(5)^2+1/4*E(5)^3, -1/2*E(5)-E(5)^2-E(5)^3-1/2*E(5)^4, 1/4*E(5)+1/2*E(5)^2+1/2*E(5)^3+1/4*E(5)^4, 1/4*E(5)+3/4*E(5)^2+3/4*E(5)^3+1/4*E(5)^4 ], [ 1/2*E(5)+E(5)^2+E(5)^3+1/2*E(5)^4, 1/4*E(5)+3/4*E(5)^2+3/4*E(5)^3+1/4*E(5)^4, 1/4*E(5)+1/2*E(5)^2+1/2*E(5)^3+1/4*E(5)^4, 1/4*E(5)^2+1/4*E(5)^3 ], [ 1/4*E(5)+1/2*E(5)^2+1/2*E(5)^3+1/4*E(5)^4, 1/4*E(5)-1/2*E(5)^2-1/2*E(5)^3+1/4*E(5)^4, 1/4*E(5)+1/4*E(5)^4, 1/4*E(5)+1/2*E(5)^2+1/2*E(5)^3+1/4*E(5)^4 ], [ 1/4*E(5)+3/4*E(5)^2+3/4*E(5)^3+1/4*E(5)^4, 1/4*E(5)^2+1/4*E(5)^3, 1/4*E(5)+1/2*E(5)^2+1/2*E(5)^3+1/4*E(5)^4, 1/2*E(5)+1/2*E(5)^4 ] ]
  exhaustive Gram-pruned enumeration [t=124s]
    Gram-consistent ordered 4-tuples: 14400   Gamma_b-orbits: 2   full similarities: 0   det signs: [  ]
    orbit rep tuple [ 1, 9, 21, 3 ]: similarity=false det sign=-1 vertices=true edges=false faces=false cells=false conj=[ true, true, true ][ true, true, true ] orientation=none
    orbit rep tuple [ 1, 9, 21, 69 ]: similarity=false det sign=+1 vertices=true edges=false faces=false cells=false conj=[ true, true, true ][ true, true, true ] orientation=none
  [ok]   each Gamma_b-orbit of anchor tuples has size |Gamma_b| (free action)
  [ok]   the recorded orbits partition the enumerated tuple list
  [ok]   direct recomputation of M*M^T and det M for 200 sampled tuples agrees with orbit representatives
  [ok]   exhaustive similarity count 0 = |Gamma_b| * (number of flag-anchored cosets = 0)
  [ok]   number of similarity orbits found exhaustively = number of flag-anchored cosets
  [ok]   candidate even is not Gram-consistent and does not pass
  [ok]   candidate odd is not Gram-consistent and does not pass
  [ok]   det signs of passing candidates = det signs found exhaustively
  => EXHAUSTIVE PROOF: no similarity of E^4 carries realisation L3-{5,3,5/2}-16 onto L3-{5,3,5/2}-11 (no Gram-consistent tuple yields a structure map).
pair (L3-{3,3,5/2}-1 -> L3-{5,3,5/2}-11): inequivalent: different f-vector (600,1200,120,5) vs (120,720,300,50)
pair (L3-{3,3,5/2}-4 -> L3-{5,3,5/2}-11): inequivalent: different f-vector (600,1200,120,5) vs (120,720,300,50)

#### target b = L3-{5,3,5/2}-12   computing Gram matrix of V_b [t=124s]
  [ok]   Gram diagonal constant = |w_b|^2
pair (L3-{4,3,3}-1 -> L3-{5,3,5/2}-12): inequivalent: different f-vector (16,32,12,4) vs (120,720,300,50)
pair (L3-{4,3,3}-2 -> L3-{5,3,5/2}-12): inequivalent: different f-vector (16,32,12,4) vs (120,720,300,50)
pair (L3-{4,3,3}-3 -> L3-{5,3,5/2}-12): inequivalent: different f-vector (16,32,12,4) vs (120,720,300,50)
pair (L3-{4,3,3}-6 -> L3-{5,3,5/2}-12): inequivalent: different f-vector (16,32,12,4) vs (120,720,300,50)
pair (L3-{5,3,3}-3 -> L3-{5,3,5/2}-12): inequivalent: different f-vector (600,1200,120,5) vs (120,720,300,50)
pair (L3-{5,3,3}-8 -> L3-{5,3,5/2}-12): inequivalent: different f-vector (600,1200,120,5) vs (120,720,300,50)
pair (L3-{5,3,5/2}-1 -> L3-{5,3,5/2}-12): inequivalent: different f-vector (240,480,120,20) vs (120,720,300,50)
pair (L3-{5,3,5/2}-2 -> L3-{5,3,5/2}-12): inequivalent: different f-vector (240,480,120,20) vs (120,720,300,50)
pair (L3-{5,3,5/2}-3 -> L3-{5,3,5/2}-12): inequivalent: different f-vector (240,480,120,20) vs (120,720,300,50)
pair (L3-{5,3,5/2}-4 -> L3-{5,3,5/2}-12): inequivalent: different f-vector (240,480,120,20) vs (120,720,300,50)
pair (L3-{5,3,5/2}-5 -> L3-{5,3,5/2}-12): inequivalent: different f-vector (48,144,48,8) vs (120,720,300,50)
pair (L3-{5,3,5/2}-6 -> L3-{5,3,5/2}-12): inequivalent: different f-vector (48,144,48,8) vs (120,720,300,50)
pair (L3-{5,3,5/2}-7 -> L3-{5,3,5/2}-12): inequivalent: different f-vector (48,144,48,8) vs (120,720,300,50)
pair (L3-{5,3,5/2}-8 -> L3-{5,3,5/2}-12): inequivalent: different f-vector (48,144,48,8) vs (120,720,300,50)

== pair (L3-{5,3,5/2}-9 -> L3-{5,3,5/2}-12)  f-vector (120,720,300,50)  |Gamma_a|=7200 |Gamma_b|=7200 [t=124s]
  lambda = |w_b|^2/|w_a|^2 = 6/5  (~1.2)
  candidate even: image tuple (1-based indices in V_b) [ 45, 13, 67, 6 ]  Gram-consistent: true
    (i)   traversal of all p face vertices: true
    (ii)  M*M^T = lambda*I: true
    (iii) det M = 36/25  sign(det M/lambda^2) = +1
    (iv)  vertex set onto vertex set: true
    (v)   edges/faces/cells onto: true/true/true
    (vi)  M^-1 {S1,S2,X_a} M in Gamma_b: [ true, true, true ]   M {S1,S2,X_b} M^-1 in Gamma_a: [ true, true, true ]
    (vii) conjugated triple orientation in Gamma_b: mirror  (RepresentativeAction and own conjugator search agree: true; exact equality with same triple: false, with mirror triple: false)
    flag image = intended even flag: false   (= intended flag with the other cell: true;  image flag orbit: odd)
    => candidate even passes (structure map): true;  represents the even coset: false
    M = [ [ -9/10*E(5)-3/5*E(5)^2-3/5*E(5)^3-9/10*E(5)^4, 0, -3/10*E(5)-7/10*E(5)^2-7/10*E(5)^3-3/10*E(5)^4, -1/5*E(5)-3/10*E(5)^2-3/10*E(5)^3-1/5*E(5)^4 ], [ 0, -9/10*E(5)-3/5*E(5)^2-3/5*E(5)^3-9/10*E(5)^4, 1/5*E(5)+3/10*E(5)^2+3/10*E(5)^3+1/5*E(5)^4, -3/10*E(5)-7/10*E(5)^2-7/10*E(5)^3-3/10*E(5)^4 ], [ -3/10*E(5)-7/10*E(5)^2-7/10*E(5)^3-3/10*E(5)^4, -1/5*E(5)-3/10*E(5)^2-3/10*E(5)^3-1/5*E(5)^4, -1/2*E(5)-1/2*E(5)^4, 3/5*E(5)+2/5*E(5)^2+2/5*E(5)^3+3/5*E(5)^4 ], [ 1/5*E(5)+3/10*E(5)^2+3/10*E(5)^3+1/5*E(5)^4, -3/10*E(5)-7/10*E(5)^2-7/10*E(5)^3-3/10*E(5)^4, -3/5*E(5)-2/5*E(5)^2-2/5*E(5)^3-3/5*E(5)^4, -1/2*E(5)-1/2*E(5)^4 ] ]
  [ok]   orientation test: RepresentativeAction agrees with independent conjugator search
  [ok]   conjugated triple is not simultaneously conjugate to the same and the mirror triple (abstract chirality)
  [ok]   passing even candidate maps the base flag of a to the intended flag of b or to the intended flag with the other cell
  [ok]   image flag orbit is even iff (even candidate and intended flag) or (odd candidate and other cell)
  [ok]   even candidate with odd image orbit: conjugated triple is Gamma_b-conjugate to the mirror triple (S1^-1, S1^2 S2, X_b)
  candidate odd: image tuple (1-based indices in V_b) [ 45, 15, 39, 8 ]  Gram-consistent: true
    (i)   traversal of all p face vertices: true
    (ii)  M*M^T = lambda*I: true
    (iii) det M = 36/25  sign(det M/lambda^2) = +1
    (iv)  vertex set onto vertex set: true
    (v)   edges/faces/cells onto: true/true/true
    (vi)  M^-1 {S1,S2,X_a} M in Gamma_b: [ true, true, true ]   M {S1,S2,X_b} M^-1 in Gamma_a: [ true, true, true ]
    (vii) conjugated triple orientation in Gamma_b: mirror  (RepresentativeAction and own conjugator search agree: true; exact equality with same triple: false, with mirror triple: false)
    flag image = intended odd flag: true   (= intended flag with the other cell: false;  image flag orbit: odd)
    => candidate odd passes (structure map): true;  represents the odd coset: true
    M = [ [ -9/10*E(5)-3/5*E(5)^2-3/5*E(5)^3-9/10*E(5)^4, 0, -3/10*E(5)-7/10*E(5)^2-7/10*E(5)^3-3/10*E(5)^4, -1/5*E(5)-3/10*E(5)^2-3/10*E(5)^3-1/5*E(5)^4 ], [ 0, -3/5*E(5)-9/10*E(5)^2-9/10*E(5)^3-3/5*E(5)^4, 7/10*E(5)+3/10*E(5)^2+3/10*E(5)^3+7/10*E(5)^4, -3/10*E(5)-1/5*E(5)^2-1/5*E(5)^3-3/10*E(5)^4 ], [ -3/10*E(5)-7/10*E(5)^2-7/10*E(5)^3-3/10*E(5)^4, 7/10*E(5)+3/10*E(5)^2+3/10*E(5)^3+7/10*E(5)^4, -1/2, 1/10*E(5)-1/10*E(5)^2-1/10*E(5)^3+1/10*E(5)^4 ], [ -1/5*E(5)-3/10*E(5)^2-3/10*E(5)^3-1/5*E(5)^4, -3/10*E(5)-1/5*E(5)^2-1/5*E(5)^3-3/10*E(5)^4, 1/10*E(5)-1/10*E(5)^2-1/10*E(5)^3+1/10*E(5)^4, -1 ] ]
  [ok]   orientation test: RepresentativeAction agrees with independent conjugator search
  [ok]   conjugated triple is not simultaneously conjugate to the same and the mirror triple (abstract chirality)
  [ok]   passing odd candidate maps the base flag of a to the intended flag of b or to the intended flag with the other cell
  [ok]   image flag orbit is even iff (even candidate and intended flag) or (odd candidate and other cell)
  [ok]   odd candidate with odd image orbit: conjugated triple is Gamma_b-conjugate to the mirror triple (S1^-1, S1^2 S2, X_b)
  [ok]   both candidates pass but only one hits its intended flag: M_even^-1 M_odd lies in Gamma_b (same coset)
  [ok]   at least one of the two passing candidates hits its intended flag
  exhaustive Gram-pruned enumeration [t=125s]
    Gram-consistent ordered 4-tuples: 14400   Gamma_b-orbits: 2   full similarities: 7200   det signs: [ "+1" ]
    orbit rep tuple [ 1, 2, 63, 78 ]: similarity=false det sign=-1 vertices=true edges=true faces=false cells=false conj=[ true, true, true ][ true, true, true ] orientation=none
    orbit rep tuple [ 1, 2, 63, 113 ]: similarity=true det sign=+1 vertices=true edges=true faces=true cells=true conj=[ true, true, true ][ true, true, true ] orientation=mirror
  [ok]   each Gamma_b-orbit of anchor tuples has size |Gamma_b| (free action)
  [ok]   the recorded orbits partition the enumerated tuple list
  [ok]   direct recomputation of M*M^T and det M for 200 sampled tuples agrees with orbit representatives
  [ok]   exhaustive similarity count 7200 = |Gamma_b| * (number of flag-anchored cosets = 1)
  [ok]   number of similarity orbits found exhaustively = number of flag-anchored cosets
  [ok]   candidate even tuple is enumerated and its orbit verdict matches the candidate verdict
  [ok]   candidate odd tuple is enumerated and its orbit verdict matches the candidate verdict
  [ok]   det signs of passing candidates = det signs found exhaustively
  => 7200 similarities L3-{5,3,5/2}-9 -> L3-{5,3,5/2}-12 (1 Gamma_b-coset(s)), lambda = 6/5, det signs [ "+1" ]

== pair (L3-{5,3,5/2}-10 -> L3-{5,3,5/2}-12)  f-vector (120,720,300,50)  |Gamma_a|=7200 |Gamma_b|=7200 [t=125s]
  lambda = |w_b|^2/|w_a|^2 = 2/5  (~0.4)
  candidate even: image tuple (1-based indices in V_b) [ 45, 13, 67, 6 ]  Gram-consistent: false
    (i)   traversal of all p face vertices: true
    (ii)  M*M^T = lambda*I: false
    (iii) det M = 4/25  sign(det M/lambda^2) = +1
    (iv)  vertex set onto vertex set: false
    (v)   edges/faces/cells onto: false/false/false
    (vi)  M^-1 {S1,S2,X_a} M in Gamma_b: [ false, false, false ]   M {S1,S2,X_b} M^-1 in Gamma_a: [ false, false, false ]
    (vii) conjugated triple orientation in Gamma_b: none  (RepresentativeAction and own conjugator search agree: true; exact equality with same triple: false, with mirror triple: false)
    flag image = intended even flag: false   (= intended flag with the other cell: false;  image flag orbit: none)
    => candidate even passes (structure map): false;  represents the even coset: false
    M = [ [ 7/10*E(5)-1/5*E(5)^2-1/5*E(5)^3+7/10*E(5)^4, -11/5*E(5)-4/5*E(5)^2-4/5*E(5)^3-11/5*E(5)^4, 1/10*E(5)-1/10*E(5)^2-1/10*E(5)^3+1/10*E(5)^4, -2/5*E(5)-1/10*E(5)^2-1/10*E(5)^3-2/5*E(5)^4 ], [ 11/5*E(5)+4/5*E(5)^2+4/5*E(5)^3+11/5*E(5)^4, 7/10*E(5)-1/5*E(5)^2-1/5*E(5)^3+7/10*E(5)^4, 2/5*E(5)+1/10*E(5)^2+1/10*E(5)^3+2/5*E(5)^4, 1/10*E(5)-1/10*E(5)^2-1/10*E(5)^3+1/10*E(5)^4 ], [ 1/10*E(5)-1/10*E(5)^2-1/10*E(5)^3+1/10*E(5)^4, -2/5*E(5)-1/10*E(5)^2-1/10*E(5)^3-2/5*E(5)^4, -1/10*E(5)-2/5*E(5)^2-2/5*E(5)^3-1/10*E(5)^4, 0 ], [ 2/5*E(5)+1/10*E(5)^2+1/10*E(5)^3+2/5*E(5)^4, 1/10*E(5)-1/10*E(5)^2-1/10*E(5)^3+1/10*E(5)^4, 0, -1/10*E(5)-2/5*E(5)^2-2/5*E(5)^3-1/10*E(5)^4 ] ]
  candidate odd: image tuple (1-based indices in V_b) [ 45, 15, 39, 8 ]  Gram-consistent: false
    (i)   traversal of all p face vertices: true
    (ii)  M*M^T = lambda*I: false
    (iii) det M = 4/25  sign(det M/lambda^2) = +1
    (iv)  vertex set onto vertex set: false
    (v)   edges/faces/cells onto: false/false/false
    (vi)  M^-1 {S1,S2,X_a} M in Gamma_b: [ false, false, false ]   M {S1,S2,X_b} M^-1 in Gamma_a: [ false, false, false ]
    (vii) conjugated triple orientation in Gamma_b: none  (RepresentativeAction and own conjugator search agree: true; exact equality with same triple: false, with mirror triple: false)
    flag image = intended odd flag: false   (= intended flag with the other cell: false;  image flag orbit: none)
    => candidate odd passes (structure map): false;  represents the odd coset: false
    M = [ [ 19/30*E(5)-2/15*E(5)^2-2/15*E(5)^3+19/30*E(5)^4, -16/15*E(5)-4/15*E(5)^2-4/15*E(5)^3-16/15*E(5)^4, 59/30*E(5)+7/10*E(5)^2+7/10*E(5)^3+59/30*E(5)^4, -2/5*E(5)-13/30*E(5)^2-13/30*E(5)^3-2/5*E(5)^4 ], [ 32/15*E(5)+8/15*E(5)^2+8/15*E(5)^3+32/15*E(5)^4, -2/15*E(5)-11/30*E(5)^2-11/30*E(5)^3-2/15*E(5)^4, -9/10*E(5)-13/30*E(5)^2-13/30*E(5)^3-9/10*E(5)^4, 13/30*E(5)+2/5*E(5)^2+2/5*E(5)^3+13/30*E(5)^4 ], [ 1/10*E(5)-1/10*E(5)^2-1/10*E(5)^3+1/10*E(5)^4, -1/10*E(5)+1/10*E(5)^2+1/10*E(5)^3-1/10*E(5)^4, 7/30*E(5)-7/30*E(5)^2-7/30*E(5)^3+7/30*E(5)^4, 1/6 ], [ 2/5*E(5)+1/10*E(5)^2+1/10*E(5)^3+2/5*E(5)^4, -1/10*E(5)-2/5*E(5)^2-2/5*E(5)^3-1/10*E(5)^4, 1/6, 1/15*E(5)-1/15*E(5)^2-1/15*E(5)^3+1/15*E(5)^4 ] ]
  exhaustive Gram-pruned enumeration [t=125s]
    Gram-consistent ordered 4-tuples: 14400   Gamma_b-orbits: 2   full similarities: 0   det signs: [  ]
    orbit rep tuple [ 1, 10, 61, 22 ]: similarity=false det sign=-1 vertices=true edges=false faces=false cells=false conj=[ true, true, true ][ true, true, true ] orientation=none
    orbit rep tuple [ 1, 10, 61, 57 ]: similarity=false det sign=+1 vertices=true edges=false faces=false cells=false conj=[ true, true, true ][ true, true, true ] orientation=none
  [ok]   each Gamma_b-orbit of anchor tuples has size |Gamma_b| (free action)
  [ok]   the recorded orbits partition the enumerated tuple list
  [ok]   direct recomputation of M*M^T and det M for 200 sampled tuples agrees with orbit representatives
  [ok]   exhaustive similarity count 0 = |Gamma_b| * (number of flag-anchored cosets = 0)
  [ok]   number of similarity orbits found exhaustively = number of flag-anchored cosets
  [ok]   candidate even is not Gram-consistent and does not pass
  [ok]   candidate odd is not Gram-consistent and does not pass
  [ok]   det signs of passing candidates = det signs found exhaustively
  => EXHAUSTIVE PROOF: no similarity of E^4 carries realisation L3-{5,3,5/2}-10 onto L3-{5,3,5/2}-12 (no Gram-consistent tuple yields a structure map).

== pair (L3-{5,3,5/2}-11 -> L3-{5,3,5/2}-12)  f-vector (120,720,300,50)  |Gamma_a|=7200 |Gamma_b|=7200 [t=126s]
  lambda = |w_b|^2/|w_a|^2 = 3/5  (~0.6)
  candidate even: image tuple (1-based indices in V_b) [ 45, 13, 67, 6 ]  Gram-consistent: false
    (i)   traversal of all p face vertices: true
    (ii)  M*M^T = lambda*I: false
    (iii) det M = 9/25  sign(det M/lambda^2) = +1
    (iv)  vertex set onto vertex set: false
    (v)   edges/faces/cells onto: false/false/false
    (vi)  M^-1 {S1,S2,X_a} M in Gamma_b: [ false, false, false ]   M {S1,S2,X_b} M^-1 in Gamma_a: [ false, false, false ]
    (vii) conjugated triple orientation in Gamma_b: none  (RepresentativeAction and own conjugator search agree: true; exact equality with same triple: false, with mirror triple: false)
    flag image = intended even flag: false   (= intended flag with the other cell: false;  image flag orbit: none)
    => candidate even passes (structure map): false;  represents the even coset: false
    M = [ [ -6/5*E(5)-4/5*E(5)^2-4/5*E(5)^3-6/5*E(5)^4, -14/5*E(5)-6/5*E(5)^2-6/5*E(5)^3-14/5*E(5)^4, -2/5*E(5)-3/5*E(5)^2-3/5*E(5)^3-2/5*E(5)^4, -3/5*E(5)-2/5*E(5)^2-2/5*E(5)^3-3/5*E(5)^4 ], [ 14/5*E(5)+6/5*E(5)^2+6/5*E(5)^3+14/5*E(5)^4, -6/5*E(5)-4/5*E(5)^2-4/5*E(5)^3-6/5*E(5)^4, 3/5*E(5)+2/5*E(5)^2+2/5*E(5)^3+3/5*E(5)^4, -2/5*E(5)-3/5*E(5)^2-3/5*E(5)^3-2/5*E(5)^4 ], [ -2/5*E(5)-3/5*E(5)^2-3/5*E(5)^3-2/5*E(5)^4, -3/5*E(5)-2/5*E(5)^2-2/5*E(5)^3-3/5*E(5)^4, 0, 0 ], [ 3/5*E(5)+2/5*E(5)^2+2/5*E(5)^3+3/5*E(5)^4, -2/5*E(5)-3/5*E(5)^2-3/5*E(5)^3-2/5*E(5)^4, 0, 0 ] ]
  candidate odd: image tuple (1-based indices in V_b) [ 45, 15, 39, 8 ]  Gram-consistent: false
    (i)   traversal of all p face vertices: true
    (ii)  M*M^T = lambda*I: false
    (iii) det M = 9/25  sign(det M/lambda^2) = +1
    (iv)  vertex set onto vertex set: false
    (v)   edges/faces/cells onto: false/false/false
    (vi)  M^-1 {S1,S2,X_a} M in Gamma_b: [ false, false, false ]   M {S1,S2,X_b} M^-1 in Gamma_a: [ false, false, false ]
    (vii) conjugated triple orientation in Gamma_b: none  (RepresentativeAction and own conjugator search agree: true; exact equality with same triple: false, with mirror triple: false)
    flag image = intended odd flag: false   (= intended flag with the other cell: false;  image flag orbit: none)
    => candidate odd passes (structure map): false;  represents the odd coset: false
    M = [ [ -27/20*E(5)-9/10*E(5)^2-9/10*E(5)^3-27/20*E(5)^4, -21/20*E(5)-9/20*E(5)^2-9/20*E(5)^3-21/20*E(5)^4, 23/10*E(5)+9/20*E(5)^2+9/20*E(5)^3+23/10*E(5)^4, -3/5*E(5)-2/5*E(5)^2-2/5*E(5)^3-3/5*E(5)^4 ], [ 27/10*E(5)+21/20*E(5)^2+21/20*E(5)^3+27/10*E(5)^4, -6/5*E(5)-21/20*E(5)^2-21/20*E(5)^3-6/5*E(5)^4, 9/10*E(5)+7/20*E(5)^2+7/20*E(5)^3+9/10*E(5)^4, 1/10*E(5)+3/20*E(5)^2+3/20*E(5)^3+1/10*E(5)^4 ], [ -2/5*E(5)-3/5*E(5)^2-3/5*E(5)^3-2/5*E(5)^4, -3/20*E(5)-1/10*E(5)^2-1/10*E(5)^3-3/20*E(5)^4, 1/2*E(5)+1/4*E(5)^2+1/4*E(5)^3+1/2*E(5)^4, 1/4 ], [ 9/20*E(5)+1/20*E(5)^2+1/20*E(5)^3+9/20*E(5)^4, -1/5*E(5)-3/10*E(5)^2-3/10*E(5)^3-1/5*E(5)^4, 1/5*E(5)+1/20*E(5)^2+1/20*E(5)^3+1/5*E(5)^4, 1/4*E(5)+1/2*E(5)^2+1/2*E(5)^3+1/4*E(5)^4 ] ]
  exhaustive Gram-pruned enumeration [t=126s]
    Gram-consistent ordered 4-tuples: 14400   Gamma_b-orbits: 2   full similarities: 0   det signs: [  ]
    orbit rep tuple [ 1, 10, 61, 22 ]: similarity=false det sign=-1 vertices=true edges=false faces=false cells=false conj=[ true, true, true ][ true, true, true ] orientation=none
    orbit rep tuple [ 1, 10, 61, 57 ]: similarity=false det sign=+1 vertices=true edges=false faces=false cells=false conj=[ true, true, true ][ true, true, true ] orientation=none
  [ok]   each Gamma_b-orbit of anchor tuples has size |Gamma_b| (free action)
  [ok]   the recorded orbits partition the enumerated tuple list
  [ok]   direct recomputation of M*M^T and det M for 200 sampled tuples agrees with orbit representatives
  [ok]   exhaustive similarity count 0 = |Gamma_b| * (number of flag-anchored cosets = 0)
  [ok]   number of similarity orbits found exhaustively = number of flag-anchored cosets
  [ok]   candidate even is not Gram-consistent and does not pass
  [ok]   candidate odd is not Gram-consistent and does not pass
  [ok]   det signs of passing candidates = det signs found exhaustively
  => EXHAUSTIVE PROOF: no similarity of E^4 carries realisation L3-{5,3,5/2}-11 onto L3-{5,3,5/2}-12 (no Gram-consistent tuple yields a structure map).

== pair (L3-{5,3,5/2}-12 -> L3-{5,3,5/2}-12)  f-vector (120,720,300,50)  |Gamma_a|=7200 |Gamma_b|=7200 [t=127s]
  lambda = |w_b|^2/|w_a|^2 = 1  (~1.)
  candidate even: image tuple (1-based indices in V_b) [ 45, 13, 67, 6 ]  Gram-consistent: true
    (i)   traversal of all p face vertices: true
    (ii)  M*M^T = lambda*I: true
    (iii) det M = 1  sign(det M/lambda^2) = +1
    (iv)  vertex set onto vertex set: true
    (v)   edges/faces/cells onto: true/true/true
    (vi)  M^-1 {S1,S2,X_a} M in Gamma_b: [ true, true, true ]   M {S1,S2,X_b} M^-1 in Gamma_a: [ true, true, true ]
    (vii) conjugated triple orientation in Gamma_b: same  (RepresentativeAction and own conjugator search agree: true; exact equality with same triple: true, with mirror triple: false)
    flag image = intended even flag: true   (= intended flag with the other cell: false;  image flag orbit: even)
    => candidate even passes (structure map): true;  represents the even coset: true
    M = [ [ 1, 0, 0, 0 ], [ 0, 1, 0, 0 ], [ 0, 0, 1, 0 ], [ 0, 0, 0, 1 ] ]
  [ok]   orientation test: RepresentativeAction agrees with independent conjugator search
  [ok]   conjugated triple is not simultaneously conjugate to the same and the mirror triple (abstract chirality)
  [ok]   passing even candidate maps the base flag of a to the intended flag of b or to the intended flag with the other cell
  [ok]   image flag orbit is even iff (even candidate and intended flag) or (odd candidate and other cell)
  [ok]   even candidate with even image orbit: conjugated triple is Gamma_b-conjugate to (S1,S2,X_b)
  [ok]   even candidate hitting the base flag: conjugated triple equals (S1,S2,X_b) exactly (free flag action)
  candidate odd: image tuple (1-based indices in V_b) [ 45, 15, 39, 8 ]  Gram-consistent: true
    (i)   traversal of all p face vertices: true
    (ii)  M*M^T = lambda*I: true
    (iii) det M = 1  sign(det M/lambda^2) = +1
    (iv)  vertex set onto vertex set: true
    (v)   edges/faces/cells onto: true/true/true
    (vi)  M^-1 {S1,S2,X_a} M in Gamma_b: [ true, true, true ]   M {S1,S2,X_b} M^-1 in Gamma_a: [ true, true, true ]
    (vii) conjugated triple orientation in Gamma_b: same  (RepresentativeAction and own conjugator search agree: true; exact equality with same triple: false, with mirror triple: false)
    flag image = intended odd flag: false   (= intended flag with the other cell: true;  image flag orbit: even)
    => candidate odd passes (structure map): true;  represents the odd coset: false
    M = [ [ -11/12*E(5)-5/6*E(5)^2-5/6*E(5)^3-11/12*E(5)^4, -1/12, 1/12*E(5)^2+1/12*E(5)^3, -1/3*E(5)-1/2*E(5)^2-1/2*E(5)^3-1/3*E(5)^4 ], [ -1/6*E(5)-5/12*E(5)^2-5/12*E(5)^3-1/6*E(5)^4, -1/3*E(5)-5/12*E(5)^2-5/12*E(5)^3-1/3*E(5)^4, 2/3*E(5)+1/4*E(5)^2+1/4*E(5)^3+2/3*E(5)^4, 5/12*E(5)^2+5/12*E(5)^3 ], [ 1/6, 5/12*E(5)+1/3*E(5)^2+1/3*E(5)^3+5/12*E(5)^4, -7/12*E(5)^2-7/12*E(5)^3, 7/12*E(5)+1/4*E(5)^2+1/4*E(5)^3+7/12*E(5)^4 ], [ -1/12*E(5)+1/12*E(5)^2+1/12*E(5)^3-1/12*E(5)^4, 5/6, -1/6*E(5)-1/4*E(5)^2-1/4*E(5)^3-1/6*E(5)^4, 1/4*E(5)-1/6*E(5)^2-1/6*E(5)^3+1/4*E(5)^4 ] ]
  [ok]   orientation test: RepresentativeAction agrees with independent conjugator search
  [ok]   conjugated triple is not simultaneously conjugate to the same and the mirror triple (abstract chirality)
  [ok]   passing odd candidate maps the base flag of a to the intended flag of b or to the intended flag with the other cell
  [ok]   image flag orbit is even iff (even candidate and intended flag) or (odd candidate and other cell)
  [ok]   odd candidate with even image orbit: conjugated triple is Gamma_b-conjugate to (S1,S2,X_b)
  [ok]   both candidates pass but only one hits its intended flag: M_even^-1 M_odd lies in Gamma_b (same coset)
  [ok]   at least one of the two passing candidates hits its intended flag
  a = b: the odd candidate passes but maps the base flag to (Phi^2)^3 (even orbit): it is an element of Gamma, not an extra symmetry; no similarity maps the base flag to its 2-adjacent flag: geometrically chiral (symmetry group = Gamma)
  [ok]   a = b: the even candidate (identity) passes and fixes the base flag
  [ok]   a = b: the even candidate matrix is the identity
  exhaustive Gram-pruned enumeration [t=127s]
    Gram-consistent ordered 4-tuples: 14400   Gamma_b-orbits: 2   full similarities: 7200   det signs: [ "+1" ]
    orbit rep tuple [ 1, 2, 63, 78 ]: similarity=false det sign=-1 vertices=true edges=true faces=false cells=false conj=[ true, true, true ][ true, true, true ] orientation=none
    orbit rep tuple [ 1, 2, 63, 113 ]: similarity=true det sign=+1 vertices=true edges=true faces=true cells=true conj=[ true, true, true ][ true, true, true ] orientation=same
  [ok]   each Gamma_b-orbit of anchor tuples has size |Gamma_b| (free action)
  [ok]   the recorded orbits partition the enumerated tuple list
  [ok]   direct recomputation of M*M^T and det M for 200 sampled tuples agrees with orbit representatives
  [ok]   exhaustive similarity count 7200 = |Gamma_b| * (number of flag-anchored cosets = 1)
  [ok]   number of similarity orbits found exhaustively = number of flag-anchored cosets
  [ok]   candidate even tuple is enumerated and its orbit verdict matches the candidate verdict
  [ok]   candidate odd tuple is enumerated and its orbit verdict matches the candidate verdict
  [ok]   det signs of passing candidates = det signs found exhaustively
  => 7200 similarities L3-{5,3,5/2}-12 -> L3-{5,3,5/2}-12 (1 Gamma_b-coset(s)), lambda = 1, det signs [ "+1" ]

== pair (L3-{5,3,5/2}-13 -> L3-{5,3,5/2}-12)  f-vector (120,720,300,50)  |Gamma_a|=7200 |Gamma_b|=7200 [t=127s]
  lambda = |w_b|^2/|w_a|^2 = 8/5  (~1.6)
  candidate even: image tuple (1-based indices in V_b) [ 45, 13, 67, 6 ]  Gram-consistent: false
    (i)   traversal of all p face vertices: true
    (ii)  M*M^T = lambda*I: false
    (iii) det M = -128/25*E(5)-64/5*E(5)^2-64/5*E(5)^3-128/25*E(5)^4  sign(det M/lambda^2) = na
    (iv)  vertex set onto vertex set: false
    (v)   edges/faces/cells onto: false/false/false
    (vi)  M^-1 {S1,S2,X_a} M in Gamma_b: [ false, false, false ]   M {S1,S2,X_b} M^-1 in Gamma_a: [ false, false, false ]
    (vii) conjugated triple orientation in Gamma_b: none  (RepresentativeAction and own conjugator search agree: true; exact equality with same triple: false, with mirror triple: false)
    flag image = intended even flag: false   (= intended flag with the other cell: false;  image flag orbit: none)
    => candidate even passes (structure map): false;  represents the even coset: false
    M = [ [ -6/5*E(5)-4/5*E(5)^2-4/5*E(5)^3-6/5*E(5)^4, 1/5*E(5)+4/5*E(5)^2+4/5*E(5)^3+1/5*E(5)^4, -2/5*E(5)-3/5*E(5)^2-3/5*E(5)^3-2/5*E(5)^4, -3/5*E(5)-7/5*E(5)^2-7/5*E(5)^3-3/5*E(5)^4 ], [ -1/5*E(5)-4/5*E(5)^2-4/5*E(5)^3-1/5*E(5)^4, -6/5*E(5)-4/5*E(5)^2-4/5*E(5)^3-6/5*E(5)^4, 3/5*E(5)+7/5*E(5)^2+7/5*E(5)^3+3/5*E(5)^4, -2/5*E(5)-3/5*E(5)^2-3/5*E(5)^3-2/5*E(5)^4 ], [ -2/5*E(5)-3/5*E(5)^2-3/5*E(5)^3-2/5*E(5)^4, -3/5*E(5)-7/5*E(5)^2-7/5*E(5)^3-3/5*E(5)^4, 0, E(5)+2*E(5)^2+2*E(5)^3+E(5)^4 ], [ 3/5*E(5)+7/5*E(5)^2+7/5*E(5)^3+3/5*E(5)^4, -2/5*E(5)-3/5*E(5)^2-3/5*E(5)^3-2/5*E(5)^4, -E(5)-2*E(5)^2-2*E(5)^3-E(5)^4, 0 ] ]
  candidate odd: image tuple (1-based indices in V_b) [ 45, 15, 39, 8 ]  Gram-consistent: false
    (i)   traversal of all p face vertices: true
    (ii)  M*M^T = lambda*I: false
    (iii) det M = -128/25*E(5)-64/5*E(5)^2-64/5*E(5)^3-128/25*E(5)^4  sign(det M/lambda^2) = na
    (iv)  vertex set onto vertex set: false
    (v)   edges/faces/cells onto: false/false/false
    (vi)  M^-1 {S1,S2,X_a} M in Gamma_b: [ false, false, false ]   M {S1,S2,X_b} M^-1 in Gamma_a: [ false, false, false ]
    (vii) conjugated triple orientation in Gamma_b: none  (RepresentativeAction and own conjugator search agree: true; exact equality with same triple: false, with mirror triple: false)
    flag image = intended odd flag: false   (= intended flag with the other cell: false;  image flag orbit: none)
    => candidate odd passes (structure map): false;  represents the odd coset: false
    M = [ [ -14/15*E(5)-1/15*E(5)^2-1/15*E(5)^3-14/15*E(5)^4, -2/15*E(5)-8/15*E(5)^2-8/15*E(5)^3-2/15*E(5)^4, -1/5*E(5)-4/5*E(5)^2-4/5*E(5)^3-1/5*E(5)^4, -3/5*E(5)-7/5*E(5)^2-7/5*E(5)^3-3/5*E(5)^4 ], [ -2/15*E(5)-8/15*E(5)^2-8/15*E(5)^3-2/15*E(5)^4, -13/15*E(5)-17/15*E(5)^2-17/15*E(5)^3-13/15*E(5)^4, 7/5*E(5)+8/5*E(5)^2+8/5*E(5)^3+7/5*E(5)^4, -2/5*E(5)-3/5*E(5)^2-3/5*E(5)^3-2/5*E(5)^4 ], [ -11/15*E(5)-8/5*E(5)^2-8/5*E(5)^3-11/15*E(5)^4, 3/5*E(5)+16/15*E(5)^2+16/15*E(5)^3+3/5*E(5)^4, 1/3*E(5)+2/3*E(5)^2+2/3*E(5)^3+1/3*E(5)^4, 1/3*E(5)+4/3*E(5)^2+4/3*E(5)^3+1/3*E(5)^4 ], [ 1/5*E(5)+7/15*E(5)^2+7/15*E(5)^3+1/5*E(5)^4, 2/15*E(5)+1/5*E(5)^2+1/5*E(5)^3+2/15*E(5)^4, -7/15*E(5)-28/15*E(5)^2-28/15*E(5)^3-7/15*E(5)^4, 2/3*E(5)+4/3*E(5)^2+4/3*E(5)^3+2/3*E(5)^4 ] ]
  exhaustive Gram-pruned enumeration [t=127s]
    Gram-consistent ordered 4-tuples: 14400   Gamma_b-orbits: 2   full similarities: 0   det signs: [  ]
    orbit rep tuple [ 1, 6, 34, 82 ]: similarity=false det sign=-1 vertices=true edges=false faces=false cells=false conj=[ true, true, true ][ true, true, true ] orientation=none
    orbit rep tuple [ 1, 6, 34, 96 ]: similarity=false det sign=+1 vertices=true edges=false faces=false cells=false conj=[ true, true, true ][ true, true, true ] orientation=none
  [ok]   each Gamma_b-orbit of anchor tuples has size |Gamma_b| (free action)
  [ok]   the recorded orbits partition the enumerated tuple list
  [ok]   direct recomputation of M*M^T and det M for 200 sampled tuples agrees with orbit representatives
  [ok]   exhaustive similarity count 0 = |Gamma_b| * (number of flag-anchored cosets = 0)
  [ok]   number of similarity orbits found exhaustively = number of flag-anchored cosets
  [ok]   candidate even is not Gram-consistent and does not pass
  [ok]   candidate odd is not Gram-consistent and does not pass
  [ok]   det signs of passing candidates = det signs found exhaustively
  => EXHAUSTIVE PROOF: no similarity of E^4 carries realisation L3-{5,3,5/2}-13 onto L3-{5,3,5/2}-12 (no Gram-consistent tuple yields a structure map).

== pair (L3-{5,3,5/2}-14 -> L3-{5,3,5/2}-12)  f-vector (120,720,300,50)  |Gamma_a|=7200 |Gamma_b|=7200 [t=128s]
  lambda = |w_b|^2/|w_a|^2 = -3/5*E(5)-6/5*E(5)^2-6/5*E(5)^3-3/5*E(5)^4  (~1.570820393249937)
  candidate even: image tuple (1-based indices in V_b) [ 45, 13, 67, 6 ]  Gram-consistent: false
    (i)   traversal of all p face vertices: true
    (ii)  M*M^T = lambda*I: false
    (iii) det M = -117/25*E(5)-306/25*E(5)^2-306/25*E(5)^3-117/25*E(5)^4  sign(det M/lambda^2) = na
    (iv)  vertex set onto vertex set: false
    (v)   edges/faces/cells onto: false/false/false
    (vi)  M^-1 {S1,S2,X_a} M in Gamma_b: [ false, false, false ]   M {S1,S2,X_b} M^-1 in Gamma_a: [ false, false, false ]
    (vii) conjugated triple orientation in Gamma_b: none  (RepresentativeAction and own conjugator search agree: true; exact equality with same triple: false, with mirror triple: false)
    flag image = intended even flag: false   (= intended flag with the other cell: false;  image flag orbit: none)
    => candidate even passes (structure map): false;  represents the even coset: false
    M = [ [ -4/5*E(5)-6/5*E(5)^2-6/5*E(5)^3-4/5*E(5)^4, 3/10*E(5)+7/10*E(5)^2+7/10*E(5)^3+3/10*E(5)^4, 1/10*E(5)+2/5*E(5)^2+2/5*E(5)^3+1/10*E(5)^4, -2/5*E(5)-11/10*E(5)^2-11/10*E(5)^3-2/5*E(5)^4 ], [ -3/10*E(5)-7/10*E(5)^2-7/10*E(5)^3-3/10*E(5)^4, -4/5*E(5)-6/5*E(5)^2-6/5*E(5)^3-4/5*E(5)^4, 2/5*E(5)+11/10*E(5)^2+11/10*E(5)^3+2/5*E(5)^4, 1/10*E(5)+2/5*E(5)^2+2/5*E(5)^3+1/10*E(5)^4 ], [ 1/10*E(5)+2/5*E(5)^2+2/5*E(5)^3+1/10*E(5)^4, -2/5*E(5)-11/10*E(5)^2-11/10*E(5)^3-2/5*E(5)^4, -3/5*E(5)-7/5*E(5)^2-7/5*E(5)^3-3/5*E(5)^4, 1/2*E(5)+3/2*E(5)^2+3/2*E(5)^3+1/2*E(5)^4 ], [ 2/5*E(5)+11/10*E(5)^2+11/10*E(5)^3+2/5*E(5)^4, 1/10*E(5)+2/5*E(5)^2+2/5*E(5)^3+1/10*E(5)^4, -1/2*E(5)-3/2*E(5)^2-3/2*E(5)^3-1/2*E(5)^4, -3/5*E(5)-7/5*E(5)^2-7/5*E(5)^3-3/5*E(5)^4 ] ]
  candidate odd: image tuple (1-based indices in V_b) [ 45, 15, 39, 8 ]  Gram-consistent: false
    (i)   traversal of all p face vertices: true
    (ii)  M*M^T = lambda*I: false
    (iii) det M = -117/25*E(5)-306/25*E(5)^2-306/25*E(5)^3-117/25*E(5)^4  sign(det M/lambda^2) = na
    (iv)  vertex set onto vertex set: false
    (v)   edges/faces/cells onto: false/false/false
    (vi)  M^-1 {S1,S2,X_a} M in Gamma_b: [ false, false, false ]   M {S1,S2,X_b} M^-1 in Gamma_a: [ false, false, false ]
    (vii) conjugated triple orientation in Gamma_b: none  (RepresentativeAction and own conjugator search agree: true; exact equality with same triple: false, with mirror triple: false)
    flag image = intended odd flag: false   (= intended flag with the other cell: false;  image flag orbit: none)
    => candidate odd passes (structure map): false;  represents the odd coset: false
    M = [ [ -9/20*E(5)-3/10*E(5)^2-3/10*E(5)^3-9/20*E(5)^4, -3/20*E(5)-3/5*E(5)^2-3/5*E(5)^3-3/20*E(5)^4, 1/20*E(5)+1/5*E(5)^2+1/5*E(5)^3+1/20*E(5)^4, -13/20*E(5)-8/5*E(5)^2-8/5*E(5)^3-13/20*E(5)^4 ], [ -9/20*E(5)-21/20*E(5)^2-21/20*E(5)^3-9/20*E(5)^4, -3/10*E(5)-9/20*E(5)^2-9/20*E(5)^3-3/10*E(5)^4, 17/20*E(5)+7/5*E(5)^2+7/5*E(5)^3+17/20*E(5)^4, 1/10*E(5)+2/5*E(5)^2+2/5*E(5)^3+1/10*E(5)^4 ], [ -2/5*E(5)-17/20*E(5)^2-17/20*E(5)^3-2/5*E(5)^4, 2/5*E(5)+11/10*E(5)^2+11/10*E(5)^3+2/5*E(5)^4, -7/20*E(5)-9/10*E(5)^2-9/10*E(5)^3-7/20*E(5)^4, 3/4*E(5)+7/4*E(5)^2+7/4*E(5)^3+3/4*E(5)^4 ], [ 2/5*E(5)+11/10*E(5)^2+11/10*E(5)^3+2/5*E(5)^4, -7/20*E(5)-13/20*E(5)^2-13/20*E(5)^3-7/20*E(5)^4, -3/4*E(5)-2*E(5)^2-2*E(5)^3-3/4*E(5)^4, -1/10*E(5)-3/20*E(5)^2-3/20*E(5)^3-1/10*E(5)^4 ] ]
  exhaustive Gram-pruned enumeration [t=128s]
    Gram-consistent ordered 4-tuples: 14400   Gamma_b-orbits: 2   full similarities: 0   det signs: [  ]
    orbit rep tuple [ 1, 6, 34, 82 ]: similarity=false det sign=-1 vertices=true edges=false faces=false cells=false conj=[ true, true, true ][ true, true, true ] orientation=none
    orbit rep tuple [ 1, 6, 34, 96 ]: similarity=false det sign=+1 vertices=true edges=false faces=false cells=false conj=[ true, true, true ][ true, true, true ] orientation=none
  [ok]   each Gamma_b-orbit of anchor tuples has size |Gamma_b| (free action)
  [ok]   the recorded orbits partition the enumerated tuple list
  [ok]   direct recomputation of M*M^T and det M for 200 sampled tuples agrees with orbit representatives
  [ok]   exhaustive similarity count 0 = |Gamma_b| * (number of flag-anchored cosets = 0)
  [ok]   number of similarity orbits found exhaustively = number of flag-anchored cosets
  [ok]   candidate even is not Gram-consistent and does not pass
  [ok]   candidate odd is not Gram-consistent and does not pass
  [ok]   det signs of passing candidates = det signs found exhaustively
  => EXHAUSTIVE PROOF: no similarity of E^4 carries realisation L3-{5,3,5/2}-14 onto L3-{5,3,5/2}-12 (no Gram-consistent tuple yields a structure map).

== pair (L3-{5,3,5/2}-15 -> L3-{5,3,5/2}-12)  f-vector (120,720,300,50)  |Gamma_a|=7200 |Gamma_b|=7200 [t=128s]
  lambda = |w_b|^2/|w_a|^2 = -E(5)-2/5*E(5)^2-2/5*E(5)^3-E(5)^4  (~0.02917960675006331)
  candidate even: image tuple (1-based indices in V_b) [ 45, 13, 67, 6 ]  Gram-consistent: false
    (i)   traversal of all p face vertices: true
    (ii)  M*M^T = lambda*I: false
    (iii) det M = -1/5*E(5)-2/25*E(5)^2-2/25*E(5)^3-1/5*E(5)^4  sign(det M/lambda^2) = na
    (iv)  vertex set onto vertex set: false
    (v)   edges/faces/cells onto: false/false/false
    (vi)  M^-1 {S1,S2,X_a} M in Gamma_b: [ false, false, false ]   M {S1,S2,X_b} M^-1 in Gamma_a: [ false, false, false ]
    (vii) conjugated triple orientation in Gamma_b: none  (RepresentativeAction and own conjugator search agree: true; exact equality with same triple: false, with mirror triple: false)
    flag image = intended even flag: false   (= intended flag with the other cell: false;  image flag orbit: none)
    => candidate even passes (structure map): false;  represents the even coset: false
    M = [ [ -7/5*E(5)-3/5*E(5)^2-3/5*E(5)^3-7/5*E(5)^4, 1/2, -3/10*E(5)-1/5*E(5)^2-1/5*E(5)^3-3/10*E(5)^4, -1/5*E(5)-3/10*E(5)^2-3/10*E(5)^3-1/5*E(5)^4 ], [ -1/2, -7/5*E(5)-3/5*E(5)^2-3/5*E(5)^3-7/5*E(5)^4, 1/5*E(5)+3/10*E(5)^2+3/10*E(5)^3+1/5*E(5)^4, -3/10*E(5)-1/5*E(5)^2-1/5*E(5)^3-3/10*E(5)^4 ], [ -3/10*E(5)-1/5*E(5)^2-1/5*E(5)^3-3/10*E(5)^4, -1/5*E(5)-3/10*E(5)^2-3/10*E(5)^3-1/5*E(5)^4, 0, 1/10*E(5)-1/10*E(5)^2-1/10*E(5)^3+1/10*E(5)^4 ], [ 1/5*E(5)+3/10*E(5)^2+3/10*E(5)^3+1/5*E(5)^4, -3/10*E(5)-1/5*E(5)^2-1/5*E(5)^3-3/10*E(5)^4, -1/10*E(5)+1/10*E(5)^2+1/10*E(5)^3-1/10*E(5)^4, 0 ] ]
  candidate odd: image tuple (1-based indices in V_b) [ 45, 15, 39, 8 ]  Gram-consistent: false
    (i)   traversal of all p face vertices: true
    (ii)  M*M^T = lambda*I: false
    (iii) det M = -1/5*E(5)-2/25*E(5)^2-2/25*E(5)^3-1/5*E(5)^4  sign(det M/lambda^2) = na
    (iv)  vertex set onto vertex set: false
    (v)   edges/faces/cells onto: false/false/false
    (vi)  M^-1 {S1,S2,X_a} M in Gamma_b: [ false, false, false ]   M {S1,S2,X_b} M^-1 in Gamma_a: [ false, false, false ]
    (vii) conjugated triple orientation in Gamma_b: none  (RepresentativeAction and own conjugator search agree: true; exact equality with same triple: false, with mirror triple: false)
    flag image = intended odd flag: false   (= intended flag with the other cell: false;  image flag orbit: none)
    => candidate odd passes (structure map): false;  represents the odd coset: false
    M = [ [ -89/60*E(5)-23/30*E(5)^2-23/30*E(5)^3-89/60*E(5)^4, -1/12*E(5)-1/3*E(5)^2-1/3*E(5)^3-1/12*E(5)^4, 17/60*E(5)-1/30*E(5)^2-1/30*E(5)^3+17/60*E(5)^4, -7/60*E(5)+1/30*E(5)^2+1/30*E(5)^3-7/60*E(5)^4 ], [ -5/12, -23/30*E(5)-29/60*E(5)^2-29/60*E(5)^3-23/30*E(5)^4, 77/60*E(5)+19/30*E(5)^2+19/30*E(5)^3+77/60*E(5)^4, -2/15*E(5)+2/15*E(5)^2+2/15*E(5)^3-2/15*E(5)^4 ], [ -3/10*E(5)-17/60*E(5)^2-17/60*E(5)^3-3/10*E(5)^4, 1/30*E(5)-1/5*E(5)^2-1/5*E(5)^3+1/30*E(5)^4, 1/12*E(5)+1/12*E(5)^4, -3/20*E(5)-1/60*E(5)^2-1/60*E(5)^3-3/20*E(5)^4 ], [ 2/15*E(5)+1/5*E(5)^2+1/5*E(5)^3+2/15*E(5)^4, -1/20*E(5)-7/60*E(5)^2-7/60*E(5)^3-1/20*E(5)^4, 7/20*E(5)+7/30*E(5)^2+7/30*E(5)^3+7/20*E(5)^4, 1/6*E(5)+1/4*E(5)^2+1/4*E(5)^3+1/6*E(5)^4 ] ]
  exhaustive Gram-pruned enumeration [t=128s]
    Gram-consistent ordered 4-tuples: 14400   Gamma_b-orbits: 2   full similarities: 0   det signs: [  ]
    orbit rep tuple [ 1, 5, 33, 35 ]: similarity=false det sign=-1 vertices=true edges=false faces=false cells=false conj=[ true, true, true ][ true, true, true ] orientation=none
    orbit rep tuple [ 1, 5, 33, 49 ]: similarity=false det sign=+1 vertices=true edges=false faces=false cells=false conj=[ true, true, true ][ true, true, true ] orientation=none
  [ok]   each Gamma_b-orbit of anchor tuples has size |Gamma_b| (free action)
  [ok]   the recorded orbits partition the enumerated tuple list
  [ok]   direct recomputation of M*M^T and det M for 200 sampled tuples agrees with orbit representatives
  [ok]   exhaustive similarity count 0 = |Gamma_b| * (number of flag-anchored cosets = 0)
  [ok]   number of similarity orbits found exhaustively = number of flag-anchored cosets
  [ok]   candidate even is not Gram-consistent and does not pass
  [ok]   candidate odd is not Gram-consistent and does not pass
  [ok]   det signs of passing candidates = det signs found exhaustively
  => EXHAUSTIVE PROOF: no similarity of E^4 carries realisation L3-{5,3,5/2}-15 onto L3-{5,3,5/2}-12 (no Gram-consistent tuple yields a structure map).

== pair (L3-{5,3,5/2}-16 -> L3-{5,3,5/2}-12)  f-vector (120,720,300,50)  |Gamma_a|=7200 |Gamma_b|=7200 [t=129s]
  lambda = |w_b|^2/|w_a|^2 = 3/10  (~0.3)
  candidate even: image tuple (1-based indices in V_b) [ 45, 13, 67, 6 ]  Gram-consistent: false
    (i)   traversal of all p face vertices: true
    (ii)  M*M^T = lambda*I: false
    (iii) det M = -9/50*E(5)-9/20*E(5)^2-9/20*E(5)^3-9/50*E(5)^4  sign(det M/lambda^2) = na
    (iv)  vertex set onto vertex set: false
    (v)   edges/faces/cells onto: false/false/false
    (vi)  M^-1 {S1,S2,X_a} M in Gamma_b: [ false, false, false ]   M {S1,S2,X_b} M^-1 in Gamma_a: [ false, false, false ]
    (vii) conjugated triple orientation in Gamma_b: none  (RepresentativeAction and own conjugator search agree: true; exact equality with same triple: false, with mirror triple: false)
    flag image = intended even flag: false   (= intended flag with the other cell: false;  image flag orbit: none)
    => candidate even passes (structure map): false;  represents the even coset: false
    M = [ [ -2/5*E(5)+2/5*E(5)^2+2/5*E(5)^3-2/5*E(5)^4, -1/4*E(5)-E(5)^2-E(5)^3-1/4*E(5)^4, 1/4*E(5)^2+1/4*E(5)^3, -1/4*E(5)-3/4*E(5)^2-3/4*E(5)^3-1/4*E(5)^4 ], [ 1/4*E(5)+E(5)^2+E(5)^3+1/4*E(5)^4, -2/5*E(5)+2/5*E(5)^2+2/5*E(5)^3-2/5*E(5)^4, 1/4*E(5)+3/4*E(5)^2+3/4*E(5)^3+1/4*E(5)^4, 1/4*E(5)^2+1/4*E(5)^3 ], [ 1/4*E(5)^2+1/4*E(5)^3, -1/4*E(5)-3/4*E(5)^2-3/4*E(5)^3-1/4*E(5)^4, 1/10*E(5)+2/5*E(5)^2+2/5*E(5)^3+1/10*E(5)^4, -1/4*E(5)-1/2*E(5)^2-1/2*E(5)^3-1/4*E(5)^4 ], [ 1/4*E(5)+3/4*E(5)^2+3/4*E(5)^3+1/4*E(5)^4, 1/4*E(5)^2+1/4*E(5)^3, 1/4*E(5)+1/2*E(5)^2+1/2*E(5)^3+1/4*E(5)^4, 1/10*E(5)+2/5*E(5)^2+2/5*E(5)^3+1/10*E(5)^4 ] ]
  candidate odd: image tuple (1-based indices in V_b) [ 45, 15, 39, 8 ]  Gram-consistent: false
    (i)   traversal of all p face vertices: true
    (ii)  M*M^T = lambda*I: false
    (iii) det M = -9/50*E(5)-9/20*E(5)^2-9/20*E(5)^3-9/50*E(5)^4  sign(det M/lambda^2) = na
    (iv)  vertex set onto vertex set: false
    (v)   edges/faces/cells onto: false/false/false
    (vi)  M^-1 {S1,S2,X_a} M in Gamma_b: [ false, false, false ]   M {S1,S2,X_b} M^-1 in Gamma_a: [ false, false, false ]
    (vii) conjugated triple orientation in Gamma_b: none  (RepresentativeAction and own conjugator search agree: true; exact equality with same triple: false, with mirror triple: false)
    flag image = intended odd flag: false   (= intended flag with the other cell: false;  image flag orbit: none)
    => candidate odd passes (structure map): false;  represents the odd coset: false
    M = [ [ -3/5*E(5)-3/20*E(5)^2-3/20*E(5)^3-3/5*E(5)^4, -3/10*E(5)-6/5*E(5)^2-6/5*E(5)^3-3/10*E(5)^4, -3/20*E(5)-1/10*E(5)^2-1/10*E(5)^3-3/20*E(5)^4, 1/4*E(5)+3/4*E(5)^2+3/4*E(5)^3+1/4*E(5)^4 ], [ 3/10*E(5)+6/5*E(5)^2+6/5*E(5)^3+3/10*E(5)^4, -3/20*E(5)+3/20*E(5)^2+3/20*E(5)^3-3/20*E(5)^4, 17/20*E(5)+9/10*E(5)^2+9/10*E(5)^3+17/20*E(5)^4, 1/4*E(5)^2+1/4*E(5)^3 ], [ -3/20*E(5)-1/10*E(5)^2-1/10*E(5)^3-3/20*E(5)^4, -7/20*E(5)-9/10*E(5)^2-9/10*E(5)^3-7/20*E(5)^4, 1/20*E(5)+1/5*E(5)^2+1/5*E(5)^3+1/20*E(5)^4, 1/4*E(5)+1/2*E(5)^2+1/2*E(5)^3+1/4*E(5)^4 ], [ 1/4*E(5)+3/4*E(5)^2+3/4*E(5)^3+1/4*E(5)^4, 1/4*E(5)^2+1/4*E(5)^3, 1/4*E(5)+1/2*E(5)^2+1/2*E(5)^3+1/4*E(5)^4, 1/10*E(5)+2/5*E(5)^2+2/5*E(5)^3+1/10*E(5)^4 ] ]
  exhaustive Gram-pruned enumeration [t=129s]
    Gram-consistent ordered 4-tuples: 14400   Gamma_b-orbits: 2   full similarities: 0   det signs: [  ]
    orbit rep tuple [ 1, 5, 33, 35 ]: similarity=false det sign=-1 vertices=true edges=false faces=false cells=false conj=[ true, true, true ][ true, true, true ] orientation=none
    orbit rep tuple [ 1, 5, 33, 49 ]: similarity=false det sign=+1 vertices=true edges=false faces=false cells=false conj=[ true, true, true ][ true, true, true ] orientation=none
  [ok]   each Gamma_b-orbit of anchor tuples has size |Gamma_b| (free action)
  [ok]   the recorded orbits partition the enumerated tuple list
  [ok]   direct recomputation of M*M^T and det M for 200 sampled tuples agrees with orbit representatives
  [ok]   exhaustive similarity count 0 = |Gamma_b| * (number of flag-anchored cosets = 0)
  [ok]   number of similarity orbits found exhaustively = number of flag-anchored cosets
  [ok]   candidate even is not Gram-consistent and does not pass
  [ok]   candidate odd is not Gram-consistent and does not pass
  [ok]   det signs of passing candidates = det signs found exhaustively
  => EXHAUSTIVE PROOF: no similarity of E^4 carries realisation L3-{5,3,5/2}-16 onto L3-{5,3,5/2}-12 (no Gram-consistent tuple yields a structure map).
pair (L3-{3,3,5/2}-1 -> L3-{5,3,5/2}-12): inequivalent: different f-vector (600,1200,120,5) vs (120,720,300,50)
pair (L3-{3,3,5/2}-4 -> L3-{5,3,5/2}-12): inequivalent: different f-vector (600,1200,120,5) vs (120,720,300,50)

#### target b = L3-{5,3,5/2}-13   computing Gram matrix of V_b [t=129s]
  [ok]   Gram diagonal constant = |w_b|^2
pair (L3-{4,3,3}-1 -> L3-{5,3,5/2}-13): inequivalent: different f-vector (16,32,12,4) vs (120,720,300,50)
pair (L3-{4,3,3}-2 -> L3-{5,3,5/2}-13): inequivalent: different f-vector (16,32,12,4) vs (120,720,300,50)
pair (L3-{4,3,3}-3 -> L3-{5,3,5/2}-13): inequivalent: different f-vector (16,32,12,4) vs (120,720,300,50)
pair (L3-{4,3,3}-6 -> L3-{5,3,5/2}-13): inequivalent: different f-vector (16,32,12,4) vs (120,720,300,50)
pair (L3-{5,3,3}-3 -> L3-{5,3,5/2}-13): inequivalent: different f-vector (600,1200,120,5) vs (120,720,300,50)
pair (L3-{5,3,3}-8 -> L3-{5,3,5/2}-13): inequivalent: different f-vector (600,1200,120,5) vs (120,720,300,50)
pair (L3-{5,3,5/2}-1 -> L3-{5,3,5/2}-13): inequivalent: different f-vector (240,480,120,20) vs (120,720,300,50)
pair (L3-{5,3,5/2}-2 -> L3-{5,3,5/2}-13): inequivalent: different f-vector (240,480,120,20) vs (120,720,300,50)
pair (L3-{5,3,5/2}-3 -> L3-{5,3,5/2}-13): inequivalent: different f-vector (240,480,120,20) vs (120,720,300,50)
pair (L3-{5,3,5/2}-4 -> L3-{5,3,5/2}-13): inequivalent: different f-vector (240,480,120,20) vs (120,720,300,50)
pair (L3-{5,3,5/2}-5 -> L3-{5,3,5/2}-13): inequivalent: different f-vector (48,144,48,8) vs (120,720,300,50)
pair (L3-{5,3,5/2}-6 -> L3-{5,3,5/2}-13): inequivalent: different f-vector (48,144,48,8) vs (120,720,300,50)
pair (L3-{5,3,5/2}-7 -> L3-{5,3,5/2}-13): inequivalent: different f-vector (48,144,48,8) vs (120,720,300,50)
pair (L3-{5,3,5/2}-8 -> L3-{5,3,5/2}-13): inequivalent: different f-vector (48,144,48,8) vs (120,720,300,50)

== pair (L3-{5,3,5/2}-9 -> L3-{5,3,5/2}-13)  f-vector (120,720,300,50)  |Gamma_a|=7200 |Gamma_b|=7200 [t=130s]
  lambda = |w_b|^2/|w_a|^2 = 3/4  (~0.75)
  candidate even: image tuple (1-based indices in V_b) [ 93, 32, 86, 17 ]  Gram-consistent: false
    (i)   traversal of all p face vertices: true
    (ii)  M*M^T = lambda*I: false
    (iii) det M = -45/16*E(5)-9/8*E(5)^2-9/8*E(5)^3-45/16*E(5)^4  sign(det M/lambda^2) = na
    (iv)  vertex set onto vertex set: false
    (v)   edges/faces/cells onto: false/false/false
    (vi)  M^-1 {S1,S2,X_a} M in Gamma_b: [ false, false, false ]   M {S1,S2,X_b} M^-1 in Gamma_a: [ false, false, false ]
    (vii) conjugated triple orientation in Gamma_b: none  (RepresentativeAction and own conjugator search agree: true; exact equality with same triple: false, with mirror triple: false)
    flag image = intended even flag: false   (= intended flag with the other cell: false;  image flag orbit: none)
    => candidate even passes (structure map): false;  represents the even coset: false
    M = [ [ 3/4, 0, -1/4*E(5)^2-1/4*E(5)^3, 1/4*E(5)+1/4*E(5)^4 ], [ 0, 3/4, -1/4*E(5)-1/4*E(5)^4, -1/4*E(5)^2-1/4*E(5)^3 ], [ -1/4*E(5)^2-1/4*E(5)^3, 1/4*E(5)+1/4*E(5)^4, -5/4*E(5)-3/4*E(5)^2-3/4*E(5)^3-5/4*E(5)^4, -3/2*E(5)-1/2*E(5)^2-1/2*E(5)^3-3/2*E(5)^4 ], [ -1/4*E(5)-1/4*E(5)^4, -1/4*E(5)^2-1/4*E(5)^3, 3/2*E(5)+1/2*E(5)^2+1/2*E(5)^3+3/2*E(5)^4, -5/4*E(5)-3/4*E(5)^2-3/4*E(5)^3-5/4*E(5)^4 ] ]
  candidate odd: image tuple (1-based indices in V_b) [ 93, 33, 74, 16 ]  Gram-consistent: false
    (i)   traversal of all p face vertices: true
    (ii)  M*M^T = lambda*I: false
    (iii) det M = -45/16*E(5)-9/8*E(5)^2-9/8*E(5)^3-45/16*E(5)^4  sign(det M/lambda^2) = na
    (iv)  vertex set onto vertex set: false
    (v)   edges/faces/cells onto: false/false/false
    (vi)  M^-1 {S1,S2,X_a} M in Gamma_b: [ false, false, false ]   M {S1,S2,X_b} M^-1 in Gamma_a: [ false, false, false ]
    (vii) conjugated triple orientation in Gamma_b: none  (RepresentativeAction and own conjugator search agree: true; exact equality with same triple: false, with mirror triple: false)
    flag image = intended odd flag: false   (= intended flag with the other cell: false;  image flag orbit: none)
    => candidate odd passes (structure map): false;  represents the odd coset: false
    M = [ [ 3/4, 0, -1/4*E(5)^2-1/4*E(5)^3, 1/4*E(5)+1/4*E(5)^4 ], [ 0, 3/4, 1/4*E(5)+1/4*E(5)^4, 1/4*E(5)^2+1/4*E(5)^3 ], [ -1/4*E(5)^2-1/4*E(5)^3, 1/4*E(5)+1/4*E(5)^4, 1/4, -2*E(5)-E(5)^2-E(5)^3-2*E(5)^4 ], [ 1/4*E(5)+1/4*E(5)^4, 3/2*E(5)+1/4*E(5)^2+1/4*E(5)^3+3/2*E(5)^4, E(5)+1/2*E(5)^2+1/2*E(5)^3+E(5)^4, -1/4 ] ]
  exhaustive Gram-pruned enumeration [t=130s]
    Gram-consistent ordered 4-tuples: 14400   Gamma_b-orbits: 2   full similarities: 0   det signs: [  ]
    orbit rep tuple [ 1, 2, 57, 101 ]: similarity=false det sign=+1 vertices=true edges=false faces=false cells=false conj=[ true, true, true ][ true, true, true ] orientation=none
    orbit rep tuple [ 1, 2, 57, 103 ]: similarity=false det sign=-1 vertices=true edges=false faces=false cells=false conj=[ true, true, true ][ true, true, true ] orientation=none
  [ok]   each Gamma_b-orbit of anchor tuples has size |Gamma_b| (free action)
  [ok]   the recorded orbits partition the enumerated tuple list
  [ok]   direct recomputation of M*M^T and det M for 200 sampled tuples agrees with orbit representatives
  [ok]   exhaustive similarity count 0 = |Gamma_b| * (number of flag-anchored cosets = 0)
  [ok]   number of similarity orbits found exhaustively = number of flag-anchored cosets
  [ok]   candidate even is not Gram-consistent and does not pass
  [ok]   candidate odd is not Gram-consistent and does not pass
  [ok]   det signs of passing candidates = det signs found exhaustively
  => EXHAUSTIVE PROOF: no similarity of E^4 carries realisation L3-{5,3,5/2}-9 onto L3-{5,3,5/2}-13 (no Gram-consistent tuple yields a structure map).

== pair (L3-{5,3,5/2}-10 -> L3-{5,3,5/2}-13)  f-vector (120,720,300,50)  |Gamma_a|=7200 |Gamma_b|=7200 [t=130s]
  lambda = |w_b|^2/|w_a|^2 = 1/4  (~0.25)
  candidate even: image tuple (1-based indices in V_b) [ 93, 32, 86, 17 ]  Gram-consistent: false
    (i)   traversal of all p face vertices: true
    (ii)  M*M^T = lambda*I: false
    (iii) det M = -5/16*E(5)-1/8*E(5)^2-1/8*E(5)^3-5/16*E(5)^4  sign(det M/lambda^2) = na
    (iv)  vertex set onto vertex set: false
    (v)   edges/faces/cells onto: false/false/false
    (vi)  M^-1 {S1,S2,X_a} M in Gamma_b: [ false, false, false ]   M {S1,S2,X_b} M^-1 in Gamma_a: [ false, false, false ]
    (vii) conjugated triple orientation in Gamma_b: none  (RepresentativeAction and own conjugator search agree: true; exact equality with same triple: false, with mirror triple: false)
    flag image = intended even flag: false   (= intended flag with the other cell: false;  image flag orbit: none)
    => candidate even passes (structure map): false;  represents the even coset: false
    M = [ [ 1/4*E(5)-1/4*E(5)^2-1/4*E(5)^3+1/4*E(5)^4, -3/2*E(5)-1/2*E(5)^2-1/2*E(5)^3-3/2*E(5)^4, -1/4*E(5)^2-1/4*E(5)^3, -1/4*E(5)-1/4*E(5)^4 ], [ 3/2*E(5)+1/2*E(5)^2+1/2*E(5)^3+3/2*E(5)^4, 1/4*E(5)-1/4*E(5)^2-1/4*E(5)^3+1/4*E(5)^4, 1/4*E(5)+1/4*E(5)^4, -1/4*E(5)^2-1/4*E(5)^3 ], [ -1/4*E(5)^2-1/4*E(5)^3, -1/4*E(5)-1/4*E(5)^4, 1/4, 0 ], [ 1/4*E(5)+1/4*E(5)^4, -1/4*E(5)^2-1/4*E(5)^3, 0, 1/4 ] ]
  candidate odd: image tuple (1-based indices in V_b) [ 93, 33, 74, 16 ]  Gram-consistent: false
    (i)   traversal of all p face vertices: true
    (ii)  M*M^T = lambda*I: false
    (iii) det M = -5/16*E(5)-1/8*E(5)^2-1/8*E(5)^3-5/16*E(5)^4  sign(det M/lambda^2) = na
    (iv)  vertex set onto vertex set: false
    (v)   edges/faces/cells onto: false/false/false
    (vi)  M^-1 {S1,S2,X_a} M in Gamma_b: [ false, false, false ]   M {S1,S2,X_b} M^-1 in Gamma_a: [ false, false, false ]
    (vii) conjugated triple orientation in Gamma_b: none  (RepresentativeAction and own conjugator search agree: true; exact equality with same triple: false, with mirror triple: false)
    flag image = intended odd flag: false   (= intended flag with the other cell: false;  image flag orbit: none)
    => candidate odd passes (structure map): false;  represents the odd coset: false
    M = [ [ 7/12*E(5)-1/12*E(5)^2-1/12*E(5)^3+7/12*E(5)^4, -2/3*E(5)-1/6*E(5)^2-1/6*E(5)^3-2/3*E(5)^4, 7/6*E(5)+1/4*E(5)^2+1/4*E(5)^3+7/6*E(5)^4, -1/4*E(5)-1/3*E(5)^2-1/3*E(5)^3-1/4*E(5)^4 ], [ 4/3*E(5)+1/3*E(5)^2+1/3*E(5)^3+4/3*E(5)^4, -1/12*E(5)-5/12*E(5)^2-5/12*E(5)^3-1/12*E(5)^4, -3/4*E(5)-1/3*E(5)^2-1/3*E(5)^3-3/4*E(5)^4, 1/3*E(5)+1/4*E(5)^2+1/4*E(5)^3+1/3*E(5)^4 ], [ -1/4*E(5)^2-1/4*E(5)^3, -1/4*E(5)-1/4*E(5)^4, 1/12*E(5)-1/12*E(5)^2-1/12*E(5)^3+1/12*E(5)^4, 1/6 ], [ 1/4*E(5)+1/4*E(5)^4, -1/4*E(5)^2-1/4*E(5)^3, 1/6, -1/12*E(5)+1/12*E(5)^2+1/12*E(5)^3-1/12*E(5)^4 ] ]
  exhaustive Gram-pruned enumeration [t=130s]
    Gram-consistent ordered 4-tuples: 14400   Gamma_b-orbits: 2   full similarities: 0   det signs: [  ]
    orbit rep tuple [ 1, 24, 56, 45 ]: similarity=false det sign=+1 vertices=true edges=false faces=false cells=false conj=[ true, true, true ][ true, true, true ] orientation=none
    orbit rep tuple [ 1, 24, 56, 47 ]: similarity=false det sign=-1 vertices=true edges=false faces=false cells=false conj=[ true, true, true ][ true, true, true ] orientation=none
  [ok]   each Gamma_b-orbit of anchor tuples has size |Gamma_b| (free action)
  [ok]   the recorded orbits partition the enumerated tuple list
  [ok]   direct recomputation of M*M^T and det M for 200 sampled tuples agrees with orbit representatives
  [ok]   exhaustive similarity count 0 = |Gamma_b| * (number of flag-anchored cosets = 0)
  [ok]   number of similarity orbits found exhaustively = number of flag-anchored cosets
  [ok]   candidate even is not Gram-consistent and does not pass
  [ok]   candidate odd is not Gram-consistent and does not pass
  [ok]   det signs of passing candidates = det signs found exhaustively
  => EXHAUSTIVE PROOF: no similarity of E^4 carries realisation L3-{5,3,5/2}-10 onto L3-{5,3,5/2}-13 (no Gram-consistent tuple yields a structure map).

== pair (L3-{5,3,5/2}-11 -> L3-{5,3,5/2}-13)  f-vector (120,720,300,50)  |Gamma_a|=7200 |Gamma_b|=7200 [t=130s]
  lambda = |w_b|^2/|w_a|^2 = 3/8  (~0.375)
  candidate even: image tuple (1-based indices in V_b) [ 93, 32, 86, 17 ]  Gram-consistent: false
    (i)   traversal of all p face vertices: true
    (ii)  M*M^T = lambda*I: false
    (iii) det M = -45/64*E(5)-9/32*E(5)^2-9/32*E(5)^3-45/64*E(5)^4  sign(det M/lambda^2) = na
    (iv)  vertex set onto vertex set: false
    (v)   edges/faces/cells onto: false/false/false
    (vi)  M^-1 {S1,S2,X_a} M in Gamma_b: [ false, false, false ]   M {S1,S2,X_b} M^-1 in Gamma_a: [ false, false, false ]
    (vii) conjugated triple orientation in Gamma_b: none  (RepresentativeAction and own conjugator search agree: true; exact equality with same triple: false, with mirror triple: false)
    flag image = intended even flag: false   (= intended flag with the other cell: false;  image flag orbit: none)
    => candidate even passes (structure map): false;  represents the even coset: false
    M = [ [ -9/8*E(5)-7/8*E(5)^2-7/8*E(5)^3-9/8*E(5)^4, -7/4*E(5)-3/4*E(5)^2-3/4*E(5)^3-7/4*E(5)^4, -1/4*E(5)-3/8*E(5)^2-3/8*E(5)^3-1/4*E(5)^4, -3/8*E(5)-1/4*E(5)^2-1/4*E(5)^3-3/8*E(5)^4 ], [ 7/4*E(5)+3/4*E(5)^2+3/4*E(5)^3+7/4*E(5)^4, -9/8*E(5)-7/8*E(5)^2-7/8*E(5)^3-9/8*E(5)^4, 3/8*E(5)+1/4*E(5)^2+1/4*E(5)^3+3/8*E(5)^4, -1/4*E(5)-3/8*E(5)^2-3/8*E(5)^3-1/4*E(5)^4 ], [ -1/4*E(5)-3/8*E(5)^2-3/8*E(5)^3-1/4*E(5)^4, -3/8*E(5)-1/4*E(5)^2-1/4*E(5)^3-3/8*E(5)^4, 3/8, 0 ], [ 3/8*E(5)+1/4*E(5)^2+1/4*E(5)^3+3/8*E(5)^4, -1/4*E(5)-3/8*E(5)^2-3/8*E(5)^3-1/4*E(5)^4, 0, 3/8 ] ]
  candidate odd: image tuple (1-based indices in V_b) [ 93, 33, 74, 16 ]  Gram-consistent: false
    (i)   traversal of all p face vertices: true
    (ii)  M*M^T = lambda*I: false
    (iii) det M = -45/64*E(5)-9/32*E(5)^2-9/32*E(5)^3-45/64*E(5)^4  sign(det M/lambda^2) = na
    (iv)  vertex set onto vertex set: false
    (v)   edges/faces/cells onto: false/false/false
    (vi)  M^-1 {S1,S2,X_a} M in Gamma_b: [ false, false, false ]   M {S1,S2,X_b} M^-1 in Gamma_a: [ false, false, false ]
    (vii) conjugated triple orientation in Gamma_b: none  (RepresentativeAction and own conjugator search agree: true; exact equality with same triple: false, with mirror triple: false)
    flag image = intended odd flag: false   (= intended flag with the other cell: false;  image flag orbit: none)
    => candidate odd passes (structure map): false;  represents the odd coset: false
    M = [ [ 3/4, -3/4*E(5)-3/8*E(5)^2-3/8*E(5)^3-3/4*E(5)^4, 13/8*E(5)+3/8*E(5)^2+3/8*E(5)^3+13/8*E(5)^4, -3/8*E(5)-1/4*E(5)^2-1/4*E(5)^3-3/8*E(5)^4 ], [ 15/8*E(5)+3/4*E(5)^2+3/4*E(5)^3+15/8*E(5)^4, 3/4, 3/8*E(5)+1/8*E(5)^2+1/8*E(5)^3+3/8*E(5)^4, 1/4*E(5)+3/8*E(5)^2+3/8*E(5)^3+1/4*E(5)^4 ], [ -1/4*E(5)-3/8*E(5)^2-3/8*E(5)^3-1/4*E(5)^4, -3/8*E(5)-1/4*E(5)^2-1/4*E(5)^3-3/8*E(5)^4, 1/8*E(5)-1/8*E(5)^2-1/8*E(5)^3+1/8*E(5)^4, 1/4 ], [ 3/8*E(5)+1/8*E(5)^2+1/8*E(5)^3+3/8*E(5)^4, -1/8*E(5)-3/8*E(5)^2-3/8*E(5)^3-1/8*E(5)^4, -1/8, -1/8*E(5)+1/8*E(5)^2+1/8*E(5)^3-1/8*E(5)^4 ] ]
  exhaustive Gram-pruned enumeration [t=130s]
    Gram-consistent ordered 4-tuples: 14400   Gamma_b-orbits: 2   full similarities: 0   det signs: [  ]
    orbit rep tuple [ 1, 24, 56, 45 ]: similarity=false det sign=+1 vertices=true edges=false faces=false cells=false conj=[ true, true, true ][ true, true, true ] orientation=none
    orbit rep tuple [ 1, 24, 56, 47 ]: similarity=false det sign=-1 vertices=true edges=false faces=false cells=false conj=[ true, true, true ][ true, true, true ] orientation=none
  [ok]   each Gamma_b-orbit of anchor tuples has size |Gamma_b| (free action)
  [ok]   the recorded orbits partition the enumerated tuple list
  [ok]   direct recomputation of M*M^T and det M for 200 sampled tuples agrees with orbit representatives
  [ok]   exhaustive similarity count 0 = |Gamma_b| * (number of flag-anchored cosets = 0)
  [ok]   number of similarity orbits found exhaustively = number of flag-anchored cosets
  [ok]   candidate even is not Gram-consistent and does not pass
  [ok]   candidate odd is not Gram-consistent and does not pass
  [ok]   det signs of passing candidates = det signs found exhaustively
  => EXHAUSTIVE PROOF: no similarity of E^4 carries realisation L3-{5,3,5/2}-11 onto L3-{5,3,5/2}-13 (no Gram-consistent tuple yields a structure map).

== pair (L3-{5,3,5/2}-12 -> L3-{5,3,5/2}-13)  f-vector (120,720,300,50)  |Gamma_a|=7200 |Gamma_b|=7200 [t=131s]
  lambda = |w_b|^2/|w_a|^2 = 5/8  (~0.625)
  candidate even: image tuple (1-based indices in V_b) [ 93, 32, 86, 17 ]  Gram-consistent: false
    (i)   traversal of all p face vertices: true
    (ii)  M*M^T = lambda*I: false
    (iii) det M = -125/64*E(5)-25/32*E(5)^2-25/32*E(5)^3-125/64*E(5)^4  sign(det M/lambda^2) = na
    (iv)  vertex set onto vertex set: false
    (v)   edges/faces/cells onto: false/false/false
    (vi)  M^-1 {S1,S2,X_a} M in Gamma_b: [ false, false, false ]   M {S1,S2,X_b} M^-1 in Gamma_a: [ false, false, false ]
    (vii) conjugated triple orientation in Gamma_b: none  (RepresentativeAction and own conjugator search agree: true; exact equality with same triple: false, with mirror triple: false)
    flag image = intended even flag: false   (= intended flag with the other cell: false;  image flag orbit: none)
    => candidate even passes (structure map): false;  represents the even coset: false
    M = [ [ 5/8, 0, -1/4*E(5)-3/8*E(5)^2-3/8*E(5)^3-1/4*E(5)^4, 3/8*E(5)+1/4*E(5)^2+1/4*E(5)^3+3/8*E(5)^4 ], [ 0, 5/8, -3/8*E(5)-1/4*E(5)^2-1/4*E(5)^3-3/8*E(5)^4, -1/4*E(5)-3/8*E(5)^2-3/8*E(5)^3-1/4*E(5)^4 ], [ -1/4*E(5)-3/8*E(5)^2-3/8*E(5)^3-1/4*E(5)^4, 3/8*E(5)+1/4*E(5)^2+1/4*E(5)^3+3/8*E(5)^4, 1/8*E(5)-1/8*E(5)^2-1/8*E(5)^3+1/8*E(5)^4, -7/4*E(5)-3/4*E(5)^2-3/4*E(5)^3-7/4*E(5)^4 ], [ -3/8*E(5)-1/4*E(5)^2-1/4*E(5)^3-3/8*E(5)^4, -1/4*E(5)-3/8*E(5)^2-3/8*E(5)^3-1/4*E(5)^4, 7/4*E(5)+3/4*E(5)^2+3/4*E(5)^3+7/4*E(5)^4, 1/8*E(5)-1/8*E(5)^2-1/8*E(5)^3+1/8*E(5)^4 ] ]
  candidate odd: image tuple (1-based indices in V_b) [ 93, 33, 74, 16 ]  Gram-consistent: false
    (i)   traversal of all p face vertices: true
    (ii)  M*M^T = lambda*I: false
    (iii) det M = -125/64*E(5)-25/32*E(5)^2-25/32*E(5)^3-125/64*E(5)^4  sign(det M/lambda^2) = na
    (iv)  vertex set onto vertex set: false
    (v)   edges/faces/cells onto: false/false/false
    (vi)  M^-1 {S1,S2,X_a} M in Gamma_b: [ false, false, false ]   M {S1,S2,X_b} M^-1 in Gamma_a: [ false, false, false ]
    (vii) conjugated triple orientation in Gamma_b: none  (RepresentativeAction and own conjugator search agree: true; exact equality with same triple: false, with mirror triple: false)
    flag image = intended odd flag: false   (= intended flag with the other cell: false;  image flag orbit: none)
    => candidate odd passes (structure map): false;  represents the odd coset: false
    M = [ [ -2/3*E(5)-7/12*E(5)^2-7/12*E(5)^3-2/3*E(5)^4, -1/6*E(5)-1/24*E(5)^2-1/24*E(5)^3-1/6*E(5)^4, -1/8*E(5)-7/24*E(5)^2-7/24*E(5)^3-1/8*E(5)^4, 1/24*E(5)-1/4*E(5)^2-1/4*E(5)^3+1/24*E(5)^4 ], [ -1/24*E(5)-1/6*E(5)^2-1/6*E(5)^3-1/24*E(5)^4, -7/12*E(5)-2/3*E(5)^2-2/3*E(5)^3-7/12*E(5)^4, 7/24*E(5)+1/8*E(5)^2+1/8*E(5)^3+7/24*E(5)^4, -1/4*E(5)+1/24*E(5)^2+1/24*E(5)^3-1/4*E(5)^4 ], [ 1/12*E(5)-7/24*E(5)^2-7/24*E(5)^3+1/12*E(5)^4, 31/24*E(5)+7/12*E(5)^2+7/12*E(5)^3+31/24*E(5)^4, 3/8*E(5)+1/24*E(5)^2+1/24*E(5)^3+3/8*E(5)^4, -7/6*E(5)-1/2*E(5)^2-1/2*E(5)^3-7/6*E(5)^4 ], [ 1/24*E(5)-1/24*E(5)^2-1/24*E(5)^3+1/24*E(5)^4, 19/24*E(5)+1/24*E(5)^2+1/24*E(5)^3+19/24*E(5)^4, 17/24*E(5)+1/8*E(5)^2+1/8*E(5)^3+17/24*E(5)^4, 11/8*E(5)+17/24*E(5)^2+17/24*E(5)^3+11/8*E(5)^4 ] ]
  exhaustive Gram-pruned enumeration [t=131s]
    Gram-consistent ordered 4-tuples: 14400   Gamma_b-orbits: 2   full similarities: 0   det signs: [  ]
    orbit rep tuple [ 1, 2, 57, 101 ]: similarity=false det sign=+1 vertices=true edges=false faces=false cells=false conj=[ true, true, true ][ true, true, true ] orientation=none
    orbit rep tuple [ 1, 2, 57, 103 ]: similarity=false det sign=-1 vertices=true edges=false faces=false cells=false conj=[ true, true, true ][ true, true, true ] orientation=none
  [ok]   each Gamma_b-orbit of anchor tuples has size |Gamma_b| (free action)
  [ok]   the recorded orbits partition the enumerated tuple list
  [ok]   direct recomputation of M*M^T and det M for 200 sampled tuples agrees with orbit representatives
  [ok]   exhaustive similarity count 0 = |Gamma_b| * (number of flag-anchored cosets = 0)
  [ok]   number of similarity orbits found exhaustively = number of flag-anchored cosets
  [ok]   candidate even is not Gram-consistent and does not pass
  [ok]   candidate odd is not Gram-consistent and does not pass
  [ok]   det signs of passing candidates = det signs found exhaustively
  => EXHAUSTIVE PROOF: no similarity of E^4 carries realisation L3-{5,3,5/2}-12 onto L3-{5,3,5/2}-13 (no Gram-consistent tuple yields a structure map).

== pair (L3-{5,3,5/2}-13 -> L3-{5,3,5/2}-13)  f-vector (120,720,300,50)  |Gamma_a|=7200 |Gamma_b|=7200 [t=131s]
  lambda = |w_b|^2/|w_a|^2 = 1  (~1.)
  candidate even: image tuple (1-based indices in V_b) [ 93, 32, 86, 17 ]  Gram-consistent: true
    (i)   traversal of all p face vertices: true
    (ii)  M*M^T = lambda*I: true
    (iii) det M = 1  sign(det M/lambda^2) = +1
    (iv)  vertex set onto vertex set: true
    (v)   edges/faces/cells onto: true/true/true
    (vi)  M^-1 {S1,S2,X_a} M in Gamma_b: [ true, true, true ]   M {S1,S2,X_b} M^-1 in Gamma_a: [ true, true, true ]
    (vii) conjugated triple orientation in Gamma_b: same  (RepresentativeAction and own conjugator search agree: true; exact equality with same triple: true, with mirror triple: false)
    flag image = intended even flag: true   (= intended flag with the other cell: false;  image flag orbit: even)
    => candidate even passes (structure map): true;  represents the even coset: true
    M = [ [ 1, 0, 0, 0 ], [ 0, 1, 0, 0 ], [ 0, 0, 1, 0 ], [ 0, 0, 0, 1 ] ]
  [ok]   orientation test: RepresentativeAction agrees with independent conjugator search
  [ok]   conjugated triple is not simultaneously conjugate to the same and the mirror triple (abstract chirality)
  [ok]   passing even candidate maps the base flag of a to the intended flag of b or to the intended flag with the other cell
  [ok]   image flag orbit is even iff (even candidate and intended flag) or (odd candidate and other cell)
  [ok]   even candidate with even image orbit: conjugated triple is Gamma_b-conjugate to (S1,S2,X_b)
  [ok]   even candidate hitting the base flag: conjugated triple equals (S1,S2,X_b) exactly (free flag action)
  candidate odd: image tuple (1-based indices in V_b) [ 93, 33, 74, 16 ]  Gram-consistent: true
    (i)   traversal of all p face vertices: true
    (ii)  M*M^T = lambda*I: true
    (iii) det M = 1  sign(det M/lambda^2) = +1
    (iv)  vertex set onto vertex set: true
    (v)   edges/faces/cells onto: true/true/true
    (vi)  M^-1 {S1,S2,X_a} M in Gamma_b: [ true, true, true ]   M {S1,S2,X_b} M^-1 in Gamma_a: [ true, true, true ]
    (vii) conjugated triple orientation in Gamma_b: same  (RepresentativeAction and own conjugator search agree: true; exact equality with same triple: false, with mirror triple: false)
    flag image = intended odd flag: false   (= intended flag with the other cell: true;  image flag orbit: even)
    => candidate odd passes (structure map): true;  represents the odd coset: false
    M = [ [ -5/6*E(5)-2/3*E(5)^2-2/3*E(5)^3-5/6*E(5)^4, -1/6, -1/2*E(5)^2-1/2*E(5)^3, 0 ], [ -1/6, -2/3*E(5)-5/6*E(5)^2-5/6*E(5)^3-2/3*E(5)^4, 1/2*E(5)+1/2*E(5)^4, 0 ], [ -1/3*E(5)-1/2*E(5)^2-1/2*E(5)^3-1/3*E(5)^4, -1/2*E(5)-1/3*E(5)^2-1/3*E(5)^3-1/2*E(5)^4, -1/6*E(5)+1/6*E(5)^2+1/6*E(5)^3-1/6*E(5)^4, 2/3 ], [ -1/3*E(5)^2-1/3*E(5)^3, 1/3*E(5)+1/3*E(5)^4, -1/3, -1/3*E(5)+1/3*E(5)^2+1/3*E(5)^3-1/3*E(5)^4 ] ]
  [ok]   orientation test: RepresentativeAction agrees with independent conjugator search
  [ok]   conjugated triple is not simultaneously conjugate to the same and the mirror triple (abstract chirality)
  [ok]   passing odd candidate maps the base flag of a to the intended flag of b or to the intended flag with the other cell
  [ok]   image flag orbit is even iff (even candidate and intended flag) or (odd candidate and other cell)
  [ok]   odd candidate with even image orbit: conjugated triple is Gamma_b-conjugate to (S1,S2,X_b)
  [ok]   both candidates pass but only one hits its intended flag: M_even^-1 M_odd lies in Gamma_b (same coset)
  [ok]   at least one of the two passing candidates hits its intended flag
  a = b: the odd candidate passes but maps the base flag to (Phi^2)^3 (even orbit): it is an element of Gamma, not an extra symmetry; no similarity maps the base flag to its 2-adjacent flag: geometrically chiral (symmetry group = Gamma)
  [ok]   a = b: the even candidate (identity) passes and fixes the base flag
  [ok]   a = b: the even candidate matrix is the identity
  exhaustive Gram-pruned enumeration [t=132s]
    Gram-consistent ordered 4-tuples: 14400   Gamma_b-orbits: 2   full similarities: 7200   det signs: [ "+1" ]
    orbit rep tuple [ 1, 8, 56, 108 ]: similarity=false det sign=-1 vertices=true edges=true faces=false cells=false conj=[ true, true, true ][ true, true, true ] orientation=none
    orbit rep tuple [ 1, 8, 56, 118 ]: similarity=true det sign=+1 vertices=true edges=true faces=true cells=true conj=[ true, true, true ][ true, true, true ] orientation=same
  [ok]   each Gamma_b-orbit of anchor tuples has size |Gamma_b| (free action)
  [ok]   the recorded orbits partition the enumerated tuple list
  [ok]   direct recomputation of M*M^T and det M for 200 sampled tuples agrees with orbit representatives
  [ok]   exhaustive similarity count 7200 = |Gamma_b| * (number of flag-anchored cosets = 1)
  [ok]   number of similarity orbits found exhaustively = number of flag-anchored cosets
  [ok]   candidate even tuple is enumerated and its orbit verdict matches the candidate verdict
  [ok]   candidate odd tuple is enumerated and its orbit verdict matches the candidate verdict
  [ok]   det signs of passing candidates = det signs found exhaustively
  => 7200 similarities L3-{5,3,5/2}-13 -> L3-{5,3,5/2}-13 (1 Gamma_b-coset(s)), lambda = 1, det signs [ "+1" ]

== pair (L3-{5,3,5/2}-14 -> L3-{5,3,5/2}-13)  f-vector (120,720,300,50)  |Gamma_a|=7200 |Gamma_b|=7200 [t=132s]
  lambda = |w_b|^2/|w_a|^2 = -3/8*E(5)-3/4*E(5)^2-3/4*E(5)^3-3/8*E(5)^4  (~0.9817627457812106)
  candidate even: image tuple (1-based indices in V_b) [ 93, 32, 86, 17 ]  Gram-consistent: true
    (i)   traversal of all p face vertices: true
    (ii)  M*M^T = lambda*I: true
    (iii) det M = -9/32*E(5)-45/64*E(5)^2-45/64*E(5)^3-9/32*E(5)^4  sign(det M/lambda^2) = +1
    (iv)  vertex set onto vertex set: true
    (v)   edges/faces/cells onto: true/true/true
    (vi)  M^-1 {S1,S2,X_a} M in Gamma_b: [ true, true, true ]   M {S1,S2,X_b} M^-1 in Gamma_a: [ true, true, true ]
    (vii) conjugated triple orientation in Gamma_b: mirror  (RepresentativeAction and own conjugator search agree: true; exact equality with same triple: false, with mirror triple: false)
    flag image = intended even flag: false   (= intended flag with the other cell: true;  image flag orbit: odd)
    => candidate even passes (structure map): true;  represents the even coset: false
    M = [ [ -1/2*E(5)-3/4*E(5)^2-3/4*E(5)^3-1/2*E(5)^4, -1/8*E(5)^2-1/8*E(5)^3, 1/8, 1/8*E(5)+1/4*E(5)^2+1/4*E(5)^3+1/8*E(5)^4 ], [ 1/8*E(5)^2+1/8*E(5)^3, -1/2*E(5)-3/4*E(5)^2-3/4*E(5)^3-1/2*E(5)^4, -1/8*E(5)-1/4*E(5)^2-1/4*E(5)^3-1/8*E(5)^4, 1/8 ], [ 1/8, 1/8*E(5)+1/4*E(5)^2+1/4*E(5)^3+1/8*E(5)^4, -1/2*E(5)^2-1/2*E(5)^3, -1/4*E(5)-3/8*E(5)^2-3/8*E(5)^3-1/4*E(5)^4 ], [ -1/8*E(5)-1/4*E(5)^2-1/4*E(5)^3-1/8*E(5)^4, 1/8, 1/4*E(5)+3/8*E(5)^2+3/8*E(5)^3+1/4*E(5)^4, -1/2*E(5)^2-1/2*E(5)^3 ] ]
  [ok]   orientation test: RepresentativeAction agrees with independent conjugator search
  [ok]   conjugated triple is not simultaneously conjugate to the same and the mirror triple (abstract chirality)
  [ok]   passing even candidate maps the base flag of a to the intended flag of b or to the intended flag with the other cell
  [ok]   image flag orbit is even iff (even candidate and intended flag) or (odd candidate and other cell)
  [ok]   even candidate with odd image orbit: conjugated triple is Gamma_b-conjugate to the mirror triple (S1^-1, S1^2 S2, X_b)
  candidate odd: image tuple (1-based indices in V_b) [ 93, 33, 74, 16 ]  Gram-consistent: true
    (i)   traversal of all p face vertices: true
    (ii)  M*M^T = lambda*I: true
    (iii) det M = -9/32*E(5)-45/64*E(5)^2-45/64*E(5)^3-9/32*E(5)^4  sign(det M/lambda^2) = +1
    (iv)  vertex set onto vertex set: true
    (v)   edges/faces/cells onto: true/true/true
    (vi)  M^-1 {S1,S2,X_a} M in Gamma_b: [ true, true, true ]   M {S1,S2,X_b} M^-1 in Gamma_a: [ true, true, true ]
    (vii) conjugated triple orientation in Gamma_b: mirror  (RepresentativeAction and own conjugator search agree: true; exact equality with same triple: false, with mirror triple: false)
    flag image = intended odd flag: true   (= intended flag with the other cell: false;  image flag orbit: odd)
    => candidate odd passes (structure map): true;  represents the odd coset: true
    M = [ [ 3/8, 0, -1/4*E(5)-5/8*E(5)^2-5/8*E(5)^3-1/4*E(5)^4, -1/8*E(5)-1/4*E(5)^2-1/4*E(5)^3-1/8*E(5)^4 ], [ 0, -3/8*E(5)-3/4*E(5)^2-3/4*E(5)^3-3/8*E(5)^4, 1/4*E(5)+1/8*E(5)^2+1/8*E(5)^3+1/4*E(5)^4, 1/8 ], [ -1/4*E(5)-5/8*E(5)^2-5/8*E(5)^3-1/4*E(5)^4, 1/4*E(5)+1/8*E(5)^2+1/8*E(5)^3+1/4*E(5)^4, 1/4*E(5)+3/8*E(5)^2+3/8*E(5)^3+1/4*E(5)^4, -1/8*E(5)^2-1/8*E(5)^3 ], [ -1/8*E(5)-1/4*E(5)^2-1/4*E(5)^3-1/8*E(5)^4, 1/8, -1/8*E(5)^2-1/8*E(5)^3, 1/2*E(5)+3/4*E(5)^2+3/4*E(5)^3+1/2*E(5)^4 ] ]
  [ok]   orientation test: RepresentativeAction agrees with independent conjugator search
  [ok]   conjugated triple is not simultaneously conjugate to the same and the mirror triple (abstract chirality)
  [ok]   passing odd candidate maps the base flag of a to the intended flag of b or to the intended flag with the other cell
  [ok]   image flag orbit is even iff (even candidate and intended flag) or (odd candidate and other cell)
  [ok]   odd candidate with odd image orbit: conjugated triple is Gamma_b-conjugate to the mirror triple (S1^-1, S1^2 S2, X_b)
  [ok]   both candidates pass but only one hits its intended flag: M_even^-1 M_odd lies in Gamma_b (same coset)
  [ok]   at least one of the two passing candidates hits its intended flag
  exhaustive Gram-pruned enumeration [t=132s]
    Gram-consistent ordered 4-tuples: 14400   Gamma_b-orbits: 2   full similarities: 7200   det signs: [ "+1" ]
    orbit rep tuple [ 1, 8, 56, 108 ]: similarity=false det sign=-1 vertices=true edges=true faces=false cells=false conj=[ true, true, true ][ true, true, true ] orientation=none
    orbit rep tuple [ 1, 8, 56, 118 ]: similarity=true det sign=+1 vertices=true edges=true faces=true cells=true conj=[ true, true, true ][ true, true, true ] orientation=mirror
  [ok]   each Gamma_b-orbit of anchor tuples has size |Gamma_b| (free action)
  [ok]   the recorded orbits partition the enumerated tuple list
  [ok]   direct recomputation of M*M^T and det M for 200 sampled tuples agrees with orbit representatives
  [ok]   exhaustive similarity count 7200 = |Gamma_b| * (number of flag-anchored cosets = 1)
  [ok]   number of similarity orbits found exhaustively = number of flag-anchored cosets
  [ok]   candidate even tuple is enumerated and its orbit verdict matches the candidate verdict
  [ok]   candidate odd tuple is enumerated and its orbit verdict matches the candidate verdict
  [ok]   det signs of passing candidates = det signs found exhaustively
  => 7200 similarities L3-{5,3,5/2}-14 -> L3-{5,3,5/2}-13 (1 Gamma_b-coset(s)), lambda = -3/8*E(5)-3/4*E(5)^2-3/4*E(5)^3-3/8*E(5)^4, det signs [ "+1" ]

== pair (L3-{5,3,5/2}-15 -> L3-{5,3,5/2}-13)  f-vector (120,720,300,50)  |Gamma_a|=7200 |Gamma_b|=7200 [t=132s]
  lambda = |w_b|^2/|w_a|^2 = -5/8*E(5)-1/4*E(5)^2-1/4*E(5)^3-5/8*E(5)^4  (~0.01823725421878952)
  candidate even: image tuple (1-based indices in V_b) [ 93, 32, 86, 17 ]  Gram-consistent: false
    (i)   traversal of all p face vertices: true
    (ii)  M*M^T = lambda*I: false
    (iii) det M = -17/32*E(5)-13/64*E(5)^2-13/64*E(5)^3-17/32*E(5)^4  sign(det M/lambda^2) = +1
    (iv)  vertex set onto vertex set: false
    (v)   edges/faces/cells onto: false/false/false
    (vi)  M^-1 {S1,S2,X_a} M in Gamma_b: [ false, false, false ]   M {S1,S2,X_b} M^-1 in Gamma_a: [ false, false, false ]
    (vii) conjugated triple orientation in Gamma_b: none  (RepresentativeAction and own conjugator search agree: true; exact equality with same triple: false, with mirror triple: false)
    flag image = intended even flag: false   (= intended flag with the other cell: false;  image flag orbit: none)
    => candidate even passes (structure map): false;  represents the even coset: false
    M = [ [ -E(5)-1/2*E(5)^2-1/2*E(5)^3-E(5)^4, -1/4*E(5)-3/8*E(5)^2-3/8*E(5)^3-1/4*E(5)^4, 1/8, -1/8*E(5)-1/4*E(5)^2-1/4*E(5)^3-1/8*E(5)^4 ], [ 1/4*E(5)+3/8*E(5)^2+3/8*E(5)^3+1/4*E(5)^4, -E(5)-1/2*E(5)^2-1/2*E(5)^3-E(5)^4, 1/8*E(5)+1/4*E(5)^2+1/4*E(5)^3+1/8*E(5)^4, 1/8 ], [ 1/8, -1/8*E(5)-1/4*E(5)^2-1/4*E(5)^3-1/8*E(5)^4, -1/2*E(5)-1/4*E(5)^2-1/4*E(5)^3-1/2*E(5)^4, -1/8*E(5)^2-1/8*E(5)^3 ], [ 1/8*E(5)+1/4*E(5)^2+1/4*E(5)^3+1/8*E(5)^4, 1/8, 1/8*E(5)^2+1/8*E(5)^3, -1/2*E(5)-1/4*E(5)^2-1/4*E(5)^3-1/2*E(5)^4 ] ]
  candidate odd: image tuple (1-based indices in V_b) [ 93, 33, 74, 16 ]  Gram-consistent: false
    (i)   traversal of all p face vertices: true
    (ii)  M*M^T = lambda*I: false
    (iii) det M = -17/32*E(5)-13/64*E(5)^2-13/64*E(5)^3-17/32*E(5)^4  sign(det M/lambda^2) = +1
    (iv)  vertex set onto vertex set: false
    (v)   edges/faces/cells onto: false/false/false
    (vi)  M^-1 {S1,S2,X_a} M in Gamma_b: [ false, false, false ]   M {S1,S2,X_b} M^-1 in Gamma_a: [ false, false, false ]
    (vii) conjugated triple orientation in Gamma_b: none  (RepresentativeAction and own conjugator search agree: true; exact equality with same triple: false, with mirror triple: false)
    flag image = intended odd flag: false   (= intended flag with the other cell: false;  image flag orbit: none)
    => candidate odd passes (structure map): false;  represents the odd coset: false
    M = [ [ -23/24*E(5)-13/24*E(5)^2-13/24*E(5)^3-23/24*E(5)^4, -1/12*E(5)-1/3*E(5)^2-1/3*E(5)^3-1/12*E(5)^4, 1/3*E(5)+1/24*E(5)^2+1/24*E(5)^3+1/3*E(5)^4, -1/24*E(5)+1/12*E(5)^2+1/12*E(5)^3-1/24*E(5)^4 ], [ -5/12, -13/24*E(5)-1/3*E(5)^2-1/3*E(5)^3-13/24*E(5)^4, 5/6*E(5)+11/24*E(5)^2+11/24*E(5)^3+5/6*E(5)^4, 1/24*E(5)+5/24*E(5)^2+5/24*E(5)^3+1/24*E(5)^4 ], [ -1/4*E(5)-5/24*E(5)^2-5/24*E(5)^3-1/4*E(5)^4, -5/12*E(5)-3/8*E(5)^2-3/8*E(5)^3-5/12*E(5)^4, -1/6*E(5)-1/8*E(5)^2-1/8*E(5)^3-1/6*E(5)^4, -1/4*E(5)-1/24*E(5)^2-1/24*E(5)^3-1/4*E(5)^4 ], [ 5/24*E(5)+1/4*E(5)^2+1/4*E(5)^3+5/24*E(5)^4, 1/8*E(5)-1/24*E(5)^2-1/24*E(5)^3+1/8*E(5)^4, 1/4*E(5)+5/24*E(5)^2+5/24*E(5)^3+1/4*E(5)^4, -1/3*E(5)-1/3*E(5)^4 ] ]
  exhaustive Gram-pruned enumeration [t=132s]
    Gram-consistent ordered 4-tuples: 14400   Gamma_b-orbits: 2   full similarities: 0   det signs: [  ]
    orbit rep tuple [ 1, 14, 4, 10 ]: similarity=false det sign=-1 vertices=true edges=false faces=false cells=false conj=[ true, true, true ][ true, true, true ] orientation=none
    orbit rep tuple [ 1, 14, 4, 67 ]: similarity=false det sign=+1 vertices=true edges=false faces=false cells=false conj=[ true, true, true ][ true, true, true ] orientation=none
  [ok]   each Gamma_b-orbit of anchor tuples has size |Gamma_b| (free action)
  [ok]   the recorded orbits partition the enumerated tuple list
  [ok]   direct recomputation of M*M^T and det M for 200 sampled tuples agrees with orbit representatives
  [ok]   exhaustive similarity count 0 = |Gamma_b| * (number of flag-anchored cosets = 0)
  [ok]   number of similarity orbits found exhaustively = number of flag-anchored cosets
  [ok]   candidate even is not Gram-consistent and does not pass
  [ok]   candidate odd is not Gram-consistent and does not pass
  [ok]   det signs of passing candidates = det signs found exhaustively
  => EXHAUSTIVE PROOF: no similarity of E^4 carries realisation L3-{5,3,5/2}-15 onto L3-{5,3,5/2}-13 (no Gram-consistent tuple yields a structure map).

== pair (L3-{5,3,5/2}-16 -> L3-{5,3,5/2}-13)  f-vector (120,720,300,50)  |Gamma_a|=7200 |Gamma_b|=7200 [t=133s]
  lambda = |w_b|^2/|w_a|^2 = 3/16  (~0.1875)
  candidate even: image tuple (1-based indices in V_b) [ 93, 32, 86, 17 ]  Gram-consistent: false
    (i)   traversal of all p face vertices: true
    (ii)  M*M^T = lambda*I: false
    (iii) det M = 9/256  sign(det M/lambda^2) = +1
    (iv)  vertex set onto vertex set: false
    (v)   edges/faces/cells onto: false/false/false
    (vi)  M^-1 {S1,S2,X_a} M in Gamma_b: [ false, false, false ]   M {S1,S2,X_b} M^-1 in Gamma_a: [ false, false, false ]
    (vii) conjugated triple orientation in Gamma_b: none  (RepresentativeAction and own conjugator search agree: true; exact equality with same triple: false, with mirror triple: false)
    flag image = intended even flag: false   (= intended flag with the other cell: false;  image flag orbit: none)
    => candidate even passes (structure map): false;  represents the even coset: false
    M = [ [ -1/4*E(5)+1/4*E(5)^2+1/4*E(5)^3-1/4*E(5)^4, -1/4*E(5)-E(5)^2-E(5)^3-1/4*E(5)^4, 1/4*E(5)^2+1/4*E(5)^3, -1/4*E(5)-3/4*E(5)^2-3/4*E(5)^3-1/4*E(5)^4 ], [ 1/4*E(5)+E(5)^2+E(5)^3+1/4*E(5)^4, -1/4*E(5)+1/4*E(5)^2+1/4*E(5)^3-1/4*E(5)^4, 1/4*E(5)+3/4*E(5)^2+3/4*E(5)^3+1/4*E(5)^4, 1/4*E(5)^2+1/4*E(5)^3 ], [ 1/4*E(5)^2+1/4*E(5)^3, -1/4*E(5)-3/4*E(5)^2-3/4*E(5)^3-1/4*E(5)^4, -1/4, -1/4*E(5)-1/2*E(5)^2-1/2*E(5)^3-1/4*E(5)^4 ], [ 1/4*E(5)+3/4*E(5)^2+3/4*E(5)^3+1/4*E(5)^4, 1/4*E(5)^2+1/4*E(5)^3, 1/4*E(5)+1/2*E(5)^2+1/2*E(5)^3+1/4*E(5)^4, -1/4 ] ]
  candidate odd: image tuple (1-based indices in V_b) [ 93, 33, 74, 16 ]  Gram-consistent: false
    (i)   traversal of all p face vertices: true
    (ii)  M*M^T = lambda*I: false
    (iii) det M = 9/256  sign(det M/lambda^2) = +1
    (iv)  vertex set onto vertex set: false
    (v)   edges/faces/cells onto: false/false/false
    (vi)  M^-1 {S1,S2,X_a} M in Gamma_b: [ false, false, false ]   M {S1,S2,X_b} M^-1 in Gamma_a: [ false, false, false ]
    (vii) conjugated triple orientation in Gamma_b: none  (RepresentativeAction and own conjugator search agree: true; exact equality with same triple: false, with mirror triple: false)
    flag image = intended odd flag: false   (= intended flag with the other cell: false;  image flag orbit: none)
    => candidate odd passes (structure map): false;  represents the odd coset: false
    M = [ [ -3/8*E(5)-3/8*E(5)^4, -3/8*E(5)-9/8*E(5)^2-9/8*E(5)^3-3/8*E(5)^4, 1/8*E(5)^2+1/8*E(5)^3, 1/4*E(5)+3/4*E(5)^2+3/4*E(5)^3+1/4*E(5)^4 ], [ 3/8*E(5)+9/8*E(5)^2+9/8*E(5)^3+3/8*E(5)^4, 3/8*E(5)^2+3/8*E(5)^3, 5/8*E(5)+3/4*E(5)^2+3/4*E(5)^3+5/8*E(5)^4, 1/4*E(5)^2+1/4*E(5)^3 ], [ 1/8*E(5)^2+1/8*E(5)^3, -1/8*E(5)-3/4*E(5)^2-3/4*E(5)^3-1/8*E(5)^4, -1/8, 1/4*E(5)+1/2*E(5)^2+1/2*E(5)^3+1/4*E(5)^4 ], [ 1/4*E(5)+3/4*E(5)^2+3/4*E(5)^3+1/4*E(5)^4, 1/4*E(5)^2+1/4*E(5)^3, 1/4*E(5)+1/2*E(5)^2+1/2*E(5)^3+1/4*E(5)^4, -1/4 ] ]
  exhaustive Gram-pruned enumeration [t=133s]
    Gram-consistent ordered 4-tuples: 14400   Gamma_b-orbits: 2   full similarities: 0   det signs: [  ]
    orbit rep tuple [ 1, 14, 4, 10 ]: similarity=false det sign=-1 vertices=true edges=false faces=false cells=false conj=[ true, true, true ][ true, true, true ] orientation=none
    orbit rep tuple [ 1, 14, 4, 67 ]: similarity=false det sign=+1 vertices=true edges=false faces=false cells=false conj=[ true, true, true ][ true, true, true ] orientation=none
  [ok]   each Gamma_b-orbit of anchor tuples has size |Gamma_b| (free action)
  [ok]   the recorded orbits partition the enumerated tuple list
  [ok]   direct recomputation of M*M^T and det M for 200 sampled tuples agrees with orbit representatives
  [ok]   exhaustive similarity count 0 = |Gamma_b| * (number of flag-anchored cosets = 0)
  [ok]   number of similarity orbits found exhaustively = number of flag-anchored cosets
  [ok]   candidate even is not Gram-consistent and does not pass
  [ok]   candidate odd is not Gram-consistent and does not pass
  [ok]   det signs of passing candidates = det signs found exhaustively
  => EXHAUSTIVE PROOF: no similarity of E^4 carries realisation L3-{5,3,5/2}-16 onto L3-{5,3,5/2}-13 (no Gram-consistent tuple yields a structure map).
pair (L3-{3,3,5/2}-1 -> L3-{5,3,5/2}-13): inequivalent: different f-vector (600,1200,120,5) vs (120,720,300,50)
pair (L3-{3,3,5/2}-4 -> L3-{5,3,5/2}-13): inequivalent: different f-vector (600,1200,120,5) vs (120,720,300,50)

#### target b = L3-{5,3,5/2}-14   computing Gram matrix of V_b [t=133s]
  [ok]   Gram diagonal constant = |w_b|^2
pair (L3-{4,3,3}-1 -> L3-{5,3,5/2}-14): inequivalent: different f-vector (16,32,12,4) vs (120,720,300,50)
pair (L3-{4,3,3}-2 -> L3-{5,3,5/2}-14): inequivalent: different f-vector (16,32,12,4) vs (120,720,300,50)
pair (L3-{4,3,3}-3 -> L3-{5,3,5/2}-14): inequivalent: different f-vector (16,32,12,4) vs (120,720,300,50)
pair (L3-{4,3,3}-6 -> L3-{5,3,5/2}-14): inequivalent: different f-vector (16,32,12,4) vs (120,720,300,50)
pair (L3-{5,3,3}-3 -> L3-{5,3,5/2}-14): inequivalent: different f-vector (600,1200,120,5) vs (120,720,300,50)
pair (L3-{5,3,3}-8 -> L3-{5,3,5/2}-14): inequivalent: different f-vector (600,1200,120,5) vs (120,720,300,50)
pair (L3-{5,3,5/2}-1 -> L3-{5,3,5/2}-14): inequivalent: different f-vector (240,480,120,20) vs (120,720,300,50)
pair (L3-{5,3,5/2}-2 -> L3-{5,3,5/2}-14): inequivalent: different f-vector (240,480,120,20) vs (120,720,300,50)
pair (L3-{5,3,5/2}-3 -> L3-{5,3,5/2}-14): inequivalent: different f-vector (240,480,120,20) vs (120,720,300,50)
pair (L3-{5,3,5/2}-4 -> L3-{5,3,5/2}-14): inequivalent: different f-vector (240,480,120,20) vs (120,720,300,50)
pair (L3-{5,3,5/2}-5 -> L3-{5,3,5/2}-14): inequivalent: different f-vector (48,144,48,8) vs (120,720,300,50)
pair (L3-{5,3,5/2}-6 -> L3-{5,3,5/2}-14): inequivalent: different f-vector (48,144,48,8) vs (120,720,300,50)
pair (L3-{5,3,5/2}-7 -> L3-{5,3,5/2}-14): inequivalent: different f-vector (48,144,48,8) vs (120,720,300,50)
pair (L3-{5,3,5/2}-8 -> L3-{5,3,5/2}-14): inequivalent: different f-vector (48,144,48,8) vs (120,720,300,50)

== pair (L3-{5,3,5/2}-9 -> L3-{5,3,5/2}-14)  f-vector (120,720,300,50)  |Gamma_a|=7200 |Gamma_b|=7200 [t=133s]
  lambda = |w_b|^2/|w_a|^2 = -4*E(5)-2*E(5)^2-2*E(5)^3-4*E(5)^4  (~0.7639320225002109)
  candidate even: image tuple (1-based indices in V_b) [ 69, 45, 89, 24 ]  Gram-consistent: false
    (i)   traversal of all p face vertices: true
    (ii)  M*M^T = lambda*I: false
    (iii) det M = -136*E(5)-52*E(5)^2-52*E(5)^3-136*E(5)^4  sign(det M/lambda^2) = na
    (iv)  vertex set onto vertex set: false
    (v)   edges/faces/cells onto: false/false/false
    (vi)  M^-1 {S1,S2,X_a} M in Gamma_b: [ false, false, false ]   M {S1,S2,X_b} M^-1 in Gamma_a: [ false, false, false ]
    (vii) conjugated triple orientation in Gamma_b: none  (RepresentativeAction and own conjugator search agree: true; exact equality with same triple: false, with mirror triple: false)
    flag image = intended even flag: false   (= intended flag with the other cell: false;  image flag orbit: none)
    => candidate even passes (structure map): false;  represents the even coset: false
    M = [ [ -3/2*E(5)-E(5)^2-E(5)^3-3/2*E(5)^4, 0, 1/2, -E(5)-1/2*E(5)^2-1/2*E(5)^3-E(5)^4 ], [ 0, -3/2*E(5)-E(5)^2-E(5)^3-3/2*E(5)^4, E(5)+1/2*E(5)^2+1/2*E(5)^3+E(5)^4, 1/2 ], [ 1/2, -E(5)-1/2*E(5)^2-1/2*E(5)^3-E(5)^4, 1/2*E(5)+1/2*E(5)^4, 5*E(5)+2*E(5)^2+2*E(5)^3+5*E(5)^4 ], [ E(5)+1/2*E(5)^2+1/2*E(5)^3+E(5)^4, 1/2, -5*E(5)-2*E(5)^2-2*E(5)^3-5*E(5)^4, 1/2*E(5)+1/2*E(5)^4 ] ]
  candidate odd: image tuple (1-based indices in V_b) [ 69, 43, 61, 29 ]  Gram-consistent: false
    (i)   traversal of all p face vertices: true
    (ii)  M*M^T = lambda*I: false
    (iii) det M = -136*E(5)-52*E(5)^2-52*E(5)^3-136*E(5)^4  sign(det M/lambda^2) = na
    (iv)  vertex set onto vertex set: false
    (v)   edges/faces/cells onto: false/false/false
    (vi)  M^-1 {S1,S2,X_a} M in Gamma_b: [ false, false, false ]   M {S1,S2,X_b} M^-1 in Gamma_a: [ false, false, false ]
    (vii) conjugated triple orientation in Gamma_b: none  (RepresentativeAction and own conjugator search agree: true; exact equality with same triple: false, with mirror triple: false)
    flag image = intended odd flag: false   (= intended flag with the other cell: false;  image flag orbit: none)
    => candidate odd passes (structure map): false;  represents the odd coset: false
    M = [ [ -3/2*E(5)-E(5)^2-E(5)^3-3/2*E(5)^4, 0, 1/2, -E(5)-1/2*E(5)^2-1/2*E(5)^3-E(5)^4 ], [ 0, -1/2*E(5)^2-1/2*E(5)^3, 3/2*E(5)+1/2*E(5)^2+1/2*E(5)^3+3/2*E(5)^4, -1/2*E(5)-1/2*E(5)^4 ], [ 1/2, 3/2*E(5)+1/2*E(5)^2+1/2*E(5)^3+3/2*E(5)^4, 3/2*E(5)+1/2*E(5)^2+1/2*E(5)^3+3/2*E(5)^4, 9/2*E(5)+3/2*E(5)^2+3/2*E(5)^3+9/2*E(5)^4 ], [ -E(5)-1/2*E(5)^2-1/2*E(5)^3-E(5)^4, -9/2*E(5)-2*E(5)^2-2*E(5)^3-9/2*E(5)^4, -3/2*E(5)-1/2*E(5)^2-1/2*E(5)^3-3/2*E(5)^4, 2*E(5)+E(5)^2+E(5)^3+2*E(5)^4 ] ]
  exhaustive Gram-pruned enumeration [t=133s]
    Gram-consistent ordered 4-tuples: 14400   Gamma_b-orbits: 2   full similarities: 0   det signs: [  ]
    orbit rep tuple [ 1, 14, 10, 20 ]: similarity=false det sign=+1 vertices=true edges=false faces=false cells=false conj=[ true, true, true ][ true, true, true ] orientation=none
    orbit rep tuple [ 1, 14, 10, 91 ]: similarity=false det sign=-1 vertices=true edges=false faces=false cells=false conj=[ true, true, true ][ true, true, true ] orientation=none
  [ok]   each Gamma_b-orbit of anchor tuples has size |Gamma_b| (free action)
  [ok]   the recorded orbits partition the enumerated tuple list
  [ok]   direct recomputation of M*M^T and det M for 200 sampled tuples agrees with orbit representatives
  [ok]   exhaustive similarity count 0 = |Gamma_b| * (number of flag-anchored cosets = 0)
  [ok]   number of similarity orbits found exhaustively = number of flag-anchored cosets
  [ok]   candidate even is not Gram-consistent and does not pass
  [ok]   candidate odd is not Gram-consistent and does not pass
  [ok]   det signs of passing candidates = det signs found exhaustively
  => EXHAUSTIVE PROOF: no similarity of E^4 carries realisation L3-{5,3,5/2}-9 onto L3-{5,3,5/2}-14 (no Gram-consistent tuple yields a structure map).

== pair (L3-{5,3,5/2}-10 -> L3-{5,3,5/2}-14)  f-vector (120,720,300,50)  |Gamma_a|=7200 |Gamma_b|=7200 [t=133s]
  lambda = |w_b|^2/|w_a|^2 = -4/3*E(5)-2/3*E(5)^2-2/3*E(5)^3-4/3*E(5)^4  (~0.2546440075000702)
  candidate even: image tuple (1-based indices in V_b) [ 69, 45, 89, 24 ]  Gram-consistent: false
    (i)   traversal of all p face vertices: true
    (ii)  M*M^T = lambda*I: false
    (iii) det M = -136/9*E(5)-52/9*E(5)^2-52/9*E(5)^3-136/9*E(5)^4  sign(det M/lambda^2) = na
    (iv)  vertex set onto vertex set: false
    (v)   edges/faces/cells onto: false/false/false
    (vi)  M^-1 {S1,S2,X_a} M in Gamma_b: [ false, false, false ]   M {S1,S2,X_b} M^-1 in Gamma_a: [ false, false, false ]
    (vii) conjugated triple orientation in Gamma_b: none  (RepresentativeAction and own conjugator search agree: true; exact equality with same triple: false, with mirror triple: false)
    flag image = intended even flag: false   (= intended flag with the other cell: false;  image flag orbit: none)
    => candidate even passes (structure map): false;  represents the even coset: false
    M = [ [ 11/6*E(5)+1/3*E(5)^2+1/3*E(5)^3+11/6*E(5)^4, -11/3*E(5)-4/3*E(5)^2-4/3*E(5)^3-11/3*E(5)^4, 1/6*E(5)-1/6*E(5)^2-1/6*E(5)^3+1/6*E(5)^4, -2/3*E(5)-1/6*E(5)^2-1/6*E(5)^3-2/3*E(5)^4 ], [ 11/3*E(5)+4/3*E(5)^2+4/3*E(5)^3+11/3*E(5)^4, 11/6*E(5)+1/3*E(5)^2+1/3*E(5)^3+11/6*E(5)^4, 2/3*E(5)+1/6*E(5)^2+1/6*E(5)^3+2/3*E(5)^4, 1/6*E(5)-1/6*E(5)^2-1/6*E(5)^3+1/6*E(5)^4 ], [ 1/6*E(5)-1/6*E(5)^2-1/6*E(5)^3+1/6*E(5)^4, -2/3*E(5)-1/6*E(5)^2-1/6*E(5)^3-2/3*E(5)^4, 1/2*E(5)+1/2*E(5)^4, 0 ], [ 2/3*E(5)+1/6*E(5)^2+1/6*E(5)^3+2/3*E(5)^4, 1/6*E(5)-1/6*E(5)^2-1/6*E(5)^3+1/6*E(5)^4, 0, 1/2*E(5)+1/2*E(5)^4 ] ]
  candidate odd: image tuple (1-based indices in V_b) [ 69, 43, 61, 29 ]  Gram-consistent: false
    (i)   traversal of all p face vertices: true
    (ii)  M*M^T = lambda*I: false
    (iii) det M = -136/9*E(5)-52/9*E(5)^2-52/9*E(5)^3-136/9*E(5)^4  sign(det M/lambda^2) = na
    (iv)  vertex set onto vertex set: false
    (v)   edges/faces/cells onto: false/false/false
    (vi)  M^-1 {S1,S2,X_a} M in Gamma_b: [ false, false, false ]   M {S1,S2,X_b} M^-1 in Gamma_a: [ false, false, false ]
    (vii) conjugated triple orientation in Gamma_b: none  (RepresentativeAction and own conjugator search agree: true; exact equality with same triple: false, with mirror triple: false)
    flag image = intended odd flag: false   (= intended flag with the other cell: false;  image flag orbit: none)
    => candidate odd passes (structure map): false;  represents the odd coset: false
    M = [ [ 5/6*E(5)+5/6*E(5)^4, -2*E(5)-2/3*E(5)^2-2/3*E(5)^3-2*E(5)^4, 7/2*E(5)+7/6*E(5)^2+7/6*E(5)^3+7/2*E(5)^4, -2/3*E(5)-1/2*E(5)^2-1/2*E(5)^3-2/3*E(5)^4 ], [ 4*E(5)+4/3*E(5)^2+4/3*E(5)^3+4*E(5)^4, -1/3*E(5)-1/2*E(5)^2-1/2*E(5)^3-1/3*E(5)^4, -7/6*E(5)-1/2*E(5)^2-1/2*E(5)^3-7/6*E(5)^4, 1/2*E(5)+1/3*E(5)^2+1/3*E(5)^3+1/2*E(5)^4 ], [ 1/6*E(5)-1/6*E(5)^2-1/6*E(5)^3+1/6*E(5)^4, -1/6, 5/6*E(5)+1/6*E(5)^2+1/6*E(5)^3+5/6*E(5)^4, 1/6 ], [ 2/3*E(5)+1/6*E(5)^2+1/6*E(5)^3+2/3*E(5)^4, -1/6*E(5)-1/3*E(5)^2-1/3*E(5)^3-1/6*E(5)^4, 1/6, 2/3*E(5)+1/3*E(5)^2+1/3*E(5)^3+2/3*E(5)^4 ] ]
  exhaustive Gram-pruned enumeration [t=133s]
    Gram-consistent ordered 4-tuples: 14400   Gamma_b-orbits: 2   full similarities: 0   det signs: [  ]
    orbit rep tuple [ 1, 38, 7, 20 ]: similarity=false det sign=+1 vertices=true edges=false faces=false cells=false conj=[ true, true, true ][ true, true, true ] orientation=none
    orbit rep tuple [ 1, 38, 7, 79 ]: similarity=false det sign=-1 vertices=true edges=false faces=false cells=false conj=[ true, true, true ][ true, true, true ] orientation=none
  [ok]   each Gamma_b-orbit of anchor tuples has size |Gamma_b| (free action)
  [ok]   the recorded orbits partition the enumerated tuple list
  [ok]   direct recomputation of M*M^T and det M for 200 sampled tuples agrees with orbit representatives
  [ok]   exhaustive similarity count 0 = |Gamma_b| * (number of flag-anchored cosets = 0)
  [ok]   number of similarity orbits found exhaustively = number of flag-anchored cosets
  [ok]   candidate even is not Gram-consistent and does not pass
  [ok]   candidate odd is not Gram-consistent and does not pass
  [ok]   det signs of passing candidates = det signs found exhaustively
  => EXHAUSTIVE PROOF: no similarity of E^4 carries realisation L3-{5,3,5/2}-10 onto L3-{5,3,5/2}-14 (no Gram-consistent tuple yields a structure map).

== pair (L3-{5,3,5/2}-11 -> L3-{5,3,5/2}-14)  f-vector (120,720,300,50)  |Gamma_a|=7200 |Gamma_b|=7200 [t=134s]
  lambda = |w_b|^2/|w_a|^2 = -2*E(5)-E(5)^2-E(5)^3-2*E(5)^4  (~0.3819660112501054)
  candidate even: image tuple (1-based indices in V_b) [ 69, 45, 89, 24 ]  Gram-consistent: false
    (i)   traversal of all p face vertices: true
    (ii)  M*M^T = lambda*I: false
    (iii) det M = -34*E(5)-13*E(5)^2-13*E(5)^3-34*E(5)^4  sign(det M/lambda^2) = na
    (iv)  vertex set onto vertex set: false
    (v)   edges/faces/cells onto: false/false/false
    (vi)  M^-1 {S1,S2,X_a} M in Gamma_b: [ false, false, false ]   M {S1,S2,X_b} M^-1 in Gamma_a: [ false, false, false ]
    (vii) conjugated triple orientation in Gamma_b: none  (RepresentativeAction and own conjugator search agree: true; exact equality with same triple: false, with mirror triple: false)
    flag image = intended even flag: false   (= intended flag with the other cell: false;  image flag orbit: none)
    => candidate even passes (structure map): false;  represents the even coset: false
    M = [ [ -3/2*E(5)-E(5)^2-E(5)^3-3/2*E(5)^4, -5*E(5)-2*E(5)^2-2*E(5)^3-5*E(5)^4, 1/2, -E(5)-1/2*E(5)^2-1/2*E(5)^3-E(5)^4 ], [ 5*E(5)+2*E(5)^2+2*E(5)^3+5*E(5)^4, -3/2*E(5)-E(5)^2-E(5)^3-3/2*E(5)^4, E(5)+1/2*E(5)^2+1/2*E(5)^3+E(5)^4, 1/2 ], [ 1/2, -E(5)-1/2*E(5)^2-1/2*E(5)^3-E(5)^4, 1/2*E(5)+1/2*E(5)^4, 0 ], [ E(5)+1/2*E(5)^2+1/2*E(5)^3+E(5)^4, 1/2, 0, 1/2*E(5)+1/2*E(5)^4 ] ]
  candidate odd: image tuple (1-based indices in V_b) [ 69, 43, 61, 29 ]  Gram-consistent: false
    (i)   traversal of all p face vertices: true
    (ii)  M*M^T = lambda*I: false
    (iii) det M = -34*E(5)-13*E(5)^2-13*E(5)^3-34*E(5)^4  sign(det M/lambda^2) = na
    (iv)  vertex set onto vertex set: false
    (v)   edges/faces/cells onto: false/false/false
    (vi)  M^-1 {S1,S2,X_a} M in Gamma_b: [ false, false, false ]   M {S1,S2,X_b} M^-1 in Gamma_a: [ false, false, false ]
    (vii) conjugated triple orientation in Gamma_b: none  (RepresentativeAction and own conjugator search agree: true; exact equality with same triple: false, with mirror triple: false)
    flag image = intended odd flag: false   (= intended flag with the other cell: false;  image flag orbit: none)
    => candidate odd passes (structure map): false;  represents the odd coset: false
    M = [ [ -11/4*E(5)-3/2*E(5)^2-3/2*E(5)^3-11/4*E(5)^4, -7/4*E(5)-3/4*E(5)^2-3/4*E(5)^3-7/4*E(5)^4, 4*E(5)+5/4*E(5)^2+5/4*E(5)^3+4*E(5)^4, -E(5)-1/2*E(5)^2-1/2*E(5)^3-E(5)^4 ], [ 9/2*E(5)+7/4*E(5)^2+7/4*E(5)^3+9/2*E(5)^4, -2*E(5)-5/4*E(5)^2-5/4*E(5)^3-2*E(5)^4, 2*E(5)+3/4*E(5)^2+3/4*E(5)^3+2*E(5)^4, 1/4*E(5)^2+1/4*E(5)^3 ], [ 1/2, 1/4*E(5)+1/4*E(5)^4, E(5)+1/4*E(5)^2+1/4*E(5)^3+E(5)^4, 1/4 ], [ 3/4*E(5)+1/4*E(5)^2+1/4*E(5)^3+3/4*E(5)^4, 1/2, 1/2*E(5)+1/4*E(5)^2+1/4*E(5)^3+1/2*E(5)^4, 3/4*E(5)+1/2*E(5)^2+1/2*E(5)^3+3/4*E(5)^4 ] ]
  exhaustive Gram-pruned enumeration [t=134s]
    Gram-consistent ordered 4-tuples: 14400   Gamma_b-orbits: 2   full similarities: 0   det signs: [  ]
    orbit rep tuple [ 1, 38, 7, 20 ]: similarity=false det sign=+1 vertices=true edges=false faces=false cells=false conj=[ true, true, true ][ true, true, true ] orientation=none
    orbit rep tuple [ 1, 38, 7, 79 ]: similarity=false det sign=-1 vertices=true edges=false faces=false cells=false conj=[ true, true, true ][ true, true, true ] orientation=none
  [ok]   each Gamma_b-orbit of anchor tuples has size |Gamma_b| (free action)
  [ok]   the recorded orbits partition the enumerated tuple list
  [ok]   direct recomputation of M*M^T and det M for 200 sampled tuples agrees with orbit representatives
  [ok]   exhaustive similarity count 0 = |Gamma_b| * (number of flag-anchored cosets = 0)
  [ok]   number of similarity orbits found exhaustively = number of flag-anchored cosets
  [ok]   candidate even is not Gram-consistent and does not pass
  [ok]   candidate odd is not Gram-consistent and does not pass
  [ok]   det signs of passing candidates = det signs found exhaustively
  => EXHAUSTIVE PROOF: no similarity of E^4 carries realisation L3-{5,3,5/2}-11 onto L3-{5,3,5/2}-14 (no Gram-consistent tuple yields a structure map).

== pair (L3-{5,3,5/2}-12 -> L3-{5,3,5/2}-14)  f-vector (120,720,300,50)  |Gamma_a|=7200 |Gamma_b|=7200 [t=134s]
  lambda = |w_b|^2/|w_a|^2 = -10/3*E(5)-5/3*E(5)^2-5/3*E(5)^3-10/3*E(5)^4  (~0.6366100187501753)
  candidate even: image tuple (1-based indices in V_b) [ 69, 45, 89, 24 ]  Gram-consistent: false
    (i)   traversal of all p face vertices: true
    (ii)  M*M^T = lambda*I: false
    (iii) det M = -850/9*E(5)-325/9*E(5)^2-325/9*E(5)^3-850/9*E(5)^4  sign(det M/lambda^2) = na
    (iv)  vertex set onto vertex set: false
    (v)   edges/faces/cells onto: false/false/false
    (vi)  M^-1 {S1,S2,X_a} M in Gamma_b: [ false, false, false ]   M {S1,S2,X_b} M^-1 in Gamma_a: [ false, false, false ]
    (vii) conjugated triple orientation in Gamma_b: none  (RepresentativeAction and own conjugator search agree: true; exact equality with same triple: false, with mirror triple: false)
    flag image = intended even flag: false   (= intended flag with the other cell: false;  image flag orbit: none)
    => candidate even passes (structure map): false;  represents the even coset: false
    M = [ [ -3/2*E(5)-E(5)^2-E(5)^3-3/2*E(5)^4, 0, 1/6*E(5)-1/6*E(5)^2-1/6*E(5)^3+1/6*E(5)^4, -2/3*E(5)-1/6*E(5)^2-1/6*E(5)^3-2/3*E(5)^4 ], [ 0, -3/2*E(5)-E(5)^2-E(5)^3-3/2*E(5)^4, 2/3*E(5)+1/6*E(5)^2+1/6*E(5)^3+2/3*E(5)^4, 1/6*E(5)-1/6*E(5)^2-1/6*E(5)^3+1/6*E(5)^4 ], [ 1/6*E(5)-1/6*E(5)^2-1/6*E(5)^3+1/6*E(5)^4, -2/3*E(5)-1/6*E(5)^2-1/6*E(5)^3-2/3*E(5)^4, -17/6*E(5)-4/3*E(5)^2-4/3*E(5)^3-17/6*E(5)^4, 11/3*E(5)+4/3*E(5)^2+4/3*E(5)^3+11/3*E(5)^4 ], [ 2/3*E(5)+1/6*E(5)^2+1/6*E(5)^3+2/3*E(5)^4, 1/6*E(5)-1/6*E(5)^2-1/6*E(5)^3+1/6*E(5)^4, -11/3*E(5)-4/3*E(5)^2-4/3*E(5)^3-11/3*E(5)^4, -17/6*E(5)-4/3*E(5)^2-4/3*E(5)^3-17/6*E(5)^4 ] ]
  candidate odd: image tuple (1-based indices in V_b) [ 69, 43, 61, 29 ]  Gram-consistent: false
    (i)   traversal of all p face vertices: true
    (ii)  M*M^T = lambda*I: false
    (iii) det M = -850/9*E(5)-325/9*E(5)^2-325/9*E(5)^3-850/9*E(5)^4  sign(det M/lambda^2) = na
    (iv)  vertex set onto vertex set: false
    (v)   edges/faces/cells onto: false/false/false
    (vi)  M^-1 {S1,S2,X_a} M in Gamma_b: [ false, false, false ]   M {S1,S2,X_b} M^-1 in Gamma_a: [ false, false, false ]
    (vii) conjugated triple orientation in Gamma_b: none  (RepresentativeAction and own conjugator search agree: true; exact equality with same triple: false, with mirror triple: false)
    flag image = intended odd flag: false   (= intended flag with the other cell: false;  image flag orbit: none)
    => candidate odd passes (structure map): false;  represents the odd coset: false
    M = [ [ -5/4*E(5)-5/6*E(5)^2-5/6*E(5)^3-5/4*E(5)^4, 7/12*E(5)+1/4*E(5)^2+1/4*E(5)^3+7/12*E(5)^4, -1/6*E(5)-1/4*E(5)^2-1/4*E(5)^3-1/6*E(5)^4, -E(5)-2/3*E(5)^2-2/3*E(5)^3-E(5)^4 ], [ -1/6*E(5)-1/4*E(5)^2-1/4*E(5)^3-1/6*E(5)^4, -5/12*E(5)^2-5/12*E(5)^3, 3/2*E(5)+7/12*E(5)^2+7/12*E(5)^3+3/2*E(5)^4, 1/6*E(5)+1/4*E(5)^2+1/4*E(5)^3+1/6*E(5)^4 ], [ -E(5)-2/3*E(5)^2-2/3*E(5)^3-E(5)^4, -19/12*E(5)-1/2*E(5)^2-1/2*E(5)^3-19/12*E(5)^4, -1/6*E(5)-1/4*E(5)^2-1/4*E(5)^3-1/6*E(5)^4, 17/4*E(5)+19/12*E(5)^2+19/12*E(5)^3+17/4*E(5)^4 ], [ -7/12*E(5)-1/4*E(5)^2-1/4*E(5)^3-7/12*E(5)^4, -4*E(5)-11/6*E(5)^2-11/6*E(5)^3-4*E(5)^4, -2*E(5)-11/12*E(5)^2-11/12*E(5)^3-2*E(5)^4, -19/12*E(5)-1/2*E(5)^2-1/2*E(5)^3-19/12*E(5)^4 ] ]
  exhaustive Gram-pruned enumeration [t=134s]
    Gram-consistent ordered 4-tuples: 14400   Gamma_b-orbits: 2   full similarities: 0   det signs: [  ]
    orbit rep tuple [ 1, 14, 10, 20 ]: similarity=false det sign=+1 vertices=true edges=false faces=false cells=false conj=[ true, true, true ][ true, true, true ] orientation=none
    orbit rep tuple [ 1, 14, 10, 91 ]: similarity=false det sign=-1 vertices=true edges=false faces=false cells=false conj=[ true, true, true ][ true, true, true ] orientation=none
  [ok]   each Gamma_b-orbit of anchor tuples has size |Gamma_b| (free action)
  [ok]   the recorded orbits partition the enumerated tuple list
  [ok]   direct recomputation of M*M^T and det M for 200 sampled tuples agrees with orbit representatives
  [ok]   exhaustive similarity count 0 = |Gamma_b| * (number of flag-anchored cosets = 0)
  [ok]   number of similarity orbits found exhaustively = number of flag-anchored cosets
  [ok]   candidate even is not Gram-consistent and does not pass
  [ok]   candidate odd is not Gram-consistent and does not pass
  [ok]   det signs of passing candidates = det signs found exhaustively
  => EXHAUSTIVE PROOF: no similarity of E^4 carries realisation L3-{5,3,5/2}-12 onto L3-{5,3,5/2}-14 (no Gram-consistent tuple yields a structure map).

== pair (L3-{5,3,5/2}-13 -> L3-{5,3,5/2}-14)  f-vector (120,720,300,50)  |Gamma_a|=7200 |Gamma_b|=7200 [t=135s]
  lambda = |w_b|^2/|w_a|^2 = -16/3*E(5)-8/3*E(5)^2-8/3*E(5)^3-16/3*E(5)^4  (~1.018576030000281)
  candidate even: image tuple (1-based indices in V_b) [ 69, 45, 89, 24 ]  Gram-consistent: true
    (i)   traversal of all p face vertices: true
    (ii)  M*M^T = lambda*I: true
    (iii) det M = -320/9*E(5)-128/9*E(5)^2-128/9*E(5)^3-320/9*E(5)^4  sign(det M/lambda^2) = +1
    (iv)  vertex set onto vertex set: true
    (v)   edges/faces/cells onto: true/true/true
    (vi)  M^-1 {S1,S2,X_a} M in Gamma_b: [ true, true, true ]   M {S1,S2,X_b} M^-1 in Gamma_a: [ true, true, true ]
    (vii) conjugated triple orientation in Gamma_b: mirror  (RepresentativeAction and own conjugator search agree: true; exact equality with same triple: false, with mirror triple: false)
    flag image = intended even flag: false   (= intended flag with the other cell: true;  image flag orbit: odd)
    => candidate even passes (structure map): true;  represents the even coset: false
    M = [ [ -2*E(5)-4/3*E(5)^2-4/3*E(5)^3-2*E(5)^4, -1/3*E(5)-1/3*E(5)^4, -2/3*E(5)-1/3*E(5)^2-1/3*E(5)^3-2/3*E(5)^4, 1/3 ], [ 1/3*E(5)+1/3*E(5)^4, -2*E(5)-4/3*E(5)^2-4/3*E(5)^3-2*E(5)^4, -1/3, -2/3*E(5)-1/3*E(5)^2-1/3*E(5)^3-2/3*E(5)^4 ], [ -2/3*E(5)-1/3*E(5)^2-1/3*E(5)^3-2/3*E(5)^4, 1/3, 4/3*E(5)+4/3*E(5)^4, E(5)+2/3*E(5)^2+2/3*E(5)^3+E(5)^4 ], [ -1/3, -2/3*E(5)-1/3*E(5)^2-1/3*E(5)^3-2/3*E(5)^4, -E(5)-2/3*E(5)^2-2/3*E(5)^3-E(5)^4, 4/3*E(5)+4/3*E(5)^4 ] ]
  [ok]   orientation test: RepresentativeAction agrees with independent conjugator search
  [ok]   conjugated triple is not simultaneously conjugate to the same and the mirror triple (abstract chirality)
  [ok]   passing even candidate maps the base flag of a to the intended flag of b or to the intended flag with the other cell
  [ok]   image flag orbit is even iff (even candidate and intended flag) or (odd candidate and other cell)
  [ok]   even candidate with odd image orbit: conjugated triple is Gamma_b-conjugate to the mirror triple (S1^-1, S1^2 S2, X_b)
  candidate odd: image tuple (1-based indices in V_b) [ 69, 43, 61, 29 ]  Gram-consistent: true
    (i)   traversal of all p face vertices: true
    (ii)  M*M^T = lambda*I: true
    (iii) det M = -320/9*E(5)-128/9*E(5)^2-128/9*E(5)^3-320/9*E(5)^4  sign(det M/lambda^2) = +1
    (iv)  vertex set onto vertex set: true
    (v)   edges/faces/cells onto: true/true/true
    (vi)  M^-1 {S1,S2,X_a} M in Gamma_b: [ true, true, true ]   M {S1,S2,X_b} M^-1 in Gamma_a: [ true, true, true ]
    (vii) conjugated triple orientation in Gamma_b: mirror  (RepresentativeAction and own conjugator search agree: true; exact equality with same triple: false, with mirror triple: false)
    flag image = intended odd flag: true   (= intended flag with the other cell: false;  image flag orbit: odd)
    => candidate odd passes (structure map): true;  represents the odd coset: true
    M = [ [ -2*E(5)-E(5)^2-E(5)^3-2*E(5)^4, 0, -1/3*E(5)-2/3*E(5)^2-2/3*E(5)^3-1/3*E(5)^4, 1/3 ], [ 0, 1, 5/3*E(5)+2/3*E(5)^2+2/3*E(5)^3+5/3*E(5)^4, -2/3*E(5)-1/3*E(5)^2-1/3*E(5)^3-2/3*E(5)^4 ], [ -1/3*E(5)-2/3*E(5)^2-2/3*E(5)^3-1/3*E(5)^4, 5/3*E(5)+2/3*E(5)^2+2/3*E(5)^3+5/3*E(5)^4, E(5)+2/3*E(5)^2+2/3*E(5)^3+E(5)^4, 1/3*E(5)+1/3*E(5)^4 ], [ 1/3, -2/3*E(5)-1/3*E(5)^2-1/3*E(5)^3-2/3*E(5)^4, 1/3*E(5)+1/3*E(5)^4, 2*E(5)+4/3*E(5)^2+4/3*E(5)^3+2*E(5)^4 ] ]
  [ok]   orientation test: RepresentativeAction agrees with independent conjugator search
  [ok]   conjugated triple is not simultaneously conjugate to the same and the mirror triple (abstract chirality)
  [ok]   passing odd candidate maps the base flag of a to the intended flag of b or to the intended flag with the other cell
  [ok]   image flag orbit is even iff (even candidate and intended flag) or (odd candidate and other cell)
  [ok]   odd candidate with odd image orbit: conjugated triple is Gamma_b-conjugate to the mirror triple (S1^-1, S1^2 S2, X_b)
  [ok]   both candidates pass but only one hits its intended flag: M_even^-1 M_odd lies in Gamma_b (same coset)
  [ok]   at least one of the two passing candidates hits its intended flag
  exhaustive Gram-pruned enumeration [t=135s]
    Gram-consistent ordered 4-tuples: 14400   Gamma_b-orbits: 2   full similarities: 7200   det signs: [ "+1" ]
    orbit rep tuple [ 1, 33, 10, 24 ]: similarity=false det sign=-1 vertices=true edges=true faces=false cells=false conj=[ true, true, true ][ true, true, true ] orientation=none
    orbit rep tuple [ 1, 33, 10, 58 ]: similarity=true det sign=+1 vertices=true edges=true faces=true cells=true conj=[ true, true, true ][ true, true, true ] orientation=mirror
  [ok]   each Gamma_b-orbit of anchor tuples has size |Gamma_b| (free action)
  [ok]   the recorded orbits partition the enumerated tuple list
  [ok]   direct recomputation of M*M^T and det M for 200 sampled tuples agrees with orbit representatives
  [ok]   exhaustive similarity count 7200 = |Gamma_b| * (number of flag-anchored cosets = 1)
  [ok]   number of similarity orbits found exhaustively = number of flag-anchored cosets
  [ok]   candidate even tuple is enumerated and its orbit verdict matches the candidate verdict
  [ok]   candidate odd tuple is enumerated and its orbit verdict matches the candidate verdict
  [ok]   det signs of passing candidates = det signs found exhaustively
  => 7200 similarities L3-{5,3,5/2}-13 -> L3-{5,3,5/2}-14 (1 Gamma_b-coset(s)), lambda = -16/3*E(5)-8/3*E(5)^2-8/3*E(5)^3-16/3*E(5)^4, det signs [ "+1" ]

== pair (L3-{5,3,5/2}-14 -> L3-{5,3,5/2}-14)  f-vector (120,720,300,50)  |Gamma_a|=7200 |Gamma_b|=7200 [t=135s]
  lambda = |w_b|^2/|w_a|^2 = 1  (~1.)
  candidate even: image tuple (1-based indices in V_b) [ 69, 45, 89, 24 ]  Gram-consistent: true
    (i)   traversal of all p face vertices: true
    (ii)  M*M^T = lambda*I: true
    (iii) det M = 1  sign(det M/lambda^2) = +1
    (iv)  vertex set onto vertex set: true
    (v)   edges/faces/cells onto: true/true/true
    (vi)  M^-1 {S1,S2,X_a} M in Gamma_b: [ true, true, true ]   M {S1,S2,X_b} M^-1 in Gamma_a: [ true, true, true ]
    (vii) conjugated triple orientation in Gamma_b: same  (RepresentativeAction and own conjugator search agree: true; exact equality with same triple: true, with mirror triple: false)
    flag image = intended even flag: true   (= intended flag with the other cell: false;  image flag orbit: even)
    => candidate even passes (structure map): true;  represents the even coset: true
    M = [ [ 1, 0, 0, 0 ], [ 0, 1, 0, 0 ], [ 0, 0, 1, 0 ], [ 0, 0, 0, 1 ] ]
  [ok]   orientation test: RepresentativeAction agrees with independent conjugator search
  [ok]   conjugated triple is not simultaneously conjugate to the same and the mirror triple (abstract chirality)
  [ok]   passing even candidate maps the base flag of a to the intended flag of b or to the intended flag with the other cell
  [ok]   image flag orbit is even iff (even candidate and intended flag) or (odd candidate and other cell)
  [ok]   even candidate with even image orbit: conjugated triple is Gamma_b-conjugate to (S1,S2,X_b)
  [ok]   even candidate hitting the base flag: conjugated triple equals (S1,S2,X_b) exactly (free flag action)
  candidate odd: image tuple (1-based indices in V_b) [ 69, 43, 61, 29 ]  Gram-consistent: true
    (i)   traversal of all p face vertices: true
    (ii)  M*M^T = lambda*I: true
    (iii) det M = 1  sign(det M/lambda^2) = +1
    (iv)  vertex set onto vertex set: true
    (v)   edges/faces/cells onto: true/true/true
    (vi)  M^-1 {S1,S2,X_a} M in Gamma_b: [ true, true, true ]   M {S1,S2,X_b} M^-1 in Gamma_a: [ true, true, true ]
    (vii) conjugated triple orientation in Gamma_b: same  (RepresentativeAction and own conjugator search agree: true; exact equality with same triple: false, with mirror triple: false)
    flag image = intended odd flag: false   (= intended flag with the other cell: true;  image flag orbit: even)
    => candidate odd passes (structure map): true;  represents the odd coset: false
    M = [ [ -3/4*E(5)-1/2*E(5)^2-1/2*E(5)^3-3/4*E(5)^4, 1/4*E(5)+1/4*E(5)^4, -1/4*E(5)-1/2*E(5)^2-1/2*E(5)^3-1/4*E(5)^4, -1/4*E(5)-1/2*E(5)^2-1/2*E(5)^3-1/4*E(5)^4 ], [ 1/4, -1/2*E(5)-3/4*E(5)^2-3/4*E(5)^3-1/2*E(5)^4, 3/4*E(5)+1/2*E(5)^2+1/2*E(5)^3+3/4*E(5)^4, 0 ], [ -1/2*E(5)-3/4*E(5)^2-3/4*E(5)^3-1/2*E(5)^4, -1/2*E(5)-1/2*E(5)^4, -1/4*E(5)-1/4*E(5)^4, -1/4 ], [ 0, 1/4, -1/4*E(5)-1/2*E(5)^2-1/2*E(5)^3-1/4*E(5)^4, -1/2*E(5)+1/4*E(5)^2+1/4*E(5)^3-1/2*E(5)^4 ] ]
  [ok]   orientation test: RepresentativeAction agrees with independent conjugator search
  [ok]   conjugated triple is not simultaneously conjugate to the same and the mirror triple (abstract chirality)
  [ok]   passing odd candidate maps the base flag of a to the intended flag of b or to the intended flag with the other cell
  [ok]   image flag orbit is even iff (even candidate and intended flag) or (odd candidate and other cell)
  [ok]   odd candidate with even image orbit: conjugated triple is Gamma_b-conjugate to (S1,S2,X_b)
  [ok]   both candidates pass but only one hits its intended flag: M_even^-1 M_odd lies in Gamma_b (same coset)
  [ok]   at least one of the two passing candidates hits its intended flag
  a = b: the odd candidate passes but maps the base flag to (Phi^2)^3 (even orbit): it is an element of Gamma, not an extra symmetry; no similarity maps the base flag to its 2-adjacent flag: geometrically chiral (symmetry group = Gamma)
  [ok]   a = b: the even candidate (identity) passes and fixes the base flag
  [ok]   a = b: the even candidate matrix is the identity
  exhaustive Gram-pruned enumeration [t=135s]
    Gram-consistent ordered 4-tuples: 14400   Gamma_b-orbits: 2   full similarities: 7200   det signs: [ "+1" ]
    orbit rep tuple [ 1, 33, 10, 24 ]: similarity=false det sign=-1 vertices=true edges=true faces=false cells=false conj=[ true, true, true ][ true, true, true ] orientation=none
    orbit rep tuple [ 1, 33, 10, 58 ]: similarity=true det sign=+1 vertices=true edges=true faces=true cells=true conj=[ true, true, true ][ true, true, true ] orientation=same
  [ok]   each Gamma_b-orbit of anchor tuples has size |Gamma_b| (free action)
  [ok]   the recorded orbits partition the enumerated tuple list
  [ok]   direct recomputation of M*M^T and det M for 200 sampled tuples agrees with orbit representatives
  [ok]   exhaustive similarity count 7200 = |Gamma_b| * (number of flag-anchored cosets = 1)
  [ok]   number of similarity orbits found exhaustively = number of flag-anchored cosets
  [ok]   candidate even tuple is enumerated and its orbit verdict matches the candidate verdict
  [ok]   candidate odd tuple is enumerated and its orbit verdict matches the candidate verdict
  [ok]   det signs of passing candidates = det signs found exhaustively
  => 7200 similarities L3-{5,3,5/2}-14 -> L3-{5,3,5/2}-14 (1 Gamma_b-coset(s)), lambda = 1, det signs [ "+1" ]

== pair (L3-{5,3,5/2}-15 -> L3-{5,3,5/2}-14)  f-vector (120,720,300,50)  |Gamma_a|=7200 |Gamma_b|=7200 [t=135s]
  lambda = |w_b|^2/|w_a|^2 = -13/3*E(5)-5/3*E(5)^2-5/3*E(5)^3-13/3*E(5)^4  (~0.01857603000028085)
  candidate even: image tuple (1-based indices in V_b) [ 69, 45, 89, 24 ]  Gram-consistent: false
    (i)   traversal of all p face vertices: true
    (ii)  M*M^T = lambda*I: false
    (iii) det M = -233/9*E(5)-89/9*E(5)^2-89/9*E(5)^3-233/9*E(5)^4  sign(det M/lambda^2) = +1
    (iv)  vertex set onto vertex set: false
    (v)   edges/faces/cells onto: false/false/false
    (vi)  M^-1 {S1,S2,X_a} M in Gamma_b: [ false, false, false ]   M {S1,S2,X_b} M^-1 in Gamma_a: [ false, false, false ]
    (vii) conjugated triple orientation in Gamma_b: none  (RepresentativeAction and own conjugator search agree: true; exact equality with same triple: false, with mirror triple: false)
    flag image = intended even flag: false   (= intended flag with the other cell: false;  image flag orbit: none)
    => candidate even passes (structure map): false;  represents the even coset: false
    M = [ [ -7/3*E(5)-E(5)^2-E(5)^3-7/3*E(5)^4, -E(5)-2/3*E(5)^2-2/3*E(5)^3-E(5)^4, -2/3*E(5)-1/3*E(5)^2-1/3*E(5)^3-2/3*E(5)^4, 1/3 ], [ E(5)+2/3*E(5)^2+2/3*E(5)^3+E(5)^4, -7/3*E(5)-E(5)^2-E(5)^3-7/3*E(5)^4, -1/3, -2/3*E(5)-1/3*E(5)^2-1/3*E(5)^3-2/3*E(5)^4 ], [ -2/3*E(5)-1/3*E(5)^2-1/3*E(5)^3-2/3*E(5)^4, 1/3, E(5)+1/3*E(5)^2+1/3*E(5)^3+E(5)^4, 1/3*E(5)+1/3*E(5)^4 ], [ -1/3, -2/3*E(5)-1/3*E(5)^2-1/3*E(5)^3-2/3*E(5)^4, -1/3*E(5)-1/3*E(5)^4, E(5)+1/3*E(5)^2+1/3*E(5)^3+E(5)^4 ] ]
  candidate odd: image tuple (1-based indices in V_b) [ 69, 43, 61, 29 ]  Gram-consistent: false
    (i)   traversal of all p face vertices: true
    (ii)  M*M^T = lambda*I: false
    (iii) det M = -233/9*E(5)-89/9*E(5)^2-89/9*E(5)^3-233/9*E(5)^4  sign(det M/lambda^2) = +1
    (iv)  vertex set onto vertex set: false
    (v)   edges/faces/cells onto: false/false/false
    (vi)  M^-1 {S1,S2,X_a} M in Gamma_b: [ false, false, false ]   M {S1,S2,X_b} M^-1 in Gamma_a: [ false, false, false ]
    (vii) conjugated triple orientation in Gamma_b: none  (RepresentativeAction and own conjugator search agree: true; exact equality with same triple: false, with mirror triple: false)
    flag image = intended odd flag: false   (= intended flag with the other cell: false;  image flag orbit: none)
    => candidate odd passes (structure map): false;  represents the odd coset: false
    M = [ [ -31/12*E(5)-7/6*E(5)^2-7/6*E(5)^3-31/12*E(5)^4, -1/12*E(5)-1/3*E(5)^2-1/3*E(5)^3-1/12*E(5)^4, 1/4*E(5)+1/4*E(5)^4, -1/4*E(5)-1/4*E(5)^4 ], [ -5/12, -7/6*E(5)-7/12*E(5)^2-7/12*E(5)^3-7/6*E(5)^4, 9/4*E(5)+E(5)^2+E(5)^3+9/4*E(5)^4, -1/2*E(5)-1/2*E(5)^4 ], [ -1/3*E(5)-1/4*E(5)^2-1/4*E(5)^3-1/3*E(5)^4, E(5)+1/6*E(5)^2+1/6*E(5)^3+E(5)^4, 7/12*E(5)+1/6*E(5)^2+1/6*E(5)^3+7/12*E(5)^4, -1/12 ], [ 1/6*E(5)^2+1/6*E(5)^3, -5/12*E(5)-1/4*E(5)^2-1/4*E(5)^3-5/12*E(5)^4, 7/12*E(5)+1/3*E(5)^2+1/3*E(5)^3+7/12*E(5)^4, 7/6*E(5)+7/12*E(5)^2+7/12*E(5)^3+7/6*E(5)^4 ] ]
  exhaustive Gram-pruned enumeration [t=135s]
    Gram-consistent ordered 4-tuples: 14400   Gamma_b-orbits: 2   full similarities: 0   det signs: [  ]
    orbit rep tuple [ 1, 9, 10, 27 ]: similarity=false det sign=-1 vertices=true edges=false faces=false cells=false conj=[ true, true, true ][ true, true, true ] orientation=none
    orbit rep tuple [ 1, 9, 10, 104 ]: similarity=false det sign=+1 vertices=true edges=false faces=false cells=false conj=[ true, true, true ][ true, true, true ] orientation=none
  [ok]   each Gamma_b-orbit of anchor tuples has size |Gamma_b| (free action)
  [ok]   the recorded orbits partition the enumerated tuple list
  [ok]   direct recomputation of M*M^T and det M for 200 sampled tuples agrees with orbit representatives
  [ok]   exhaustive similarity count 0 = |Gamma_b| * (number of flag-anchored cosets = 0)
  [ok]   number of similarity orbits found exhaustively = number of flag-anchored cosets
  [ok]   candidate even is not Gram-consistent and does not pass
  [ok]   candidate odd is not Gram-consistent and does not pass
  [ok]   det signs of passing candidates = det signs found exhaustively
  => EXHAUSTIVE PROOF: no similarity of E^4 carries realisation L3-{5,3,5/2}-15 onto L3-{5,3,5/2}-14 (no Gram-consistent tuple yields a structure map).

== pair (L3-{5,3,5/2}-16 -> L3-{5,3,5/2}-14)  f-vector (120,720,300,50)  |Gamma_a|=7200 |Gamma_b|=7200 [t=136s]
  lambda = |w_b|^2/|w_a|^2 = -E(5)-1/2*E(5)^2-1/2*E(5)^3-E(5)^4  (~0.1909830056250527)
  candidate even: image tuple (1-based indices in V_b) [ 69, 45, 89, 24 ]  Gram-consistent: false
    (i)   traversal of all p face vertices: true
    (ii)  M*M^T = lambda*I: false
    (iii) det M = -5/4*E(5)-1/2*E(5)^2-1/2*E(5)^3-5/4*E(5)^4  sign(det M/lambda^2) = +1
    (iv)  vertex set onto vertex set: false
    (v)   edges/faces/cells onto: false/false/false
    (vi)  M^-1 {S1,S2,X_a} M in Gamma_b: [ false, false, false ]   M {S1,S2,X_b} M^-1 in Gamma_a: [ false, false, false ]
    (vii) conjugated triple orientation in Gamma_b: none  (RepresentativeAction and own conjugator search agree: true; exact equality with same triple: false, with mirror triple: false)
    flag image = intended even flag: false   (= intended flag with the other cell: false;  image flag orbit: none)
    => candidate even passes (structure map): false;  represents the even coset: false
    M = [ [ -E(5)-E(5)^4, -1/4*E(5)-E(5)^2-E(5)^3-1/4*E(5)^4, 1/4*E(5)^2+1/4*E(5)^3, -1/4*E(5)-3/4*E(5)^2-3/4*E(5)^3-1/4*E(5)^4 ], [ 1/4*E(5)+E(5)^2+E(5)^3+1/4*E(5)^4, -E(5)-E(5)^4, 1/4*E(5)+3/4*E(5)^2+3/4*E(5)^3+1/4*E(5)^4, 1/4*E(5)^2+1/4*E(5)^3 ], [ 1/4*E(5)^2+1/4*E(5)^3, -1/4*E(5)-3/4*E(5)^2-3/4*E(5)^3-1/4*E(5)^4, -1/2*E(5)-1/2*E(5)^4, -1/4*E(5)-1/2*E(5)^2-1/2*E(5)^3-1/4*E(5)^4 ], [ 1/4*E(5)+3/4*E(5)^2+3/4*E(5)^3+1/4*E(5)^4, 1/4*E(5)^2+1/4*E(5)^3, 1/4*E(5)+1/2*E(5)^2+1/2*E(5)^3+1/4*E(5)^4, -1/2*E(5)-1/2*E(5)^4 ] ]
  candidate odd: image tuple (1-based indices in V_b) [ 69, 43, 61, 29 ]  Gram-consistent: false
    (i)   traversal of all p face vertices: true
    (ii)  M*M^T = lambda*I: false
    (iii) det M = -5/4*E(5)-1/2*E(5)^2-1/2*E(5)^3-5/4*E(5)^4  sign(det M/lambda^2) = +1
    (iv)  vertex set onto vertex set: false
    (v)   edges/faces/cells onto: false/false/false
    (vi)  M^-1 {S1,S2,X_a} M in Gamma_b: [ false, false, false ]   M {S1,S2,X_b} M^-1 in Gamma_a: [ false, false, false ]
    (vii) conjugated triple orientation in Gamma_b: none  (RepresentativeAction and own conjugator search agree: true; exact equality with same triple: false, with mirror triple: false)
    flag image = intended odd flag: false   (= intended flag with the other cell: false;  image flag orbit: none)
    => candidate odd passes (structure map): false;  represents the odd coset: false
    M = [ [ -E(5)-1/4*E(5)^2-1/4*E(5)^3-E(5)^4, -E(5)^2-E(5)^3, -1/4*E(5)-1/4*E(5)^4, 1/4*E(5)+3/4*E(5)^2+3/4*E(5)^3+1/4*E(5)^4 ], [ E(5)^2+E(5)^3, -1/4*E(5)+1/4*E(5)^2+1/4*E(5)^3-1/4*E(5)^4, 5/4*E(5)+E(5)^2+E(5)^3+5/4*E(5)^4, 1/4*E(5)^2+1/4*E(5)^3 ], [ -1/4*E(5)-1/4*E(5)^4, -3/4*E(5)-E(5)^2-E(5)^3-3/4*E(5)^4, -1/4*E(5)-1/4*E(5)^4, 1/4*E(5)+1/2*E(5)^2+1/2*E(5)^3+1/4*E(5)^4 ], [ 1/4*E(5)+3/4*E(5)^2+3/4*E(5)^3+1/4*E(5)^4, 1/4*E(5)^2+1/4*E(5)^3, 1/4*E(5)+1/2*E(5)^2+1/2*E(5)^3+1/4*E(5)^4, -1/2*E(5)-1/2*E(5)^4 ] ]
  exhaustive Gram-pruned enumeration [t=136s]
    Gram-consistent ordered 4-tuples: 14400   Gamma_b-orbits: 2   full similarities: 0   det signs: [  ]
    orbit rep tuple [ 1, 9, 10, 27 ]: similarity=false det sign=-1 vertices=true edges=false faces=false cells=false conj=[ true, true, true ][ true, true, true ] orientation=none
    orbit rep tuple [ 1, 9, 10, 104 ]: similarity=false det sign=+1 vertices=true edges=false faces=false cells=false conj=[ true, true, true ][ true, true, true ] orientation=none
  [ok]   each Gamma_b-orbit of anchor tuples has size |Gamma_b| (free action)
  [ok]   the recorded orbits partition the enumerated tuple list
  [ok]   direct recomputation of M*M^T and det M for 200 sampled tuples agrees with orbit representatives
  [ok]   exhaustive similarity count 0 = |Gamma_b| * (number of flag-anchored cosets = 0)
  [ok]   number of similarity orbits found exhaustively = number of flag-anchored cosets
  [ok]   candidate even is not Gram-consistent and does not pass
  [ok]   candidate odd is not Gram-consistent and does not pass
  [ok]   det signs of passing candidates = det signs found exhaustively
  => EXHAUSTIVE PROOF: no similarity of E^4 carries realisation L3-{5,3,5/2}-16 onto L3-{5,3,5/2}-14 (no Gram-consistent tuple yields a structure map).
pair (L3-{3,3,5/2}-1 -> L3-{5,3,5/2}-14): inequivalent: different f-vector (600,1200,120,5) vs (120,720,300,50)
pair (L3-{3,3,5/2}-4 -> L3-{5,3,5/2}-14): inequivalent: different f-vector (600,1200,120,5) vs (120,720,300,50)

#### target b = L3-{5,3,5/2}-15   computing Gram matrix of V_b [t=136s]
  [ok]   Gram diagonal constant = |w_b|^2
pair (L3-{4,3,3}-1 -> L3-{5,3,5/2}-15): inequivalent: different f-vector (16,32,12,4) vs (120,720,300,50)
pair (L3-{4,3,3}-2 -> L3-{5,3,5/2}-15): inequivalent: different f-vector (16,32,12,4) vs (120,720,300,50)
pair (L3-{4,3,3}-3 -> L3-{5,3,5/2}-15): inequivalent: different f-vector (16,32,12,4) vs (120,720,300,50)
pair (L3-{4,3,3}-6 -> L3-{5,3,5/2}-15): inequivalent: different f-vector (16,32,12,4) vs (120,720,300,50)
pair (L3-{5,3,3}-3 -> L3-{5,3,5/2}-15): inequivalent: different f-vector (600,1200,120,5) vs (120,720,300,50)
pair (L3-{5,3,3}-8 -> L3-{5,3,5/2}-15): inequivalent: different f-vector (600,1200,120,5) vs (120,720,300,50)
pair (L3-{5,3,5/2}-1 -> L3-{5,3,5/2}-15): inequivalent: different f-vector (240,480,120,20) vs (120,720,300,50)
pair (L3-{5,3,5/2}-2 -> L3-{5,3,5/2}-15): inequivalent: different f-vector (240,480,120,20) vs (120,720,300,50)
pair (L3-{5,3,5/2}-3 -> L3-{5,3,5/2}-15): inequivalent: different f-vector (240,480,120,20) vs (120,720,300,50)
pair (L3-{5,3,5/2}-4 -> L3-{5,3,5/2}-15): inequivalent: different f-vector (240,480,120,20) vs (120,720,300,50)
pair (L3-{5,3,5/2}-5 -> L3-{5,3,5/2}-15): inequivalent: different f-vector (48,144,48,8) vs (120,720,300,50)
pair (L3-{5,3,5/2}-6 -> L3-{5,3,5/2}-15): inequivalent: different f-vector (48,144,48,8) vs (120,720,300,50)
pair (L3-{5,3,5/2}-7 -> L3-{5,3,5/2}-15): inequivalent: different f-vector (48,144,48,8) vs (120,720,300,50)
pair (L3-{5,3,5/2}-8 -> L3-{5,3,5/2}-15): inequivalent: different f-vector (48,144,48,8) vs (120,720,300,50)

== pair (L3-{5,3,5/2}-9 -> L3-{5,3,5/2}-15)  f-vector (120,720,300,50)  |Gamma_a|=7200 |Gamma_b|=7200 [t=136s]
  lambda = |w_b|^2/|w_a|^2 = -12*E(5)-30*E(5)^2-30*E(5)^3-12*E(5)^4  (~41.12461179749811)
  candidate even: image tuple (1-based indices in V_b) [ 104, 89, 71, 8 ]  Gram-consistent: false
    (i)   traversal of all p face vertices: true
    (ii)  M*M^T = lambda*I: false
    (iii) det M = -72*E(5)-180*E(5)^2-180*E(5)^3-72*E(5)^4  sign(det M/lambda^2) = na
    (iv)  vertex set onto vertex set: false
    (v)   edges/faces/cells onto: false/false/false
    (vi)  M^-1 {S1,S2,X_a} M in Gamma_b: [ false, false, false ]   M {S1,S2,X_b} M^-1 in Gamma_a: [ false, false, false ]
    (vii) conjugated triple orientation in Gamma_b: none  (RepresentativeAction and own conjugator search agree: true; exact equality with same triple: false, with mirror triple: false)
    flag image = intended even flag: false   (= intended flag with the other cell: false;  image flag orbit: none)
    => candidate even passes (structure map): false;  represents the even coset: false
    M = [ [ -3/2*E(5)-3*E(5)^2-3*E(5)^3-3/2*E(5)^4, 0, 3/2*E(5)+7/2*E(5)^2+7/2*E(5)^3+3/2*E(5)^4, E(5)+3/2*E(5)^2+3/2*E(5)^3+E(5)^4 ], [ 0, -3/2*E(5)-3*E(5)^2-3*E(5)^3-3/2*E(5)^4, -E(5)-3/2*E(5)^2-3/2*E(5)^3-E(5)^4, 3/2*E(5)+7/2*E(5)^2+7/2*E(5)^3+3/2*E(5)^4 ], [ 3/2*E(5)+7/2*E(5)^2+7/2*E(5)^3+3/2*E(5)^4, E(5)+3/2*E(5)^2+3/2*E(5)^3+E(5)^4, -7/2*E(5)-6*E(5)^2-6*E(5)^3-7/2*E(5)^4, -3*E(5)-2*E(5)^2-2*E(5)^3-3*E(5)^4 ], [ -E(5)-3/2*E(5)^2-3/2*E(5)^3-E(5)^4, 3/2*E(5)+7/2*E(5)^2+7/2*E(5)^3+3/2*E(5)^4, 3*E(5)+2*E(5)^2+2*E(5)^3+3*E(5)^4, -7/2*E(5)-6*E(5)^2-6*E(5)^3-7/2*E(5)^4 ] ]
  candidate odd: image tuple (1-based indices in V_b) [ 104, 85, 99, 6 ]  Gram-consistent: false
    (i)   traversal of all p face vertices: true
    (ii)  M*M^T = lambda*I: false
    (iii) det M = -72*E(5)-180*E(5)^2-180*E(5)^3-72*E(5)^4  sign(det M/lambda^2) = na
    (iv)  vertex set onto vertex set: false
    (v)   edges/faces/cells onto: false/false/false
    (vi)  M^-1 {S1,S2,X_a} M in Gamma_b: [ false, false, false ]   M {S1,S2,X_b} M^-1 in Gamma_a: [ false, false, false ]
    (vii) conjugated triple orientation in Gamma_b: none  (RepresentativeAction and own conjugator search agree: true; exact equality with same triple: false, with mirror triple: false)
    flag image = intended odd flag: false   (= intended flag with the other cell: false;  image flag orbit: none)
    => candidate odd passes (structure map): false;  represents the odd coset: false
    M = [ [ -3/2*E(5)-3*E(5)^2-3*E(5)^3-3/2*E(5)^4, 0, 3/2*E(5)+7/2*E(5)^2+7/2*E(5)^3+3/2*E(5)^4, E(5)+3/2*E(5)^2+3/2*E(5)^3+E(5)^4 ], [ 0, 3/2*E(5)^2+3/2*E(5)^3, -1/2*E(5)-3/2*E(5)^2-3/2*E(5)^3-1/2*E(5)^4, 3/2*E(5)+4*E(5)^2+4*E(5)^3+3/2*E(5)^4 ], [ 3/2*E(5)+7/2*E(5)^2+7/2*E(5)^3+3/2*E(5)^4, -1/2*E(5)-3/2*E(5)^2-3/2*E(5)^3-1/2*E(5)^4, -5/2*E(5)-11/2*E(5)^2-11/2*E(5)^3-5/2*E(5)^4, -7/2*E(5)-5/2*E(5)^2-5/2*E(5)^3-7/2*E(5)^4 ], [ E(5)+3/2*E(5)^2+3/2*E(5)^3+E(5)^4, 3/2*E(5)-2*E(5)^2-2*E(5)^3+3/2*E(5)^4, 5/2*E(5)+7/2*E(5)^2+7/2*E(5)^3+5/2*E(5)^4, -2*E(5)-5*E(5)^2-5*E(5)^3-2*E(5)^4 ] ]
  exhaustive Gram-pruned enumeration [t=136s]
    Gram-consistent ordered 4-tuples: 14400   Gamma_b-orbits: 2   full similarities: 0   det signs: [  ]
    orbit rep tuple [ 1, 2, 20, 75 ]: similarity=false det sign=+1 vertices=true edges=false faces=false cells=false conj=[ true, true, true ][ true, true, true ] orientation=none
    orbit rep tuple [ 1, 2, 20, 93 ]: similarity=false det sign=-1 vertices=true edges=false faces=false cells=false conj=[ true, true, true ][ true, true, true ] orientation=none
  [ok]   each Gamma_b-orbit of anchor tuples has size |Gamma_b| (free action)
  [ok]   the recorded orbits partition the enumerated tuple list
  [ok]   direct recomputation of M*M^T and det M for 200 sampled tuples agrees with orbit representatives
  [ok]   exhaustive similarity count 0 = |Gamma_b| * (number of flag-anchored cosets = 0)
  [ok]   number of similarity orbits found exhaustively = number of flag-anchored cosets
  [ok]   candidate even is not Gram-consistent and does not pass
  [ok]   candidate odd is not Gram-consistent and does not pass
  [ok]   det signs of passing candidates = det signs found exhaustively
  => EXHAUSTIVE PROOF: no similarity of E^4 carries realisation L3-{5,3,5/2}-9 onto L3-{5,3,5/2}-15 (no Gram-consistent tuple yields a structure map).

== pair (L3-{5,3,5/2}-10 -> L3-{5,3,5/2}-15)  f-vector (120,720,300,50)  |Gamma_a|=7200 |Gamma_b|=7200 [t=137s]
  lambda = |w_b|^2/|w_a|^2 = -4*E(5)-10*E(5)^2-10*E(5)^3-4*E(5)^4  (~13.70820393249937)
  candidate even: image tuple (1-based indices in V_b) [ 104, 89, 71, 8 ]  Gram-consistent: false
    (i)   traversal of all p face vertices: true
    (ii)  M*M^T = lambda*I: false
    (iii) det M = -8*E(5)-20*E(5)^2-20*E(5)^3-8*E(5)^4  sign(det M/lambda^2) = na
    (iv)  vertex set onto vertex set: false
    (v)   edges/faces/cells onto: false/false/false
    (vi)  M^-1 {S1,S2,X_a} M in Gamma_b: [ false, false, false ]   M {S1,S2,X_b} M^-1 in Gamma_a: [ false, false, false ]
    (vii) conjugated triple orientation in Gamma_b: none  (RepresentativeAction and own conjugator search agree: true; exact equality with same triple: false, with mirror triple: false)
    flag image = intended even flag: false   (= intended flag with the other cell: false;  image flag orbit: none)
    => candidate even passes (structure map): false;  represents the even coset: false
    M = [ [ 1/2*E(5)+E(5)^2+E(5)^3+1/2*E(5)^4, -E(5)-E(5)^4, -1/2*E(5)-3/2*E(5)^2-3/2*E(5)^3-1/2*E(5)^4, 1/2*E(5)^2+1/2*E(5)^3 ], [ E(5)+E(5)^4, 1/2*E(5)+E(5)^2+E(5)^3+1/2*E(5)^4, -1/2*E(5)^2-1/2*E(5)^3, -1/2*E(5)-3/2*E(5)^2-3/2*E(5)^3-1/2*E(5)^4 ], [ -1/2*E(5)-3/2*E(5)^2-3/2*E(5)^3-1/2*E(5)^4, 1/2*E(5)^2+1/2*E(5)^3, 1/2*E(5)+2*E(5)^2+2*E(5)^3+1/2*E(5)^4, 0 ], [ -1/2*E(5)^2-1/2*E(5)^3, -1/2*E(5)-3/2*E(5)^2-3/2*E(5)^3-1/2*E(5)^4, 0, 1/2*E(5)+2*E(5)^2+2*E(5)^3+1/2*E(5)^4 ] ]
  candidate odd: image tuple (1-based indices in V_b) [ 104, 85, 99, 6 ]  Gram-consistent: false
    (i)   traversal of all p face vertices: true
    (ii)  M*M^T = lambda*I: false
    (iii) det M = -8*E(5)-20*E(5)^2-20*E(5)^3-8*E(5)^4  sign(det M/lambda^2) = na
    (iv)  vertex set onto vertex set: false
    (v)   edges/faces/cells onto: false/false/false
    (vi)  M^-1 {S1,S2,X_a} M in Gamma_b: [ false, false, false ]   M {S1,S2,X_b} M^-1 in Gamma_a: [ false, false, false ]
    (vii) conjugated triple orientation in Gamma_b: none  (RepresentativeAction and own conjugator search agree: true; exact equality with same triple: false, with mirror triple: false)
    flag image = intended odd flag: false   (= intended flag with the other cell: false;  image flag orbit: none)
    => candidate odd passes (structure map): false;  represents the odd coset: false
    M = [ [ 5/6*E(5)+2/3*E(5)^2+2/3*E(5)^3+5/6*E(5)^4, 2/3, 1/6*E(5)-3/2*E(5)^2-3/2*E(5)^3+1/6*E(5)^4, 1/6*E(5)^2+1/6*E(5)^3 ], [ -4/3, -1/3*E(5)-7/6*E(5)^2-7/6*E(5)^3-1/3*E(5)^4, -1/2*E(5)+1/6*E(5)^2+1/6*E(5)^3-1/2*E(5)^4, -1/6*E(5)-E(5)^2-E(5)^3-1/6*E(5)^4 ], [ -1/2*E(5)-3/2*E(5)^2-3/2*E(5)^3-1/2*E(5)^4, 1/2, 5/6*E(5)+13/6*E(5)^2+13/6*E(5)^3+5/6*E(5)^4, 1/6 ], [ -1/2*E(5)^2-1/2*E(5)^3, 1/2*E(5)+E(5)^2+E(5)^3+1/2*E(5)^4, 1/6, 2/3*E(5)+7/3*E(5)^2+7/3*E(5)^3+2/3*E(5)^4 ] ]
  exhaustive Gram-pruned enumeration [t=137s]
    Gram-consistent ordered 4-tuples: 14400   Gamma_b-orbits: 2   full similarities: 0   det signs: [  ]
    orbit rep tuple [ 1, 10, 20, 37 ]: similarity=false det sign=+1 vertices=true edges=false faces=false cells=false conj=[ true, true, true ][ true, true, true ] orientation=none
    orbit rep tuple [ 1, 10, 20, 59 ]: similarity=false det sign=-1 vertices=true edges=false faces=false cells=false conj=[ true, true, true ][ true, true, true ] orientation=none
  [ok]   each Gamma_b-orbit of anchor tuples has size |Gamma_b| (free action)
  [ok]   the recorded orbits partition the enumerated tuple list
  [ok]   direct recomputation of M*M^T and det M for 200 sampled tuples agrees with orbit representatives
  [ok]   exhaustive similarity count 0 = |Gamma_b| * (number of flag-anchored cosets = 0)
  [ok]   number of similarity orbits found exhaustively = number of flag-anchored cosets
  [ok]   candidate even is not Gram-consistent and does not pass
  [ok]   candidate odd is not Gram-consistent and does not pass
  [ok]   det signs of passing candidates = det signs found exhaustively
  => EXHAUSTIVE PROOF: no similarity of E^4 carries realisation L3-{5,3,5/2}-10 onto L3-{5,3,5/2}-15 (no Gram-consistent tuple yields a structure map).

== pair (L3-{5,3,5/2}-11 -> L3-{5,3,5/2}-15)  f-vector (120,720,300,50)  |Gamma_a|=7200 |Gamma_b|=7200 [t=137s]
  lambda = |w_b|^2/|w_a|^2 = -6*E(5)-15*E(5)^2-15*E(5)^3-6*E(5)^4  (~20.56230589874906)
  candidate even: image tuple (1-based indices in V_b) [ 104, 89, 71, 8 ]  Gram-consistent: false
    (i)   traversal of all p face vertices: true
    (ii)  M*M^T = lambda*I: false
    (iii) det M = -18*E(5)-45*E(5)^2-45*E(5)^3-18*E(5)^4  sign(det M/lambda^2) = na
    (iv)  vertex set onto vertex set: false
    (v)   edges/faces/cells onto: false/false/false
    (vi)  M^-1 {S1,S2,X_a} M in Gamma_b: [ false, false, false ]   M {S1,S2,X_b} M^-1 in Gamma_a: [ false, false, false ]
    (vii) conjugated triple orientation in Gamma_b: none  (RepresentativeAction and own conjugator search agree: true; exact equality with same triple: false, with mirror triple: false)
    flag image = intended even flag: false   (= intended flag with the other cell: false;  image flag orbit: none)
    => candidate even passes (structure map): false;  represents the even coset: false
    M = [ [ -3/2*E(5)-2*E(5)^2-2*E(5)^3-3/2*E(5)^4, -E(5)-E(5)^4, 1/2*E(5)+3/2*E(5)^2+3/2*E(5)^3+1/2*E(5)^4, 1/2*E(5)^2+1/2*E(5)^3 ], [ E(5)+E(5)^4, -3/2*E(5)-2*E(5)^2-2*E(5)^3-3/2*E(5)^4, -1/2*E(5)^2-1/2*E(5)^3, 1/2*E(5)+3/2*E(5)^2+3/2*E(5)^3+1/2*E(5)^4 ], [ 1/2*E(5)+3/2*E(5)^2+3/2*E(5)^3+1/2*E(5)^4, 1/2*E(5)^2+1/2*E(5)^3, -3/2*E(5)-3*E(5)^2-3*E(5)^3-3/2*E(5)^4, 0 ], [ -1/2*E(5)^2-1/2*E(5)^3, 1/2*E(5)+3/2*E(5)^2+3/2*E(5)^3+1/2*E(5)^4, 0, -3/2*E(5)-3*E(5)^2-3*E(5)^3-3/2*E(5)^4 ] ]
  candidate odd: image tuple (1-based indices in V_b) [ 104, 85, 99, 6 ]  Gram-consistent: false
    (i)   traversal of all p face vertices: true
    (ii)  M*M^T = lambda*I: false
    (iii) det M = -18*E(5)-45*E(5)^2-45*E(5)^3-18*E(5)^4  sign(det M/lambda^2) = na
    (iv)  vertex set onto vertex set: false
    (v)   edges/faces/cells onto: false/false/false
    (vi)  M^-1 {S1,S2,X_a} M in Gamma_b: [ false, false, false ]   M {S1,S2,X_b} M^-1 in Gamma_a: [ false, false, false ]
    (vii) conjugated triple orientation in Gamma_b: none  (RepresentativeAction and own conjugator search agree: true; exact equality with same triple: false, with mirror triple: false)
    flag image = intended odd flag: false   (= intended flag with the other cell: false;  image flag orbit: none)
    => candidate odd passes (structure map): false;  represents the odd coset: false
    M = [ [ -3/4*E(5)-3/2*E(5)^2-3/2*E(5)^3-3/4*E(5)^4, 3/4, 2*E(5)+9/4*E(5)^2+9/4*E(5)^3+2*E(5)^4, 1/2*E(5)^2+1/2*E(5)^3 ], [ 3/2*E(5)+3/4*E(5)^2+3/4*E(5)^3+3/2*E(5)^4, 3/4*E(5)^2+3/4*E(5)^3, -1/4*E(5)^2-1/4*E(5)^3, E(5)+9/4*E(5)^2+9/4*E(5)^3+E(5)^4 ], [ 1/2*E(5)+3/2*E(5)^2+3/2*E(5)^3+1/2*E(5)^4, -3/4*E(5)-E(5)^2-E(5)^3-3/4*E(5)^4, -E(5)-11/4*E(5)^2-11/4*E(5)^3-E(5)^4, 1/4 ], [ 3/4*E(5)+5/4*E(5)^2+5/4*E(5)^3+3/4*E(5)^4, -1/2*E(5)-3/2*E(5)^2-3/2*E(5)^3-1/2*E(5)^4, 1/2*E(5)+5/4*E(5)^2+5/4*E(5)^3+1/2*E(5)^4, -5/4*E(5)-5/2*E(5)^2-5/2*E(5)^3-5/4*E(5)^4 ] ]
  exhaustive Gram-pruned enumeration [t=137s]
    Gram-consistent ordered 4-tuples: 14400   Gamma_b-orbits: 2   full similarities: 0   det signs: [  ]
    orbit rep tuple [ 1, 10, 20, 37 ]: similarity=false det sign=+1 vertices=true edges=false faces=false cells=false conj=[ true, true, true ][ true, true, true ] orientation=none
    orbit rep tuple [ 1, 10, 20, 59 ]: similarity=false det sign=-1 vertices=true edges=false faces=false cells=false conj=[ true, true, true ][ true, true, true ] orientation=none
  [ok]   each Gamma_b-orbit of anchor tuples has size |Gamma_b| (free action)
  [ok]   the recorded orbits partition the enumerated tuple list
  [ok]   direct recomputation of M*M^T and det M for 200 sampled tuples agrees with orbit representatives
  [ok]   exhaustive similarity count 0 = |Gamma_b| * (number of flag-anchored cosets = 0)
  [ok]   number of similarity orbits found exhaustively = number of flag-anchored cosets
  [ok]   candidate even is not Gram-consistent and does not pass
  [ok]   candidate odd is not Gram-consistent and does not pass
  [ok]   det signs of passing candidates = det signs found exhaustively
  => EXHAUSTIVE PROOF: no similarity of E^4 carries realisation L3-{5,3,5/2}-11 onto L3-{5,3,5/2}-15 (no Gram-consistent tuple yields a structure map).

== pair (L3-{5,3,5/2}-12 -> L3-{5,3,5/2}-15)  f-vector (120,720,300,50)  |Gamma_a|=7200 |Gamma_b|=7200 [t=137s]
  lambda = |w_b|^2/|w_a|^2 = -10*E(5)-25*E(5)^2-25*E(5)^3-10*E(5)^4  (~34.27050983124842)
  candidate even: image tuple (1-based indices in V_b) [ 104, 89, 71, 8 ]  Gram-consistent: false
    (i)   traversal of all p face vertices: true
    (ii)  M*M^T = lambda*I: false
    (iii) det M = -50*E(5)-125*E(5)^2-125*E(5)^3-50*E(5)^4  sign(det M/lambda^2) = na
    (iv)  vertex set onto vertex set: false
    (v)   edges/faces/cells onto: false/false/false
    (vi)  M^-1 {S1,S2,X_a} M in Gamma_b: [ false, false, false ]   M {S1,S2,X_b} M^-1 in Gamma_a: [ false, false, false ]
    (vii) conjugated triple orientation in Gamma_b: none  (RepresentativeAction and own conjugator search agree: true; exact equality with same triple: false, with mirror triple: false)
    flag image = intended even flag: false   (= intended flag with the other cell: false;  image flag orbit: none)
    => candidate even passes (structure map): false;  represents the even coset: false
    M = [ [ 1/2*E(5)+2*E(5)^2+2*E(5)^3+1/2*E(5)^4, 0, -3/2*E(5)-7/2*E(5)^2-7/2*E(5)^3-3/2*E(5)^4, E(5)+3/2*E(5)^2+3/2*E(5)^3+E(5)^4 ], [ 0, 1/2*E(5)+2*E(5)^2+2*E(5)^3+1/2*E(5)^4, -E(5)-3/2*E(5)^2-3/2*E(5)^3-E(5)^4, -3/2*E(5)-7/2*E(5)^2-7/2*E(5)^3-3/2*E(5)^4 ], [ -3/2*E(5)-7/2*E(5)^2-7/2*E(5)^3-3/2*E(5)^4, E(5)+3/2*E(5)^2+3/2*E(5)^3+E(5)^4, 5/2*E(5)+5*E(5)^2+5*E(5)^3+5/2*E(5)^4, -3*E(5)-2*E(5)^2-2*E(5)^3-3*E(5)^4 ], [ -E(5)-3/2*E(5)^2-3/2*E(5)^3-E(5)^4, -3/2*E(5)-7/2*E(5)^2-7/2*E(5)^3-3/2*E(5)^4, 3*E(5)+2*E(5)^2+2*E(5)^3+3*E(5)^4, 5/2*E(5)+5*E(5)^2+5*E(5)^3+5/2*E(5)^4 ] ]
  candidate odd: image tuple (1-based indices in V_b) [ 104, 85, 99, 6 ]  Gram-consistent: false
    (i)   traversal of all p face vertices: true
    (ii)  M*M^T = lambda*I: false
    (iii) det M = -50*E(5)-125*E(5)^2-125*E(5)^3-50*E(5)^4  sign(det M/lambda^2) = na
    (iv)  vertex set onto vertex set: false
    (v)   edges/faces/cells onto: false/false/false
    (vi)  M^-1 {S1,S2,X_a} M in Gamma_b: [ false, false, false ]   M {S1,S2,X_b} M^-1 in Gamma_a: [ false, false, false ]
    (vii) conjugated triple orientation in Gamma_b: none  (RepresentativeAction and own conjugator search agree: true; exact equality with same triple: false, with mirror triple: false)
    flag image = intended odd flag: false   (= intended flag with the other cell: false;  image flag orbit: none)
    => candidate odd passes (structure map): false;  represents the odd coset: false
    M = [ [ 1/12*E(5)+7/6*E(5)^2+7/6*E(5)^3+1/12*E(5)^4, 5/12, -3/2*E(5)-47/12*E(5)^2-47/12*E(5)^3-3/2*E(5)^4, 2/3*E(5)+E(5)^2+E(5)^3+2/3*E(5)^4 ], [ 5/6*E(5)+25/12*E(5)^2+25/12*E(5)^3+5/6*E(5)^4, -4/3*E(5)-29/12*E(5)^2-29/12*E(5)^3-4/3*E(5)^4, 1/6*E(5)+1/4*E(5)^2+1/4*E(5)^3+1/6*E(5)^4, -3/2*E(5)-37/12*E(5)^2-37/12*E(5)^3-3/2*E(5)^4 ], [ -2/3*E(5)-8/3*E(5)^2-8/3*E(5)^3-2/3*E(5)^4, 17/12*E(5)-1/6*E(5)^2-1/6*E(5)^3+17/12*E(5)^4, 5/2*E(5)+65/12*E(5)^2+65/12*E(5)^3+5/2*E(5)^4, -29/12*E(5)-7/4*E(5)^2-7/4*E(5)^3-29/12*E(5)^4 ], [ -7/12*E(5)-23/12*E(5)^2-23/12*E(5)^3-7/12*E(5)^4, 8/3*E(5)+19/6*E(5)^2+19/6*E(5)^3+8/3*E(5)^4, 4/3*E(5)+3/4*E(5)^2+3/4*E(5)^3+4/3*E(5)^4, 15/4*E(5)+35/6*E(5)^2+35/6*E(5)^3+15/4*E(5)^4 ] ]
  exhaustive Gram-pruned enumeration [t=137s]
    Gram-consistent ordered 4-tuples: 14400   Gamma_b-orbits: 2   full similarities: 0   det signs: [  ]
    orbit rep tuple [ 1, 2, 20, 75 ]: similarity=false det sign=+1 vertices=true edges=false faces=false cells=false conj=[ true, true, true ][ true, true, true ] orientation=none
    orbit rep tuple [ 1, 2, 20, 93 ]: similarity=false det sign=-1 vertices=true edges=false faces=false cells=false conj=[ true, true, true ][ true, true, true ] orientation=none
  [ok]   each Gamma_b-orbit of anchor tuples has size |Gamma_b| (free action)
  [ok]   the recorded orbits partition the enumerated tuple list
  [ok]   direct recomputation of M*M^T and det M for 200 sampled tuples agrees with orbit representatives
  [ok]   exhaustive similarity count 0 = |Gamma_b| * (number of flag-anchored cosets = 0)
  [ok]   number of similarity orbits found exhaustively = number of flag-anchored cosets
  [ok]   candidate even is not Gram-consistent and does not pass
  [ok]   candidate odd is not Gram-consistent and does not pass
  [ok]   det signs of passing candidates = det signs found exhaustively
  => EXHAUSTIVE PROOF: no similarity of E^4 carries realisation L3-{5,3,5/2}-12 onto L3-{5,3,5/2}-15 (no Gram-consistent tuple yields a structure map).

== pair (L3-{5,3,5/2}-13 -> L3-{5,3,5/2}-15)  f-vector (120,720,300,50)  |Gamma_a|=7200 |Gamma_b|=7200 [t=138s]
  lambda = |w_b|^2/|w_a|^2 = -16*E(5)-40*E(5)^2-40*E(5)^3-16*E(5)^4  (~54.83281572999748)
  candidate even: image tuple (1-based indices in V_b) [ 104, 89, 71, 8 ]  Gram-consistent: false
    (i)   traversal of all p face vertices: true
    (ii)  M*M^T = lambda*I: false
    (iii) det M = -832*E(5)-2176*E(5)^2-2176*E(5)^3-832*E(5)^4  sign(det M/lambda^2) = +1
    (iv)  vertex set onto vertex set: false
    (v)   edges/faces/cells onto: false/false/false
    (vi)  M^-1 {S1,S2,X_a} M in Gamma_b: [ false, false, false ]   M {S1,S2,X_b} M^-1 in Gamma_a: [ false, false, false ]
    (vii) conjugated triple orientation in Gamma_b: none  (RepresentativeAction and own conjugator search agree: true; exact equality with same triple: false, with mirror triple: false)
    flag image = intended even flag: false   (= intended flag with the other cell: false;  image flag orbit: none)
    => candidate even passes (structure map): false;  represents the even coset: false
    M = [ [ -2*E(5)-4*E(5)^2-4*E(5)^3-2*E(5)^4, -3*E(5)-8*E(5)^2-8*E(5)^3-3*E(5)^4, 2*E(5)+5*E(5)^2+5*E(5)^3+2*E(5)^4, 5*E(5)+13*E(5)^2+13*E(5)^3+5*E(5)^4 ], [ 3*E(5)+8*E(5)^2+8*E(5)^3+3*E(5)^4, -2*E(5)-4*E(5)^2-4*E(5)^3-2*E(5)^4, -5*E(5)-13*E(5)^2-13*E(5)^3-5*E(5)^4, 2*E(5)+5*E(5)^2+5*E(5)^3+2*E(5)^4 ], [ 2*E(5)+5*E(5)^2+5*E(5)^3+2*E(5)^4, 5*E(5)+13*E(5)^2+13*E(5)^3+5*E(5)^4, -4*E(5)-8*E(5)^2-8*E(5)^3-4*E(5)^4, -7*E(5)-18*E(5)^2-18*E(5)^3-7*E(5)^4 ], [ -5*E(5)-13*E(5)^2-13*E(5)^3-5*E(5)^4, 2*E(5)+5*E(5)^2+5*E(5)^3+2*E(5)^4, 7*E(5)+18*E(5)^2+18*E(5)^3+7*E(5)^4, -4*E(5)-8*E(5)^2-8*E(5)^3-4*E(5)^4 ] ]
  candidate odd: image tuple (1-based indices in V_b) [ 104, 85, 99, 6 ]  Gram-consistent: false
    (i)   traversal of all p face vertices: true
    (ii)  M*M^T = lambda*I: false
    (iii) det M = -832*E(5)-2176*E(5)^2-2176*E(5)^3-832*E(5)^4  sign(det M/lambda^2) = +1
    (iv)  vertex set onto vertex set: false
    (v)   edges/faces/cells onto: false/false/false
    (vi)  M^-1 {S1,S2,X_a} M in Gamma_b: [ false, false, false ]   M {S1,S2,X_b} M^-1 in Gamma_a: [ false, false, false ]
    (vii) conjugated triple orientation in Gamma_b: none  (RepresentativeAction and own conjugator search agree: true; exact equality with same triple: false, with mirror triple: false)
    flag image = intended odd flag: false   (= intended flag with the other cell: false;  image flag orbit: none)
    => candidate odd passes (structure map): false;  represents the odd coset: false
    M = [ [ -10/3*E(5)-23/3*E(5)^2-23/3*E(5)^3-10/3*E(5)^4, 8/3*E(5)+20/3*E(5)^2+20/3*E(5)^3+8/3*E(5)^4, E(5)+2*E(5)^2+2*E(5)^3+E(5)^4, 5*E(5)+13*E(5)^2+13*E(5)^3+5*E(5)^4 ], [ 8/3*E(5)+20/3*E(5)^2+20/3*E(5)^3+8/3*E(5)^4, 1/3*E(5)+5/3*E(5)^2+5/3*E(5)^3+1/3*E(5)^4, -5*E(5)-14*E(5)^2-14*E(5)^3-5*E(5)^4, 2*E(5)+5*E(5)^2+5*E(5)^3+2*E(5)^4 ], [ 11/3*E(5)+10*E(5)^2+10*E(5)^3+11/3*E(5)^4, -5*E(5)-34/3*E(5)^2-34/3*E(5)^3-5*E(5)^4, -5/3*E(5)-10/3*E(5)^2-10/3*E(5)^3-5/3*E(5)^4, -23/3*E(5)-56/3*E(5)^2-56/3*E(5)^3-23/3*E(5)^4 ], [ -3*E(5)-25/3*E(5)^2-25/3*E(5)^3-3*E(5)^4, -2/3*E(5)-3*E(5)^2-3*E(5)^3-2/3*E(5)^4, 25/3*E(5)+64/3*E(5)^2+64/3*E(5)^3+25/3*E(5)^4, -10/3*E(5)-20/3*E(5)^2-20/3*E(5)^3-10/3*E(5)^4 ] ]
  exhaustive Gram-pruned enumeration [t=138s]
    Gram-consistent ordered 4-tuples: 14400   Gamma_b-orbits: 2   full similarities: 0   det signs: [  ]
    orbit rep tuple [ 1, 7, 32, 87 ]: similarity=false det sign=+1 vertices=true edges=false faces=false cells=false conj=[ true, true, true ][ true, true, true ] orientation=none
    orbit rep tuple [ 1, 7, 32, 100 ]: similarity=false det sign=-1 vertices=true edges=false faces=false cells=false conj=[ true, true, true ][ true, true, true ] orientation=none
  [ok]   each Gamma_b-orbit of anchor tuples has size |Gamma_b| (free action)
  [ok]   the recorded orbits partition the enumerated tuple list
  [ok]   direct recomputation of M*M^T and det M for 200 sampled tuples agrees with orbit representatives
  [ok]   exhaustive similarity count 0 = |Gamma_b| * (number of flag-anchored cosets = 0)
  [ok]   number of similarity orbits found exhaustively = number of flag-anchored cosets
  [ok]   candidate even is not Gram-consistent and does not pass
  [ok]   candidate odd is not Gram-consistent and does not pass
  [ok]   det signs of passing candidates = det signs found exhaustively
  => EXHAUSTIVE PROOF: no similarity of E^4 carries realisation L3-{5,3,5/2}-13 onto L3-{5,3,5/2}-15 (no Gram-consistent tuple yields a structure map).

== pair (L3-{5,3,5/2}-14 -> L3-{5,3,5/2}-15)  f-vector (120,720,300,50)  |Gamma_a|=7200 |Gamma_b|=7200 [t=138s]
  lambda = |w_b|^2/|w_a|^2 = -15*E(5)-39*E(5)^2-39*E(5)^3-15*E(5)^4  (~53.83281572999748)
  candidate even: image tuple (1-based indices in V_b) [ 104, 89, 71, 8 ]  Gram-consistent: false
    (i)   traversal of all p face vertices: true
    (ii)  M*M^T = lambda*I: false
    (iii) det M = -801*E(5)-2097*E(5)^2-2097*E(5)^3-801*E(5)^4  sign(det M/lambda^2) = +1
    (iv)  vertex set onto vertex set: false
    (v)   edges/faces/cells onto: false/false/false
    (vi)  M^-1 {S1,S2,X_a} M in Gamma_b: [ false, false, false ]   M {S1,S2,X_b} M^-1 in Gamma_a: [ false, false, false ]
    (vii) conjugated triple orientation in Gamma_b: none  (RepresentativeAction and own conjugator search agree: true; exact equality with same triple: false, with mirror triple: false)
    flag image = intended even flag: false   (= intended flag with the other cell: false;  image flag orbit: none)
    => candidate even passes (structure map): false;  represents the even coset: false
    M = [ [ E(5)+3*E(5)^2+3*E(5)^3+E(5)^4, -3*E(5)-8*E(5)^2-8*E(5)^3-3*E(5)^4, -2*E(5)-5*E(5)^2-5*E(5)^3-2*E(5)^4, 5*E(5)+13*E(5)^2+13*E(5)^3+5*E(5)^4 ], [ 3*E(5)+8*E(5)^2+8*E(5)^3+3*E(5)^4, E(5)+3*E(5)^2+3*E(5)^3+E(5)^4, -5*E(5)-13*E(5)^2-13*E(5)^3-5*E(5)^4, -2*E(5)-5*E(5)^2-5*E(5)^3-2*E(5)^4 ], [ -2*E(5)-5*E(5)^2-5*E(5)^3-2*E(5)^4, 5*E(5)+13*E(5)^2+13*E(5)^3+5*E(5)^4, 3*E(5)+7*E(5)^2+7*E(5)^3+3*E(5)^4, -7*E(5)-18*E(5)^2-18*E(5)^3-7*E(5)^4 ], [ -5*E(5)-13*E(5)^2-13*E(5)^3-5*E(5)^4, -2*E(5)-5*E(5)^2-5*E(5)^3-2*E(5)^4, 7*E(5)+18*E(5)^2+18*E(5)^3+7*E(5)^4, 3*E(5)+7*E(5)^2+7*E(5)^3+3*E(5)^4 ] ]
  candidate odd: image tuple (1-based indices in V_b) [ 104, 85, 99, 6 ]  Gram-consistent: false
    (i)   traversal of all p face vertices: true
    (ii)  M*M^T = lambda*I: false
    (iii) det M = -801*E(5)-2097*E(5)^2-2097*E(5)^3-801*E(5)^4  sign(det M/lambda^2) = +1
    (iv)  vertex set onto vertex set: false
    (v)   edges/faces/cells onto: false/false/false
    (vi)  M^-1 {S1,S2,X_a} M in Gamma_b: [ false, false, false ]   M {S1,S2,X_b} M^-1 in Gamma_a: [ false, false, false ]
    (vii) conjugated triple orientation in Gamma_b: none  (RepresentativeAction and own conjugator search agree: true; exact equality with same triple: false, with mirror triple: false)
    flag image = intended odd flag: false   (= intended flag with the other cell: false;  image flag orbit: none)
    => candidate odd passes (structure map): false;  represents the odd coset: false
    M = [ [ -3/4*E(5)-3/2*E(5)^2-3/2*E(5)^3-3/4*E(5)^4, 9/4*E(5)+6*E(5)^2+6*E(5)^3+9/4*E(5)^4, -13/4*E(5)-17/2*E(5)^2-17/2*E(5)^3-13/4*E(5)^4, 19/4*E(5)+25/2*E(5)^2+25/2*E(5)^3+19/4*E(5)^4 ], [ 15/4*E(5)+39/4*E(5)^2+39/4*E(5)^3+15/4*E(5)^4, -3/2*E(5)-15/4*E(5)^2-15/4*E(5)^3-3/2*E(5)^4, -17/4*E(5)-23/2*E(5)^2-23/2*E(5)^3-17/4*E(5)^4, -2*E(5)-5*E(5)^2-5*E(5)^3-2*E(5)^4 ], [ 1/2*E(5)+5/4*E(5)^2+5/4*E(5)^3+1/2*E(5)^4, -7/2*E(5)-10*E(5)^2-10*E(5)^3-7/2*E(5)^4, 19/4*E(5)+12*E(5)^2+12*E(5)^3+19/4*E(5)^4, -27/4*E(5)-71/4*E(5)^2-71/4*E(5)^3-27/4*E(5)^4 ], [ -5*E(5)-13*E(5)^2-13*E(5)^3-5*E(5)^4, 7/4*E(5)+19/4*E(5)^2+19/4*E(5)^3+7/4*E(5)^4, 27/4*E(5)+35/2*E(5)^2+35/2*E(5)^3+27/4*E(5)^4, 7/2*E(5)+33/4*E(5)^2+33/4*E(5)^3+7/2*E(5)^4 ] ]
  exhaustive Gram-pruned enumeration [t=138s]
    Gram-consistent ordered 4-tuples: 14400   Gamma_b-orbits: 2   full similarities: 0   det signs: [  ]
    orbit rep tuple [ 1, 7, 32, 87 ]: similarity=false det sign=+1 vertices=true edges=false faces=false cells=false conj=[ true, true, true ][ true, true, true ] orientation=none
    orbit rep tuple [ 1, 7, 32, 100 ]: similarity=false det sign=-1 vertices=true edges=false faces=false cells=false conj=[ true, true, true ][ true, true, true ] orientation=none
  [ok]   each Gamma_b-orbit of anchor tuples has size |Gamma_b| (free action)
  [ok]   the recorded orbits partition the enumerated tuple list
  [ok]   direct recomputation of M*M^T and det M for 200 sampled tuples agrees with orbit representatives
  [ok]   exhaustive similarity count 0 = |Gamma_b| * (number of flag-anchored cosets = 0)
  [ok]   number of similarity orbits found exhaustively = number of flag-anchored cosets
  [ok]   candidate even is not Gram-consistent and does not pass
  [ok]   candidate odd is not Gram-consistent and does not pass
  [ok]   det signs of passing candidates = det signs found exhaustively
  => EXHAUSTIVE PROOF: no similarity of E^4 carries realisation L3-{5,3,5/2}-14 onto L3-{5,3,5/2}-15 (no Gram-consistent tuple yields a structure map).

== pair (L3-{5,3,5/2}-15 -> L3-{5,3,5/2}-15)  f-vector (120,720,300,50)  |Gamma_a|=7200 |Gamma_b|=7200 [t=139s]
  lambda = |w_b|^2/|w_a|^2 = 1  (~1.)
  candidate even: image tuple (1-based indices in V_b) [ 104, 89, 71, 8 ]  Gram-consistent: true
    (i)   traversal of all p face vertices: true
    (ii)  M*M^T = lambda*I: true
    (iii) det M = 1  sign(det M/lambda^2) = +1
    (iv)  vertex set onto vertex set: true
    (v)   edges/faces/cells onto: true/true/true
    (vi)  M^-1 {S1,S2,X_a} M in Gamma_b: [ true, true, true ]   M {S1,S2,X_b} M^-1 in Gamma_a: [ true, true, true ]
    (vii) conjugated triple orientation in Gamma_b: same  (RepresentativeAction and own conjugator search agree: true; exact equality with same triple: true, with mirror triple: false)
    flag image = intended even flag: true   (= intended flag with the other cell: false;  image flag orbit: even)
    => candidate even passes (structure map): true;  represents the even coset: true
    M = [ [ 1, 0, 0, 0 ], [ 0, 1, 0, 0 ], [ 0, 0, 1, 0 ], [ 0, 0, 0, 1 ] ]
  [ok]   orientation test: RepresentativeAction agrees with independent conjugator search
  [ok]   conjugated triple is not simultaneously conjugate to the same and the mirror triple (abstract chirality)
  [ok]   passing even candidate maps the base flag of a to the intended flag of b or to the intended flag with the other cell
  [ok]   image flag orbit is even iff (even candidate and intended flag) or (odd candidate and other cell)
  [ok]   even candidate with even image orbit: conjugated triple is Gamma_b-conjugate to (S1,S2,X_b)
  [ok]   even candidate hitting the base flag: conjugated triple equals (S1,S2,X_b) exactly (free flag action)
  candidate odd: image tuple (1-based indices in V_b) [ 104, 85, 99, 6 ]  Gram-consistent: true
    (i)   traversal of all p face vertices: true
    (ii)  M*M^T = lambda*I: true
    (iii) det M = 1  sign(det M/lambda^2) = +1
    (iv)  vertex set onto vertex set: true
    (v)   edges/faces/cells onto: true/true/true
    (vi)  M^-1 {S1,S2,X_a} M in Gamma_b: [ true, true, true ]   M {S1,S2,X_b} M^-1 in Gamma_a: [ true, true, true ]
    (vii) conjugated triple orientation in Gamma_b: same  (RepresentativeAction and own conjugator search agree: true; exact equality with same triple: false, with mirror triple: false)
    flag image = intended odd flag: false   (= intended flag with the other cell: true;  image flag orbit: even)
    => candidate odd passes (structure map): true;  represents the odd coset: false
    M = [ [ -7/12*E(5)-1/6*E(5)^2-1/6*E(5)^3-7/12*E(5)^4, -1/12*E(5)-1/3*E(5)^2-1/3*E(5)^3-1/12*E(5)^4, 7/12*E(5)+2/3*E(5)^2+2/3*E(5)^3+7/12*E(5)^4, 1/12*E(5)+1/3*E(5)^2+1/3*E(5)^3+1/12*E(5)^4 ], [ -5/12, -1/6*E(5)+5/12*E(5)^2+5/12*E(5)^3-1/6*E(5)^4, 7/12*E(5)+1/3*E(5)^2+1/3*E(5)^3+7/12*E(5)^4, 1/6*E(5)+1/3*E(5)^2+1/3*E(5)^3+1/6*E(5)^4 ], [ 5/12*E(5)^2+5/12*E(5)^3, -2/3*E(5)-1/2*E(5)^2-1/2*E(5)^3-2/3*E(5)^4, -5/12*E(5)-1/2*E(5)^2-1/2*E(5)^3-5/12*E(5)^4, -1/4*E(5)+1/12*E(5)^2+1/12*E(5)^3-1/4*E(5)^4 ], [ 1/3*E(5)+1/2*E(5)^2+1/2*E(5)^3+1/3*E(5)^4, 1/4*E(5)+1/12*E(5)^2+1/12*E(5)^3+1/4*E(5)^4, 1/4*E(5)+1/3*E(5)^2+1/3*E(5)^3+1/4*E(5)^4, -5/6*E(5)-3/4*E(5)^2-3/4*E(5)^3-5/6*E(5)^4 ] ]
  [ok]   orientation test: RepresentativeAction agrees with independent conjugator search
  [ok]   conjugated triple is not simultaneously conjugate to the same and the mirror triple (abstract chirality)
  [ok]   passing odd candidate maps the base flag of a to the intended flag of b or to the intended flag with the other cell
  [ok]   image flag orbit is even iff (even candidate and intended flag) or (odd candidate and other cell)
  [ok]   odd candidate with even image orbit: conjugated triple is Gamma_b-conjugate to (S1,S2,X_b)
  [ok]   both candidates pass but only one hits its intended flag: M_even^-1 M_odd lies in Gamma_b (same coset)
  [ok]   at least one of the two passing candidates hits its intended flag
  a = b: the odd candidate passes but maps the base flag to (Phi^2)^3 (even orbit): it is an element of Gamma, not an extra symmetry; no similarity maps the base flag to its 2-adjacent flag: geometrically chiral (symmetry group = Gamma)
  [ok]   a = b: the even candidate (identity) passes and fixes the base flag
  [ok]   a = b: the even candidate matrix is the identity
  exhaustive Gram-pruned enumeration [t=139s]
    Gram-consistent ordered 4-tuples: 14400   Gamma_b-orbits: 2   full similarities: 7200   det signs: [ "+1" ]
    orbit rep tuple [ 1, 4, 30, 31 ]: similarity=true det sign=+1 vertices=true edges=true faces=true cells=true conj=[ true, true, true ][ true, true, true ] orientation=same
    orbit rep tuple [ 1, 4, 30, 44 ]: similarity=false det sign=-1 vertices=true edges=true faces=false cells=false conj=[ true, true, true ][ true, true, true ] orientation=none
  [ok]   each Gamma_b-orbit of anchor tuples has size |Gamma_b| (free action)
  [ok]   the recorded orbits partition the enumerated tuple list
  [ok]   direct recomputation of M*M^T and det M for 200 sampled tuples agrees with orbit representatives
  [ok]   exhaustive similarity count 7200 = |Gamma_b| * (number of flag-anchored cosets = 1)
  [ok]   number of similarity orbits found exhaustively = number of flag-anchored cosets
  [ok]   candidate even tuple is enumerated and its orbit verdict matches the candidate verdict
  [ok]   candidate odd tuple is enumerated and its orbit verdict matches the candidate verdict
  [ok]   det signs of passing candidates = det signs found exhaustively
  => 7200 similarities L3-{5,3,5/2}-15 -> L3-{5,3,5/2}-15 (1 Gamma_b-coset(s)), lambda = 1, det signs [ "+1" ]

== pair (L3-{5,3,5/2}-16 -> L3-{5,3,5/2}-15)  f-vector (120,720,300,50)  |Gamma_a|=7200 |Gamma_b|=7200 [t=139s]
  lambda = |w_b|^2/|w_a|^2 = -3*E(5)-15/2*E(5)^2-15/2*E(5)^3-3*E(5)^4  (~10.28115294937453)
  candidate even: image tuple (1-based indices in V_b) [ 104, 89, 71, 8 ]  Gram-consistent: true
    (i)   traversal of all p face vertices: true
    (ii)  M*M^T = lambda*I: true
    (iii) det M = -117/4*E(5)-153/2*E(5)^2-153/2*E(5)^3-117/4*E(5)^4  sign(det M/lambda^2) = +1
    (iv)  vertex set onto vertex set: true
    (v)   edges/faces/cells onto: true/true/true
    (vi)  M^-1 {S1,S2,X_a} M in Gamma_b: [ true, true, true ]   M {S1,S2,X_b} M^-1 in Gamma_a: [ true, true, true ]
    (vii) conjugated triple orientation in Gamma_b: mirror  (RepresentativeAction and own conjugator search agree: true; exact equality with same triple: false, with mirror triple: false)
    flag image = intended even flag: false   (= intended flag with the other cell: true;  image flag orbit: odd)
    => candidate even passes (structure map): true;  represents the even coset: false
    M = [ [ -E(5)-2*E(5)^2-2*E(5)^3-E(5)^4, -1/4*E(5)-E(5)^2-E(5)^3-1/4*E(5)^4, 1/4*E(5)^2+1/4*E(5)^3, -1/4*E(5)-3/4*E(5)^2-3/4*E(5)^3-1/4*E(5)^4 ], [ 1/4*E(5)+E(5)^2+E(5)^3+1/4*E(5)^4, -E(5)-2*E(5)^2-2*E(5)^3-E(5)^4, 1/4*E(5)+3/4*E(5)^2+3/4*E(5)^3+1/4*E(5)^4, 1/4*E(5)^2+1/4*E(5)^3 ], [ 1/4*E(5)^2+1/4*E(5)^3, -1/4*E(5)-3/4*E(5)^2-3/4*E(5)^3-1/4*E(5)^4, -1/2*E(5)-2*E(5)^2-2*E(5)^3-1/2*E(5)^4, -1/4*E(5)-1/2*E(5)^2-1/2*E(5)^3-1/4*E(5)^4 ], [ 1/4*E(5)+3/4*E(5)^2+3/4*E(5)^3+1/4*E(5)^4, 1/4*E(5)^2+1/4*E(5)^3, 1/4*E(5)+1/2*E(5)^2+1/2*E(5)^3+1/4*E(5)^4, -1/2*E(5)-2*E(5)^2-2*E(5)^3-1/2*E(5)^4 ] ]
  [ok]   orientation test: RepresentativeAction agrees with independent conjugator search
  [ok]   conjugated triple is not simultaneously conjugate to the same and the mirror triple (abstract chirality)
  [ok]   passing even candidate maps the base flag of a to the intended flag of b or to the intended flag with the other cell
  [ok]   image flag orbit is even iff (even candidate and intended flag) or (odd candidate and other cell)
  [ok]   even candidate with odd image orbit: conjugated triple is Gamma_b-conjugate to the mirror triple (S1^-1, S1^2 S2, X_b)
  candidate odd: image tuple (1-based indices in V_b) [ 104, 85, 99, 6 ]  Gram-consistent: true
    (i)   traversal of all p face vertices: true
    (ii)  M*M^T = lambda*I: true
    (iii) det M = -117/4*E(5)-153/2*E(5)^2-153/2*E(5)^3-117/4*E(5)^4  sign(det M/lambda^2) = +1
    (iv)  vertex set onto vertex set: true
    (v)   edges/faces/cells onto: true/true/true
    (vi)  M^-1 {S1,S2,X_a} M in Gamma_b: [ true, true, true ]   M {S1,S2,X_b} M^-1 in Gamma_a: [ true, true, true ]
    (vii) conjugated triple orientation in Gamma_b: mirror  (RepresentativeAction and own conjugator search agree: true; exact equality with same triple: false, with mirror triple: false)
    flag image = intended odd flag: true   (= intended flag with the other cell: false;  image flag orbit: odd)
    => candidate odd passes (structure map): true;  represents the odd coset: true
    M = [ [ 3/4*E(5)^2+3/4*E(5)^3, 0, 3/4*E(5)+2*E(5)^2+2*E(5)^3+3/4*E(5)^4, 1/4*E(5)+3/4*E(5)^2+3/4*E(5)^3+1/4*E(5)^4 ], [ 0, 3/4*E(5)+9/4*E(5)^2+9/4*E(5)^3+3/4*E(5)^4, 1/4*E(5)+1/4*E(5)^4, 1/4*E(5)^2+1/4*E(5)^3 ], [ 3/4*E(5)+2*E(5)^2+2*E(5)^3+3/4*E(5)^4, 1/4*E(5)+1/4*E(5)^4, -1/4*E(5)-E(5)^2-E(5)^3-1/4*E(5)^4, 1/4*E(5)+1/2*E(5)^2+1/2*E(5)^3+1/4*E(5)^4 ], [ 1/4*E(5)+3/4*E(5)^2+3/4*E(5)^3+1/4*E(5)^4, 1/4*E(5)^2+1/4*E(5)^3, 1/4*E(5)+1/2*E(5)^2+1/2*E(5)^3+1/4*E(5)^4, -1/2*E(5)-2*E(5)^2-2*E(5)^3-1/2*E(5)^4 ] ]
  [ok]   orientation test: RepresentativeAction agrees with independent conjugator search
  [ok]   conjugated triple is not simultaneously conjugate to the same and the mirror triple (abstract chirality)
  [ok]   passing odd candidate maps the base flag of a to the intended flag of b or to the intended flag with the other cell
  [ok]   image flag orbit is even iff (even candidate and intended flag) or (odd candidate and other cell)
  [ok]   odd candidate with odd image orbit: conjugated triple is Gamma_b-conjugate to the mirror triple (S1^-1, S1^2 S2, X_b)
  [ok]   both candidates pass but only one hits its intended flag: M_even^-1 M_odd lies in Gamma_b (same coset)
  [ok]   at least one of the two passing candidates hits its intended flag
  exhaustive Gram-pruned enumeration [t=139s]
    Gram-consistent ordered 4-tuples: 14400   Gamma_b-orbits: 2   full similarities: 7200   det signs: [ "+1" ]
    orbit rep tuple [ 1, 4, 30, 31 ]: similarity=true det sign=+1 vertices=true edges=true faces=true cells=true conj=[ true, true, true ][ true, true, true ] orientation=mirror
    orbit rep tuple [ 1, 4, 30, 44 ]: similarity=false det sign=-1 vertices=true edges=true faces=false cells=false conj=[ true, true, true ][ true, true, true ] orientation=none
  [ok]   each Gamma_b-orbit of anchor tuples has size |Gamma_b| (free action)
  [ok]   the recorded orbits partition the enumerated tuple list
  [ok]   direct recomputation of M*M^T and det M for 200 sampled tuples agrees with orbit representatives
  [ok]   exhaustive similarity count 7200 = |Gamma_b| * (number of flag-anchored cosets = 1)
  [ok]   number of similarity orbits found exhaustively = number of flag-anchored cosets
  [ok]   candidate even tuple is enumerated and its orbit verdict matches the candidate verdict
  [ok]   candidate odd tuple is enumerated and its orbit verdict matches the candidate verdict
  [ok]   det signs of passing candidates = det signs found exhaustively
  => 7200 similarities L3-{5,3,5/2}-16 -> L3-{5,3,5/2}-15 (1 Gamma_b-coset(s)), lambda = -3*E(5)-15/2*E(5)^2-15/2*E(5)^3-3*E(5)^4, det signs [ "+1" ]
pair (L3-{3,3,5/2}-1 -> L3-{5,3,5/2}-15): inequivalent: different f-vector (600,1200,120,5) vs (120,720,300,50)
pair (L3-{3,3,5/2}-4 -> L3-{5,3,5/2}-15): inequivalent: different f-vector (600,1200,120,5) vs (120,720,300,50)

#### target b = L3-{5,3,5/2}-16   computing Gram matrix of V_b [t=140s]
  [ok]   Gram diagonal constant = |w_b|^2
pair (L3-{4,3,3}-1 -> L3-{5,3,5/2}-16): inequivalent: different f-vector (16,32,12,4) vs (120,720,300,50)
pair (L3-{4,3,3}-2 -> L3-{5,3,5/2}-16): inequivalent: different f-vector (16,32,12,4) vs (120,720,300,50)
pair (L3-{4,3,3}-3 -> L3-{5,3,5/2}-16): inequivalent: different f-vector (16,32,12,4) vs (120,720,300,50)
pair (L3-{4,3,3}-6 -> L3-{5,3,5/2}-16): inequivalent: different f-vector (16,32,12,4) vs (120,720,300,50)
pair (L3-{5,3,3}-3 -> L3-{5,3,5/2}-16): inequivalent: different f-vector (600,1200,120,5) vs (120,720,300,50)
pair (L3-{5,3,3}-8 -> L3-{5,3,5/2}-16): inequivalent: different f-vector (600,1200,120,5) vs (120,720,300,50)
pair (L3-{5,3,5/2}-1 -> L3-{5,3,5/2}-16): inequivalent: different f-vector (240,480,120,20) vs (120,720,300,50)
pair (L3-{5,3,5/2}-2 -> L3-{5,3,5/2}-16): inequivalent: different f-vector (240,480,120,20) vs (120,720,300,50)
pair (L3-{5,3,5/2}-3 -> L3-{5,3,5/2}-16): inequivalent: different f-vector (240,480,120,20) vs (120,720,300,50)
pair (L3-{5,3,5/2}-4 -> L3-{5,3,5/2}-16): inequivalent: different f-vector (240,480,120,20) vs (120,720,300,50)
pair (L3-{5,3,5/2}-5 -> L3-{5,3,5/2}-16): inequivalent: different f-vector (48,144,48,8) vs (120,720,300,50)
pair (L3-{5,3,5/2}-6 -> L3-{5,3,5/2}-16): inequivalent: different f-vector (48,144,48,8) vs (120,720,300,50)
pair (L3-{5,3,5/2}-7 -> L3-{5,3,5/2}-16): inequivalent: different f-vector (48,144,48,8) vs (120,720,300,50)
pair (L3-{5,3,5/2}-8 -> L3-{5,3,5/2}-16): inequivalent: different f-vector (48,144,48,8) vs (120,720,300,50)

== pair (L3-{5,3,5/2}-9 -> L3-{5,3,5/2}-16)  f-vector (120,720,300,50)  |Gamma_a|=7200 |Gamma_b|=7200 [t=140s]
  lambda = |w_b|^2/|w_a|^2 = 4  (~4.)
  candidate even: image tuple (1-based indices in V_b) [ 91, 102, 36, 34 ]  Gram-consistent: false
    (i)   traversal of all p face vertices: true
    (ii)  M*M^T = lambda*I: false
    (iii) det M = -80*E(5)-32*E(5)^2-32*E(5)^3-80*E(5)^4  sign(det M/lambda^2) = na
    (iv)  vertex set onto vertex set: false
    (v)   edges/faces/cells onto: false/false/false
    (vi)  M^-1 {S1,S2,X_a} M in Gamma_b: [ false, false, false ]   M {S1,S2,X_b} M^-1 in Gamma_a: [ false, false, false ]
    (vii) conjugated triple orientation in Gamma_b: none  (RepresentativeAction and own conjugator search agree: true; exact equality with same triple: false, with mirror triple: false)
    flag image = intended even flag: false   (= intended flag with the other cell: false;  image flag orbit: none)
    => candidate even passes (structure map): false;  represents the even coset: false
    M = [ [ 1, 0, E(5)^2+E(5)^3, -E(5)-E(5)^4 ], [ 0, 1, E(5)+E(5)^4, E(5)^2+E(5)^3 ], [ E(5)^2+E(5)^3, -E(5)-E(5)^4, E(5)-E(5)^2-E(5)^3+E(5)^4, 6*E(5)+2*E(5)^2+2*E(5)^3+6*E(5)^4 ], [ E(5)+E(5)^4, E(5)^2+E(5)^3, -6*E(5)-2*E(5)^2-2*E(5)^3-6*E(5)^4, E(5)-E(5)^2-E(5)^3+E(5)^4 ] ]
  candidate odd: image tuple (1-based indices in V_b) [ 91, 98, 94, 30 ]  Gram-consistent: false
    (i)   traversal of all p face vertices: true
    (ii)  M*M^T = lambda*I: false
    (iii) det M = -80*E(5)-32*E(5)^2-32*E(5)^3-80*E(5)^4  sign(det M/lambda^2) = na
    (iv)  vertex set onto vertex set: false
    (v)   edges/faces/cells onto: false/false/false
    (vi)  M^-1 {S1,S2,X_a} M in Gamma_b: [ false, false, false ]   M {S1,S2,X_b} M^-1 in Gamma_a: [ false, false, false ]
    (vii) conjugated triple orientation in Gamma_b: none  (RepresentativeAction and own conjugator search agree: true; exact equality with same triple: false, with mirror triple: false)
    flag image = intended odd flag: false   (= intended flag with the other cell: false;  image flag orbit: none)
    => candidate odd passes (structure map): false;  represents the odd coset: false
    M = [ [ 1, 0, E(5)^2+E(5)^3, -E(5)-E(5)^4 ], [ 0, -1, E(5)+E(5)^4, E(5)^2+E(5)^3 ], [ E(5)^2+E(5)^3, E(5)+E(5)^4, E(5)-E(5)^2-E(5)^3+E(5)^4, 6*E(5)+2*E(5)^2+2*E(5)^3+6*E(5)^4 ], [ -E(5)-E(5)^4, -6*E(5)-3*E(5)^2-3*E(5)^3-6*E(5)^4, -2*E(5)-2*E(5)^4, E(5)-E(5)^2-E(5)^3+E(5)^4 ] ]
  exhaustive Gram-pruned enumeration [t=140s]
    Gram-consistent ordered 4-tuples: 14400   Gamma_b-orbits: 2   full similarities: 0   det signs: [  ]
    orbit rep tuple [ 1, 2, 5, 70 ]: similarity=false det sign=+1 vertices=true edges=false faces=false cells=false conj=[ true, true, true ][ true, true, true ] orientation=none
    orbit rep tuple [ 1, 2, 5, 119 ]: similarity=false det sign=-1 vertices=true edges=false faces=false cells=false conj=[ true, true, true ][ true, true, true ] orientation=none
  [ok]   each Gamma_b-orbit of anchor tuples has size |Gamma_b| (free action)
  [ok]   the recorded orbits partition the enumerated tuple list
  [ok]   direct recomputation of M*M^T and det M for 200 sampled tuples agrees with orbit representatives
  [ok]   exhaustive similarity count 0 = |Gamma_b| * (number of flag-anchored cosets = 0)
  [ok]   number of similarity orbits found exhaustively = number of flag-anchored cosets
  [ok]   candidate even is not Gram-consistent and does not pass
  [ok]   candidate odd is not Gram-consistent and does not pass
  [ok]   det signs of passing candidates = det signs found exhaustively
  => EXHAUSTIVE PROOF: no similarity of E^4 carries realisation L3-{5,3,5/2}-9 onto L3-{5,3,5/2}-16 (no Gram-consistent tuple yields a structure map).

== pair (L3-{5,3,5/2}-10 -> L3-{5,3,5/2}-16)  f-vector (120,720,300,50)  |Gamma_a|=7200 |Gamma_b|=7200 [t=140s]
  lambda = |w_b|^2/|w_a|^2 = 4/3  (~1.333333333333333)
  candidate even: image tuple (1-based indices in V_b) [ 91, 102, 36, 34 ]  Gram-consistent: false
    (i)   traversal of all p face vertices: true
    (ii)  M*M^T = lambda*I: false
    (iii) det M = -80/9*E(5)-32/9*E(5)^2-32/9*E(5)^3-80/9*E(5)^4  sign(det M/lambda^2) = na
    (iv)  vertex set onto vertex set: false
    (v)   edges/faces/cells onto: false/false/false
    (vi)  M^-1 {S1,S2,X_a} M in Gamma_b: [ false, false, false ]   M {S1,S2,X_b} M^-1 in Gamma_a: [ false, false, false ]
    (vii) conjugated triple orientation in Gamma_b: none  (RepresentativeAction and own conjugator search agree: true; exact equality with same triple: false, with mirror triple: false)
    flag image = intended even flag: false   (= intended flag with the other cell: false;  image flag orbit: none)
    => candidate even passes (structure map): false;  represents the even coset: false
    M = [ [ 5/3*E(5)+E(5)^2+E(5)^3+5/3*E(5)^4, -2*E(5)-2/3*E(5)^2-2/3*E(5)^3-2*E(5)^4, -1/3*E(5)^2-1/3*E(5)^3, -1/3*E(5)-1/3*E(5)^4 ], [ 2*E(5)+2/3*E(5)^2+2/3*E(5)^3+2*E(5)^4, 5/3*E(5)+E(5)^2+E(5)^3+5/3*E(5)^4, 1/3*E(5)+1/3*E(5)^4, -1/3*E(5)^2-1/3*E(5)^3 ], [ -1/3*E(5)^2-1/3*E(5)^3, -1/3*E(5)-1/3*E(5)^4, -1, 0 ], [ 1/3*E(5)+1/3*E(5)^4, -1/3*E(5)^2-1/3*E(5)^3, 0, -1 ] ]
  candidate odd: image tuple (1-based indices in V_b) [ 91, 98, 94, 30 ]  Gram-consistent: false
    (i)   traversal of all p face vertices: true
    (ii)  M*M^T = lambda*I: false
    (iii) det M = -80/9*E(5)-32/9*E(5)^2-32/9*E(5)^3-80/9*E(5)^4  sign(det M/lambda^2) = na
    (iv)  vertex set onto vertex set: false
    (v)   edges/faces/cells onto: false/false/false
    (vi)  M^-1 {S1,S2,X_a} M in Gamma_b: [ false, false, false ]   M {S1,S2,X_b} M^-1 in Gamma_a: [ false, false, false ]
    (vii) conjugated triple orientation in Gamma_b: none  (RepresentativeAction and own conjugator search agree: true; exact equality with same triple: false, with mirror triple: false)
    flag image = intended odd flag: false   (= intended flag with the other cell: false;  image flag orbit: none)
    => candidate odd passes (structure map): false;  represents the odd coset: false
    M = [ [ -1/3, -4/3*E(5)-2/3*E(5)^2-2/3*E(5)^3-4/3*E(5)^4, 2*E(5)+1/3*E(5)^2+1/3*E(5)^3+2*E(5)^4, -1/3*E(5)-1/3*E(5)^4 ], [ 8/3*E(5)+4/3*E(5)^2+4/3*E(5)^3+8/3*E(5)^4, 1/3, -1/3*E(5)-1/3*E(5)^4, -1/3*E(5)^2-1/3*E(5)^3 ], [ -1/3*E(5)^2-1/3*E(5)^3, 1/3*E(5)+1/3*E(5)^4, -1, 0 ], [ 1/3*E(5)+1/3*E(5)^4, 1/3*E(5)^2+1/3*E(5)^3, 0, -1 ] ]
  exhaustive Gram-pruned enumeration [t=140s]
    Gram-consistent ordered 4-tuples: 14400   Gamma_b-orbits: 2   full similarities: 0   det signs: [  ]
    orbit rep tuple [ 1, 45, 5, 64 ]: similarity=false det sign=-1 vertices=true edges=false faces=false cells=false conj=[ true, true, true ][ true, true, true ] orientation=none
    orbit rep tuple [ 1, 45, 5, 93 ]: similarity=false det sign=+1 vertices=true edges=false faces=false cells=false conj=[ true, true, true ][ true, true, true ] orientation=none
  [ok]   each Gamma_b-orbit of anchor tuples has size |Gamma_b| (free action)
  [ok]   the recorded orbits partition the enumerated tuple list
  [ok]   direct recomputation of M*M^T and det M for 200 sampled tuples agrees with orbit representatives
  [ok]   exhaustive similarity count 0 = |Gamma_b| * (number of flag-anchored cosets = 0)
  [ok]   number of similarity orbits found exhaustively = number of flag-anchored cosets
  [ok]   candidate even is not Gram-consistent and does not pass
  [ok]   candidate odd is not Gram-consistent and does not pass
  [ok]   det signs of passing candidates = det signs found exhaustively
  => EXHAUSTIVE PROOF: no similarity of E^4 carries realisation L3-{5,3,5/2}-10 onto L3-{5,3,5/2}-16 (no Gram-consistent tuple yields a structure map).

== pair (L3-{5,3,5/2}-11 -> L3-{5,3,5/2}-16)  f-vector (120,720,300,50)  |Gamma_a|=7200 |Gamma_b|=7200 [t=140s]
  lambda = |w_b|^2/|w_a|^2 = 2  (~2.)
  candidate even: image tuple (1-based indices in V_b) [ 91, 102, 36, 34 ]  Gram-consistent: false
    (i)   traversal of all p face vertices: true
    (ii)  M*M^T = lambda*I: false
    (iii) det M = -20*E(5)-8*E(5)^2-8*E(5)^3-20*E(5)^4  sign(det M/lambda^2) = na
    (iv)  vertex set onto vertex set: false
    (v)   edges/faces/cells onto: false/false/false
    (vi)  M^-1 {S1,S2,X_a} M in Gamma_b: [ false, false, false ]   M {S1,S2,X_b} M^-1 in Gamma_a: [ false, false, false ]
    (vii) conjugated triple orientation in Gamma_b: none  (RepresentativeAction and own conjugator search agree: true; exact equality with same triple: false, with mirror triple: false)
    flag image = intended even flag: false   (= intended flag with the other cell: false;  image flag orbit: none)
    => candidate even passes (structure map): false;  represents the even coset: false
    M = [ [ 1/2, -3*E(5)-E(5)^2-E(5)^3-3*E(5)^4, 1/2*E(5)^2+1/2*E(5)^3, -1/2*E(5)-1/2*E(5)^4 ], [ 3*E(5)+E(5)^2+E(5)^3+3*E(5)^4, 1/2, 1/2*E(5)+1/2*E(5)^4, 1/2*E(5)^2+1/2*E(5)^3 ], [ 1/2*E(5)^2+1/2*E(5)^3, -1/2*E(5)-1/2*E(5)^4, 1/2*E(5)-1/2*E(5)^2-1/2*E(5)^3+1/2*E(5)^4, 0 ], [ 1/2*E(5)+1/2*E(5)^4, 1/2*E(5)^2+1/2*E(5)^3, 0, 1/2*E(5)-1/2*E(5)^2-1/2*E(5)^3+1/2*E(5)^4 ] ]
  candidate odd: image tuple (1-based indices in V_b) [ 91, 98, 94, 30 ]  Gram-consistent: false
    (i)   traversal of all p face vertices: true
    (ii)  M*M^T = lambda*I: false
    (iii) det M = -20*E(5)-8*E(5)^2-8*E(5)^3-20*E(5)^4  sign(det M/lambda^2) = na
    (iv)  vertex set onto vertex set: false
    (v)   edges/faces/cells onto: false/false/false
    (vi)  M^-1 {S1,S2,X_a} M in Gamma_b: [ false, false, false ]   M {S1,S2,X_b} M^-1 in Gamma_a: [ false, false, false ]
    (vii) conjugated triple orientation in Gamma_b: none  (RepresentativeAction and own conjugator search agree: true; exact equality with same triple: false, with mirror triple: false)
    flag image = intended odd flag: false   (= intended flag with the other cell: false;  image flag orbit: none)
    => candidate odd passes (structure map): false;  represents the odd coset: false
    M = [ [ -2*E(5)-E(5)^2-E(5)^3-2*E(5)^4, -E(5)-1/2*E(5)^2-1/2*E(5)^3-E(5)^4, 5/2*E(5)+3/2*E(5)^2+3/2*E(5)^3+5/2*E(5)^4, -1/2*E(5)-1/2*E(5)^4 ], [ 5/2*E(5)+E(5)^2+E(5)^3+5/2*E(5)^4, -E(5)-E(5)^4, 3/2*E(5)+1/2*E(5)^2+1/2*E(5)^3+3/2*E(5)^4, 1/2*E(5)^2+1/2*E(5)^3 ], [ 1/2*E(5)^2+1/2*E(5)^3, 1/2*E(5)+1/2*E(5)^4, 1/2*E(5)-1/2*E(5)^2-1/2*E(5)^3+1/2*E(5)^4, 0 ], [ -1/2, 1/2, -1/2, 1/2*E(5)-1/2*E(5)^2-1/2*E(5)^3+1/2*E(5)^4 ] ]
  exhaustive Gram-pruned enumeration [t=140s]
    Gram-consistent ordered 4-tuples: 14400   Gamma_b-orbits: 2   full similarities: 0   det signs: [  ]
    orbit rep tuple [ 1, 45, 5, 64 ]: similarity=false det sign=-1 vertices=true edges=false faces=false cells=false conj=[ true, true, true ][ true, true, true ] orientation=none
    orbit rep tuple [ 1, 45, 5, 93 ]: similarity=false det sign=+1 vertices=true edges=false faces=false cells=false conj=[ true, true, true ][ true, true, true ] orientation=none
  [ok]   each Gamma_b-orbit of anchor tuples has size |Gamma_b| (free action)
  [ok]   the recorded orbits partition the enumerated tuple list
  [ok]   direct recomputation of M*M^T and det M for 200 sampled tuples agrees with orbit representatives
  [ok]   exhaustive similarity count 0 = |Gamma_b| * (number of flag-anchored cosets = 0)
  [ok]   number of similarity orbits found exhaustively = number of flag-anchored cosets
  [ok]   candidate even is not Gram-consistent and does not pass
  [ok]   candidate odd is not Gram-consistent and does not pass
  [ok]   det signs of passing candidates = det signs found exhaustively
  => EXHAUSTIVE PROOF: no similarity of E^4 carries realisation L3-{5,3,5/2}-11 onto L3-{5,3,5/2}-16 (no Gram-consistent tuple yields a structure map).

== pair (L3-{5,3,5/2}-12 -> L3-{5,3,5/2}-16)  f-vector (120,720,300,50)  |Gamma_a|=7200 |Gamma_b|=7200 [t=140s]
  lambda = |w_b|^2/|w_a|^2 = 10/3  (~3.333333333333333)
  candidate even: image tuple (1-based indices in V_b) [ 91, 102, 36, 34 ]  Gram-consistent: false
    (i)   traversal of all p face vertices: true
    (ii)  M*M^T = lambda*I: false
    (iii) det M = -500/9*E(5)-200/9*E(5)^2-200/9*E(5)^3-500/9*E(5)^4  sign(det M/lambda^2) = na
    (iv)  vertex set onto vertex set: false
    (v)   edges/faces/cells onto: false/false/false
    (vi)  M^-1 {S1,S2,X_a} M in Gamma_b: [ false, false, false ]   M {S1,S2,X_b} M^-1 in Gamma_a: [ false, false, false ]
    (vii) conjugated triple orientation in Gamma_b: none  (RepresentativeAction and own conjugator search agree: true; exact equality with same triple: false, with mirror triple: false)
    flag image = intended even flag: false   (= intended flag with the other cell: false;  image flag orbit: none)
    => candidate even passes (structure map): false;  represents the even coset: false
    M = [ [ -1/2*E(5)+1/2*E(5)^2+1/2*E(5)^3-1/2*E(5)^4, 0, -5/6*E(5)^2-5/6*E(5)^3, -5/6*E(5)-5/6*E(5)^4 ], [ 0, -1/2*E(5)+1/2*E(5)^2+1/2*E(5)^3-1/2*E(5)^4, 5/6*E(5)+5/6*E(5)^4, -5/6*E(5)^2-5/6*E(5)^3 ], [ -5/6*E(5)^2-5/6*E(5)^3, -5/6*E(5)-5/6*E(5)^4, -13/6*E(5)+1/2*E(5)^2+1/2*E(5)^3-13/6*E(5)^4, 5*E(5)+5/3*E(5)^2+5/3*E(5)^3+5*E(5)^4 ], [ 5/6*E(5)+5/6*E(5)^4, -5/6*E(5)^2-5/6*E(5)^3, -5*E(5)-5/3*E(5)^2-5/3*E(5)^3-5*E(5)^4, -13/6*E(5)+1/2*E(5)^2+1/2*E(5)^3-13/6*E(5)^4 ] ]
  candidate odd: image tuple (1-based indices in V_b) [ 91, 98, 94, 30 ]  Gram-consistent: false
    (i)   traversal of all p face vertices: true
    (ii)  M*M^T = lambda*I: false
    (iii) det M = -500/9*E(5)-200/9*E(5)^2-200/9*E(5)^3-500/9*E(5)^4  sign(det M/lambda^2) = na
    (iv)  vertex set onto vertex set: false
    (v)   edges/faces/cells onto: false/false/false
    (vi)  M^-1 {S1,S2,X_a} M in Gamma_b: [ false, false, false ]   M {S1,S2,X_b} M^-1 in Gamma_a: [ false, false, false ]
    (vii) conjugated triple orientation in Gamma_b: none  (RepresentativeAction and own conjugator search agree: true; exact equality with same triple: false, with mirror triple: false)
    flag image = intended odd flag: false   (= intended flag with the other cell: false;  image flag orbit: none)
    => candidate odd passes (structure map): false;  represents the odd coset: false
    M = [ [ -1/3*E(5)+1/3*E(5)^2+1/3*E(5)^3-1/3*E(5)^4, 2/3*E(5)+1/6*E(5)^2+1/6*E(5)^3+2/3*E(5)^4, -1/2*E(5)-7/6*E(5)^2-7/6*E(5)^3-1/2*E(5)^4, -5/6*E(5)-5/6*E(5)^4 ], [ 1/6*E(5)+2/3*E(5)^2+2/3*E(5)^3+1/6*E(5)^4, 1/3*E(5)-1/3*E(5)^2-1/3*E(5)^3+1/3*E(5)^4, 7/6*E(5)+1/2*E(5)^2+1/2*E(5)^3+7/6*E(5)^4, -5/6*E(5)^2-5/6*E(5)^3 ], [ -4/3*E(5)-7/6*E(5)^2-7/6*E(5)^3-4/3*E(5)^4, -17/6*E(5)-4/3*E(5)^2-4/3*E(5)^3-17/6*E(5)^4, 1/6*E(5)+3/2*E(5)^2+3/2*E(5)^3+1/6*E(5)^4, 5*E(5)+5/3*E(5)^2+5/3*E(5)^3+5*E(5)^4 ], [ 5/6, -25/6*E(5)-5/6*E(5)^2-5/6*E(5)^3-25/6*E(5)^4, -5/2*E(5)-5/6*E(5)^2-5/6*E(5)^3-5/2*E(5)^4, -13/6*E(5)+1/2*E(5)^2+1/2*E(5)^3-13/6*E(5)^4 ] ]
  exhaustive Gram-pruned enumeration [t=140s]
    Gram-consistent ordered 4-tuples: 14400   Gamma_b-orbits: 2   full similarities: 0   det signs: [  ]
    orbit rep tuple [ 1, 2, 5, 70 ]: similarity=false det sign=+1 vertices=true edges=false faces=false cells=false conj=[ true, true, true ][ true, true, true ] orientation=none
    orbit rep tuple [ 1, 2, 5, 119 ]: similarity=false det sign=-1 vertices=true edges=false faces=false cells=false conj=[ true, true, true ][ true, true, true ] orientation=none
  [ok]   each Gamma_b-orbit of anchor tuples has size |Gamma_b| (free action)
  [ok]   the recorded orbits partition the enumerated tuple list
  [ok]   direct recomputation of M*M^T and det M for 200 sampled tuples agrees with orbit representatives
  [ok]   exhaustive similarity count 0 = |Gamma_b| * (number of flag-anchored cosets = 0)
  [ok]   number of similarity orbits found exhaustively = number of flag-anchored cosets
  [ok]   candidate even is not Gram-consistent and does not pass
  [ok]   candidate odd is not Gram-consistent and does not pass
  [ok]   det signs of passing candidates = det signs found exhaustively
  => EXHAUSTIVE PROOF: no similarity of E^4 carries realisation L3-{5,3,5/2}-12 onto L3-{5,3,5/2}-16 (no Gram-consistent tuple yields a structure map).

== pair (L3-{5,3,5/2}-13 -> L3-{5,3,5/2}-16)  f-vector (120,720,300,50)  |Gamma_a|=7200 |Gamma_b|=7200 [t=140s]
  lambda = |w_b|^2/|w_a|^2 = 16/3  (~5.333333333333333)
  candidate even: image tuple (1-based indices in V_b) [ 91, 102, 36, 34 ]  Gram-consistent: false
    (i)   traversal of all p face vertices: true
    (ii)  M*M^T = lambda*I: false
    (iii) det M = 256/9  sign(det M/lambda^2) = +1
    (iv)  vertex set onto vertex set: false
    (v)   edges/faces/cells onto: false/false/false
    (vi)  M^-1 {S1,S2,X_a} M in Gamma_b: [ false, false, false ]   M {S1,S2,X_b} M^-1 in Gamma_a: [ false, false, false ]
    (vii) conjugated triple orientation in Gamma_b: none  (RepresentativeAction and own conjugator search agree: true; exact equality with same triple: false, with mirror triple: false)
    flag image = intended even flag: false   (= intended flag with the other cell: false;  image flag orbit: none)
    => candidate even passes (structure map): false;  represents the even coset: false
    M = [ [ 4/3, -4/3*E(5)-8/3*E(5)^2-8/3*E(5)^3-4/3*E(5)^4, 4/3*E(5)^2+4/3*E(5)^3, 4/3*E(5)+4*E(5)^2+4*E(5)^3+4/3*E(5)^4 ], [ 4/3*E(5)+8/3*E(5)^2+8/3*E(5)^3+4/3*E(5)^4, 4/3, -4/3*E(5)-4*E(5)^2-4*E(5)^3-4/3*E(5)^4, 4/3*E(5)^2+4/3*E(5)^3 ], [ 4/3*E(5)^2+4/3*E(5)^3, 4/3*E(5)+4*E(5)^2+4*E(5)^3+4/3*E(5)^4, 4/3*E(5)-4/3*E(5)^2-4/3*E(5)^3+4/3*E(5)^4, -4/3*E(5)-16/3*E(5)^2-16/3*E(5)^3-4/3*E(5)^4 ], [ -4/3*E(5)-4*E(5)^2-4*E(5)^3-4/3*E(5)^4, 4/3*E(5)^2+4/3*E(5)^3, 4/3*E(5)+16/3*E(5)^2+16/3*E(5)^3+4/3*E(5)^4, 4/3*E(5)-4/3*E(5)^2-4/3*E(5)^3+4/3*E(5)^4 ] ]
  candidate odd: image tuple (1-based indices in V_b) [ 91, 98, 94, 30 ]  Gram-consistent: false
    (i)   traversal of all p face vertices: true
    (ii)  M*M^T = lambda*I: false
    (iii) det M = 256/9  sign(det M/lambda^2) = +1
    (iv)  vertex set onto vertex set: false
    (v)   edges/faces/cells onto: false/false/false
    (vi)  M^-1 {S1,S2,X_a} M in Gamma_b: [ false, false, false ]   M {S1,S2,X_b} M^-1 in Gamma_a: [ false, false, false ]
    (vii) conjugated triple orientation in Gamma_b: none  (RepresentativeAction and own conjugator search agree: true; exact equality with same triple: false, with mirror triple: false)
    flag image = intended odd flag: false   (= intended flag with the other cell: false;  image flag orbit: none)
    => candidate odd passes (structure map): false;  represents the odd coset: false
    M = [ [ -2*E(5)-8/3*E(5)^2-8/3*E(5)^3-2*E(5)^4, 2/3*E(5)+2*E(5)^2+2*E(5)^3+2/3*E(5)^4, 2/3*E(5)^2+2/3*E(5)^3, 4/3*E(5)+4*E(5)^2+4*E(5)^3+4/3*E(5)^4 ], [ 2/3*E(5)+2*E(5)^2+2*E(5)^3+2/3*E(5)^4, 2/3*E(5)^2+2/3*E(5)^3, -2/3*E(5)-4*E(5)^2-4*E(5)^3-2/3*E(5)^4, 4/3*E(5)^2+4/3*E(5)^3 ], [ 4/3*E(5)+10/3*E(5)^2+10/3*E(5)^3+4/3*E(5)^4, 2/3*E(5)-8/3*E(5)^2-8/3*E(5)^3+2/3*E(5)^4, 2/3*E(5)-2/3*E(5)^2-2/3*E(5)^3+2/3*E(5)^4, -4/3*E(5)-16/3*E(5)^2-16/3*E(5)^3-4/3*E(5)^4 ], [ -4/3*E(5)-8/3*E(5)^2-8/3*E(5)^3-4/3*E(5)^4, 4/3, 8/3*E(5)+20/3*E(5)^2+20/3*E(5)^3+8/3*E(5)^4, 4/3*E(5)-4/3*E(5)^2-4/3*E(5)^3+4/3*E(5)^4 ] ]
  exhaustive Gram-pruned enumeration [t=140s]
    Gram-consistent ordered 4-tuples: 14400   Gamma_b-orbits: 2   full similarities: 0   det signs: [  ]
    orbit rep tuple [ 1, 4, 68, 114 ]: similarity=false det sign=-1 vertices=true edges=false faces=false cells=false conj=[ true, true, true ][ true, true, true ] orientation=none
    orbit rep tuple [ 1, 4, 68, 117 ]: similarity=false det sign=+1 vertices=true edges=false faces=false cells=false conj=[ true, true, true ][ true, true, true ] orientation=none
  [ok]   each Gamma_b-orbit of anchor tuples has size |Gamma_b| (free action)
  [ok]   the recorded orbits partition the enumerated tuple list
  [ok]   direct recomputation of M*M^T and det M for 200 sampled tuples agrees with orbit representatives
  [ok]   exhaustive similarity count 0 = |Gamma_b| * (number of flag-anchored cosets = 0)
  [ok]   number of similarity orbits found exhaustively = number of flag-anchored cosets
  [ok]   candidate even is not Gram-consistent and does not pass
  [ok]   candidate odd is not Gram-consistent and does not pass
  [ok]   det signs of passing candidates = det signs found exhaustively
  => EXHAUSTIVE PROOF: no similarity of E^4 carries realisation L3-{5,3,5/2}-13 onto L3-{5,3,5/2}-16 (no Gram-consistent tuple yields a structure map).

== pair (L3-{5,3,5/2}-14 -> L3-{5,3,5/2}-16)  f-vector (120,720,300,50)  |Gamma_a|=7200 |Gamma_b|=7200 [t=141s]
  lambda = |w_b|^2/|w_a|^2 = -2*E(5)-4*E(5)^2-4*E(5)^3-2*E(5)^4  (~5.23606797749979)
  candidate even: image tuple (1-based indices in V_b) [ 91, 102, 36, 34 ]  Gram-consistent: false
    (i)   traversal of all p face vertices: true
    (ii)  M*M^T = lambda*I: false
    (iii) det M = -8*E(5)-20*E(5)^2-20*E(5)^3-8*E(5)^4  sign(det M/lambda^2) = +1
    (iv)  vertex set onto vertex set: false
    (v)   edges/faces/cells onto: false/false/false
    (vi)  M^-1 {S1,S2,X_a} M in Gamma_b: [ false, false, false ]   M {S1,S2,X_b} M^-1 in Gamma_a: [ false, false, false ]
    (vii) conjugated triple orientation in Gamma_b: none  (RepresentativeAction and own conjugator search agree: true; exact equality with same triple: false, with mirror triple: false)
    flag image = intended even flag: false   (= intended flag with the other cell: false;  image flag orbit: none)
    => candidate even passes (structure map): false;  represents the even coset: false
    M = [ [ E(5)^2+E(5)^3, -E(5)-5/2*E(5)^2-5/2*E(5)^3-E(5)^4, -1/2*E(5)-3/2*E(5)^2-3/2*E(5)^3-1/2*E(5)^4, 3/2*E(5)+4*E(5)^2+4*E(5)^3+3/2*E(5)^4 ], [ E(5)+5/2*E(5)^2+5/2*E(5)^3+E(5)^4, E(5)^2+E(5)^3, -3/2*E(5)-4*E(5)^2-4*E(5)^3-3/2*E(5)^4, -1/2*E(5)-3/2*E(5)^2-3/2*E(5)^3-1/2*E(5)^4 ], [ -1/2*E(5)-3/2*E(5)^2-3/2*E(5)^3-1/2*E(5)^4, 3/2*E(5)+4*E(5)^2+4*E(5)^3+3/2*E(5)^4, 2*E(5)^2+2*E(5)^3, -2*E(5)-11/2*E(5)^2-11/2*E(5)^3-2*E(5)^4 ], [ -3/2*E(5)-4*E(5)^2-4*E(5)^3-3/2*E(5)^4, -1/2*E(5)-3/2*E(5)^2-3/2*E(5)^3-1/2*E(5)^4, 2*E(5)+11/2*E(5)^2+11/2*E(5)^3+2*E(5)^4, 2*E(5)^2+2*E(5)^3 ] ]
  candidate odd: image tuple (1-based indices in V_b) [ 91, 98, 94, 30 ]  Gram-consistent: false
    (i)   traversal of all p face vertices: true
    (ii)  M*M^T = lambda*I: false
    (iii) det M = -8*E(5)-20*E(5)^2-20*E(5)^3-8*E(5)^4  sign(det M/lambda^2) = +1
    (iv)  vertex set onto vertex set: false
    (v)   edges/faces/cells onto: false/false/false
    (vi)  M^-1 {S1,S2,X_a} M in Gamma_b: [ false, false, false ]   M {S1,S2,X_b} M^-1 in Gamma_a: [ false, false, false ]
    (vii) conjugated triple orientation in Gamma_b: none  (RepresentativeAction and own conjugator search agree: true; exact equality with same triple: false, with mirror triple: false)
    flag image = intended odd flag: false   (= intended flag with the other cell: false;  image flag orbit: none)
    => candidate odd passes (structure map): false;  represents the odd coset: false
    M = [ [ 1/2, E(5)+2*E(5)^2+2*E(5)^3+E(5)^4, -E(5)-5/2*E(5)^2-5/2*E(5)^3-E(5)^4, 3/2*E(5)+4*E(5)^2+4*E(5)^3+3/2*E(5)^4 ], [ E(5)+3*E(5)^2+3*E(5)^3+E(5)^4, -1/2*E(5)-E(5)^2-E(5)^3-1/2*E(5)^4, -E(5)-7/2*E(5)^2-7/2*E(5)^3-E(5)^4, -1/2*E(5)-3/2*E(5)^2-3/2*E(5)^3-1/2*E(5)^4 ], [ 1/2*E(5)^2+1/2*E(5)^3, -2*E(5)-7/2*E(5)^2-7/2*E(5)^3-2*E(5)^4, E(5)+7/2*E(5)^2+7/2*E(5)^3+E(5)^4, -2*E(5)-11/2*E(5)^2-11/2*E(5)^3-2*E(5)^4 ], [ -3/2*E(5)-4*E(5)^2-4*E(5)^3-3/2*E(5)^4, 1/2*E(5)+3/2*E(5)^2+3/2*E(5)^3+1/2*E(5)^4, 2*E(5)+11/2*E(5)^2+11/2*E(5)^3+2*E(5)^4, 2*E(5)^2+2*E(5)^3 ] ]
  exhaustive Gram-pruned enumeration [t=141s]
    Gram-consistent ordered 4-tuples: 14400   Gamma_b-orbits: 2   full similarities: 0   det signs: [  ]
    orbit rep tuple [ 1, 4, 68, 114 ]: similarity=false det sign=-1 vertices=true edges=false faces=false cells=false conj=[ true, true, true ][ true, true, true ] orientation=none
    orbit rep tuple [ 1, 4, 68, 117 ]: similarity=false det sign=+1 vertices=true edges=false faces=false cells=false conj=[ true, true, true ][ true, true, true ] orientation=none
  [ok]   each Gamma_b-orbit of anchor tuples has size |Gamma_b| (free action)
  [ok]   the recorded orbits partition the enumerated tuple list
  [ok]   direct recomputation of M*M^T and det M for 200 sampled tuples agrees with orbit representatives
  [ok]   exhaustive similarity count 0 = |Gamma_b| * (number of flag-anchored cosets = 0)
  [ok]   number of similarity orbits found exhaustively = number of flag-anchored cosets
  [ok]   candidate even is not Gram-consistent and does not pass
  [ok]   candidate odd is not Gram-consistent and does not pass
  [ok]   det signs of passing candidates = det signs found exhaustively
  => EXHAUSTIVE PROOF: no similarity of E^4 carries realisation L3-{5,3,5/2}-14 onto L3-{5,3,5/2}-16 (no Gram-consistent tuple yields a structure map).

== pair (L3-{5,3,5/2}-15 -> L3-{5,3,5/2}-16)  f-vector (120,720,300,50)  |Gamma_a|=7200 |Gamma_b|=7200 [t=141s]
  lambda = |w_b|^2/|w_a|^2 = -10/3*E(5)-4/3*E(5)^2-4/3*E(5)^3-10/3*E(5)^4  (~0.0972653558335439)
  candidate even: image tuple (1-based indices in V_b) [ 91, 102, 36, 34 ]  Gram-consistent: true
    (i)   traversal of all p face vertices: true
    (ii)  M*M^T = lambda*I: true
    (iii) det M = -136/9*E(5)-52/9*E(5)^2-52/9*E(5)^3-136/9*E(5)^4  sign(det M/lambda^2) = +1
    (iv)  vertex set onto vertex set: true
    (v)   edges/faces/cells onto: true/true/true
    (vi)  M^-1 {S1,S2,X_a} M in Gamma_b: [ true, true, true ]   M {S1,S2,X_b} M^-1 in Gamma_a: [ true, true, true ]
    (vii) conjugated triple orientation in Gamma_b: mirror  (RepresentativeAction and own conjugator search agree: true; exact equality with same triple: false, with mirror triple: false)
    flag image = intended even flag: false   (= intended flag with the other cell: true;  image flag orbit: odd)
    => candidate even passes (structure map): true;  represents the even coset: false
    M = [ [ -4/3*E(5)-2/3*E(5)^2-2/3*E(5)^3-4/3*E(5)^4, -2/3*E(5)-1/6*E(5)^2-1/6*E(5)^3-2/3*E(5)^4, -1/2*E(5)-1/6*E(5)^2-1/6*E(5)^3-1/2*E(5)^4, -1/6*E(5)-1/6*E(5)^4 ], [ 2/3*E(5)+1/6*E(5)^2+1/6*E(5)^3+2/3*E(5)^4, -4/3*E(5)-2/3*E(5)^2-2/3*E(5)^3-4/3*E(5)^4, 1/6*E(5)+1/6*E(5)^4, -1/2*E(5)-1/6*E(5)^2-1/6*E(5)^3-1/2*E(5)^4 ], [ -1/2*E(5)-1/6*E(5)^2-1/6*E(5)^3-1/2*E(5)^4, -1/6*E(5)-1/6*E(5)^4, 4/3*E(5)+1/3*E(5)^2+1/3*E(5)^3+4/3*E(5)^4, 1/3*E(5)+1/6*E(5)^2+1/6*E(5)^3+1/3*E(5)^4 ], [ 1/6*E(5)+1/6*E(5)^4, -1/2*E(5)-1/6*E(5)^2-1/6*E(5)^3-1/2*E(5)^4, -1/3*E(5)-1/6*E(5)^2-1/6*E(5)^3-1/3*E(5)^4, 4/3*E(5)+1/3*E(5)^2+1/3*E(5)^3+4/3*E(5)^4 ] ]
  [ok]   orientation test: RepresentativeAction agrees with independent conjugator search
  [ok]   conjugated triple is not simultaneously conjugate to the same and the mirror triple (abstract chirality)
  [ok]   passing even candidate maps the base flag of a to the intended flag of b or to the intended flag with the other cell
  [ok]   image flag orbit is even iff (even candidate and intended flag) or (odd candidate and other cell)
  [ok]   even candidate with odd image orbit: conjugated triple is Gamma_b-conjugate to the mirror triple (S1^-1, S1^2 S2, X_b)
  candidate odd: image tuple (1-based indices in V_b) [ 91, 98, 94, 30 ]  Gram-consistent: true
    (i)   traversal of all p face vertices: true
    (ii)  M*M^T = lambda*I: true
    (iii) det M = -136/9*E(5)-52/9*E(5)^2-52/9*E(5)^3-136/9*E(5)^4  sign(det M/lambda^2) = +1
    (iv)  vertex set onto vertex set: true
    (v)   edges/faces/cells onto: true/true/true
    (vi)  M^-1 {S1,S2,X_a} M in Gamma_b: [ true, true, true ]   M {S1,S2,X_b} M^-1 in Gamma_a: [ true, true, true ]
    (vii) conjugated triple orientation in Gamma_b: mirror  (RepresentativeAction and own conjugator search agree: true; exact equality with same triple: false, with mirror triple: false)
    flag image = intended odd flag: true   (= intended flag with the other cell: false;  image flag orbit: odd)
    => candidate odd passes (structure map): true;  represents the odd coset: true
    M = [ [ -3/2*E(5)-1/2*E(5)^2-1/2*E(5)^3-3/2*E(5)^4, 0, 1/6*E(5)^2+1/6*E(5)^3, -1/6*E(5)-1/6*E(5)^4 ], [ 0, -1/2*E(5)-1/2*E(5)^4, 4/3*E(5)+1/2*E(5)^2+1/2*E(5)^3+4/3*E(5)^4, -1/2*E(5)-1/6*E(5)^2-1/6*E(5)^3-1/2*E(5)^4 ], [ 1/6*E(5)^2+1/6*E(5)^3, 4/3*E(5)+1/2*E(5)^2+1/2*E(5)^3+4/3*E(5)^4, 2/3*E(5)+1/6*E(5)^2+1/6*E(5)^3+2/3*E(5)^4, 1/3*E(5)+1/6*E(5)^2+1/6*E(5)^3+1/3*E(5)^4 ], [ -1/6*E(5)-1/6*E(5)^4, -1/2*E(5)-1/6*E(5)^2-1/6*E(5)^3-1/2*E(5)^4, 1/3*E(5)+1/6*E(5)^2+1/6*E(5)^3+1/3*E(5)^4, 4/3*E(5)+1/3*E(5)^2+1/3*E(5)^3+4/3*E(5)^4 ] ]
  [ok]   orientation test: RepresentativeAction agrees with independent conjugator search
  [ok]   conjugated triple is not simultaneously conjugate to the same and the mirror triple (abstract chirality)
  [ok]   passing odd candidate maps the base flag of a to the intended flag of b or to the intended flag with the other cell
  [ok]   image flag orbit is even iff (even candidate and intended flag) or (odd candidate and other cell)
  [ok]   odd candidate with odd image orbit: conjugated triple is Gamma_b-conjugate to the mirror triple (S1^-1, S1^2 S2, X_b)
  [ok]   both candidates pass but only one hits its intended flag: M_even^-1 M_odd lies in Gamma_b (same coset)
  [ok]   at least one of the two passing candidates hits its intended flag
  exhaustive Gram-pruned enumeration [t=141s]
    Gram-consistent ordered 4-tuples: 14400   Gamma_b-orbits: 2   full similarities: 7200   det signs: [ "+1" ]
    orbit rep tuple [ 1, 13, 9, 14 ]: similarity=true det sign=+1 vertices=true edges=true faces=true cells=true conj=[ true, true, true ][ true, true, true ] orientation=mirror
    orbit rep tuple [ 1, 13, 9, 39 ]: similarity=false det sign=-1 vertices=true edges=true faces=false cells=false conj=[ true, true, true ][ true, true, true ] orientation=none
  [ok]   each Gamma_b-orbit of anchor tuples has size |Gamma_b| (free action)
  [ok]   the recorded orbits partition the enumerated tuple list
  [ok]   direct recomputation of M*M^T and det M for 200 sampled tuples agrees with orbit representatives
  [ok]   exhaustive similarity count 7200 = |Gamma_b| * (number of flag-anchored cosets = 1)
  [ok]   number of similarity orbits found exhaustively = number of flag-anchored cosets
  [ok]   candidate even tuple is enumerated and its orbit verdict matches the candidate verdict
  [ok]   candidate odd tuple is enumerated and its orbit verdict matches the candidate verdict
  [ok]   det signs of passing candidates = det signs found exhaustively
  => 7200 similarities L3-{5,3,5/2}-15 -> L3-{5,3,5/2}-16 (1 Gamma_b-coset(s)), lambda = -10/3*E(5)-4/3*E(5)^2-4/3*E(5)^3-10/3*E(5)^4, det signs [ "+1" ]

== pair (L3-{5,3,5/2}-16 -> L3-{5,3,5/2}-16)  f-vector (120,720,300,50)  |Gamma_a|=7200 |Gamma_b|=7200 [t=141s]
  lambda = |w_b|^2/|w_a|^2 = 1  (~1.)
  candidate even: image tuple (1-based indices in V_b) [ 91, 102, 36, 34 ]  Gram-consistent: true
    (i)   traversal of all p face vertices: true
    (ii)  M*M^T = lambda*I: true
    (iii) det M = 1  sign(det M/lambda^2) = +1
    (iv)  vertex set onto vertex set: true
    (v)   edges/faces/cells onto: true/true/true
    (vi)  M^-1 {S1,S2,X_a} M in Gamma_b: [ true, true, true ]   M {S1,S2,X_b} M^-1 in Gamma_a: [ true, true, true ]
    (vii) conjugated triple orientation in Gamma_b: same  (RepresentativeAction and own conjugator search agree: true; exact equality with same triple: true, with mirror triple: false)
    flag image = intended even flag: true   (= intended flag with the other cell: false;  image flag orbit: even)
    => candidate even passes (structure map): true;  represents the even coset: true
    M = [ [ 1, 0, 0, 0 ], [ 0, 1, 0, 0 ], [ 0, 0, 1, 0 ], [ 0, 0, 0, 1 ] ]
  [ok]   orientation test: RepresentativeAction agrees with independent conjugator search
  [ok]   conjugated triple is not simultaneously conjugate to the same and the mirror triple (abstract chirality)
  [ok]   passing even candidate maps the base flag of a to the intended flag of b or to the intended flag with the other cell
  [ok]   image flag orbit is even iff (even candidate and intended flag) or (odd candidate and other cell)
  [ok]   even candidate with even image orbit: conjugated triple is Gamma_b-conjugate to (S1,S2,X_b)
  [ok]   even candidate hitting the base flag: conjugated triple equals (S1,S2,X_b) exactly (free flag action)
  candidate odd: image tuple (1-based indices in V_b) [ 91, 98, 94, 30 ]  Gram-consistent: true
    (i)   traversal of all p face vertices: true
    (ii)  M*M^T = lambda*I: true
    (iii) det M = 1  sign(det M/lambda^2) = +1
    (iv)  vertex set onto vertex set: true
    (v)   edges/faces/cells onto: true/true/true
    (vi)  M^-1 {S1,S2,X_a} M in Gamma_b: [ true, true, true ]   M {S1,S2,X_b} M^-1 in Gamma_a: [ true, true, true ]
    (vii) conjugated triple orientation in Gamma_b: same  (RepresentativeAction and own conjugator search agree: true; exact equality with same triple: false, with mirror triple: false)
    flag image = intended odd flag: false   (= intended flag with the other cell: true;  image flag orbit: even)
    => candidate odd passes (structure map): true;  represents the odd coset: false
    M = [ [ -1/2*E(5)-1/2*E(5)^4, -1/2, 1/2*E(5)^2+1/2*E(5)^3, 0 ], [ 1/2, 1/2*E(5)^2+1/2*E(5)^3, 1/2*E(5)+1/2*E(5)^4, 0 ], [ 1/2*E(5)^2+1/2*E(5)^3, -1/2*E(5)-1/2*E(5)^4, 1/2, 0 ], [ 0, 0, 0, 1 ] ]
  [ok]   orientation test: RepresentativeAction agrees with independent conjugator search
  [ok]   conjugated triple is not simultaneously conjugate to the same and the mirror triple (abstract chirality)
  [ok]   passing odd candidate maps the base flag of a to the intended flag of b or to the intended flag with the other cell
  [ok]   image flag orbit is even iff (even candidate and intended flag) or (odd candidate and other cell)
  [ok]   odd candidate with even image orbit: conjugated triple is Gamma_b-conjugate to (S1,S2,X_b)
  [ok]   both candidates pass but only one hits its intended flag: M_even^-1 M_odd lies in Gamma_b (same coset)
  [ok]   at least one of the two passing candidates hits its intended flag
  a = b: the odd candidate passes but maps the base flag to (Phi^2)^3 (even orbit): it is an element of Gamma, not an extra symmetry; no similarity maps the base flag to its 2-adjacent flag: geometrically chiral (symmetry group = Gamma)
  [ok]   a = b: the even candidate (identity) passes and fixes the base flag
  [ok]   a = b: the even candidate matrix is the identity
  exhaustive Gram-pruned enumeration [t=141s]
    Gram-consistent ordered 4-tuples: 14400   Gamma_b-orbits: 2   full similarities: 7200   det signs: [ "+1" ]
    orbit rep tuple [ 1, 13, 9, 14 ]: similarity=true det sign=+1 vertices=true edges=true faces=true cells=true conj=[ true, true, true ][ true, true, true ] orientation=same
    orbit rep tuple [ 1, 13, 9, 39 ]: similarity=false det sign=-1 vertices=true edges=true faces=false cells=false conj=[ true, true, true ][ true, true, true ] orientation=none
  [ok]   each Gamma_b-orbit of anchor tuples has size |Gamma_b| (free action)
  [ok]   the recorded orbits partition the enumerated tuple list
  [ok]   direct recomputation of M*M^T and det M for 200 sampled tuples agrees with orbit representatives
  [ok]   exhaustive similarity count 7200 = |Gamma_b| * (number of flag-anchored cosets = 1)
  [ok]   number of similarity orbits found exhaustively = number of flag-anchored cosets
  [ok]   candidate even tuple is enumerated and its orbit verdict matches the candidate verdict
  [ok]   candidate odd tuple is enumerated and its orbit verdict matches the candidate verdict
  [ok]   det signs of passing candidates = det signs found exhaustively
  => 7200 similarities L3-{5,3,5/2}-16 -> L3-{5,3,5/2}-16 (1 Gamma_b-coset(s)), lambda = 1, det signs [ "+1" ]
pair (L3-{3,3,5/2}-1 -> L3-{5,3,5/2}-16): inequivalent: different f-vector (600,1200,120,5) vs (120,720,300,50)
pair (L3-{3,3,5/2}-4 -> L3-{5,3,5/2}-16): inequivalent: different f-vector (600,1200,120,5) vs (120,720,300,50)

#### target b = L3-{3,3,5/2}-1   computing Gram matrix of V_b [t=142s]
  [ok]   Gram diagonal constant = |w_b|^2
pair (L3-{4,3,3}-1 -> L3-{3,3,5/2}-1): inequivalent: different f-vector (16,32,12,4) vs (600,1200,120,5)
pair (L3-{4,3,3}-2 -> L3-{3,3,5/2}-1): inequivalent: different f-vector (16,32,12,4) vs (600,1200,120,5)
pair (L3-{4,3,3}-3 -> L3-{3,3,5/2}-1): inequivalent: different f-vector (16,32,12,4) vs (600,1200,120,5)
pair (L3-{4,3,3}-6 -> L3-{3,3,5/2}-1): inequivalent: different f-vector (16,32,12,4) vs (600,1200,120,5)

== pair (L3-{5,3,3}-3 -> L3-{3,3,5/2}-1)  f-vector (600,1200,120,5)  |Gamma_a|=7200 |Gamma_b|=7200 [t=148s]
  lambda = |w_b|^2/|w_a|^2 = -1597/8*E(5)-305/4*E(5)^2-305/4*E(5)^3-1597/8*E(5)^4  (~5.663798174992962e-05)
  candidate even: image tuple (1-based indices in V_b) [ 73, 71, 67, 65 ]  Gram-consistent: false
    (i)   traversal of all p face vertices: false
    (ii)  M*M^T = lambda*I: false
    (iii) det M = 98209/32*E(5)+75025/64*E(5)^2+75025/64*E(5)^3+98209/32*E(5)^4  sign(det M/lambda^2) = na
    (iv)  vertex set onto vertex set: false
    (v)   edges/faces/cells onto: false/false/false
    (vi)  M^-1 {S1,S2,X_a} M in Gamma_b: [ false, false, false ]   M {S1,S2,X_b} M^-1 in Gamma_a: [ false, false, false ]
    (vii) conjugated triple orientation in Gamma_b: none  (RepresentativeAction and own conjugator search agree: true; exact equality with same triple: false, with mirror triple: false)
    flag image = intended even flag: false   (= intended flag with the other cell: false;  image flag orbit: none)
    => candidate even passes (structure map): false;  represents the even coset: false
    M = [ [ -89/8*E(5)-17/4*E(5)^2-17/4*E(5)^3-89/8*E(5)^4, -55/8*E(5)-21/8*E(5)^2-21/8*E(5)^3-55/8*E(5)^4, E(5)+3/8*E(5)^2+3/8*E(5)^3+E(5)^4, -13/4*E(5)-5/4*E(5)^2-5/4*E(5)^3-13/4*E(5)^4 ], [ -305/4*E(5)-233/8*E(5)^2-233/8*E(5)^3-305/4*E(5)^4, -12*E(5)-37/8*E(5)^2-37/8*E(5)^3-12*E(5)^4, -85/4*E(5)-65/8*E(5)^2-65/8*E(5)^3-85/4*E(5)^4, -15/2*E(5)-23/8*E(5)^2-23/8*E(5)^3-15/2*E(5)^4 ], [ 0, 21/8*E(5)+E(5)^2+E(5)^3+21/8*E(5)^4, -9/4*E(5)-7/8*E(5)^2-7/8*E(5)^3-9/4*E(5)^4, 19/8*E(5)+7/8*E(5)^2+7/8*E(5)^3+19/8*E(5)^4 ], [ 233/8*E(5)+89/8*E(5)^2+89/8*E(5)^3+233/8*E(5)^4, 4*E(5)+3/2*E(5)^2+3/2*E(5)^3+4*E(5)^4, 25/4*E(5)+19/8*E(5)^2+19/8*E(5)^3+25/4*E(5)^4, 21/8*E(5)+E(5)^2+E(5)^3+21/8*E(5)^4 ] ]
  candidate odd: image tuple (1-based indices in V_b) [ 73, 75, 79, 77 ]  Gram-consistent: false
    (i)   traversal of all p face vertices: false
    (ii)  M*M^T = lambda*I: false
    (iii) det M = 98209/32*E(5)+75025/64*E(5)^2+75025/64*E(5)^3+98209/32*E(5)^4  sign(det M/lambda^2) = na
    (iv)  vertex set onto vertex set: false
    (v)   edges/faces/cells onto: false/false/false
    (vi)  M^-1 {S1,S2,X_a} M in Gamma_b: [ false, false, false ]   M {S1,S2,X_b} M^-1 in Gamma_a: [ false, false, false ]
    (vii) conjugated triple orientation in Gamma_b: none  (RepresentativeAction and own conjugator search agree: true; exact equality with same triple: false, with mirror triple: false)
    flag image = intended odd flag: false   (= intended flag with the other cell: false;  image flag orbit: none)
    => candidate odd passes (structure map): false;  represents the odd coset: false
    M = [ [ -89/8*E(5)-17/4*E(5)^2-17/4*E(5)^3-89/8*E(5)^4, 17/4*E(5)+13/8*E(5)^2+13/8*E(5)^3+17/4*E(5)^4, 21/4*E(5)+2*E(5)^2+2*E(5)^3+21/4*E(5)^4, -29/8*E(5)-11/8*E(5)^2-11/8*E(5)^3-29/8*E(5)^4 ], [ -305/4*E(5)-233/8*E(5)^2-233/8*E(5)^3-305/4*E(5)^4, 163/8*E(5)+31/4*E(5)^2+31/4*E(5)^3+163/8*E(5)^4, -71/8*E(5)-27/8*E(5)^2-27/8*E(5)^3-71/8*E(5)^4, -25/2*E(5)-19/4*E(5)^2-19/4*E(5)^3-25/2*E(5)^4 ], [ 0, -13/8*E(5)-5/8*E(5)^2-5/8*E(5)^3-13/8*E(5)^4, -31/8*E(5)-3/2*E(5)^2-3/2*E(5)^3-31/8*E(5)^4, 1/4*E(5)+1/8*E(5)^2+1/8*E(5)^3+1/4*E(5)^4 ], [ 233/8*E(5)+89/8*E(5)^2+89/8*E(5)^3+233/8*E(5)^4, -13/2*E(5)-5/2*E(5)^2-5/2*E(5)^3-13/2*E(5)^4, 9/4*E(5)+7/8*E(5)^2+7/8*E(5)^3+9/4*E(5)^4, 31/8*E(5)+3/2*E(5)^2+3/2*E(5)^3+31/8*E(5)^4 ] ]
  exhaustive Gram-pruned enumeration [t=148s]
    Gram-consistent ordered 4-tuples: 14400   Gamma_b-orbits: 2   full similarities: 0   det signs: [  ]
    orbit rep tuple [ 1, 20, 57, 147 ]: similarity=false det sign=+1 vertices=true edges=false faces=false cells=false conj=[ true, true, true ][ true, true, true ] orientation=none
    orbit rep tuple [ 1, 20, 57, 487 ]: similarity=false det sign=-1 vertices=true edges=false faces=false cells=false conj=[ true, true, true ][ true, true, true ] orientation=none
  [ok]   each Gamma_b-orbit of anchor tuples has size |Gamma_b| (free action)
  [ok]   the recorded orbits partition the enumerated tuple list
  [ok]   direct recomputation of M*M^T and det M for 200 sampled tuples agrees with orbit representatives
  [ok]   exhaustive similarity count 0 = |Gamma_b| * (number of flag-anchored cosets = 0)
  [ok]   number of similarity orbits found exhaustively = number of flag-anchored cosets
  [ok]   candidate even is not Gram-consistent and does not pass
  [ok]   candidate odd is not Gram-consistent and does not pass
  [ok]   det signs of passing candidates = det signs found exhaustively
  => EXHAUSTIVE PROOF: no similarity of E^4 carries realisation L3-{5,3,3}-3 onto L3-{3,3,5/2}-1 (no Gram-consistent tuple yields a structure map).

== pair (L3-{5,3,3}-8 -> L3-{3,3,5/2}-1)  f-vector (600,1200,120,5)  |Gamma_a|=7200 |Gamma_b|=7200 [t=149s]
  lambda = |w_b|^2/|w_a|^2 = -89/16*E(5)-17/8*E(5)^2-17/8*E(5)^3-89/16*E(5)^4  (~0.0005081636722370497)
  candidate even: image tuple (1-based indices in V_b) [ 73, 71, 67, 65 ]  Gram-consistent: false
    (i)   traversal of all p face vertices: false
    (ii)  M*M^T = lambda*I: false
    (iii) det M = 305/128*E(5)+233/256*E(5)^2+233/256*E(5)^3+305/128*E(5)^4  sign(det M/lambda^2) = na
    (iv)  vertex set onto vertex set: false
    (v)   edges/faces/cells onto: false/false/false
    (vi)  M^-1 {S1,S2,X_a} M in Gamma_b: [ false, false, false ]   M {S1,S2,X_b} M^-1 in Gamma_a: [ false, false, false ]
    (vii) conjugated triple orientation in Gamma_b: none  (RepresentativeAction and own conjugator search agree: true; exact equality with same triple: false, with mirror triple: false)
    flag image = intended even flag: false   (= intended flag with the other cell: false;  image flag orbit: none)
    => candidate even passes (structure map): false;  represents the even coset: false
    M = [ [ -17/4*E(5)-13/8*E(5)^2-13/8*E(5)^3-17/4*E(5)^4, -7/8*E(5)-3/8*E(5)^2-3/8*E(5)^3-7/8*E(5)^4, -5/4*E(5)-1/2*E(5)^2-1/2*E(5)^3-5/4*E(5)^4, -5/8*E(5)-1/4*E(5)^2-1/4*E(5)^3-5/8*E(5)^4 ], [ 0, 3/4*E(5)+1/4*E(5)^2+1/4*E(5)^3+3/4*E(5)^4, -3/4*E(5)-1/4*E(5)^2-1/4*E(5)^3-3/4*E(5)^4, 1/2*E(5)+1/4*E(5)^2+1/4*E(5)^3+1/2*E(5)^4 ], [ 89/8*E(5)+17/4*E(5)^2+17/4*E(5)^3+89/8*E(5)^4, 2*E(5)+5/8*E(5)^2+5/8*E(5)^3+2*E(5)^4, 11/4*E(5)+E(5)^2+E(5)^3+11/4*E(5)^4, 9/8*E(5)+3/8*E(5)^2+3/8*E(5)^3+9/8*E(5)^4 ], [ -55/8*E(5)-21/8*E(5)^2-21/8*E(5)^3-55/8*E(5)^4, -5/8*E(5)-1/4*E(5)^2-1/4*E(5)^3-5/8*E(5)^4, -2*E(5)-3/4*E(5)^2-3/4*E(5)^3-2*E(5)^4, -1/2*E(5)-1/8*E(5)^2-1/8*E(5)^3-1/2*E(5)^4 ] ]
  candidate odd: image tuple (1-based indices in V_b) [ 73, 75, 79, 77 ]  Gram-consistent: false
    (i)   traversal of all p face vertices: false
    (ii)  M*M^T = lambda*I: false
    (iii) det M = 305/128*E(5)+233/256*E(5)^2+233/256*E(5)^3+305/128*E(5)^4  sign(det M/lambda^2) = na
    (iv)  vertex set onto vertex set: false
    (v)   edges/faces/cells onto: false/false/false
    (vi)  M^-1 {S1,S2,X_a} M in Gamma_b: [ false, false, false ]   M {S1,S2,X_b} M^-1 in Gamma_a: [ false, false, false ]
    (vii) conjugated triple orientation in Gamma_b: none  (RepresentativeAction and own conjugator search agree: true; exact equality with same triple: false, with mirror triple: false)
    flag image = intended odd flag: false   (= intended flag with the other cell: false;  image flag orbit: none)
    => candidate odd passes (structure map): false;  represents the odd coset: false
    M = [ [ -17/4*E(5)-13/8*E(5)^2-13/8*E(5)^3-17/4*E(5)^4, 11/8*E(5)+1/2*E(5)^2+1/2*E(5)^3+11/8*E(5)^4, -3/8*E(5)-1/8*E(5)^2-1/8*E(5)^3-3/8*E(5)^4, -3/4*E(5)-1/4*E(5)^2-1/4*E(5)^3-3/4*E(5)^4 ], [ 0, -1/4*E(5)-1/8*E(5)^2-1/8*E(5)^3-1/4*E(5)^4, -9/8*E(5)-3/8*E(5)^2-3/8*E(5)^3-9/8*E(5)^4, 1/8*E(5)+1/8*E(5)^4 ], [ 89/8*E(5)+17/4*E(5)^2+17/4*E(5)^3+89/8*E(5)^4, -3*E(5)-5/4*E(5)^2-5/4*E(5)^3-3*E(5)^4, 7/8*E(5)+3/8*E(5)^2+3/8*E(5)^3+7/8*E(5)^4, 2*E(5)+7/8*E(5)^2+7/8*E(5)^3+2*E(5)^4 ], [ -55/8*E(5)-21/8*E(5)^2-21/8*E(5)^3-55/8*E(5)^4, 13/8*E(5)+5/8*E(5)^2+5/8*E(5)^3+13/8*E(5)^4, -9/8*E(5)-3/8*E(5)^2-3/8*E(5)^3-9/8*E(5)^4, -7/8*E(5)-3/8*E(5)^2-3/8*E(5)^3-7/8*E(5)^4 ] ]
  exhaustive Gram-pruned enumeration [t=149s]
    Gram-consistent ordered 4-tuples: 14400   Gamma_b-orbits: 2   full similarities: 0   det signs: [  ]
    orbit rep tuple [ 1, 20, 57, 147 ]: similarity=false det sign=+1 vertices=true edges=false faces=false cells=false conj=[ true, true, true ][ true, true, true ] orientation=none
    orbit rep tuple [ 1, 20, 57, 487 ]: similarity=false det sign=-1 vertices=true edges=false faces=false cells=false conj=[ true, true, true ][ true, true, true ] orientation=none
  [ok]   each Gamma_b-orbit of anchor tuples has size |Gamma_b| (free action)
  [ok]   the recorded orbits partition the enumerated tuple list
  [ok]   direct recomputation of M*M^T and det M for 200 sampled tuples agrees with orbit representatives
  [ok]   exhaustive similarity count 0 = |Gamma_b| * (number of flag-anchored cosets = 0)
  [ok]   number of similarity orbits found exhaustively = number of flag-anchored cosets
  [ok]   candidate even is not Gram-consistent and does not pass
  [ok]   candidate odd is not Gram-consistent and does not pass
  [ok]   det signs of passing candidates = det signs found exhaustively
  => EXHAUSTIVE PROOF: no similarity of E^4 carries realisation L3-{5,3,3}-8 onto L3-{3,3,5/2}-1 (no Gram-consistent tuple yields a structure map).
pair (L3-{5,3,5/2}-1 -> L3-{3,3,5/2}-1): inequivalent: different f-vector (240,480,120,20) vs (600,1200,120,5)
pair (L3-{5,3,5/2}-2 -> L3-{3,3,5/2}-1): inequivalent: different f-vector (240,480,120,20) vs (600,1200,120,5)
pair (L3-{5,3,5/2}-3 -> L3-{3,3,5/2}-1): inequivalent: different f-vector (240,480,120,20) vs (600,1200,120,5)
pair (L3-{5,3,5/2}-4 -> L3-{3,3,5/2}-1): inequivalent: different f-vector (240,480,120,20) vs (600,1200,120,5)
pair (L3-{5,3,5/2}-5 -> L3-{3,3,5/2}-1): inequivalent: different f-vector (48,144,48,8) vs (600,1200,120,5)
pair (L3-{5,3,5/2}-6 -> L3-{3,3,5/2}-1): inequivalent: different f-vector (48,144,48,8) vs (600,1200,120,5)
pair (L3-{5,3,5/2}-7 -> L3-{3,3,5/2}-1): inequivalent: different f-vector (48,144,48,8) vs (600,1200,120,5)
pair (L3-{5,3,5/2}-8 -> L3-{3,3,5/2}-1): inequivalent: different f-vector (48,144,48,8) vs (600,1200,120,5)
pair (L3-{5,3,5/2}-9 -> L3-{3,3,5/2}-1): inequivalent: different f-vector (120,720,300,50) vs (600,1200,120,5)
pair (L3-{5,3,5/2}-10 -> L3-{3,3,5/2}-1): inequivalent: different f-vector (120,720,300,50) vs (600,1200,120,5)
pair (L3-{5,3,5/2}-11 -> L3-{3,3,5/2}-1): inequivalent: different f-vector (120,720,300,50) vs (600,1200,120,5)
pair (L3-{5,3,5/2}-12 -> L3-{3,3,5/2}-1): inequivalent: different f-vector (120,720,300,50) vs (600,1200,120,5)
pair (L3-{5,3,5/2}-13 -> L3-{3,3,5/2}-1): inequivalent: different f-vector (120,720,300,50) vs (600,1200,120,5)
pair (L3-{5,3,5/2}-14 -> L3-{3,3,5/2}-1): inequivalent: different f-vector (120,720,300,50) vs (600,1200,120,5)
pair (L3-{5,3,5/2}-15 -> L3-{3,3,5/2}-1): inequivalent: different f-vector (120,720,300,50) vs (600,1200,120,5)
pair (L3-{5,3,5/2}-16 -> L3-{3,3,5/2}-1): inequivalent: different f-vector (120,720,300,50) vs (600,1200,120,5)

== pair (L3-{3,3,5/2}-1 -> L3-{3,3,5/2}-1)  f-vector (600,1200,120,5)  |Gamma_a|=7200 |Gamma_b|=7200 [t=150s]
  lambda = |w_b|^2/|w_a|^2 = 1  (~1.)
  candidate even: image tuple (1-based indices in V_b) [ 73, 71, 67, 65 ]  Gram-consistent: true
    (i)   traversal of all p face vertices: true
    (ii)  M*M^T = lambda*I: true
    (iii) det M = 1  sign(det M/lambda^2) = +1
    (iv)  vertex set onto vertex set: true
    (v)   edges/faces/cells onto: true/true/true
    (vi)  M^-1 {S1,S2,X_a} M in Gamma_b: [ true, true, true ]   M {S1,S2,X_b} M^-1 in Gamma_a: [ true, true, true ]
    (vii) conjugated triple orientation in Gamma_b: same  (RepresentativeAction and own conjugator search agree: true; exact equality with same triple: true, with mirror triple: false)
    flag image = intended even flag: true   (= intended flag with the other cell: false;  image flag orbit: even)
    => candidate even passes (structure map): true;  represents the even coset: true
    M = [ [ 1, 0, 0, 0 ], [ 0, 1, 0, 0 ], [ 0, 0, 1, 0 ], [ 0, 0, 0, 1 ] ]
  [ok]   orientation test: RepresentativeAction agrees with independent conjugator search
  [ok]   conjugated triple is not simultaneously conjugate to the same and the mirror triple (abstract chirality)
  [ok]   passing even candidate maps the base flag of a to the intended flag of b or to the intended flag with the other cell
  [ok]   image flag orbit is even iff (even candidate and intended flag) or (odd candidate and other cell)
  [ok]   even candidate with even image orbit: conjugated triple is Gamma_b-conjugate to (S1,S2,X_b)
  [ok]   even candidate hitting the base flag: conjugated triple equals (S1,S2,X_b) exactly (free flag action)
  candidate odd: image tuple (1-based indices in V_b) [ 73, 75, 79, 77 ]  Gram-consistent: true
    (i)   traversal of all p face vertices: true
    (ii)  M*M^T = lambda*I: true
    (iii) det M = 1  sign(det M/lambda^2) = +1
    (iv)  vertex set onto vertex set: true
    (v)   edges/faces/cells onto: true/true/true
    (vi)  M^-1 {S1,S2,X_a} M in Gamma_b: [ true, true, true ]   M {S1,S2,X_b} M^-1 in Gamma_a: [ true, true, true ]
    (vii) conjugated triple orientation in Gamma_b: same  (RepresentativeAction and own conjugator search agree: true; exact equality with same triple: false, with mirror triple: false)
    flag image = intended odd flag: false   (= intended flag with the other cell: true;  image flag orbit: even)
    => candidate odd passes (structure map): true;  represents the odd coset: false
    M = [ [ 1, 0, 0, 0 ], [ 0, -1/2*E(5)^2-1/2*E(5)^3, -1/2, -1/2*E(5)-1/2*E(5)^4 ], [ 0, -1/2, -1/2*E(5)-1/2*E(5)^4, 1/2*E(5)^2+1/2*E(5)^3 ], [ 0, 1/2*E(5)+1/2*E(5)^4, -1/2*E(5)^2-1/2*E(5)^3, -1/2 ] ]
  [ok]   orientation test: RepresentativeAction agrees with independent conjugator search
  [ok]   conjugated triple is not simultaneously conjugate to the same and the mirror triple (abstract chirality)
  [ok]   passing odd candidate maps the base flag of a to the intended flag of b or to the intended flag with the other cell
  [ok]   image flag orbit is even iff (even candidate and intended flag) or (odd candidate and other cell)
  [ok]   odd candidate with even image orbit: conjugated triple is Gamma_b-conjugate to (S1,S2,X_b)
  [ok]   both candidates pass but only one hits its intended flag: M_even^-1 M_odd lies in Gamma_b (same coset)
  [ok]   at least one of the two passing candidates hits its intended flag
  a = b: the odd candidate passes but maps the base flag to (Phi^2)^3 (even orbit): it is an element of Gamma, not an extra symmetry; no similarity maps the base flag to its 2-adjacent flag: geometrically chiral (symmetry group = Gamma)
  [ok]   a = b: the even candidate (identity) passes and fixes the base flag
  [ok]   a = b: the even candidate matrix is the identity
  exhaustive Gram-pruned enumeration [t=150s]
    Gram-consistent ordered 4-tuples: 14400   Gamma_b-orbits: 2   full similarities: 7200   det signs: [ "+1" ]
    orbit rep tuple [ 1, 25, 29, 275 ]: similarity=false det sign=-1 vertices=true edges=true faces=false cells=false conj=[ true, true, true ][ true, true, true ] orientation=none
    orbit rep tuple [ 1, 25, 29, 375 ]: similarity=true det sign=+1 vertices=true edges=true faces=true cells=true conj=[ true, true, true ][ true, true, true ] orientation=same
  [ok]   each Gamma_b-orbit of anchor tuples has size |Gamma_b| (free action)
  [ok]   the recorded orbits partition the enumerated tuple list
  [ok]   direct recomputation of M*M^T and det M for 200 sampled tuples agrees with orbit representatives
  [ok]   exhaustive similarity count 7200 = |Gamma_b| * (number of flag-anchored cosets = 1)
  [ok]   number of similarity orbits found exhaustively = number of flag-anchored cosets
  [ok]   candidate even tuple is enumerated and its orbit verdict matches the candidate verdict
  [ok]   candidate odd tuple is enumerated and its orbit verdict matches the candidate verdict
  [ok]   det signs of passing candidates = det signs found exhaustively
  => 7200 similarities L3-{3,3,5/2}-1 -> L3-{3,3,5/2}-1 (1 Gamma_b-coset(s)), lambda = 1, det signs [ "+1" ]

== pair (L3-{3,3,5/2}-4 -> L3-{3,3,5/2}-1)  f-vector (600,1200,120,5)  |Gamma_a|=7200 |Gamma_b|=7200 [t=151s]
  lambda = |w_b|^2/|w_a|^2 = 1/2  (~0.5)
  candidate even: image tuple (1-based indices in V_b) [ 73, 71, 67, 65 ]  Gram-consistent: true
    (i)   traversal of all p face vertices: true
    (ii)  M*M^T = lambda*I: true
    (iii) det M = 1/4  sign(det M/lambda^2) = +1
    (iv)  vertex set onto vertex set: true
    (v)   edges/faces/cells onto: true/true/true
    (vi)  M^-1 {S1,S2,X_a} M in Gamma_b: [ true, true, true ]   M {S1,S2,X_b} M^-1 in Gamma_a: [ true, true, true ]
    (vii) conjugated triple orientation in Gamma_b: mirror  (RepresentativeAction and own conjugator search agree: true; exact equality with same triple: false, with mirror triple: false)
    flag image = intended even flag: false   (= intended flag with the other cell: true;  image flag orbit: odd)
    => candidate even passes (structure map): true;  represents the even coset: false
    M = [ [ -1/2*E(5)-1/4*E(5)^2-1/4*E(5)^3-1/2*E(5)^4, 1/4*E(5)^2+1/4*E(5)^3, 1/4*E(5)^2+1/4*E(5)^3, -1/4*E(5)^2-1/4*E(5)^3 ], [ 0, 1/2, 0, 1/2 ], [ -1/4*E(5)-1/2*E(5)^2-1/2*E(5)^3-1/4*E(5)^4, 1/4*E(5)+1/4*E(5)^4, -1/4*E(5)-1/4*E(5)^4, -1/4*E(5)-1/4*E(5)^4 ], [ 1/4, -1/4, 1/4*E(5)-1/4*E(5)^2-1/4*E(5)^3+1/4*E(5)^4, 1/4 ] ]
  [ok]   orientation test: RepresentativeAction agrees with independent conjugator search
  [ok]   conjugated triple is not simultaneously conjugate to the same and the mirror triple (abstract chirality)
  [ok]   passing even candidate maps the base flag of a to the intended flag of b or to the intended flag with the other cell
  [ok]   image flag orbit is even iff (even candidate and intended flag) or (odd candidate and other cell)
  [ok]   even candidate with odd image orbit: conjugated triple is Gamma_b-conjugate to the mirror triple (S1^-1, S1^2 S2, X_b)
  candidate odd: image tuple (1-based indices in V_b) [ 73, 75, 79, 77 ]  Gram-consistent: true
    (i)   traversal of all p face vertices: true
    (ii)  M*M^T = lambda*I: true
    (iii) det M = 1/4  sign(det M/lambda^2) = +1
    (iv)  vertex set onto vertex set: true
    (v)   edges/faces/cells onto: true/true/true
    (vi)  M^-1 {S1,S2,X_a} M in Gamma_b: [ true, true, true ]   M {S1,S2,X_b} M^-1 in Gamma_a: [ true, true, true ]
    (vii) conjugated triple orientation in Gamma_b: mirror  (RepresentativeAction and own conjugator search agree: true; exact equality with same triple: false, with mirror triple: false)
    flag image = intended odd flag: true   (= intended flag with the other cell: false;  image flag orbit: odd)
    => candidate odd passes (structure map): true;  represents the odd coset: true
    M = [ [ -1/2*E(5)-1/4*E(5)^2-1/4*E(5)^3-1/2*E(5)^4, 0, -1/4*E(5)-1/2*E(5)^2-1/2*E(5)^3-1/4*E(5)^4, 1/4 ], [ 0, 1/4*E(5)-1/4*E(5)^2-1/4*E(5)^3+1/4*E(5)^4, 1/4*E(5)+1/4*E(5)^4, 1/4*E(5)^2+1/4*E(5)^3 ], [ -1/4*E(5)-1/2*E(5)^2-1/2*E(5)^3-1/4*E(5)^4, 1/4*E(5)+1/4*E(5)^4, -1/4*E(5)-1/4*E(5)^4, 1/4*E(5)+1/4*E(5)^4 ], [ 1/4, 1/4*E(5)^2+1/4*E(5)^3, 1/4*E(5)+1/4*E(5)^4, -1/2 ] ]
  [ok]   orientation test: RepresentativeAction agrees with independent conjugator search
  [ok]   conjugated triple is not simultaneously conjugate to the same and the mirror triple (abstract chirality)
  [ok]   passing odd candidate maps the base flag of a to the intended flag of b or to the intended flag with the other cell
  [ok]   image flag orbit is even iff (even candidate and intended flag) or (odd candidate and other cell)
  [ok]   odd candidate with odd image orbit: conjugated triple is Gamma_b-conjugate to the mirror triple (S1^-1, S1^2 S2, X_b)
  [ok]   both candidates pass but only one hits its intended flag: M_even^-1 M_odd lies in Gamma_b (same coset)
  [ok]   at least one of the two passing candidates hits its intended flag
  exhaustive Gram-pruned enumeration [t=151s]
    Gram-consistent ordered 4-tuples: 14400   Gamma_b-orbits: 2   full similarities: 7200   det signs: [ "+1" ]
    orbit rep tuple [ 1, 25, 29, 275 ]: similarity=false det sign=-1 vertices=true edges=true faces=false cells=false conj=[ true, true, true ][ true, true, true ] orientation=none
    orbit rep tuple [ 1, 25, 29, 375 ]: similarity=true det sign=+1 vertices=true edges=true faces=true cells=true conj=[ true, true, true ][ true, true, true ] orientation=mirror
  [ok]   each Gamma_b-orbit of anchor tuples has size |Gamma_b| (free action)
  [ok]   the recorded orbits partition the enumerated tuple list
  [ok]   direct recomputation of M*M^T and det M for 200 sampled tuples agrees with orbit representatives
  [ok]   exhaustive similarity count 7200 = |Gamma_b| * (number of flag-anchored cosets = 1)
  [ok]   number of similarity orbits found exhaustively = number of flag-anchored cosets
  [ok]   candidate even tuple is enumerated and its orbit verdict matches the candidate verdict
  [ok]   candidate odd tuple is enumerated and its orbit verdict matches the candidate verdict
  [ok]   det signs of passing candidates = det signs found exhaustively
  => 7200 similarities L3-{3,3,5/2}-4 -> L3-{3,3,5/2}-1 (1 Gamma_b-coset(s)), lambda = 1/2, det signs [ "+1" ]

#### target b = L3-{3,3,5/2}-4   computing Gram matrix of V_b [t=152s]
  [ok]   Gram diagonal constant = |w_b|^2
pair (L3-{4,3,3}-1 -> L3-{3,3,5/2}-4): inequivalent: different f-vector (16,32,12,4) vs (600,1200,120,5)
pair (L3-{4,3,3}-2 -> L3-{3,3,5/2}-4): inequivalent: different f-vector (16,32,12,4) vs (600,1200,120,5)
pair (L3-{4,3,3}-3 -> L3-{3,3,5/2}-4): inequivalent: different f-vector (16,32,12,4) vs (600,1200,120,5)
pair (L3-{4,3,3}-6 -> L3-{3,3,5/2}-4): inequivalent: different f-vector (16,32,12,4) vs (600,1200,120,5)

== pair (L3-{5,3,3}-3 -> L3-{3,3,5/2}-4)  f-vector (600,1200,120,5)  |Gamma_a|=7200 |Gamma_b|=7200 [t=157s]
  lambda = |w_b|^2/|w_a|^2 = -1597/4*E(5)-305/2*E(5)^2-305/2*E(5)^3-1597/4*E(5)^4  (~0.0001132759634998592)
  candidate even: image tuple (1-based indices in V_b) [ 67, 57, 61, 62 ]  Gram-consistent: false
    (i)   traversal of all p face vertices: false
    (ii)  M*M^T = lambda*I: false
    (iii) det M = 98209/8*E(5)+75025/16*E(5)^2+75025/16*E(5)^3+98209/8*E(5)^4  sign(det M/lambda^2) = na
    (iv)  vertex set onto vertex set: false
    (v)   edges/faces/cells onto: false/false/false
    (vi)  M^-1 {S1,S2,X_a} M in Gamma_b: [ false, false, false ]   M {S1,S2,X_b} M^-1 in Gamma_a: [ false, false, false ]
    (vii) conjugated triple orientation in Gamma_b: none  (RepresentativeAction and own conjugator search agree: true; exact equality with same triple: false, with mirror triple: false)
    flag image = intended even flag: false   (= intended flag with the other cell: false;  image flag orbit: none)
    => candidate even passes (structure map): false;  represents the even coset: false
    M = [ [ -123/8*E(5)-47/8*E(5)^2-47/8*E(5)^3-123/8*E(5)^4, -81/8*E(5)-31/8*E(5)^2-31/8*E(5)^3-81/8*E(5)^4, 13/8*E(5)+5/8*E(5)^2+5/8*E(5)^3+13/8*E(5)^4, -39/8*E(5)-15/8*E(5)^2-15/8*E(5)^3-39/8*E(5)^4 ], [ -431/4*E(5)-329/8*E(5)^2-329/8*E(5)^3-431/4*E(5)^4, -39/2*E(5)-15/2*E(5)^2-15/2*E(5)^3-39/2*E(5)^4, -225/8*E(5)-43/4*E(5)^2-43/4*E(5)^3-225/8*E(5)^4, -97/8*E(5)-37/8*E(5)^2-37/8*E(5)^3-97/8*E(5)^4 ], [ -5/8*E(5)-1/4*E(5)^2-1/4*E(5)^3-5/8*E(5)^4, 5*E(5)+15/8*E(5)^2+15/8*E(5)^3+5*E(5)^4, -2*E(5)-3/4*E(5)^2-3/4*E(5)^3-2*E(5)^4, 19/8*E(5)+7/8*E(5)^2+7/8*E(5)^3+19/8*E(5)^4 ], [ 81/2*E(5)+31/2*E(5)^2+31/2*E(5)^3+81/2*E(5)^4, 53/8*E(5)+5/2*E(5)^2+5/2*E(5)^3+53/8*E(5)^4, 19/2*E(5)+29/8*E(5)^2+29/8*E(5)^3+19/2*E(5)^4, 55/8*E(5)+21/8*E(5)^2+21/8*E(5)^3+55/8*E(5)^4 ] ]
  candidate odd: image tuple (1-based indices in V_b) [ 67, 70, 58, 68 ]  Gram-consistent: false
    (i)   traversal of all p face vertices: false
    (ii)  M*M^T = lambda*I: false
    (iii) det M = 98209/8*E(5)+75025/16*E(5)^2+75025/16*E(5)^3+98209/8*E(5)^4  sign(det M/lambda^2) = na
    (iv)  vertex set onto vertex set: false
    (v)   edges/faces/cells onto: false/false/false
    (vi)  M^-1 {S1,S2,X_a} M in Gamma_b: [ false, false, false ]   M {S1,S2,X_b} M^-1 in Gamma_a: [ false, false, false ]
    (vii) conjugated triple orientation in Gamma_b: none  (RepresentativeAction and own conjugator search agree: true; exact equality with same triple: false, with mirror triple: false)
    flag image = intended odd flag: false   (= intended flag with the other cell: false;  image flag orbit: none)
    => candidate odd passes (structure map): false;  represents the odd coset: false
    M = [ [ -16*E(5)-49/8*E(5)^2-49/8*E(5)^3-16*E(5)^4, 47/8*E(5)+9/4*E(5)^2+9/4*E(5)^3+47/8*E(5)^4, 55/8*E(5)+21/8*E(5)^2+21/8*E(5)^3+55/8*E(5)^4, -21/4*E(5)-2*E(5)^2-2*E(5)^3-21/4*E(5)^4 ], [ -861/8*E(5)-329/8*E(5)^2-329/8*E(5)^3-861/8*E(5)^4, 113/4*E(5)+43/4*E(5)^2+43/4*E(5)^3+113/4*E(5)^4, -16*E(5)-49/8*E(5)^2-49/8*E(5)^3-16*E(5)^4, -137/8*E(5)-13/2*E(5)^2-13/2*E(5)^3-137/8*E(5)^4 ], [ 3/4*E(5)+1/4*E(5)^2+1/4*E(5)^3+3/4*E(5)^4, -3/8*E(5)-1/8*E(5)^2-1/8*E(5)^3-3/8*E(5)^4, -47/8*E(5)-9/4*E(5)^2-9/4*E(5)^3-47/8*E(5)^4, 1/4*E(5)+1/8*E(5)^2+1/8*E(5)^3+1/4*E(5)^4 ], [ 325/8*E(5)+31/2*E(5)^2+31/2*E(5)^3+325/8*E(5)^4, -35/4*E(5)-27/8*E(5)^2-27/8*E(5)^3-35/4*E(5)^4, 21/4*E(5)+2*E(5)^2+2*E(5)^3+21/4*E(5)^4, 65/8*E(5)+25/8*E(5)^2+25/8*E(5)^3+65/8*E(5)^4 ] ]
  exhaustive Gram-pruned enumeration [t=157s]
    Gram-consistent ordered 4-tuples: 14400   Gamma_b-orbits: 2   full similarities: 0   det signs: [  ]
    orbit rep tuple [ 1, 44, 114, 539 ]: similarity=false det sign=-1 vertices=true edges=false faces=false cells=false conj=[ true, true, true ][ true, true, true ] orientation=none
    orbit rep tuple [ 1, 44, 114, 561 ]: similarity=false det sign=+1 vertices=true edges=false faces=false cells=false conj=[ true, true, true ][ true, true, true ] orientation=none
  [ok]   each Gamma_b-orbit of anchor tuples has size |Gamma_b| (free action)
  [ok]   the recorded orbits partition the enumerated tuple list
  [ok]   direct recomputation of M*M^T and det M for 200 sampled tuples agrees with orbit representatives
  [ok]   exhaustive similarity count 0 = |Gamma_b| * (number of flag-anchored cosets = 0)
  [ok]   number of similarity orbits found exhaustively = number of flag-anchored cosets
  [ok]   candidate even is not Gram-consistent and does not pass
  [ok]   candidate odd is not Gram-consistent and does not pass
  [ok]   det signs of passing candidates = det signs found exhaustively
  => EXHAUSTIVE PROOF: no similarity of E^4 carries realisation L3-{5,3,3}-3 onto L3-{3,3,5/2}-4 (no Gram-consistent tuple yields a structure map).

== pair (L3-{5,3,3}-8 -> L3-{3,3,5/2}-4)  f-vector (600,1200,120,5)  |Gamma_a|=7200 |Gamma_b|=7200 [t=158s]
  lambda = |w_b|^2/|w_a|^2 = -89/8*E(5)-17/4*E(5)^2-17/4*E(5)^3-89/8*E(5)^4  (~0.001016327344474099)
  candidate even: image tuple (1-based indices in V_b) [ 67, 57, 61, 62 ]  Gram-consistent: false
    (i)   traversal of all p face vertices: false
    (ii)  M*M^T = lambda*I: false
    (iii) det M = 305/32*E(5)+233/64*E(5)^2+233/64*E(5)^3+305/32*E(5)^4  sign(det M/lambda^2) = na
    (iv)  vertex set onto vertex set: false
    (v)   edges/faces/cells onto: false/false/false
    (vi)  M^-1 {S1,S2,X_a} M in Gamma_b: [ false, false, false ]   M {S1,S2,X_b} M^-1 in Gamma_a: [ false, false, false ]
    (vii) conjugated triple orientation in Gamma_b: none  (RepresentativeAction and own conjugator search agree: true; exact equality with same triple: false, with mirror triple: false)
    flag image = intended even flag: false   (= intended flag with the other cell: false;  image flag orbit: none)
    => candidate even passes (structure map): false;  represents the even coset: false
    M = [ [ -6*E(5)-9/4*E(5)^2-9/4*E(5)^3-6*E(5)^4, -3/2*E(5)-5/8*E(5)^2-5/8*E(5)^3-3/2*E(5)^4, -13/8*E(5)-5/8*E(5)^2-5/8*E(5)^3-13/8*E(5)^4, -5/8*E(5)-1/4*E(5)^2-1/4*E(5)^3-5/8*E(5)^4 ], [ -1/8*E(5)-1/8*E(5)^4, 5/4*E(5)+1/2*E(5)^2+1/2*E(5)^3+5/4*E(5)^4, -7/8*E(5)-3/8*E(5)^2-3/8*E(5)^3-7/8*E(5)^4, 3/4*E(5)+3/8*E(5)^2+3/8*E(5)^3+3/4*E(5)^4 ], [ 63/4*E(5)+49/8*E(5)^2+49/8*E(5)^3+63/4*E(5)^4, 25/8*E(5)+E(5)^2+E(5)^3+25/8*E(5)^4, 29/8*E(5)+11/8*E(5)^2+11/8*E(5)^3+29/8*E(5)^4, 2*E(5)+3/4*E(5)^2+3/4*E(5)^3+2*E(5)^4 ], [ -77/8*E(5)-29/8*E(5)^2-29/8*E(5)^3-77/8*E(5)^4, -9/8*E(5)-3/8*E(5)^2-3/8*E(5)^3-9/8*E(5)^4, -23/8*E(5)-9/8*E(5)^2-9/8*E(5)^3-23/8*E(5)^4, -9/8*E(5)-3/8*E(5)^2-3/8*E(5)^3-9/8*E(5)^4 ] ]
  candidate odd: image tuple (1-based indices in V_b) [ 67, 70, 58, 68 ]  Gram-consistent: false
    (i)   traversal of all p face vertices: false
    (ii)  M*M^T = lambda*I: false
    (iii) det M = 305/32*E(5)+233/64*E(5)^2+233/64*E(5)^3+305/32*E(5)^4  sign(det M/lambda^2) = na
    (iv)  vertex set onto vertex set: false
    (v)   edges/faces/cells onto: false/false/false
    (vi)  M^-1 {S1,S2,X_a} M in Gamma_b: [ false, false, false ]   M {S1,S2,X_b} M^-1 in Gamma_a: [ false, false, false ]
    (vii) conjugated triple orientation in Gamma_b: none  (RepresentativeAction and own conjugator search agree: true; exact equality with same triple: false, with mirror triple: false)
    flag image = intended odd flag: false   (= intended flag with the other cell: false;  image flag orbit: none)
    => candidate odd passes (structure map): false;  represents the odd coset: false
    M = [ [ -49/8*E(5)-19/8*E(5)^2-19/8*E(5)^3-49/8*E(5)^4, 7/4*E(5)+5/8*E(5)^2+5/8*E(5)^3+7/4*E(5)^4, -5/8*E(5)-1/4*E(5)^2-1/4*E(5)^3-5/8*E(5)^4, -3/4*E(5)-1/4*E(5)^2-1/4*E(5)^3-3/4*E(5)^4 ], [ -1/8, 1/8, -13/8*E(5)-5/8*E(5)^2-5/8*E(5)^3-13/8*E(5)^4, 3/8*E(5)+1/8*E(5)^2+1/8*E(5)^3+3/8*E(5)^4 ], [ 125/8*E(5)+47/8*E(5)^2+47/8*E(5)^3+125/8*E(5)^4, -17/4*E(5)-7/4*E(5)^2-7/4*E(5)^3-17/4*E(5)^4, 7/4*E(5)+5/8*E(5)^2+5/8*E(5)^3+7/4*E(5)^4, 23/8*E(5)+5/4*E(5)^2+5/4*E(5)^3+23/8*E(5)^4 ], [ -77/8*E(5)-29/8*E(5)^2-29/8*E(5)^3-77/8*E(5)^4, 17/8*E(5)+3/4*E(5)^2+3/4*E(5)^3+17/8*E(5)^4, -2*E(5)-3/4*E(5)^2-3/4*E(5)^3-2*E(5)^4, -3/2*E(5)-5/8*E(5)^2-5/8*E(5)^3-3/2*E(5)^4 ] ]
  exhaustive Gram-pruned enumeration [t=158s]
    Gram-consistent ordered 4-tuples: 14400   Gamma_b-orbits: 2   full similarities: 0   det signs: [  ]
    orbit rep tuple [ 1, 44, 114, 539 ]: similarity=false det sign=-1 vertices=true edges=false faces=false cells=false conj=[ true, true, true ][ true, true, true ] orientation=none
    orbit rep tuple [ 1, 44, 114, 561 ]: similarity=false det sign=+1 vertices=true edges=false faces=false cells=false conj=[ true, true, true ][ true, true, true ] orientation=none
  [ok]   each Gamma_b-orbit of anchor tuples has size |Gamma_b| (free action)
  [ok]   the recorded orbits partition the enumerated tuple list
  [ok]   direct recomputation of M*M^T and det M for 200 sampled tuples agrees with orbit representatives
  [ok]   exhaustive similarity count 0 = |Gamma_b| * (number of flag-anchored cosets = 0)
  [ok]   number of similarity orbits found exhaustively = number of flag-anchored cosets
  [ok]   candidate even is not Gram-consistent and does not pass
  [ok]   candidate odd is not Gram-consistent and does not pass
  [ok]   det signs of passing candidates = det signs found exhaustively
  => EXHAUSTIVE PROOF: no similarity of E^4 carries realisation L3-{5,3,3}-8 onto L3-{3,3,5/2}-4 (no Gram-consistent tuple yields a structure map).
pair (L3-{5,3,5/2}-1 -> L3-{3,3,5/2}-4): inequivalent: different f-vector (240,480,120,20) vs (600,1200,120,5)
pair (L3-{5,3,5/2}-2 -> L3-{3,3,5/2}-4): inequivalent: different f-vector (240,480,120,20) vs (600,1200,120,5)
pair (L3-{5,3,5/2}-3 -> L3-{3,3,5/2}-4): inequivalent: different f-vector (240,480,120,20) vs (600,1200,120,5)
pair (L3-{5,3,5/2}-4 -> L3-{3,3,5/2}-4): inequivalent: different f-vector (240,480,120,20) vs (600,1200,120,5)
pair (L3-{5,3,5/2}-5 -> L3-{3,3,5/2}-4): inequivalent: different f-vector (48,144,48,8) vs (600,1200,120,5)
pair (L3-{5,3,5/2}-6 -> L3-{3,3,5/2}-4): inequivalent: different f-vector (48,144,48,8) vs (600,1200,120,5)
pair (L3-{5,3,5/2}-7 -> L3-{3,3,5/2}-4): inequivalent: different f-vector (48,144,48,8) vs (600,1200,120,5)
pair (L3-{5,3,5/2}-8 -> L3-{3,3,5/2}-4): inequivalent: different f-vector (48,144,48,8) vs (600,1200,120,5)
pair (L3-{5,3,5/2}-9 -> L3-{3,3,5/2}-4): inequivalent: different f-vector (120,720,300,50) vs (600,1200,120,5)
pair (L3-{5,3,5/2}-10 -> L3-{3,3,5/2}-4): inequivalent: different f-vector (120,720,300,50) vs (600,1200,120,5)
pair (L3-{5,3,5/2}-11 -> L3-{3,3,5/2}-4): inequivalent: different f-vector (120,720,300,50) vs (600,1200,120,5)
pair (L3-{5,3,5/2}-12 -> L3-{3,3,5/2}-4): inequivalent: different f-vector (120,720,300,50) vs (600,1200,120,5)
pair (L3-{5,3,5/2}-13 -> L3-{3,3,5/2}-4): inequivalent: different f-vector (120,720,300,50) vs (600,1200,120,5)
pair (L3-{5,3,5/2}-14 -> L3-{3,3,5/2}-4): inequivalent: different f-vector (120,720,300,50) vs (600,1200,120,5)
pair (L3-{5,3,5/2}-15 -> L3-{3,3,5/2}-4): inequivalent: different f-vector (120,720,300,50) vs (600,1200,120,5)
pair (L3-{5,3,5/2}-16 -> L3-{3,3,5/2}-4): inequivalent: different f-vector (120,720,300,50) vs (600,1200,120,5)

== pair (L3-{3,3,5/2}-1 -> L3-{3,3,5/2}-4)  f-vector (600,1200,120,5)  |Gamma_a|=7200 |Gamma_b|=7200 [t=159s]
  lambda = |w_b|^2/|w_a|^2 = 2  (~2.)
  candidate even: image tuple (1-based indices in V_b) [ 67, 57, 61, 62 ]  Gram-consistent: true
    (i)   traversal of all p face vertices: true
    (ii)  M*M^T = lambda*I: true
    (iii) det M = 4  sign(det M/lambda^2) = +1
    (iv)  vertex set onto vertex set: true
    (v)   edges/faces/cells onto: true/true/true
    (vi)  M^-1 {S1,S2,X_a} M in Gamma_b: [ true, true, true ]   M {S1,S2,X_b} M^-1 in Gamma_a: [ true, true, true ]
    (vii) conjugated triple orientation in Gamma_b: mirror  (RepresentativeAction and own conjugator search agree: true; exact equality with same triple: false, with mirror triple: false)
    flag image = intended even flag: false   (= intended flag with the other cell: true;  image flag orbit: odd)
    => candidate even passes (structure map): true;  represents the even coset: false
    M = [ [ -E(5)-1/2*E(5)^2-1/2*E(5)^3-E(5)^4, 0, -1/2*E(5)-E(5)^2-E(5)^3-1/2*E(5)^4, 1/2 ], [ 1/2*E(5)^2+1/2*E(5)^3, 1, 1/2*E(5)+1/2*E(5)^4, -1/2 ], [ 1/2*E(5)^2+1/2*E(5)^3, 0, -1/2*E(5)-1/2*E(5)^4, 1/2*E(5)-1/2*E(5)^2-1/2*E(5)^3+1/2*E(5)^4 ], [ -1/2*E(5)^2-1/2*E(5)^3, 1, -1/2*E(5)-1/2*E(5)^4, 1/2 ] ]
  [ok]   orientation test: RepresentativeAction agrees with independent conjugator search
  [ok]   conjugated triple is not simultaneously conjugate to the same and the mirror triple (abstract chirality)
  [ok]   passing even candidate maps the base flag of a to the intended flag of b or to the intended flag with the other cell
  [ok]   image flag orbit is even iff (even candidate and intended flag) or (odd candidate and other cell)
  [ok]   even candidate with odd image orbit: conjugated triple is Gamma_b-conjugate to the mirror triple (S1^-1, S1^2 S2, X_b)
  candidate odd: image tuple (1-based indices in V_b) [ 67, 70, 58, 68 ]  Gram-consistent: true
    (i)   traversal of all p face vertices: true
    (ii)  M*M^T = lambda*I: true
    (iii) det M = 4  sign(det M/lambda^2) = +1
    (iv)  vertex set onto vertex set: true
    (v)   edges/faces/cells onto: true/true/true
    (vi)  M^-1 {S1,S2,X_a} M in Gamma_b: [ true, true, true ]   M {S1,S2,X_b} M^-1 in Gamma_a: [ true, true, true ]
    (vii) conjugated triple orientation in Gamma_b: mirror  (RepresentativeAction and own conjugator search agree: true; exact equality with same triple: false, with mirror triple: false)
    flag image = intended odd flag: true   (= intended flag with the other cell: false;  image flag orbit: odd)
    => candidate odd passes (structure map): true;  represents the odd coset: true
    M = [ [ -E(5)-1/2*E(5)^2-1/2*E(5)^3-E(5)^4, 0, -1/2*E(5)-E(5)^2-E(5)^3-1/2*E(5)^4, 1/2 ], [ 0, 1/2*E(5)-1/2*E(5)^2-1/2*E(5)^3+1/2*E(5)^4, 1/2*E(5)+1/2*E(5)^4, 1/2*E(5)^2+1/2*E(5)^3 ], [ -1/2*E(5)-E(5)^2-E(5)^3-1/2*E(5)^4, 1/2*E(5)+1/2*E(5)^4, -1/2*E(5)-1/2*E(5)^4, 1/2*E(5)+1/2*E(5)^4 ], [ 1/2, 1/2*E(5)^2+1/2*E(5)^3, 1/2*E(5)+1/2*E(5)^4, -1 ] ]
  [ok]   orientation test: RepresentativeAction agrees with independent conjugator search
  [ok]   conjugated triple is not simultaneously conjugate to the same and the mirror triple (abstract chirality)
  [ok]   passing odd candidate maps the base flag of a to the intended flag of b or to the intended flag with the other cell
  [ok]   image flag orbit is even iff (even candidate and intended flag) or (odd candidate and other cell)
  [ok]   odd candidate with odd image orbit: conjugated triple is Gamma_b-conjugate to the mirror triple (S1^-1, S1^2 S2, X_b)
  [ok]   both candidates pass but only one hits its intended flag: M_even^-1 M_odd lies in Gamma_b (same coset)
  [ok]   at least one of the two passing candidates hits its intended flag
  exhaustive Gram-pruned enumeration [t=159s]
    Gram-consistent ordered 4-tuples: 14400   Gamma_b-orbits: 2   full similarities: 7200   det signs: [ "+1" ]
    orbit rep tuple [ 1, 33, 271, 233 ]: similarity=true det sign=+1 vertices=true edges=true faces=true cells=true conj=[ true, true, true ][ true, true, true ] orientation=mirror
    orbit rep tuple [ 1, 33, 271, 269 ]: similarity=false det sign=-1 vertices=true edges=true faces=false cells=false conj=[ true, true, true ][ true, true, true ] orientation=none
  [ok]   each Gamma_b-orbit of anchor tuples has size |Gamma_b| (free action)
  [ok]   the recorded orbits partition the enumerated tuple list
  [ok]   direct recomputation of M*M^T and det M for 200 sampled tuples agrees with orbit representatives
  [ok]   exhaustive similarity count 7200 = |Gamma_b| * (number of flag-anchored cosets = 1)
  [ok]   number of similarity orbits found exhaustively = number of flag-anchored cosets
  [ok]   candidate even tuple is enumerated and its orbit verdict matches the candidate verdict
  [ok]   candidate odd tuple is enumerated and its orbit verdict matches the candidate verdict
  [ok]   det signs of passing candidates = det signs found exhaustively
  => 7200 similarities L3-{3,3,5/2}-1 -> L3-{3,3,5/2}-4 (1 Gamma_b-coset(s)), lambda = 2, det signs [ "+1" ]

== pair (L3-{3,3,5/2}-4 -> L3-{3,3,5/2}-4)  f-vector (600,1200,120,5)  |Gamma_a|=7200 |Gamma_b|=7200 [t=160s]
  lambda = |w_b|^2/|w_a|^2 = 1  (~1.)
  candidate even: image tuple (1-based indices in V_b) [ 67, 57, 61, 62 ]  Gram-consistent: true
    (i)   traversal of all p face vertices: true
    (ii)  M*M^T = lambda*I: true
    (iii) det M = 1  sign(det M/lambda^2) = +1
    (iv)  vertex set onto vertex set: true
    (v)   edges/faces/cells onto: true/true/true
    (vi)  M^-1 {S1,S2,X_a} M in Gamma_b: [ true, true, true ]   M {S1,S2,X_b} M^-1 in Gamma_a: [ true, true, true ]
    (vii) conjugated triple orientation in Gamma_b: same  (RepresentativeAction and own conjugator search agree: true; exact equality with same triple: true, with mirror triple: false)
    flag image = intended even flag: true   (= intended flag with the other cell: false;  image flag orbit: even)
    => candidate even passes (structure map): true;  represents the even coset: true
    M = [ [ 1, 0, 0, 0 ], [ 0, 1, 0, 0 ], [ 0, 0, 1, 0 ], [ 0, 0, 0, 1 ] ]
  [ok]   orientation test: RepresentativeAction agrees with independent conjugator search
  [ok]   conjugated triple is not simultaneously conjugate to the same and the mirror triple (abstract chirality)
  [ok]   passing even candidate maps the base flag of a to the intended flag of b or to the intended flag with the other cell
  [ok]   image flag orbit is even iff (even candidate and intended flag) or (odd candidate and other cell)
  [ok]   even candidate with even image orbit: conjugated triple is Gamma_b-conjugate to (S1,S2,X_b)
  [ok]   even candidate hitting the base flag: conjugated triple equals (S1,S2,X_b) exactly (free flag action)
  candidate odd: image tuple (1-based indices in V_b) [ 67, 70, 58, 68 ]  Gram-consistent: true
    (i)   traversal of all p face vertices: true
    (ii)  M*M^T = lambda*I: true
    (iii) det M = 1  sign(det M/lambda^2) = +1
    (iv)  vertex set onto vertex set: true
    (v)   edges/faces/cells onto: true/true/true
    (vi)  M^-1 {S1,S2,X_a} M in Gamma_b: [ true, true, true ]   M {S1,S2,X_b} M^-1 in Gamma_a: [ true, true, true ]
    (vii) conjugated triple orientation in Gamma_b: same  (RepresentativeAction and own conjugator search agree: true; exact equality with same triple: false, with mirror triple: false)
    flag image = intended odd flag: false   (= intended flag with the other cell: true;  image flag orbit: even)
    => candidate odd passes (structure map): true;  represents the odd coset: false
    M = [ [ -1/2*E(5)-1/2*E(5)^4, 1/2*E(5)+3/4*E(5)^2+3/4*E(5)^3+1/2*E(5)^4, 1/4, -1/4*E(5)-1/4*E(5)^4 ], [ 1/4, 1/4*E(5)+1/4*E(5)^4, 1/2*E(5)+1/2*E(5)^4, 1/2*E(5)+3/4*E(5)^2+3/4*E(5)^3+1/2*E(5)^4 ], [ -1/4*E(5)-1/4*E(5)^4, 1/4, -1/2*E(5)-3/4*E(5)^2-3/4*E(5)^3-1/2*E(5)^4, 1/2*E(5)+1/2*E(5)^4 ], [ -1/2*E(5)-3/4*E(5)^2-3/4*E(5)^3-1/2*E(5)^4, -1/2*E(5)-1/2*E(5)^4, 1/4*E(5)+1/4*E(5)^4, 1/4 ] ]
  [ok]   orientation test: RepresentativeAction agrees with independent conjugator search
  [ok]   conjugated triple is not simultaneously conjugate to the same and the mirror triple (abstract chirality)
  [ok]   passing odd candidate maps the base flag of a to the intended flag of b or to the intended flag with the other cell
  [ok]   image flag orbit is even iff (even candidate and intended flag) or (odd candidate and other cell)
  [ok]   odd candidate with even image orbit: conjugated triple is Gamma_b-conjugate to (S1,S2,X_b)
  [ok]   both candidates pass but only one hits its intended flag: M_even^-1 M_odd lies in Gamma_b (same coset)
  [ok]   at least one of the two passing candidates hits its intended flag
  a = b: the odd candidate passes but maps the base flag to (Phi^2)^3 (even orbit): it is an element of Gamma, not an extra symmetry; no similarity maps the base flag to its 2-adjacent flag: geometrically chiral (symmetry group = Gamma)
  [ok]   a = b: the even candidate (identity) passes and fixes the base flag
  [ok]   a = b: the even candidate matrix is the identity
  exhaustive Gram-pruned enumeration [t=160s]
    Gram-consistent ordered 4-tuples: 14400   Gamma_b-orbits: 2   full similarities: 7200   det signs: [ "+1" ]
    orbit rep tuple [ 1, 33, 271, 233 ]: similarity=true det sign=+1 vertices=true edges=true faces=true cells=true conj=[ true, true, true ][ true, true, true ] orientation=same
    orbit rep tuple [ 1, 33, 271, 269 ]: similarity=false det sign=-1 vertices=true edges=true faces=false cells=false conj=[ true, true, true ][ true, true, true ] orientation=none
  [ok]   each Gamma_b-orbit of anchor tuples has size |Gamma_b| (free action)
  [ok]   the recorded orbits partition the enumerated tuple list
  [ok]   direct recomputation of M*M^T and det M for 200 sampled tuples agrees with orbit representatives
  [ok]   exhaustive similarity count 7200 = |Gamma_b| * (number of flag-anchored cosets = 1)
  [ok]   number of similarity orbits found exhaustively = number of flag-anchored cosets
  [ok]   candidate even tuple is enumerated and its orbit verdict matches the candidate verdict
  [ok]   candidate odd tuple is enumerated and its orbit verdict matches the candidate verdict
  [ok]   det signs of passing candidates = det signs found exhaustively
  => 7200 similarities L3-{3,3,5/2}-4 -> L3-{3,3,5/2}-4 (1 Gamma_b-coset(s)), lambda = 1, det signs [ "+1" ]

wrote ../logs/method1-pairs.tsv
wrote ../logs/method1-certificates.json  (96 certificates)

==== SUMMARY [t=161s]
  [ok]   similarity relation is reflexive
  [ok]   similarity relation is symmetric
  [ok]   similarity relation is transitive
  [ok]   isometry relation is symmetric and transitive

R5 classes (equivalence under similarities of E^4):
  class {L3-{4,3,3}-1, L3-{4,3,3}-6}   lambdas relative to L3-{4,3,3}-1: L3-{4,3,3}-1:1  L3-{4,3,3}-6:4/3
  class {L3-{4,3,3}-2, L3-{4,3,3}-3}   lambdas relative to L3-{4,3,3}-2: L3-{4,3,3}-2:1  L3-{4,3,3}-3:4/3
  class {L3-{5,3,3}-3, L3-{5,3,3}-8}   lambdas relative to L3-{5,3,3}-3: L3-{5,3,3}-3:1  L3-{5,3,3}-8:-26*E(5)-10*E(5)^2-10*E(5)^3-26*E(5)^4
  class {L3-{5,3,5/2}-1, L3-{5,3,5/2}-4}   lambdas relative to L3-{5,3,5/2}-1: L3-{5,3,5/2}-1:1  L3-{5,3,5/2}-4:1/3*E(40)^7-5/6*E(40)^8-1/3*E(40)^13-2/3*E(40)^16-1/3*E(40)^21+1/3*E(40)^23-2/3*E(40)^24-1/3*E(40)^29+1/3*E(40)^31-5/6*E(40)^32-1/3*E(40)^37+1/3*E(40)^39
  class {L3-{5,3,5/2}-2, L3-{5,3,5/2}-3}   lambdas relative to L3-{5,3,5/2}-2: L3-{5,3,5/2}-2:1  L3-{5,3,5/2}-3:-1/3*E(40)^7-5/6*E(40)^8+1/3*E(40)^13-2/3*E(40)^16+1/3*E(40)^21-1/3*E(40)^23-2/3*E(40)^24+1/3*E(40)^29-1/3*E(40)^31-5/6*E(40)^32+1/3*E(40)^37-1/3*E(40)^39
  class {L3-{5,3,5/2}-5, L3-{5,3,5/2}-8}   lambdas relative to L3-{5,3,5/2}-5: L3-{5,3,5/2}-5:1  L3-{5,3,5/2}-8:4/3*E(40)^7-7/3*E(40)^8-4/3*E(40)^13-4/3*E(40)^16-2/3*E(40)^21+4/3*E(40)^23-4/3*E(40)^24-2/3*E(40)^29+2/3*E(40)^31-7/3*E(40)^32-4/3*E(40)^37+2/3*E(40)^39
  class {L3-{5,3,5/2}-6, L3-{5,3,5/2}-7}   lambdas relative to L3-{5,3,5/2}-6: L3-{5,3,5/2}-6:1  L3-{5,3,5/2}-7:-4/3*E(40)^7-7/3*E(40)^8+4/3*E(40)^13-4/3*E(40)^16+2/3*E(40)^21-4/3*E(40)^23-4/3*E(40)^24+2/3*E(40)^29-2/3*E(40)^31-7/3*E(40)^32+4/3*E(40)^37-2/3*E(40)^39
  class {L3-{5,3,5/2}-9, L3-{5,3,5/2}-12}   lambdas relative to L3-{5,3,5/2}-9: L3-{5,3,5/2}-9:1  L3-{5,3,5/2}-12:6/5
  class {L3-{5,3,5/2}-10, L3-{5,3,5/2}-11}   lambdas relative to L3-{5,3,5/2}-10: L3-{5,3,5/2}-10:1  L3-{5,3,5/2}-11:2/3
  class {L3-{5,3,5/2}-13, L3-{5,3,5/2}-14}   lambdas relative to L3-{5,3,5/2}-13: L3-{5,3,5/2}-13:1  L3-{5,3,5/2}-14:-16/3*E(5)-8/3*E(5)^2-8/3*E(5)^3-16/3*E(5)^4
  class {L3-{5,3,5/2}-15, L3-{5,3,5/2}-16}   lambdas relative to L3-{5,3,5/2}-15: L3-{5,3,5/2}-15:1  L3-{5,3,5/2}-16:-10/3*E(5)-4/3*E(5)^2-4/3*E(5)^3-10/3*E(5)^4
  class {L3-{3,3,5/2}-1, L3-{3,3,5/2}-4}   lambdas relative to L3-{3,3,5/2}-1: L3-{3,3,5/2}-1:1  L3-{3,3,5/2}-4:2
number of classes under similarity: 12

Isometry classes (similar with lambda = 1):
  class {L3-{4,3,3}-1}
  class {L3-{4,3,3}-2}
  class {L3-{4,3,3}-3}
  class {L3-{4,3,3}-6}
  class {L3-{5,3,3}-3}
  class {L3-{5,3,3}-8}
  class {L3-{5,3,5/2}-1}
  class {L3-{5,3,5/2}-2}
  class {L3-{5,3,5/2}-3}
  class {L3-{5,3,5/2}-4}
  class {L3-{5,3,5/2}-5}
  class {L3-{5,3,5/2}-6}
  class {L3-{5,3,5/2}-7}
  class {L3-{5,3,5/2}-8}
  class {L3-{5,3,5/2}-9}
  class {L3-{5,3,5/2}-10}
  class {L3-{5,3,5/2}-11}
  class {L3-{5,3,5/2}-12}
  class {L3-{5,3,5/2}-13}
  class {L3-{5,3,5/2}-14}
  class {L3-{5,3,5/2}-15}
  class {L3-{5,3,5/2}-16}
  class {L3-{3,3,5/2}-1}
  class {L3-{3,3,5/2}-4}
number of classes under isometry (lambda = 1): 24

Certificates (passing flag-anchored candidates), a -> b:
  L3-{4,3,3}-1 -> L3-{4,3,3}-1  [even]  lambda = 1 (~1.)  det sign +1  orientation same  image flag orbit even  own coset true
  L3-{4,3,3}-1 -> L3-{4,3,3}-1  [odd]  lambda = 1 (~1.)  det sign +1  orientation same  image flag orbit even  own coset false
  L3-{4,3,3}-6 -> L3-{4,3,3}-1  [even]  lambda = 3/4 (~0.75)  det sign +1  orientation mirror  image flag orbit odd  own coset false
  L3-{4,3,3}-6 -> L3-{4,3,3}-1  [odd]  lambda = 3/4 (~0.75)  det sign +1  orientation mirror  image flag orbit odd  own coset true
  L3-{4,3,3}-2 -> L3-{4,3,3}-2  [even]  lambda = 1 (~1.)  det sign +1  orientation same  image flag orbit even  own coset true
  L3-{4,3,3}-2 -> L3-{4,3,3}-2  [odd]  lambda = 1 (~1.)  det sign +1  orientation same  image flag orbit even  own coset false
  L3-{4,3,3}-3 -> L3-{4,3,3}-2  [even]  lambda = 3/4 (~0.75)  det sign +1  orientation mirror  image flag orbit odd  own coset false
  L3-{4,3,3}-3 -> L3-{4,3,3}-2  [odd]  lambda = 3/4 (~0.75)  det sign +1  orientation mirror  image flag orbit odd  own coset true
  L3-{4,3,3}-2 -> L3-{4,3,3}-3  [even]  lambda = 4/3 (~1.333333333333333)  det sign +1  orientation mirror  image flag orbit odd  own coset false
  L3-{4,3,3}-2 -> L3-{4,3,3}-3  [odd]  lambda = 4/3 (~1.333333333333333)  det sign +1  orientation mirror  image flag orbit odd  own coset true
  L3-{4,3,3}-3 -> L3-{4,3,3}-3  [even]  lambda = 1 (~1.)  det sign +1  orientation same  image flag orbit even  own coset true
  L3-{4,3,3}-3 -> L3-{4,3,3}-3  [odd]  lambda = 1 (~1.)  det sign +1  orientation same  image flag orbit even  own coset false
  L3-{4,3,3}-1 -> L3-{4,3,3}-6  [even]  lambda = 4/3 (~1.333333333333333)  det sign +1  orientation mirror  image flag orbit odd  own coset false
  L3-{4,3,3}-1 -> L3-{4,3,3}-6  [odd]  lambda = 4/3 (~1.333333333333333)  det sign +1  orientation mirror  image flag orbit odd  own coset true
  L3-{4,3,3}-6 -> L3-{4,3,3}-6  [even]  lambda = 1 (~1.)  det sign +1  orientation same  image flag orbit even  own coset true
  L3-{4,3,3}-6 -> L3-{4,3,3}-6  [odd]  lambda = 1 (~1.)  det sign +1  orientation same  image flag orbit even  own coset false
  L3-{5,3,3}-3 -> L3-{5,3,3}-3  [even]  lambda = 1 (~1.)  det sign +1  orientation same  image flag orbit even  own coset true
  L3-{5,3,3}-3 -> L3-{5,3,3}-3  [odd]  lambda = 1 (~1.)  det sign +1  orientation same  image flag orbit even  own coset false
  L3-{5,3,3}-8 -> L3-{5,3,3}-3  [even]  lambda = -5/2*E(5)-13/2*E(5)^2-13/2*E(5)^3-5/2*E(5)^4 (~8.97213595499958)  det sign +1  orientation mirror  image flag orbit odd  own coset false
  L3-{5,3,3}-8 -> L3-{5,3,3}-3  [odd]  lambda = -5/2*E(5)-13/2*E(5)^2-13/2*E(5)^3-5/2*E(5)^4 (~8.97213595499958)  det sign +1  orientation mirror  image flag orbit odd  own coset true
  L3-{5,3,3}-3 -> L3-{5,3,3}-8  [even]  lambda = -26*E(5)-10*E(5)^2-10*E(5)^3-26*E(5)^4 (~0.1114561800016851)  det sign +1  orientation mirror  image flag orbit odd  own coset false
  L3-{5,3,3}-3 -> L3-{5,3,3}-8  [odd]  lambda = -26*E(5)-10*E(5)^2-10*E(5)^3-26*E(5)^4 (~0.1114561800016851)  det sign +1  orientation mirror  image flag orbit odd  own coset true
  L3-{5,3,3}-8 -> L3-{5,3,3}-8  [even]  lambda = 1 (~1.)  det sign +1  orientation same  image flag orbit even  own coset true
  L3-{5,3,3}-8 -> L3-{5,3,3}-8  [odd]  lambda = 1 (~1.)  det sign +1  orientation same  image flag orbit even  own coset false
  L3-{5,3,5/2}-1 -> L3-{5,3,5/2}-1  [even]  lambda = 1 (~1.)  det sign +1  orientation same  image flag orbit even  own coset true
  L3-{5,3,5/2}-1 -> L3-{5,3,5/2}-1  [odd]  lambda = 1 (~1.)  det sign +1  orientation same  image flag orbit even  own coset false
  L3-{5,3,5/2}-4 -> L3-{5,3,5/2}-1  [even]  lambda = -4/3*E(40)^7-8/3*E(40)^8+4/3*E(40)^13-14/3*E(40)^16+8/3*E(40)^21-4/3*E(40)^23-14/3*E(40)^24+8/3*E(40)^29-8/3*E(40)^31-8/3*E(40)^32+4/3*E(40)^37-8/3*E(40)^39 (~0.9661224126413481)  det sign +1  orientation mirror  image flag orbit odd  own coset false
  L3-{5,3,5/2}-4 -> L3-{5,3,5/2}-1  [odd]  lambda = -4/3*E(40)^7-8/3*E(40)^8+4/3*E(40)^13-14/3*E(40)^16+8/3*E(40)^21-4/3*E(40)^23-14/3*E(40)^24+8/3*E(40)^29-8/3*E(40)^31-8/3*E(40)^32+4/3*E(40)^37-8/3*E(40)^39 (~0.9661224126413481)  det sign +1  orientation mirror  image flag orbit odd  own coset true
  L3-{5,3,5/2}-2 -> L3-{5,3,5/2}-2  [even]  lambda = 1 (~1.)  det sign +1  orientation same  image flag orbit even  own coset true
  L3-{5,3,5/2}-2 -> L3-{5,3,5/2}-2  [odd]  lambda = 1 (~1.)  det sign +1  orientation same  image flag orbit even  own coset false
  L3-{5,3,5/2}-3 -> L3-{5,3,5/2}-2  [even]  lambda = 4/3*E(40)^7-8/3*E(40)^8-4/3*E(40)^13-14/3*E(40)^16-8/3*E(40)^21+4/3*E(40)^23-14/3*E(40)^24-8/3*E(40)^29+8/3*E(40)^31-8/3*E(40)^32-4/3*E(40)^37+8/3*E(40)^39 (~10.83934687569156)  det sign +1  orientation mirror  image flag orbit odd  own coset false
  L3-{5,3,5/2}-3 -> L3-{5,3,5/2}-2  [odd]  lambda = 4/3*E(40)^7-8/3*E(40)^8-4/3*E(40)^13-14/3*E(40)^16-8/3*E(40)^21+4/3*E(40)^23-14/3*E(40)^24-8/3*E(40)^29+8/3*E(40)^31-8/3*E(40)^32-4/3*E(40)^37+8/3*E(40)^39 (~10.83934687569156)  det sign +1  orientation mirror  image flag orbit odd  own coset true
  L3-{5,3,5/2}-2 -> L3-{5,3,5/2}-3  [even]  lambda = -1/3*E(40)^7-5/6*E(40)^8+1/3*E(40)^13-2/3*E(40)^16+1/3*E(40)^21-1/3*E(40)^23-2/3*E(40)^24+1/3*E(40)^29-1/3*E(40)^31-5/6*E(40)^32+1/3*E(40)^37-1/3*E(40)^39 (~0.09225648108398599)  det sign +1  orientation mirror  image flag orbit odd  own coset false
  L3-{5,3,5/2}-2 -> L3-{5,3,5/2}-3  [odd]  lambda = -1/3*E(40)^7-5/6*E(40)^8+1/3*E(40)^13-2/3*E(40)^16+1/3*E(40)^21-1/3*E(40)^23-2/3*E(40)^24+1/3*E(40)^29-1/3*E(40)^31-5/6*E(40)^32+1/3*E(40)^37-1/3*E(40)^39 (~0.09225648108398599)  det sign +1  orientation mirror  image flag orbit odd  own coset true
  L3-{5,3,5/2}-3 -> L3-{5,3,5/2}-3  [even]  lambda = 1 (~1.)  det sign +1  orientation same  image flag orbit even  own coset true
  L3-{5,3,5/2}-3 -> L3-{5,3,5/2}-3  [odd]  lambda = 1 (~1.)  det sign +1  orientation same  image flag orbit even  own coset false
  L3-{5,3,5/2}-1 -> L3-{5,3,5/2}-4  [even]  lambda = 1/3*E(40)^7-5/6*E(40)^8-1/3*E(40)^13-2/3*E(40)^16-1/3*E(40)^21+1/3*E(40)^23-2/3*E(40)^24-1/3*E(40)^29+1/3*E(40)^31-5/6*E(40)^32-1/3*E(40)^37+1/3*E(40)^39 (~1.035065522666049)  det sign +1  orientation mirror  image flag orbit odd  own coset false
  L3-{5,3,5/2}-1 -> L3-{5,3,5/2}-4  [odd]  lambda = 1/3*E(40)^7-5/6*E(40)^8-1/3*E(40)^13-2/3*E(40)^16-1/3*E(40)^21+1/3*E(40)^23-2/3*E(40)^24-1/3*E(40)^29+1/3*E(40)^31-5/6*E(40)^32-1/3*E(40)^37+1/3*E(40)^39 (~1.035065522666049)  det sign +1  orientation mirror  image flag orbit odd  own coset true
  L3-{5,3,5/2}-4 -> L3-{5,3,5/2}-4  [even]  lambda = 1 (~1.)  det sign +1  orientation same  image flag orbit even  own coset true
  L3-{5,3,5/2}-4 -> L3-{5,3,5/2}-4  [odd]  lambda = 1 (~1.)  det sign +1  orientation same  image flag orbit even  own coset false
  L3-{5,3,5/2}-5 -> L3-{5,3,5/2}-5  [even]  lambda = 1 (~1.)  det sign +1  orientation same  image flag orbit even  own coset true
  L3-{5,3,5/2}-5 -> L3-{5,3,5/2}-5  [odd]  lambda = 1 (~1.)  det sign +1  orientation same  image flag orbit even  own coset false
  L3-{5,3,5/2}-8 -> L3-{5,3,5/2}-5  [even]  lambda = -2/3*E(40)^7-4/3*E(40)^8+2/3*E(40)^13-5/3*E(40)^16+2/3*E(40)^21-2/3*E(40)^23-5/3*E(40)^24+2/3*E(40)^29-2/3*E(40)^31-4/3*E(40)^32+2/3*E(40)^37-2/3*E(40)^39 (~0.9298689546679015)  det sign +1  orientation mirror  image flag orbit odd  own coset false
  L3-{5,3,5/2}-8 -> L3-{5,3,5/2}-5  [odd]  lambda = -2/3*E(40)^7-4/3*E(40)^8+2/3*E(40)^13-5/3*E(40)^16+2/3*E(40)^21-2/3*E(40)^23-5/3*E(40)^24+2/3*E(40)^29-2/3*E(40)^31-4/3*E(40)^32+2/3*E(40)^37-2/3*E(40)^39 (~0.9298689546679015)  det sign +1  orientation mirror  image flag orbit odd  own coset true
  L3-{5,3,5/2}-6 -> L3-{5,3,5/2}-6  [even]  lambda = 1 (~1.)  det sign +1  orientation same  image flag orbit even  own coset true
  L3-{5,3,5/2}-6 -> L3-{5,3,5/2}-6  [odd]  lambda = 1 (~1.)  det sign +1  orientation same  image flag orbit even  own coset false
  L3-{5,3,5/2}-7 -> L3-{5,3,5/2}-6  [even]  lambda = 2/3*E(40)^7-4/3*E(40)^8-2/3*E(40)^13-5/3*E(40)^16-2/3*E(40)^21+2/3*E(40)^23-5/3*E(40)^24-2/3*E(40)^29+2/3*E(40)^31-4/3*E(40)^32-2/3*E(40)^37+2/3*E(40)^39 (~2.815487037832028)  det sign +1  orientation mirror  image flag orbit odd  own coset false
  L3-{5,3,5/2}-7 -> L3-{5,3,5/2}-6  [odd]  lambda = 2/3*E(40)^7-4/3*E(40)^8-2/3*E(40)^13-5/3*E(40)^16-2/3*E(40)^21+2/3*E(40)^23-5/3*E(40)^24-2/3*E(40)^29+2/3*E(40)^31-4/3*E(40)^32-2/3*E(40)^37+2/3*E(40)^39 (~2.815487037832028)  det sign +1  orientation mirror  image flag orbit odd  own coset true
  L3-{5,3,5/2}-6 -> L3-{5,3,5/2}-7  [even]  lambda = -4/3*E(40)^7-7/3*E(40)^8+4/3*E(40)^13-4/3*E(40)^16+2/3*E(40)^21-4/3*E(40)^23-4/3*E(40)^24+2/3*E(40)^29-2/3*E(40)^31-7/3*E(40)^32+4/3*E(40)^37-2/3*E(40)^39 (~0.3551783355998037)  det sign +1  orientation mirror  image flag orbit odd  own coset false
  L3-{5,3,5/2}-6 -> L3-{5,3,5/2}-7  [odd]  lambda = -4/3*E(40)^7-7/3*E(40)^8+4/3*E(40)^13-4/3*E(40)^16+2/3*E(40)^21-4/3*E(40)^23-4/3*E(40)^24+2/3*E(40)^29-2/3*E(40)^31-7/3*E(40)^32+4/3*E(40)^37-2/3*E(40)^39 (~0.3551783355998037)  det sign +1  orientation mirror  image flag orbit odd  own coset true
  L3-{5,3,5/2}-7 -> L3-{5,3,5/2}-7  [even]  lambda = 1 (~1.)  det sign +1  orientation same  image flag orbit even  own coset true
  L3-{5,3,5/2}-7 -> L3-{5,3,5/2}-7  [odd]  lambda = 1 (~1.)  det sign +1  orientation same  image flag orbit even  own coset false
  L3-{5,3,5/2}-5 -> L3-{5,3,5/2}-8  [even]  lambda = 4/3*E(40)^7-7/3*E(40)^8-4/3*E(40)^13-4/3*E(40)^16-2/3*E(40)^21+4/3*E(40)^23-4/3*E(40)^24-2/3*E(40)^29+2/3*E(40)^31-7/3*E(40)^32-4/3*E(40)^37+2/3*E(40)^39 (~1.075420353567074)  det sign +1  orientation mirror  image flag orbit odd  own coset false
  L3-{5,3,5/2}-5 -> L3-{5,3,5/2}-8  [odd]  lambda = 4/3*E(40)^7-7/3*E(40)^8-4/3*E(40)^13-4/3*E(40)^16-2/3*E(40)^21+4/3*E(40)^23-4/3*E(40)^24-2/3*E(40)^29+2/3*E(40)^31-7/3*E(40)^32-4/3*E(40)^37+2/3*E(40)^39 (~1.075420353567074)  det sign +1  orientation mirror  image flag orbit odd  own coset true
  L3-{5,3,5/2}-8 -> L3-{5,3,5/2}-8  [even]  lambda = 1 (~1.)  det sign +1  orientation same  image flag orbit even  own coset true
  L3-{5,3,5/2}-8 -> L3-{5,3,5/2}-8  [odd]  lambda = 1 (~1.)  det sign +1  orientation same  image flag orbit even  own coset false
  L3-{5,3,5/2}-9 -> L3-{5,3,5/2}-9  [even]  lambda = 1 (~1.)  det sign +1  orientation same  image flag orbit even  own coset true
  L3-{5,3,5/2}-9 -> L3-{5,3,5/2}-9  [odd]  lambda = 1 (~1.)  det sign +1  orientation same  image flag orbit even  own coset false
  L3-{5,3,5/2}-12 -> L3-{5,3,5/2}-9  [even]  lambda = 5/6 (~0.8333333333333334)  det sign +1  orientation mirror  image flag orbit odd  own coset false
  L3-{5,3,5/2}-12 -> L3-{5,3,5/2}-9  [odd]  lambda = 5/6 (~0.8333333333333334)  det sign +1  orientation mirror  image flag orbit odd  own coset true
  L3-{5,3,5/2}-10 -> L3-{5,3,5/2}-10  [even]  lambda = 1 (~1.)  det sign +1  orientation same  image flag orbit even  own coset true
  L3-{5,3,5/2}-10 -> L3-{5,3,5/2}-10  [odd]  lambda = 1 (~1.)  det sign +1  orientation same  image flag orbit even  own coset false
  L3-{5,3,5/2}-11 -> L3-{5,3,5/2}-10  [even]  lambda = 3/2 (~1.5)  det sign +1  orientation mirror  image flag orbit odd  own coset false
  L3-{5,3,5/2}-11 -> L3-{5,3,5/2}-10  [odd]  lambda = 3/2 (~1.5)  det sign +1  orientation mirror  image flag orbit odd  own coset true
  L3-{5,3,5/2}-10 -> L3-{5,3,5/2}-11  [even]  lambda = 2/3 (~0.6666666666666666)  det sign +1  orientation mirror  image flag orbit odd  own coset false
  L3-{5,3,5/2}-10 -> L3-{5,3,5/2}-11  [odd]  lambda = 2/3 (~0.6666666666666666)  det sign +1  orientation mirror  image flag orbit odd  own coset true
  L3-{5,3,5/2}-11 -> L3-{5,3,5/2}-11  [even]  lambda = 1 (~1.)  det sign +1  orientation same  image flag orbit even  own coset true
  L3-{5,3,5/2}-11 -> L3-{5,3,5/2}-11  [odd]  lambda = 1 (~1.)  det sign +1  orientation same  image flag orbit even  own coset false
  L3-{5,3,5/2}-9 -> L3-{5,3,5/2}-12  [even]  lambda = 6/5 (~1.2)  det sign +1  orientation mirror  image flag orbit odd  own coset false
  L3-{5,3,5/2}-9 -> L3-{5,3,5/2}-12  [odd]  lambda = 6/5 (~1.2)  det sign +1  orientation mirror  image flag orbit odd  own coset true
  L3-{5,3,5/2}-12 -> L3-{5,3,5/2}-12  [even]  lambda = 1 (~1.)  det sign +1  orientation same  image flag orbit even  own coset true
  L3-{5,3,5/2}-12 -> L3-{5,3,5/2}-12  [odd]  lambda = 1 (~1.)  det sign +1  orientation same  image flag orbit even  own coset false
  L3-{5,3,5/2}-13 -> L3-{5,3,5/2}-13  [even]  lambda = 1 (~1.)  det sign +1  orientation same  image flag orbit even  own coset true
  L3-{5,3,5/2}-13 -> L3-{5,3,5/2}-13  [odd]  lambda = 1 (~1.)  det sign +1  orientation same  image flag orbit even  own coset false
  L3-{5,3,5/2}-14 -> L3-{5,3,5/2}-13  [even]  lambda = -3/8*E(5)-3/4*E(5)^2-3/4*E(5)^3-3/8*E(5)^4 (~0.9817627457812106)  det sign +1  orientation mirror  image flag orbit odd  own coset false
  L3-{5,3,5/2}-14 -> L3-{5,3,5/2}-13  [odd]  lambda = -3/8*E(5)-3/4*E(5)^2-3/4*E(5)^3-3/8*E(5)^4 (~0.9817627457812106)  det sign +1  orientation mirror  image flag orbit odd  own coset true
  L3-{5,3,5/2}-13 -> L3-{5,3,5/2}-14  [even]  lambda = -16/3*E(5)-8/3*E(5)^2-8/3*E(5)^3-16/3*E(5)^4 (~1.018576030000281)  det sign +1  orientation mirror  image flag orbit odd  own coset false
  L3-{5,3,5/2}-13 -> L3-{5,3,5/2}-14  [odd]  lambda = -16/3*E(5)-8/3*E(5)^2-8/3*E(5)^3-16/3*E(5)^4 (~1.018576030000281)  det sign +1  orientation mirror  image flag orbit odd  own coset true
  L3-{5,3,5/2}-14 -> L3-{5,3,5/2}-14  [even]  lambda = 1 (~1.)  det sign +1  orientation same  image flag orbit even  own coset true
  L3-{5,3,5/2}-14 -> L3-{5,3,5/2}-14  [odd]  lambda = 1 (~1.)  det sign +1  orientation same  image flag orbit even  own coset false
  L3-{5,3,5/2}-15 -> L3-{5,3,5/2}-15  [even]  lambda = 1 (~1.)  det sign +1  orientation same  image flag orbit even  own coset true
  L3-{5,3,5/2}-15 -> L3-{5,3,5/2}-15  [odd]  lambda = 1 (~1.)  det sign +1  orientation same  image flag orbit even  own coset false
  L3-{5,3,5/2}-16 -> L3-{5,3,5/2}-15  [even]  lambda = -3*E(5)-15/2*E(5)^2-15/2*E(5)^3-3*E(5)^4 (~10.28115294937453)  det sign +1  orientation mirror  image flag orbit odd  own coset false
  L3-{5,3,5/2}-16 -> L3-{5,3,5/2}-15  [odd]  lambda = -3*E(5)-15/2*E(5)^2-15/2*E(5)^3-3*E(5)^4 (~10.28115294937453)  det sign +1  orientation mirror  image flag orbit odd  own coset true
  L3-{5,3,5/2}-15 -> L3-{5,3,5/2}-16  [even]  lambda = -10/3*E(5)-4/3*E(5)^2-4/3*E(5)^3-10/3*E(5)^4 (~0.0972653558335439)  det sign +1  orientation mirror  image flag orbit odd  own coset false
  L3-{5,3,5/2}-15 -> L3-{5,3,5/2}-16  [odd]  lambda = -10/3*E(5)-4/3*E(5)^2-4/3*E(5)^3-10/3*E(5)^4 (~0.0972653558335439)  det sign +1  orientation mirror  image flag orbit odd  own coset true
  L3-{5,3,5/2}-16 -> L3-{5,3,5/2}-16  [even]  lambda = 1 (~1.)  det sign +1  orientation same  image flag orbit even  own coset true
  L3-{5,3,5/2}-16 -> L3-{5,3,5/2}-16  [odd]  lambda = 1 (~1.)  det sign +1  orientation same  image flag orbit even  own coset false
  L3-{3,3,5/2}-1 -> L3-{3,3,5/2}-1  [even]  lambda = 1 (~1.)  det sign +1  orientation same  image flag orbit even  own coset true
  L3-{3,3,5/2}-1 -> L3-{3,3,5/2}-1  [odd]  lambda = 1 (~1.)  det sign +1  orientation same  image flag orbit even  own coset false
  L3-{3,3,5/2}-4 -> L3-{3,3,5/2}-1  [even]  lambda = 1/2 (~0.5)  det sign +1  orientation mirror  image flag orbit odd  own coset false
  L3-{3,3,5/2}-4 -> L3-{3,3,5/2}-1  [odd]  lambda = 1/2 (~0.5)  det sign +1  orientation mirror  image flag orbit odd  own coset true
  L3-{3,3,5/2}-1 -> L3-{3,3,5/2}-4  [even]  lambda = 2 (~2.)  det sign +1  orientation mirror  image flag orbit odd  own coset false
  L3-{3,3,5/2}-1 -> L3-{3,3,5/2}-4  [odd]  lambda = 2 (~2.)  det sign +1  orientation mirror  image flag orbit odd  own coset true
  L3-{3,3,5/2}-4 -> L3-{3,3,5/2}-4  [even]  lambda = 1 (~1.)  det sign +1  orientation same  image flag orbit even  own coset true
  L3-{3,3,5/2}-4 -> L3-{3,3,5/2}-4  [odd]  lambda = 1 (~1.)  det sign +1  orientation same  image flag orbit even  own coset false

Non-trivial certificate pairs (a <> b):
  L3-{4,3,3}-6 -> L3-{4,3,3}-1  [even]  lambda = 3/4  det sign +1  image flag orbit odd
  L3-{4,3,3}-6 -> L3-{4,3,3}-1  [odd]  lambda = 3/4  det sign +1  image flag orbit odd
  L3-{4,3,3}-3 -> L3-{4,3,3}-2  [even]  lambda = 3/4  det sign +1  image flag orbit odd
  L3-{4,3,3}-3 -> L3-{4,3,3}-2  [odd]  lambda = 3/4  det sign +1  image flag orbit odd
  L3-{4,3,3}-2 -> L3-{4,3,3}-3  [even]  lambda = 4/3  det sign +1  image flag orbit odd
  L3-{4,3,3}-2 -> L3-{4,3,3}-3  [odd]  lambda = 4/3  det sign +1  image flag orbit odd
  L3-{4,3,3}-1 -> L3-{4,3,3}-6  [even]  lambda = 4/3  det sign +1  image flag orbit odd
  L3-{4,3,3}-1 -> L3-{4,3,3}-6  [odd]  lambda = 4/3  det sign +1  image flag orbit odd
  L3-{5,3,3}-8 -> L3-{5,3,3}-3  [even]  lambda = -5/2*E(5)-13/2*E(5)^2-13/2*E(5)^3-5/2*E(5)^4  det sign +1  image flag orbit odd
  L3-{5,3,3}-8 -> L3-{5,3,3}-3  [odd]  lambda = -5/2*E(5)-13/2*E(5)^2-13/2*E(5)^3-5/2*E(5)^4  det sign +1  image flag orbit odd
  L3-{5,3,3}-3 -> L3-{5,3,3}-8  [even]  lambda = -26*E(5)-10*E(5)^2-10*E(5)^3-26*E(5)^4  det sign +1  image flag orbit odd
  L3-{5,3,3}-3 -> L3-{5,3,3}-8  [odd]  lambda = -26*E(5)-10*E(5)^2-10*E(5)^3-26*E(5)^4  det sign +1  image flag orbit odd
  L3-{5,3,5/2}-4 -> L3-{5,3,5/2}-1  [even]  lambda = -4/3*E(40)^7-8/3*E(40)^8+4/3*E(40)^13-14/3*E(40)^16+8/3*E(40)^21-4/3*E(40)^23-14/3*E(40)^24+8/3*E(40)^29-8/3*E(40)^31-8/3*E(40)^32+4/3*E(40)^37-8/3*E(40)^39  det sign +1  image flag orbit odd
  L3-{5,3,5/2}-4 -> L3-{5,3,5/2}-1  [odd]  lambda = -4/3*E(40)^7-8/3*E(40)^8+4/3*E(40)^13-14/3*E(40)^16+8/3*E(40)^21-4/3*E(40)^23-14/3*E(40)^24+8/3*E(40)^29-8/3*E(40)^31-8/3*E(40)^32+4/3*E(40)^37-8/3*E(40)^39  det sign +1  image flag orbit odd
  L3-{5,3,5/2}-3 -> L3-{5,3,5/2}-2  [even]  lambda = 4/3*E(40)^7-8/3*E(40)^8-4/3*E(40)^13-14/3*E(40)^16-8/3*E(40)^21+4/3*E(40)^23-14/3*E(40)^24-8/3*E(40)^29+8/3*E(40)^31-8/3*E(40)^32-4/3*E(40)^37+8/3*E(40)^39  det sign +1  image flag orbit odd
  L3-{5,3,5/2}-3 -> L3-{5,3,5/2}-2  [odd]  lambda = 4/3*E(40)^7-8/3*E(40)^8-4/3*E(40)^13-14/3*E(40)^16-8/3*E(40)^21+4/3*E(40)^23-14/3*E(40)^24-8/3*E(40)^29+8/3*E(40)^31-8/3*E(40)^32-4/3*E(40)^37+8/3*E(40)^39  det sign +1  image flag orbit odd
  L3-{5,3,5/2}-2 -> L3-{5,3,5/2}-3  [even]  lambda = -1/3*E(40)^7-5/6*E(40)^8+1/3*E(40)^13-2/3*E(40)^16+1/3*E(40)^21-1/3*E(40)^23-2/3*E(40)^24+1/3*E(40)^29-1/3*E(40)^31-5/6*E(40)^32+1/3*E(40)^37-1/3*E(40)^39  det sign +1  image flag orbit odd
  L3-{5,3,5/2}-2 -> L3-{5,3,5/2}-3  [odd]  lambda = -1/3*E(40)^7-5/6*E(40)^8+1/3*E(40)^13-2/3*E(40)^16+1/3*E(40)^21-1/3*E(40)^23-2/3*E(40)^24+1/3*E(40)^29-1/3*E(40)^31-5/6*E(40)^32+1/3*E(40)^37-1/3*E(40)^39  det sign +1  image flag orbit odd
  L3-{5,3,5/2}-1 -> L3-{5,3,5/2}-4  [even]  lambda = 1/3*E(40)^7-5/6*E(40)^8-1/3*E(40)^13-2/3*E(40)^16-1/3*E(40)^21+1/3*E(40)^23-2/3*E(40)^24-1/3*E(40)^29+1/3*E(40)^31-5/6*E(40)^32-1/3*E(40)^37+1/3*E(40)^39  det sign +1  image flag orbit odd
  L3-{5,3,5/2}-1 -> L3-{5,3,5/2}-4  [odd]  lambda = 1/3*E(40)^7-5/6*E(40)^8-1/3*E(40)^13-2/3*E(40)^16-1/3*E(40)^21+1/3*E(40)^23-2/3*E(40)^24-1/3*E(40)^29+1/3*E(40)^31-5/6*E(40)^32-1/3*E(40)^37+1/3*E(40)^39  det sign +1  image flag orbit odd
  L3-{5,3,5/2}-8 -> L3-{5,3,5/2}-5  [even]  lambda = -2/3*E(40)^7-4/3*E(40)^8+2/3*E(40)^13-5/3*E(40)^16+2/3*E(40)^21-2/3*E(40)^23-5/3*E(40)^24+2/3*E(40)^29-2/3*E(40)^31-4/3*E(40)^32+2/3*E(40)^37-2/3*E(40)^39  det sign +1  image flag orbit odd
  L3-{5,3,5/2}-8 -> L3-{5,3,5/2}-5  [odd]  lambda = -2/3*E(40)^7-4/3*E(40)^8+2/3*E(40)^13-5/3*E(40)^16+2/3*E(40)^21-2/3*E(40)^23-5/3*E(40)^24+2/3*E(40)^29-2/3*E(40)^31-4/3*E(40)^32+2/3*E(40)^37-2/3*E(40)^39  det sign +1  image flag orbit odd
  L3-{5,3,5/2}-7 -> L3-{5,3,5/2}-6  [even]  lambda = 2/3*E(40)^7-4/3*E(40)^8-2/3*E(40)^13-5/3*E(40)^16-2/3*E(40)^21+2/3*E(40)^23-5/3*E(40)^24-2/3*E(40)^29+2/3*E(40)^31-4/3*E(40)^32-2/3*E(40)^37+2/3*E(40)^39  det sign +1  image flag orbit odd
  L3-{5,3,5/2}-7 -> L3-{5,3,5/2}-6  [odd]  lambda = 2/3*E(40)^7-4/3*E(40)^8-2/3*E(40)^13-5/3*E(40)^16-2/3*E(40)^21+2/3*E(40)^23-5/3*E(40)^24-2/3*E(40)^29+2/3*E(40)^31-4/3*E(40)^32-2/3*E(40)^37+2/3*E(40)^39  det sign +1  image flag orbit odd
  L3-{5,3,5/2}-6 -> L3-{5,3,5/2}-7  [even]  lambda = -4/3*E(40)^7-7/3*E(40)^8+4/3*E(40)^13-4/3*E(40)^16+2/3*E(40)^21-4/3*E(40)^23-4/3*E(40)^24+2/3*E(40)^29-2/3*E(40)^31-7/3*E(40)^32+4/3*E(40)^37-2/3*E(40)^39  det sign +1  image flag orbit odd
  L3-{5,3,5/2}-6 -> L3-{5,3,5/2}-7  [odd]  lambda = -4/3*E(40)^7-7/3*E(40)^8+4/3*E(40)^13-4/3*E(40)^16+2/3*E(40)^21-4/3*E(40)^23-4/3*E(40)^24+2/3*E(40)^29-2/3*E(40)^31-7/3*E(40)^32+4/3*E(40)^37-2/3*E(40)^39  det sign +1  image flag orbit odd
  L3-{5,3,5/2}-5 -> L3-{5,3,5/2}-8  [even]  lambda = 4/3*E(40)^7-7/3*E(40)^8-4/3*E(40)^13-4/3*E(40)^16-2/3*E(40)^21+4/3*E(40)^23-4/3*E(40)^24-2/3*E(40)^29+2/3*E(40)^31-7/3*E(40)^32-4/3*E(40)^37+2/3*E(40)^39  det sign +1  image flag orbit odd
  L3-{5,3,5/2}-5 -> L3-{5,3,5/2}-8  [odd]  lambda = 4/3*E(40)^7-7/3*E(40)^8-4/3*E(40)^13-4/3*E(40)^16-2/3*E(40)^21+4/3*E(40)^23-4/3*E(40)^24-2/3*E(40)^29+2/3*E(40)^31-7/3*E(40)^32-4/3*E(40)^37+2/3*E(40)^39  det sign +1  image flag orbit odd
  L3-{5,3,5/2}-12 -> L3-{5,3,5/2}-9  [even]  lambda = 5/6  det sign +1  image flag orbit odd
  L3-{5,3,5/2}-12 -> L3-{5,3,5/2}-9  [odd]  lambda = 5/6  det sign +1  image flag orbit odd
  L3-{5,3,5/2}-11 -> L3-{5,3,5/2}-10  [even]  lambda = 3/2  det sign +1  image flag orbit odd
  L3-{5,3,5/2}-11 -> L3-{5,3,5/2}-10  [odd]  lambda = 3/2  det sign +1  image flag orbit odd
  L3-{5,3,5/2}-10 -> L3-{5,3,5/2}-11  [even]  lambda = 2/3  det sign +1  image flag orbit odd
  L3-{5,3,5/2}-10 -> L3-{5,3,5/2}-11  [odd]  lambda = 2/3  det sign +1  image flag orbit odd
  L3-{5,3,5/2}-9 -> L3-{5,3,5/2}-12  [even]  lambda = 6/5  det sign +1  image flag orbit odd
  L3-{5,3,5/2}-9 -> L3-{5,3,5/2}-12  [odd]  lambda = 6/5  det sign +1  image flag orbit odd
  L3-{5,3,5/2}-14 -> L3-{5,3,5/2}-13  [even]  lambda = -3/8*E(5)-3/4*E(5)^2-3/4*E(5)^3-3/8*E(5)^4  det sign +1  image flag orbit odd
  L3-{5,3,5/2}-14 -> L3-{5,3,5/2}-13  [odd]  lambda = -3/8*E(5)-3/4*E(5)^2-3/4*E(5)^3-3/8*E(5)^4  det sign +1  image flag orbit odd
  L3-{5,3,5/2}-13 -> L3-{5,3,5/2}-14  [even]  lambda = -16/3*E(5)-8/3*E(5)^2-8/3*E(5)^3-16/3*E(5)^4  det sign +1  image flag orbit odd
  L3-{5,3,5/2}-13 -> L3-{5,3,5/2}-14  [odd]  lambda = -16/3*E(5)-8/3*E(5)^2-8/3*E(5)^3-16/3*E(5)^4  det sign +1  image flag orbit odd
  L3-{5,3,5/2}-16 -> L3-{5,3,5/2}-15  [even]  lambda = -3*E(5)-15/2*E(5)^2-15/2*E(5)^3-3*E(5)^4  det sign +1  image flag orbit odd
  L3-{5,3,5/2}-16 -> L3-{5,3,5/2}-15  [odd]  lambda = -3*E(5)-15/2*E(5)^2-15/2*E(5)^3-3*E(5)^4  det sign +1  image flag orbit odd
  L3-{5,3,5/2}-15 -> L3-{5,3,5/2}-16  [even]  lambda = -10/3*E(5)-4/3*E(5)^2-4/3*E(5)^3-10/3*E(5)^4  det sign +1  image flag orbit odd
  L3-{5,3,5/2}-15 -> L3-{5,3,5/2}-16  [odd]  lambda = -10/3*E(5)-4/3*E(5)^2-4/3*E(5)^3-10/3*E(5)^4  det sign +1  image flag orbit odd
  L3-{3,3,5/2}-4 -> L3-{3,3,5/2}-1  [even]  lambda = 1/2  det sign +1  image flag orbit odd
  L3-{3,3,5/2}-4 -> L3-{3,3,5/2}-1  [odd]  lambda = 1/2  det sign +1  image flag orbit odd
  L3-{3,3,5/2}-1 -> L3-{3,3,5/2}-4  [even]  lambda = 2  det sign +1  image flag orbit odd
  L3-{3,3,5/2}-1 -> L3-{3,3,5/2}-4  [odd]  lambda = 2  det sign +1  image flag orbit odd

Self-symmetry test (a = b): does some similarity map the base flag to its 2-adjacent flag?
  L3-{4,3,3}-1: odd candidate passes = true, hits the 2-adjacent flag = false  (exhaustive self-similarities: 192 = |Gamma| 192? true)  => geometrically chiral: true
  L3-{4,3,3}-2: odd candidate passes = true, hits the 2-adjacent flag = false  (exhaustive self-similarities: 192 = |Gamma| 192? true)  => geometrically chiral: true
  L3-{4,3,3}-3: odd candidate passes = true, hits the 2-adjacent flag = false  (exhaustive self-similarities: 192 = |Gamma| 192? true)  => geometrically chiral: true
  L3-{4,3,3}-6: odd candidate passes = true, hits the 2-adjacent flag = false  (exhaustive self-similarities: 192 = |Gamma| 192? true)  => geometrically chiral: true
  L3-{5,3,3}-3: odd candidate passes = true, hits the 2-adjacent flag = false  (exhaustive self-similarities: 7200 = |Gamma| 7200? true)  => geometrically chiral: true
  L3-{5,3,3}-8: odd candidate passes = true, hits the 2-adjacent flag = false  (exhaustive self-similarities: 7200 = |Gamma| 7200? true)  => geometrically chiral: true
  L3-{5,3,5/2}-1: odd candidate passes = true, hits the 2-adjacent flag = false  (exhaustive self-similarities: 2880 = |Gamma| 2880? true)  => geometrically chiral: true
  L3-{5,3,5/2}-2: odd candidate passes = true, hits the 2-adjacent flag = false  (exhaustive self-similarities: 2880 = |Gamma| 2880? true)  => geometrically chiral: true
  L3-{5,3,5/2}-3: odd candidate passes = true, hits the 2-adjacent flag = false  (exhaustive self-similarities: 2880 = |Gamma| 2880? true)  => geometrically chiral: true
  L3-{5,3,5/2}-4: odd candidate passes = true, hits the 2-adjacent flag = false  (exhaustive self-similarities: 2880 = |Gamma| 2880? true)  => geometrically chiral: true
  L3-{5,3,5/2}-5: odd candidate passes = true, hits the 2-adjacent flag = false  (exhaustive self-similarities: 1152 = |Gamma| 1152? true)  => geometrically chiral: true
  L3-{5,3,5/2}-6: odd candidate passes = true, hits the 2-adjacent flag = false  (exhaustive self-similarities: 1152 = |Gamma| 1152? true)  => geometrically chiral: true
  L3-{5,3,5/2}-7: odd candidate passes = true, hits the 2-adjacent flag = false  (exhaustive self-similarities: 1152 = |Gamma| 1152? true)  => geometrically chiral: true
  L3-{5,3,5/2}-8: odd candidate passes = true, hits the 2-adjacent flag = false  (exhaustive self-similarities: 1152 = |Gamma| 1152? true)  => geometrically chiral: true
  L3-{5,3,5/2}-9: odd candidate passes = true, hits the 2-adjacent flag = false  (exhaustive self-similarities: 7200 = |Gamma| 7200? true)  => geometrically chiral: true
  L3-{5,3,5/2}-10: odd candidate passes = true, hits the 2-adjacent flag = false  (exhaustive self-similarities: 7200 = |Gamma| 7200? true)  => geometrically chiral: true
  L3-{5,3,5/2}-11: odd candidate passes = true, hits the 2-adjacent flag = false  (exhaustive self-similarities: 7200 = |Gamma| 7200? true)  => geometrically chiral: true
  L3-{5,3,5/2}-12: odd candidate passes = true, hits the 2-adjacent flag = false  (exhaustive self-similarities: 7200 = |Gamma| 7200? true)  => geometrically chiral: true
  L3-{5,3,5/2}-13: odd candidate passes = true, hits the 2-adjacent flag = false  (exhaustive self-similarities: 7200 = |Gamma| 7200? true)  => geometrically chiral: true
  L3-{5,3,5/2}-14: odd candidate passes = true, hits the 2-adjacent flag = false  (exhaustive self-similarities: 7200 = |Gamma| 7200? true)  => geometrically chiral: true
  L3-{5,3,5/2}-15: odd candidate passes = true, hits the 2-adjacent flag = false  (exhaustive self-similarities: 7200 = |Gamma| 7200? true)  => geometrically chiral: true
  L3-{5,3,5/2}-16: odd candidate passes = true, hits the 2-adjacent flag = false  (exhaustive self-similarities: 7200 = |Gamma| 7200? true)  => geometrically chiral: true
  L3-{3,3,5/2}-1: odd candidate passes = true, hits the 2-adjacent flag = false  (exhaustive self-similarities: 7200 = |Gamma| 7200? true)  => geometrically chiral: true
  L3-{3,3,5/2}-4: odd candidate passes = true, hits the 2-adjacent flag = false  (exhaustive self-similarities: 7200 = |Gamma| 7200? true)  => geometrically chiral: true
Realisations whose full similarity group is larger than Gamma: 0

Pairs with equal f-vector: 128;  with different f-vector (inequivalent): 448
Pairs (a<>b) with equal f-vector and NO similarity (exhaustively proved): 80
Pairs (a<>b) similar: 24;  of these congruent (lambda=1): 0
Improper similarities found anywhere: 0

Self-check failures: 0
total time [t=161s]
Done: method1-flag-search.g
