=== method2-canonical.sage ===
Sage version: SageMath version 10.7, Release Date: 2025-08-09
DATA  = /Users/daniel/github/skeletal-polytopes/research/petcox-facet-extensions/audits/fable-ultra-equivalence/build/producer/research/petcox-facet-extensions/logs/alpha-survivors.g
LOGDIR= /Users/daniel/github/skeletal-polytopes/research/petcox-facet-extensions/audits/fable-ultra-equivalence/logs
sha256(DATA) = aa5837dd5bb232567847c752cf41612871ffafb86f32be20bcc02eba981e3c56

### 1. parsing
  [ok]   data file has 24 'Add(PX.Saved' lines (found 24)
  [ok]   regex parsed all 24 records (parsed 24)
  L3-{4,3,3}-1       T={4,3,3}    alpha=1/2
  L3-{4,3,3}-2       T={4,3,3}    alpha=2
  L3-{4,3,3}-3       T={4,3,3}    alpha=infinity
  L3-{4,3,3}-6       T={4,3,3}    alpha=0
  L3-{5,3,3}-3       T={5,3,3}    alpha=2*E(40)^7-3*E(40)^8-2*E(40)^13-E(40)^16-E(40)^21+2*E(40)^23-E(40)^24-E(40)^29+E(40)^31-3*E(40)^32-2*E(40)^37+E(40)^39
  L3-{5,3,3}-8       T={5,3,3}    alpha=0
  L3-{5,3,5/2}-1     T={5,3,5/2}  alpha=2/3*E(40)^7-1/3*E(40)^8-2/3*E(40)^13-2/3*E(40)^16-2/3*E(40)^21+2/3*E(40)^23-2/3*E(40)^24-2/3*E(40)^29+2/3*E(40)^31-1/3*E(40)^32-2/3*E(40)^37+2/3*E(40)^39
  L3-{5,3,5/2}-2     T={5,3,5/2}  alpha=-2/3*E(40)^7-1/3*E(40)^8+2/3*E(40)^13-2/3*E(40)^16+2/3*E(40)^21-2/3*E(40)^23-2/3*E(40)^24+2/3*E(40)^29-2/3*E(40)^31-1/3*E(40)^32+2/3*E(40)^37-2/3*E(40)^39
  L3-{5,3,5/2}-3     T={5,3,5/2}  alpha=-E(40)^7+E(40)^13-E(40)^16+E(40)^21-E(40)^23-E(40)^24+E(40)^29-E(40)^31+E(40)^37-E(40)^39
  L3-{5,3,5/2}-4     T={5,3,5/2}  alpha=E(40)^7-E(40)^13-E(40)^16-E(40)^21+E(40)^23-E(40)^24-E(40)^29+E(40)^31-E(40)^37+E(40)^39
  L3-{5,3,5/2}-5     T={5,3,5/2}  alpha=-E(40)^7+E(40)^8+E(40)^13-E(40)^23+E(40)^32+E(40)^37
  L3-{5,3,5/2}-6     T={5,3,5/2}  alpha=E(40)^7+E(40)^8-E(40)^13+E(40)^23+E(40)^32-E(40)^37
  L3-{5,3,5/2}-7     T={5,3,5/2}  alpha=-E(40)^8-2*E(40)^16+E(40)^21-2*E(40)^24+E(40)^29-E(40)^31-E(40)^32-E(40)^39
  L3-{5,3,5/2}-8     T={5,3,5/2}  alpha=-E(40)^8-2*E(40)^16-E(40)^21-2*E(40)^24-E(40)^29+E(40)^31-E(40)^32+E(40)^39
  L3-{5,3,5/2}-9     T={5,3,5/2}  alpha=1
  L3-{5,3,5/2}-10    T={5,3,5/2}  alpha=-1
  L3-{5,3,5/2}-11    T={5,3,5/2}  alpha=E(5)+E(5)^4
  L3-{5,3,5/2}-12    T={5,3,5/2}  alpha=E(5)+4*E(5)^2+4*E(5)^3+E(5)^4
  L3-{5,3,5/2}-13    T={5,3,5/2}  alpha=2
  L3-{5,3,5/2}-14    T={5,3,5/2}  alpha=-E(5)-2*E(5)^2-2*E(5)^3-E(5)^4
  L3-{5,3,5/2}-15    T={5,3,5/2}  alpha=-5*E(5)-2*E(5)^2-2*E(5)^3-5*E(5)^4
  L3-{5,3,5/2}-16    T={5,3,5/2}  alpha=0
  L3-{3,3,5/2}-1     T={3,3,5/2}  alpha=1
  L3-{3,3,5/2}-4     T={3,3,5/2}  alpha=-E(40)^7+E(40)^13+2*E(40)^16+2*E(40)^21-E(40)^23+2*E(40)^24+2*E(40)^29-2*E(40)^31+E(40)^37-2*E(40)^39
  [ok]   row {4,3,3}: all 4 records share S1, S2
  [ok]   row {5,3,3}: all 2 records share S1, S2
  [ok]   row {5,3,5/2}: all 16 records share S1, S2
  [ok]   row {3,3,5/2}: all 2 records share S1, S2

### 2. reconstruction

--- reconstructing L3-{4,3,3}-1  (T={4,3,3}, alpha=1/2)  [0.4s]
  [ok]   S1 is exactly orthogonal (S1*S1^T = I)
  [ok]   det S1 = 1 in {+1,-1}
  [ok]   S2 is exactly orthogonal (S2*S2^T = I)
  [ok]   det S2 = 1 in {+1,-1}
  [ok]   X is exactly orthogonal (X*X^T = I)
  [ok]   det X = 1 in {+1,-1}
  generator determinants (S1,S2,X) = [1, 1, 1] ; Gamma contains improper elements: False
  [ok]   all matrix and vector entries are real (conj-invariant)
  [ok]   S1^-1 computed exactly
  [ok]   base edge {w, w*S1^-1} has two distinct vertices
  [ok]   w*S1^p = w  (p = Order(S1) = 8)
  [ok]   the p = 8 vertices w*S1^k are pairwise distinct
  [ok]   base face has p = 8 distinct edges
  [ok]   all edges of the base face belong to the edge orbit
  [ok]   f-vector (16, 32, 12, 4) equals expected (16, 32, 12, 4)
  base face is a 8-gon; base cell has 6 faces; vertex degree 4
  vertex-transitivity: the vertex set is by construction the Gamma-orbit of w (BFS closure), so Gamma is transitive on vertices; the edge/face/cell sets are Gamma-orbits, so Gamma preserves them.
  [ok]   vertex sum is exactly zero (centroid at origin)
  [ok]   all vertices have the same exact norm w.w = 3
  [ok]   vertex set spans a 4-dimensional space (rank 4 over K, hence over R)
  [ok]   |Gamma| = 192 is one of 192, 7200, 2880, 1152
  [ok]   Gram[0][0] = w.w
  Gram matrix: 16 x 16, 5 distinct exact inner-product values  (0.0s)
  inner products with w (value ~ float, exact, multiplicity):
       3.00000000   3                                                            x1
       1.50000000   3/2                                                          x4
       0.00000000   0                                                            x6
      -1.50000000   -3/2                                                         x4
      -3.00000000   -3                                                           x1

--- reconstructing L3-{4,3,3}-2  (T={4,3,3}, alpha=2)  [1.1s]
  [ok]   S1 is exactly orthogonal (S1*S1^T = I)
  [ok]   det S1 = 1 in {+1,-1}
  [ok]   S2 is exactly orthogonal (S2*S2^T = I)
  [ok]   det S2 = 1 in {+1,-1}
  [ok]   X is exactly orthogonal (X*X^T = I)
  [ok]   det X = 1 in {+1,-1}
  generator determinants (S1,S2,X) = [1, 1, 1] ; Gamma contains improper elements: False
  [ok]   all matrix and vector entries are real (conj-invariant)
  [ok]   S1^-1 computed exactly
  [ok]   base edge {w, w*S1^-1} has two distinct vertices
  [ok]   w*S1^p = w  (p = Order(S1) = 8)
  [ok]   the p = 8 vertices w*S1^k are pairwise distinct
  [ok]   base face has p = 8 distinct edges
  [ok]   all edges of the base face belong to the edge orbit
  [ok]   f-vector (16, 32, 12, 4) equals expected (16, 32, 12, 4)
  base face is a 8-gon; base cell has 6 faces; vertex degree 4
  vertex-transitivity: the vertex set is by construction the Gamma-orbit of w (BFS closure), so Gamma is transitive on vertices; the edge/face/cell sets are Gamma-orbits, so Gamma preserves them.
  [ok]   vertex sum is exactly zero (centroid at origin)
  [ok]   all vertices have the same exact norm w.w = 3/4
  [ok]   vertex set spans a 4-dimensional space (rank 4 over K, hence over R)
  [ok]   |Gamma| = 192 is one of 192, 7200, 2880, 1152
  [ok]   Gram[0][0] = w.w
  Gram matrix: 16 x 16, 5 distinct exact inner-product values  (0.0s)
  inner products with w (value ~ float, exact, multiplicity):
       0.75000000   3/4                                                          x1
       0.37500000   3/8                                                          x4
       0.00000000   0                                                            x6
      -0.37500000   -3/8                                                         x4
      -0.75000000   -3/4                                                         x1

--- reconstructing L3-{4,3,3}-3  (T={4,3,3}, alpha=infinity)  [1.1s]
  [ok]   S1 is exactly orthogonal (S1*S1^T = I)
  [ok]   det S1 = 1 in {+1,-1}
  [ok]   S2 is exactly orthogonal (S2*S2^T = I)
  [ok]   det S2 = 1 in {+1,-1}
  [ok]   X is exactly orthogonal (X*X^T = I)
  [ok]   det X = 1 in {+1,-1}
  generator determinants (S1,S2,X) = [1, 1, 1] ; Gamma contains improper elements: False
  [ok]   all matrix and vector entries are real (conj-invariant)
  [ok]   S1^-1 computed exactly
  [ok]   base edge {w, w*S1^-1} has two distinct vertices
  [ok]   w*S1^p = w  (p = Order(S1) = 8)
  [ok]   the p = 8 vertices w*S1^k are pairwise distinct
  [ok]   base face has p = 8 distinct edges
  [ok]   all edges of the base face belong to the edge orbit
  [ok]   f-vector (16, 32, 12, 4) equals expected (16, 32, 12, 4)
  base face is a 8-gon; base cell has 6 faces; vertex degree 4
  vertex-transitivity: the vertex set is by construction the Gamma-orbit of w (BFS closure), so Gamma is transitive on vertices; the edge/face/cell sets are Gamma-orbits, so Gamma preserves them.
  [ok]   vertex sum is exactly zero (centroid at origin)
  [ok]   all vertices have the same exact norm w.w = 1
  [ok]   vertex set spans a 4-dimensional space (rank 4 over K, hence over R)
  [ok]   |Gamma| = 192 is one of 192, 7200, 2880, 1152
  [ok]   Gram[0][0] = w.w
  Gram matrix: 16 x 16, 5 distinct exact inner-product values  (0.0s)
  inner products with w (value ~ float, exact, multiplicity):
       1.00000000   1                                                            x1
       0.50000000   1/2                                                          x4
       0.00000000   0                                                            x6
      -0.50000000   -1/2                                                         x4
      -1.00000000   -1                                                           x1

--- reconstructing L3-{4,3,3}-6  (T={4,3,3}, alpha=0)  [1.2s]
  [ok]   S1 is exactly orthogonal (S1*S1^T = I)
  [ok]   det S1 = 1 in {+1,-1}
  [ok]   S2 is exactly orthogonal (S2*S2^T = I)
  [ok]   det S2 = 1 in {+1,-1}
  [ok]   X is exactly orthogonal (X*X^T = I)
  [ok]   det X = 1 in {+1,-1}
  generator determinants (S1,S2,X) = [1, 1, 1] ; Gamma contains improper elements: False
  [ok]   all matrix and vector entries are real (conj-invariant)
  [ok]   S1^-1 computed exactly
  [ok]   base edge {w, w*S1^-1} has two distinct vertices
  [ok]   w*S1^p = w  (p = Order(S1) = 8)
  [ok]   the p = 8 vertices w*S1^k are pairwise distinct
  [ok]   base face has p = 8 distinct edges
  [ok]   all edges of the base face belong to the edge orbit
  [ok]   f-vector (16, 32, 12, 4) equals expected (16, 32, 12, 4)
  base face is a 8-gon; base cell has 6 faces; vertex degree 4
  vertex-transitivity: the vertex set is by construction the Gamma-orbit of w (BFS closure), so Gamma is transitive on vertices; the edge/face/cell sets are Gamma-orbits, so Gamma preserves them.
  [ok]   vertex sum is exactly zero (centroid at origin)
  [ok]   all vertices have the same exact norm w.w = 4
  [ok]   vertex set spans a 4-dimensional space (rank 4 over K, hence over R)
  [ok]   |Gamma| = 192 is one of 192, 7200, 2880, 1152
  [ok]   Gram[0][0] = w.w
  Gram matrix: 16 x 16, 5 distinct exact inner-product values  (0.0s)
  inner products with w (value ~ float, exact, multiplicity):
       4.00000000   4                                                            x1
       2.00000000   2                                                            x4
       0.00000000   0                                                            x6
      -2.00000000   -2                                                           x4
      -4.00000000   -4                                                           x1

--- reconstructing L3-{5,3,3}-3  (T={5,3,3}, alpha=2*E(40)^7-3*E(40)^8-2*E(40)^13-E(40)^16-E(40)^21+2*E(40)^23-E(40)^24-E(40)^29+E(40)^31-3*E(40)^32-2*E(40)^37+E(40)^39)  [1.3s]
  [ok]   S1 is exactly orthogonal (S1*S1^T = I)
  [ok]   det S1 = 1 in {+1,-1}
  [ok]   S2 is exactly orthogonal (S2*S2^T = I)
  [ok]   det S2 = 1 in {+1,-1}
  [ok]   X is exactly orthogonal (X*X^T = I)
  [ok]   det X = 1 in {+1,-1}
  generator determinants (S1,S2,X) = [1, 1, 1] ; Gamma contains improper elements: False
  [ok]   all matrix and vector entries are real (conj-invariant)
  [ok]   S1^-1 computed exactly
  [ok]   base edge {w, w*S1^-1} has two distinct vertices
  [ok]   w*S1^p = w  (p = Order(S1) = 30)
  [ok]   the p = 30 vertices w*S1^k are pairwise distinct
  [ok]   base face has p = 30 distinct edges
  [ok]   all edges of the base face belong to the edge orbit
  [ok]   f-vector (600, 1200, 120, 5) equals expected (600, 1200, 120, 5)
  base face is a 30-gon; base cell has 48 faces; vertex degree 4
  vertex-transitivity: the vertex set is by construction the Gamma-orbit of w (BFS closure), so Gamma is transitive on vertices; the edge/face/cell sets are Gamma-orbits, so Gamma preserves them.
  [ok]   vertex sum is exactly zero (centroid at origin)
  [ok]   all vertices have the same exact norm w.w = 356+220*E(40)^8-220*E(40)^12
  [ok]   vertex set spans a 4-dimensional space (rank 4 over K, hence over R)
  [ok]   |Gamma| = 7200 is one of 192, 7200, 2880, 1152
  [ok]   Gram[0][0] = w.w
  Gram matrix: 600 x 600, 31 distinct exact inner-product values  (16.1s)
  inner products with w (value ~ float, exact, multiplicity):
     491.96747752   356+220*E(40)^8-220*E(40)^12                                 x1
     474.02320561   343+212*E(40)^8-212*E(40)^12                                 x4
     444.98876376   322+199*E(40)^8-199*E(40)^12                                 x12
     398.01005000   288+178*E(40)^8-178*E(40)^12                                 x24
     368.97560814   267+165*E(40)^8-165*E(40)^12                                 x12
     351.03133623   254+157*E(40)^8-157*E(40)^12                                 x4
     321.99689438   233+144*E(40)^8-144*E(40)^12                                 x24
     275.01818062   199+123*E(40)^8-123*E(40)^12                                 x24
     245.98373876   178+110*E(40)^8-110*E(40)^12                                 x32
     199.00502500   144+89*E(40)^8-89*E(40)^12                                   x24
     169.97058314   123+76*E(40)^8-76*E(40)^12                                   x12
     152.02631123   110+68*E(40)^8-68*E(40)^12                                   x24
     122.99186938   89+55*E(40)^8-55*E(40)^12                                    x28
      76.01315562   55+34*E(40)^8-34*E(40)^12                                    x24
      46.97871376   34+21*E(40)^8-21*E(40)^12                                    x24
       0.00000000   0                                                            x54
     -46.97871376   -34-21*E(40)^8+21*E(40)^12                                   x24
     -76.01315562   -55-34*E(40)^8+34*E(40)^12                                   x24
     -122.99186938   -89-55*E(40)^8+55*E(40)^12                                   x28
     -152.02631123   -110-68*E(40)^8+68*E(40)^12                                  x24
     -169.97058314   -123-76*E(40)^8+76*E(40)^12                                  x12
     -199.00502500   -144-89*E(40)^8+89*E(40)^12                                  x24
     -245.98373876   -178-110*E(40)^8+110*E(40)^12                                x32
     -275.01818062   -199-123*E(40)^8+123*E(40)^12                                x24
     -321.99689438   -233-144*E(40)^8+144*E(40)^12                                x24
     -351.03133623   -254-157*E(40)^8+157*E(40)^12                                x4
     -368.97560814   -267-165*E(40)^8+165*E(40)^12                                x12
     -398.01005000   -288-178*E(40)^8+178*E(40)^12                                x24
     -444.98876376   -322-199*E(40)^8+199*E(40)^12                                x12
     -474.02320561   -343-212*E(40)^8+212*E(40)^12                                x4
     -491.96747752   -356-220*E(40)^8+220*E(40)^12                                x1

--- reconstructing L3-{5,3,3}-8  (T={5,3,3}, alpha=0)  [19.3s]
  [ok]   S1 is exactly orthogonal (S1*S1^T = I)
  [ok]   det S1 = 1 in {+1,-1}
  [ok]   S2 is exactly orthogonal (S2*S2^T = I)
  [ok]   det S2 = 1 in {+1,-1}
  [ok]   X is exactly orthogonal (X*X^T = I)
  [ok]   det X = 1 in {+1,-1}
  generator determinants (S1,S2,X) = [1, 1, 1] ; Gamma contains improper elements: False
  [ok]   all matrix and vector entries are real (conj-invariant)
  [ok]   S1^-1 computed exactly
  [ok]   base edge {w, w*S1^-1} has two distinct vertices
  [ok]   w*S1^p = w  (p = Order(S1) = 30)
  [ok]   the p = 30 vertices w*S1^k are pairwise distinct
  [ok]   base face has p = 30 distinct edges
  [ok]   all edges of the base face belong to the edge orbit
  [ok]   f-vector (600, 1200, 120, 5) equals expected (600, 1200, 120, 5)
  base face is a 30-gon; base cell has 48 faces; vertex degree 4
  vertex-transitivity: the vertex set is by construction the Gamma-orbit of w (BFS closure), so Gamma is transitive on vertices; the edge/face/cell sets are Gamma-orbits, so Gamma preserves them.
  [ok]   vertex sum is exactly zero (centroid at origin)
  [ok]   all vertices have the same exact norm w.w = 40+24*E(40)^8-24*E(40)^12
  [ok]   vertex set spans a 4-dimensional space (rank 4 over K, hence over R)
  [ok]   |Gamma| = 7200 is one of 192, 7200, 2880, 1152
  [ok]   Gram[0][0] = w.w
  Gram matrix: 600 x 600, 31 distinct exact inner-product values  (7.0s)
  inner products with w (value ~ float, exact, multiplicity):
      54.83281573   40+24*E(40)^8-24*E(40)^12                                    x1
      52.83281573   38+24*E(40)^8-24*E(40)^12                                    x4
      49.59674775   36+22*E(40)^8-22*E(40)^12                                    x12
      44.36067977   32+20*E(40)^8-20*E(40)^12                                    x24
      41.12461180   30+18*E(40)^8-18*E(40)^12                                    x12
      39.12461180   28+18*E(40)^8-18*E(40)^12                                    x4
      35.88854382   26+16*E(40)^8-16*E(40)^12                                    x24
      30.65247584   22+14*E(40)^8-14*E(40)^12                                    x24
      27.41640786   20+12*E(40)^8-12*E(40)^12                                    x32
      22.18033989   16+10*E(40)^8-10*E(40)^12                                    x24
      18.94427191   14+8*E(40)^8-8*E(40)^12                                      x12
      16.94427191   12+8*E(40)^8-8*E(40)^12                                      x24
      13.70820393   10+6*E(40)^8-6*E(40)^12                                      x28
       8.47213595   6+4*E(40)^8-4*E(40)^12                                       x24
       5.23606798   4+2*E(40)^8-2*E(40)^12                                       x24
       0.00000000   0                                                            x54
      -5.23606798   -4-2*E(40)^8+2*E(40)^12                                      x24
      -8.47213595   -6-4*E(40)^8+4*E(40)^12                                      x24
     -13.70820393   -10-6*E(40)^8+6*E(40)^12                                     x28
     -16.94427191   -12-8*E(40)^8+8*E(40)^12                                     x24
     -18.94427191   -14-8*E(40)^8+8*E(40)^12                                     x12
     -22.18033989   -16-10*E(40)^8+10*E(40)^12                                   x24
     -27.41640786   -20-12*E(40)^8+12*E(40)^12                                   x32
     -30.65247584   -22-14*E(40)^8+14*E(40)^12                                   x24
     -35.88854382   -26-16*E(40)^8+16*E(40)^12                                   x24
     -39.12461180   -28-18*E(40)^8+18*E(40)^12                                   x4
     -41.12461180   -30-18*E(40)^8+18*E(40)^12                                   x12
     -44.36067977   -32-20*E(40)^8+20*E(40)^12                                   x24
     -49.59674775   -36-22*E(40)^8+22*E(40)^12                                   x12
     -52.83281573   -38-24*E(40)^8+24*E(40)^12                                   x4
     -54.83281573   -40-24*E(40)^8+24*E(40)^12                                   x1

--- reconstructing L3-{5,3,5/2}-1  (T={5,3,5/2}, alpha=2/3*E(40)^7-1/3*E(40)^8-2/3*E(40)^13-2/3*E(40)^16-2/3*E(40)^21+2/3*E(40)^23-2/3*E(40)^24-2/3*E(40)^29+2/3*E(40)^31-1/3*E(40)^32-2/3*E(40)^37+2/3*E(40)^39)  [28.4s]
  [ok]   S1 is exactly orthogonal (S1*S1^T = I)
  [ok]   det S1 = 1 in {+1,-1}
  [ok]   S2 is exactly orthogonal (S2*S2^T = I)
  [ok]   det S2 = 1 in {+1,-1}
  [ok]   X is exactly orthogonal (X*X^T = I)
  [ok]   det X = 1 in {+1,-1}
  generator determinants (S1,S2,X) = [1, 1, 1] ; Gamma contains improper elements: False
  [ok]   all matrix and vector entries are real (conj-invariant)
  [ok]   S1^-1 computed exactly
  [ok]   base edge {w, w*S1^-1} has two distinct vertices
  [ok]   w*S1^p = w  (p = Order(S1) = 12)
  [ok]   the p = 12 vertices w*S1^k are pairwise distinct
  [ok]   base face has p = 12 distinct edges
  [ok]   all edges of the base face belong to the edge orbit
  [ok]   f-vector (240, 480, 120, 20) equals expected (240, 480, 120, 20)
  base face is a 12-gon; base cell has 12 faces; vertex degree 4
  vertex-transitivity: the vertex set is by construction the Gamma-orbit of w (BFS closure), so Gamma is transitive on vertices; the edge/face/cell sets are Gamma-orbits, so Gamma preserves them.
  [ok]   vertex sum is exactly zero (centroid at origin)
  [ok]   all vertices have the same exact norm w.w = 208-90*E(40)-90*E(40)^3-56*E(40)^5+90*E(40)^7+128*E(40)^8-90*E(40)^9-128*E(40)^12+146*E(40)^15
  [ok]   vertex set spans a 4-dimensional space (rank 4 over K, hence over R)
  [ok]   |Gamma| = 2880 is one of 192, 7200, 2880, 1152
  [ok]   Gram[0][0] = w.w
  Gram matrix: 240 x 240, 23 distinct exact inner-product values  (2.6s)
  inner products with w (value ~ float, exact, multiplicity):
       1.97028605   208-90*E(40)-90*E(40)^3-56*E(40)^5+90*E(40)^7+128*E(40)^8-90*E(40)^9-128*E(40)^12+146*E(40)^15 x1
       1.82372592   -191+84*E(40)+84*E(40)^3+52*E(40)^5-84*E(40)^7-118*E(40)^8+84*E(40)^9+118*E(40)^12-136*E(40)^15 x4
       1.59399490   168-73*E(40)-73*E(40)^3-45*E(40)^5+73*E(40)^7+104*E(40)^8-73*E(40)^9-104*E(40)^12+118*E(40)^15 x12
       1.55764789   -163+72*E(40)+72*E(40)^3+44*E(40)^5-72*E(40)^7-101*E(40)^8+72*E(40)^9+101*E(40)^12-116*E(40)^15 x4
       1.39320263   -146+64*E(40)+64*E(40)^3+40*E(40)^5-64*E(40)^7-90*E(40)^8+64*E(40)^9+90*E(40)^12-104*E(40)^15 x6
       1.12712460   -118+52*E(40)+52*E(40)^3+32*E(40)^5-52*E(40)^7-73*E(40)^8+52*E(40)^9+73*E(40)^12-84*E(40)^15 x12
       0.98514303   104-45*E(40)-45*E(40)^3-28*E(40)^5+45*E(40)^7+64*E(40)^8-45*E(40)^9-64*E(40)^12+73*E(40)^15 x20
       0.69660131   -73+32*E(40)+32*E(40)^3+20*E(40)^5-32*E(40)^7-45*E(40)^8+32*E(40)^9+45*E(40)^12-52*E(40)^15 x12
       0.60885187   64-28*E(40)-28*E(40)^3-17*E(40)^5+28*E(40)^7+40*E(40)^8-28*E(40)^9-40*E(40)^12+45*E(40)^15 x12
       0.43052329   -45+20*E(40)+20*E(40)^3+12*E(40)^5-20*E(40)^7-28*E(40)^8+20*E(40)^9+28*E(40)^12-32*E(40)^15 x12
       0.26607803   -28+12*E(40)+12*E(40)^3+8*E(40)^5-12*E(40)^7-17*E(40)^8+12*E(40)^9+17*E(40)^12-20*E(40)^15 x4
       0.00000000   0                                                            x42
      -0.26607803   28-12*E(40)-12*E(40)^3-8*E(40)^5+12*E(40)^7+17*E(40)^8-12*E(40)^9-17*E(40)^12+20*E(40)^15 x4
      -0.43052329   45-20*E(40)-20*E(40)^3-12*E(40)^5+20*E(40)^7+28*E(40)^8-20*E(40)^9-28*E(40)^12+32*E(40)^15 x12
      -0.60885187   -64+28*E(40)+28*E(40)^3+17*E(40)^5-28*E(40)^7-40*E(40)^8+28*E(40)^9+40*E(40)^12-45*E(40)^15 x12
      -0.69660131   73-32*E(40)-32*E(40)^3-20*E(40)^5+32*E(40)^7+45*E(40)^8-32*E(40)^9-45*E(40)^12+52*E(40)^15 x12
      -0.98514303   -104+45*E(40)+45*E(40)^3+28*E(40)^5-45*E(40)^7-64*E(40)^8+45*E(40)^9+64*E(40)^12-73*E(40)^15 x20
      -1.12712460   118-52*E(40)-52*E(40)^3-32*E(40)^5+52*E(40)^7+73*E(40)^8-52*E(40)^9-73*E(40)^12+84*E(40)^15 x12
      -1.39320263   146-64*E(40)-64*E(40)^3-40*E(40)^5+64*E(40)^7+90*E(40)^8-64*E(40)^9-90*E(40)^12+104*E(40)^15 x6
      -1.55764789   163-72*E(40)-72*E(40)^3-44*E(40)^5+72*E(40)^7+101*E(40)^8-72*E(40)^9-101*E(40)^12+116*E(40)^15 x4
      -1.59399490   -168+73*E(40)+73*E(40)^3+45*E(40)^5-73*E(40)^7-104*E(40)^8+73*E(40)^9+104*E(40)^12-118*E(40)^15 x12
      -1.82372592   191-84*E(40)-84*E(40)^3-52*E(40)^5+84*E(40)^7+118*E(40)^8-84*E(40)^9-118*E(40)^12+136*E(40)^15 x4
      -1.97028605   -208+90*E(40)+90*E(40)^3+56*E(40)^5-90*E(40)^7-128*E(40)^8+90*E(40)^9+128*E(40)^12-146*E(40)^15 x1

--- reconstructing L3-{5,3,5/2}-2  (T={5,3,5/2}, alpha=-2/3*E(40)^7-1/3*E(40)^8+2/3*E(40)^13-2/3*E(40)^16+2/3*E(40)^21-2/3*E(40)^23-2/3*E(40)^24+2/3*E(40)^29-2/3*E(40)^31-1/3*E(40)^32+2/3*E(40)^37-2/3*E(40)^39)  [32.0s]
  [ok]   S1 is exactly orthogonal (S1*S1^T = I)
  [ok]   det S1 = 1 in {+1,-1}
  [ok]   S2 is exactly orthogonal (S2*S2^T = I)
  [ok]   det S2 = 1 in {+1,-1}
  [ok]   X is exactly orthogonal (X*X^T = I)
  [ok]   det X = 1 in {+1,-1}
  generator determinants (S1,S2,X) = [1, 1, 1] ; Gamma contains improper elements: False
  [ok]   all matrix and vector entries are real (conj-invariant)
  [ok]   S1^-1 computed exactly
  [ok]   base edge {w, w*S1^-1} has two distinct vertices
  [ok]   w*S1^p = w  (p = Order(S1) = 12)
  [ok]   the p = 12 vertices w*S1^k are pairwise distinct
  [ok]   base face has p = 12 distinct edges
  [ok]   all edges of the base face belong to the edge orbit
  [ok]   f-vector (240, 480, 120, 20) equals expected (240, 480, 120, 20)
  base face is a 12-gon; base cell has 12 faces; vertex degree 4
  vertex-transitivity: the vertex set is by construction the Gamma-orbit of w (BFS closure), so Gamma is transitive on vertices; the edge/face/cell sets are Gamma-orbits, so Gamma preserves them.
  [ok]   vertex sum is exactly zero (centroid at origin)
  [ok]   all vertices have the same exact norm w.w = 208+90*E(40)+90*E(40)^3+56*E(40)^5-90*E(40)^7+128*E(40)^8+90*E(40)^9-128*E(40)^12-146*E(40)^15
  [ok]   vertex set spans a 4-dimensional space (rank 4 over K, hence over R)
  [ok]   |Gamma| = 2880 is one of 192, 7200, 2880, 1152
  [ok]   Gram[0][0] = w.w
  Gram matrix: 240 x 240, 23 distinct exact inner-product values  (1.4s)
  inner products with w (value ~ float, exact, multiplicity):
     572.24641507   208+90*E(40)+90*E(40)^3+56*E(40)^5-90*E(40)^7+128*E(40)^8+90*E(40)^9-128*E(40)^12-146*E(40)^15 x1
     529.67974726   191+84*E(40)+84*E(40)^3+52*E(40)^5-84*E(40)^7+118*E(40)^8+84*E(40)^9-118*E(40)^12-136*E(40)^15 x4
     462.95707476   168+73*E(40)+73*E(40)^3+45*E(40)^5-73*E(40)^7+104*E(40)^8+73*E(40)^9-104*E(40)^12-118*E(40)^15 x12
     452.40051362   163+72*E(40)+72*E(40)^3+44*E(40)^5-72*E(40)^7+101*E(40)^8+72*E(40)^9-101*E(40)^12-116*E(40)^15 x4
     404.63932060   146+64*E(40)+64*E(40)^3+40*E(40)^5-64*E(40)^7+90*E(40)^8+64*E(40)^9-90*E(40)^12-104*E(40)^15 x6
     327.36008696   118+52*E(40)+52*E(40)^3+32*E(40)^5-52*E(40)^7+73*E(40)^8+52*E(40)^9-73*E(40)^12-84*E(40)^15 x12
     286.12320753   104+45*E(40)+45*E(40)^3+28*E(40)^5-45*E(40)^7+64*E(40)^8+45*E(40)^9-64*E(40)^12-73*E(40)^15 x20
     202.31966030   73+32*E(40)+32*E(40)^3+20*E(40)^5-32*E(40)^7+45*E(40)^8+32*E(40)^9-45*E(40)^12-52*E(40)^15 x12
     176.83386723   64+28*E(40)+28*E(40)^3+17*E(40)^5-28*E(40)^7+40*E(40)^8+28*E(40)^9-40*E(40)^12-45*E(40)^15 x12
     125.04042666   45+20*E(40)+20*E(40)^3+12*E(40)^5-20*E(40)^7+28*E(40)^8+20*E(40)^9-28*E(40)^12-32*E(40)^15 x12
      77.27923364   28+12*E(40)+12*E(40)^3+8*E(40)^5-12*E(40)^7+17*E(40)^8+12*E(40)^9-17*E(40)^12-20*E(40)^15 x4
       0.00000000   0                                                            x42
     -77.27923364   -28-12*E(40)-12*E(40)^3-8*E(40)^5+12*E(40)^7-17*E(40)^8-12*E(40)^9+17*E(40)^12+20*E(40)^15 x4
     -125.04042666   -45-20*E(40)-20*E(40)^3-12*E(40)^5+20*E(40)^7-28*E(40)^8-20*E(40)^9+28*E(40)^12+32*E(40)^15 x12
     -176.83386723   -64-28*E(40)-28*E(40)^3-17*E(40)^5+28*E(40)^7-40*E(40)^8-28*E(40)^9+40*E(40)^12+45*E(40)^15 x12
     -202.31966030   -73-32*E(40)-32*E(40)^3-20*E(40)^5+32*E(40)^7-45*E(40)^8-32*E(40)^9+45*E(40)^12+52*E(40)^15 x12
     -286.12320753   -104-45*E(40)-45*E(40)^3-28*E(40)^5+45*E(40)^7-64*E(40)^8-45*E(40)^9+64*E(40)^12+73*E(40)^15 x20
     -327.36008696   -118-52*E(40)-52*E(40)^3-32*E(40)^5+52*E(40)^7-73*E(40)^8-52*E(40)^9+73*E(40)^12+84*E(40)^15 x12
     -404.63932060   -146-64*E(40)-64*E(40)^3-40*E(40)^5+64*E(40)^7-90*E(40)^8-64*E(40)^9+90*E(40)^12+104*E(40)^15 x6
     -452.40051362   -163-72*E(40)-72*E(40)^3-44*E(40)^5+72*E(40)^7-101*E(40)^8-72*E(40)^9+101*E(40)^12+116*E(40)^15 x4
     -462.95707476   -168-73*E(40)-73*E(40)^3-45*E(40)^5+73*E(40)^7-104*E(40)^8-73*E(40)^9+104*E(40)^12+118*E(40)^15 x12
     -529.67974726   -191-84*E(40)-84*E(40)^3-52*E(40)^5+84*E(40)^7-118*E(40)^8-84*E(40)^9+118*E(40)^12+136*E(40)^15 x4
     -572.24641507   -208-90*E(40)-90*E(40)^3-56*E(40)^5+90*E(40)^7-128*E(40)^8-90*E(40)^9+128*E(40)^12+146*E(40)^15 x1

--- reconstructing L3-{5,3,5/2}-3  (T={5,3,5/2}, alpha=-E(40)^7+E(40)^13-E(40)^16+E(40)^21-E(40)^23-E(40)^24+E(40)^29-E(40)^31+E(40)^37-E(40)^39)  [34.7s]
  [ok]   S1 is exactly orthogonal (S1*S1^T = I)
  [ok]   det S1 = 1 in {+1,-1}
  [ok]   S2 is exactly orthogonal (S2*S2^T = I)
  [ok]   det S2 = 1 in {+1,-1}
  [ok]   X is exactly orthogonal (X*X^T = I)
  [ok]   det X = 1 in {+1,-1}
  generator determinants (S1,S2,X) = [1, 1, 1] ; Gamma contains improper elements: False
  [ok]   all matrix and vector entries are real (conj-invariant)
  [ok]   S1^-1 computed exactly
  [ok]   base edge {w, w*S1^-1} has two distinct vertices
  [ok]   w*S1^p = w  (p = Order(S1) = 12)
  [ok]   the p = 12 vertices w*S1^k are pairwise distinct
  [ok]   base face has p = 12 distinct edges
  [ok]   all edges of the base face belong to the edge orbit
  [ok]   f-vector (240, 480, 120, 20) equals expected (240, 480, 120, 20)
  base face is a 12-gon; base cell has 12 faces; vertex degree 4
  vertex-transitivity: the vertex set is by construction the Gamma-orbit of w (BFS closure), so Gamma is transitive on vertices; the edge/face/cell sets are Gamma-orbits, so Gamma preserves them.
  [ok]   vertex sum is exactly zero (centroid at origin)
  [ok]   all vertices have the same exact norm w.w = 20+8*E(40)+8*E(40)^3+5*E(40)^5-8*E(40)^7+12*E(40)^8+8*E(40)^9-12*E(40)^12-13*E(40)^15
  [ok]   vertex set spans a 4-dimensional space (rank 4 over K, hence over R)
  [ok]   |Gamma| = 2880 is one of 192, 7200, 2880, 1152
  [ok]   Gram[0][0] = w.w
  Gram matrix: 240 x 240, 23 distinct exact inner-product values  (1.3s)
  inner products with w (value ~ float, exact, multiplicity):
      52.79344057   20+8*E(40)+8*E(40)^3+5*E(40)^5-8*E(40)^7+12*E(40)^8+8*E(40)^9-12*E(40)^12-13*E(40)^15 x1
      48.86638958   17+8*E(40)+8*E(40)^3+5*E(40)^5-8*E(40)^7+21/2*E(40)^8+8*E(40)^9-21/2*E(40)^12-13*E(40)^15 x4
      42.71079061   16+13/2*E(40)+13/2*E(40)^3+4*E(40)^5-13/2*E(40)^7+10*E(40)^8+13/2*E(40)^9-10*E(40)^12-21/2*E(40)^15 x12
      41.73687943   29/2+7*E(40)+7*E(40)^3+4*E(40)^5-7*E(40)^7+9*E(40)^8+7*E(40)^9-9*E(40)^12-11*E(40)^15 x4
      37.33059983   13+6*E(40)+6*E(40)^3+4*E(40)^5-6*E(40)^7+8*E(40)^8+6*E(40)^9-8*E(40)^12-10*E(40)^15 x6
      30.20108967   21/2+5*E(40)+5*E(40)^3+3*E(40)^5-5*E(40)^7+13/2*E(40)^8+5*E(40)^9-13/2*E(40)^12-8*E(40)^15 x12
      26.39672028   10+4*E(40)+4*E(40)^3+5/2*E(40)^5-4*E(40)^7+6*E(40)^8+4*E(40)^9-6*E(40)^12-13/2*E(40)^15 x20
      18.66529991   13/2+3*E(40)+3*E(40)^3+2*E(40)^5-3*E(40)^7+4*E(40)^8+3*E(40)^9-4*E(40)^12-5*E(40)^15 x12
      16.31407033   6+5/2*E(40)+5/2*E(40)^3+3/2*E(40)^5-5/2*E(40)^7+4*E(40)^8+5/2*E(40)^9-4*E(40)^12-4*E(40)^15 x12
      11.53578976   4+2*E(40)+2*E(40)^3+E(40)^5-2*E(40)^7+5/2*E(40)^8+2*E(40)^9-5/2*E(40)^12-3*E(40)^15 x12
       7.12951016   5/2+E(40)+E(40)^3+E(40)^5-E(40)^7+3/2*E(40)^8+E(40)^9-3/2*E(40)^12-2*E(40)^15 x4
       0.00000000   0                                                            x42
      -7.12951016   -5/2-E(40)-E(40)^3-E(40)^5+E(40)^7-3/2*E(40)^8-E(40)^9+3/2*E(40)^12+2*E(40)^15 x4
     -11.53578976   -4-2*E(40)-2*E(40)^3-E(40)^5+2*E(40)^7-5/2*E(40)^8-2*E(40)^9+5/2*E(40)^12+3*E(40)^15 x12
     -16.31407033   -6-5/2*E(40)-5/2*E(40)^3-3/2*E(40)^5+5/2*E(40)^7-4*E(40)^8-5/2*E(40)^9+4*E(40)^12+4*E(40)^15 x12
     -18.66529991   -13/2-3*E(40)-3*E(40)^3-2*E(40)^5+3*E(40)^7-4*E(40)^8-3*E(40)^9+4*E(40)^12+5*E(40)^15 x12
     -26.39672028   -10-4*E(40)-4*E(40)^3-5/2*E(40)^5+4*E(40)^7-6*E(40)^8-4*E(40)^9+6*E(40)^12+13/2*E(40)^15 x20
     -30.20108967   -21/2-5*E(40)-5*E(40)^3-3*E(40)^5+5*E(40)^7-13/2*E(40)^8-5*E(40)^9+13/2*E(40)^12+8*E(40)^15 x12
     -37.33059983   -13-6*E(40)-6*E(40)^3-4*E(40)^5+6*E(40)^7-8*E(40)^8-6*E(40)^9+8*E(40)^12+10*E(40)^15 x6
     -41.73687943   -29/2-7*E(40)-7*E(40)^3-4*E(40)^5+7*E(40)^7-9*E(40)^8-7*E(40)^9+9*E(40)^12+11*E(40)^15 x4
     -42.71079061   -16-13/2*E(40)-13/2*E(40)^3-4*E(40)^5+13/2*E(40)^7-10*E(40)^8-13/2*E(40)^9+10*E(40)^12+21/2*E(40)^15 x12
     -48.86638958   -17-8*E(40)-8*E(40)^3-5*E(40)^5+8*E(40)^7-21/2*E(40)^8-8*E(40)^9+21/2*E(40)^12+13*E(40)^15 x4
     -52.79344057   -20-8*E(40)-8*E(40)^3-5*E(40)^5+8*E(40)^7-12*E(40)^8-8*E(40)^9+12*E(40)^12+13*E(40)^15 x1

--- reconstructing L3-{5,3,5/2}-4  (T={5,3,5/2}, alpha=E(40)^7-E(40)^13-E(40)^16-E(40)^21+E(40)^23-E(40)^24-E(40)^29+E(40)^31-E(40)^37+E(40)^39)  [37.0s]
  [ok]   S1 is exactly orthogonal (S1*S1^T = I)
  [ok]   det S1 = 1 in {+1,-1}
  [ok]   S2 is exactly orthogonal (S2*S2^T = I)
  [ok]   det S2 = 1 in {+1,-1}
  [ok]   X is exactly orthogonal (X*X^T = I)
  [ok]   det X = 1 in {+1,-1}
  generator determinants (S1,S2,X) = [1, 1, 1] ; Gamma contains improper elements: False
  [ok]   all matrix and vector entries are real (conj-invariant)
  [ok]   S1^-1 computed exactly
  [ok]   base edge {w, w*S1^-1} has two distinct vertices
  [ok]   w*S1^p = w  (p = Order(S1) = 12)
  [ok]   the p = 12 vertices w*S1^k are pairwise distinct
  [ok]   base face has p = 12 distinct edges
  [ok]   all edges of the base face belong to the edge orbit
  [ok]   f-vector (240, 480, 120, 20) equals expected (240, 480, 120, 20)
  base face is a 12-gon; base cell has 12 faces; vertex degree 4
  vertex-transitivity: the vertex set is by construction the Gamma-orbit of w (BFS closure), so Gamma is transitive on vertices; the edge/face/cell sets are Gamma-orbits, so Gamma preserves them.
  [ok]   vertex sum is exactly zero (centroid at origin)
  [ok]   all vertices have the same exact norm w.w = 20-8*E(40)-8*E(40)^3-5*E(40)^5+8*E(40)^7+12*E(40)^8-8*E(40)^9-12*E(40)^12+13*E(40)^15
  [ok]   vertex set spans a 4-dimensional space (rank 4 over K, hence over R)
  [ok]   |Gamma| = 2880 is one of 192, 7200, 2880, 1152
  [ok]   Gram[0][0] = w.w
  Gram matrix: 240 x 240, 23 distinct exact inner-product values  (1.3s)
  inner products with w (value ~ float, exact, multiplicity):
       2.03937516   20-8*E(40)-8*E(40)^3-5*E(40)^5+8*E(40)^7+12*E(40)^8-8*E(40)^9-12*E(40)^12+13*E(40)^15 x1
       1.88767582   -17+8*E(40)+8*E(40)^3+5*E(40)^5-8*E(40)^7-21/2*E(40)^8+8*E(40)^9+21/2*E(40)^12-13*E(40)^15 x4
       1.64988916   16-13/2*E(40)-13/2*E(40)^3-4*E(40)^5+13/2*E(40)^7+10*E(40)^8-13/2*E(40)^9-10*E(40)^12+21/2*E(40)^15 x12
       1.61226763   -29/2+7*E(40)+7*E(40)^3+4*E(40)^5-7*E(40)^7-9*E(40)^8+7*E(40)^9+9*E(40)^12-11*E(40)^15 x4
       1.44205601   -13+6*E(40)+6*E(40)^3+4*E(40)^5-6*E(40)^7-8*E(40)^8+6*E(40)^9+8*E(40)^12-10*E(40)^15 x6
       1.16664782   -21/2+5*E(40)+5*E(40)^3+3*E(40)^5-5*E(40)^7-13/2*E(40)^8+5*E(40)^9+13/2*E(40)^12-8*E(40)^15 x12
       1.01968758   10-4*E(40)-4*E(40)^3-5/2*E(40)^5+4*E(40)^7+6*E(40)^8-4*E(40)^9-6*E(40)^12+13/2*E(40)^15 x20
       0.72102800   -13/2+3*E(40)+3*E(40)^3+2*E(40)^5-3*E(40)^7-4*E(40)^8+3*E(40)^9+4*E(40)^12-5*E(40)^15 x12
       0.63020158   6-5/2*E(40)-5/2*E(40)^3-3/2*E(40)^5+5/2*E(40)^7+4*E(40)^8-5/2*E(40)^9-4*E(40)^12+4*E(40)^15 x12
       0.44561981   -4+2*E(40)+2*E(40)^3+E(40)^5-2*E(40)^7-5/2*E(40)^8+2*E(40)^9+5/2*E(40)^12-3*E(40)^15 x12
       0.27540819   -5/2+E(40)+E(40)^3+E(40)^5-E(40)^7-3/2*E(40)^8+E(40)^9+3/2*E(40)^12-2*E(40)^15 x4
       0.00000000   0                                                            x42
      -0.27540819   5/2-E(40)-E(40)^3-E(40)^5+E(40)^7+3/2*E(40)^8-E(40)^9-3/2*E(40)^12+2*E(40)^15 x4
      -0.44561981   4-2*E(40)-2*E(40)^3-E(40)^5+2*E(40)^7+5/2*E(40)^8-2*E(40)^9-5/2*E(40)^12+3*E(40)^15 x12
      -0.63020158   -6+5/2*E(40)+5/2*E(40)^3+3/2*E(40)^5-5/2*E(40)^7-4*E(40)^8+5/2*E(40)^9+4*E(40)^12-4*E(40)^15 x12
      -0.72102800   13/2-3*E(40)-3*E(40)^3-2*E(40)^5+3*E(40)^7+4*E(40)^8-3*E(40)^9-4*E(40)^12+5*E(40)^15 x12
      -1.01968758   -10+4*E(40)+4*E(40)^3+5/2*E(40)^5-4*E(40)^7-6*E(40)^8+4*E(40)^9+6*E(40)^12-13/2*E(40)^15 x20
      -1.16664782   21/2-5*E(40)-5*E(40)^3-3*E(40)^5+5*E(40)^7+13/2*E(40)^8-5*E(40)^9-13/2*E(40)^12+8*E(40)^15 x12
      -1.44205601   13-6*E(40)-6*E(40)^3-4*E(40)^5+6*E(40)^7+8*E(40)^8-6*E(40)^9-8*E(40)^12+10*E(40)^15 x6
      -1.61226763   29/2-7*E(40)-7*E(40)^3-4*E(40)^5+7*E(40)^7+9*E(40)^8-7*E(40)^9-9*E(40)^12+11*E(40)^15 x4
      -1.64988916   -16+13/2*E(40)+13/2*E(40)^3+4*E(40)^5-13/2*E(40)^7-10*E(40)^8+13/2*E(40)^9+10*E(40)^12-21/2*E(40)^15 x12
      -1.88767582   17-8*E(40)-8*E(40)^3-5*E(40)^5+8*E(40)^7+21/2*E(40)^8-8*E(40)^9-21/2*E(40)^12+13*E(40)^15 x4
      -2.03937516   -20+8*E(40)+8*E(40)^3+5*E(40)^5-8*E(40)^7-12*E(40)^8+8*E(40)^9+12*E(40)^12-13*E(40)^15 x1

--- reconstructing L3-{5,3,5/2}-5  (T={5,3,5/2}, alpha=-E(40)^7+E(40)^8+E(40)^13-E(40)^23+E(40)^32+E(40)^37)  [39.2s]
  [ok]   S1 is exactly orthogonal (S1*S1^T = I)
  [ok]   det S1 = 1 in {+1,-1}
  [ok]   S2 is exactly orthogonal (S2*S2^T = I)
  [ok]   det S2 = 1 in {+1,-1}
  [ok]   X is exactly orthogonal (X*X^T = I)
  [ok]   det X = 1 in {+1,-1}
  generator determinants (S1,S2,X) = [1, 1, 1] ; Gamma contains improper elements: False
  [ok]   all matrix and vector entries are real (conj-invariant)
  [ok]   S1^-1 computed exactly
  [ok]   base edge {w, w*S1^-1} has two distinct vertices
  [ok]   w*S1^p = w  (p = Order(S1) = 12)
  [ok]   the p = 12 vertices w*S1^k are pairwise distinct
  [ok]   base face has p = 12 distinct edges
  [ok]   all edges of the base face belong to the edge orbit
  [ok]   f-vector (48, 144, 48, 8) equals expected (48, 144, 48, 8)
  base face is a 12-gon; base cell has 12 faces; vertex degree 6
  vertex-transitivity: the vertex set is by construction the Gamma-orbit of w (BFS closure), so Gamma is transitive on vertices; the edge/face/cell sets are Gamma-orbits, so Gamma preserves them.
  [ok]   vertex sum is exactly zero (centroid at origin)
  [ok]   all vertices have the same exact norm w.w = 20-8*E(40)-8*E(40)^3-5*E(40)^5+8*E(40)^7+12*E(40)^8-8*E(40)^9-12*E(40)^12+13*E(40)^15
  [ok]   vertex set spans a 4-dimensional space (rank 4 over K, hence over R)
  [ok]   |Gamma| = 1152 is one of 192, 7200, 2880, 1152
  [ok]   Gram[0][0] = w.w
  Gram matrix: 48 x 48, 7 distinct exact inner-product values  (0.1s)
  inner products with w (value ~ float, exact, multiplicity):
       2.03937516   20-8*E(40)-8*E(40)^3-5*E(40)^5+8*E(40)^7+12*E(40)^8-8*E(40)^9-12*E(40)^12+13*E(40)^15 x1
       1.44205601   -13+6*E(40)+6*E(40)^3+4*E(40)^5-6*E(40)^7-8*E(40)^8+6*E(40)^9+8*E(40)^12-10*E(40)^15 x6
       1.01968758   10-4*E(40)-4*E(40)^3-5/2*E(40)^5+4*E(40)^7+6*E(40)^8-4*E(40)^9-6*E(40)^12+13/2*E(40)^15 x8
       0.00000000   0                                                            x18
      -1.01968758   -10+4*E(40)+4*E(40)^3+5/2*E(40)^5-4*E(40)^7-6*E(40)^8+4*E(40)^9+6*E(40)^12-13/2*E(40)^15 x8
      -1.44205601   13-6*E(40)-6*E(40)^3-4*E(40)^5+6*E(40)^7+8*E(40)^8-6*E(40)^9-8*E(40)^12+10*E(40)^15 x6
      -2.03937516   -20+8*E(40)+8*E(40)^3+5*E(40)^5-8*E(40)^7-12*E(40)^8+8*E(40)^9+12*E(40)^12-13*E(40)^15 x1

--- reconstructing L3-{5,3,5/2}-6  (T={5,3,5/2}, alpha=E(40)^7+E(40)^8-E(40)^13+E(40)^23+E(40)^32-E(40)^37)  [39.5s]
  [ok]   S1 is exactly orthogonal (S1*S1^T = I)
  [ok]   det S1 = 1 in {+1,-1}
  [ok]   S2 is exactly orthogonal (S2*S2^T = I)
  [ok]   det S2 = 1 in {+1,-1}
  [ok]   X is exactly orthogonal (X*X^T = I)
  [ok]   det X = 1 in {+1,-1}
  generator determinants (S1,S2,X) = [1, 1, 1] ; Gamma contains improper elements: False
  [ok]   all matrix and vector entries are real (conj-invariant)
  [ok]   S1^-1 computed exactly
  [ok]   base edge {w, w*S1^-1} has two distinct vertices
  [ok]   w*S1^p = w  (p = Order(S1) = 12)
  [ok]   the p = 12 vertices w*S1^k are pairwise distinct
  [ok]   base face has p = 12 distinct edges
  [ok]   all edges of the base face belong to the edge orbit
  [ok]   f-vector (48, 144, 48, 8) equals expected (48, 144, 48, 8)
  base face is a 12-gon; base cell has 12 faces; vertex degree 6
  vertex-transitivity: the vertex set is by construction the Gamma-orbit of w (BFS closure), so Gamma is transitive on vertices; the edge/face/cell sets are Gamma-orbits, so Gamma preserves them.
  [ok]   vertex sum is exactly zero (centroid at origin)
  [ok]   all vertices have the same exact norm w.w = 20+8*E(40)+8*E(40)^3+5*E(40)^5-8*E(40)^7+12*E(40)^8+8*E(40)^9-12*E(40)^12-13*E(40)^15
  [ok]   vertex set spans a 4-dimensional space (rank 4 over K, hence over R)
  [ok]   |Gamma| = 1152 is one of 192, 7200, 2880, 1152
  [ok]   Gram[0][0] = w.w
  Gram matrix: 48 x 48, 7 distinct exact inner-product values  (0.1s)
  inner products with w (value ~ float, exact, multiplicity):
      52.79344057   20+8*E(40)+8*E(40)^3+5*E(40)^5-8*E(40)^7+12*E(40)^8+8*E(40)^9-12*E(40)^12-13*E(40)^15 x1
      37.33059983   13+6*E(40)+6*E(40)^3+4*E(40)^5-6*E(40)^7+8*E(40)^8+6*E(40)^9-8*E(40)^12-10*E(40)^15 x6
      26.39672028   10+4*E(40)+4*E(40)^3+5/2*E(40)^5-4*E(40)^7+6*E(40)^8+4*E(40)^9-6*E(40)^12-13/2*E(40)^15 x8
       0.00000000   0                                                            x18
     -26.39672028   -10-4*E(40)-4*E(40)^3-5/2*E(40)^5+4*E(40)^7-6*E(40)^8-4*E(40)^9+6*E(40)^12+13/2*E(40)^15 x8
     -37.33059983   -13-6*E(40)-6*E(40)^3-4*E(40)^5+6*E(40)^7-8*E(40)^8-6*E(40)^9+8*E(40)^12+10*E(40)^15 x6
     -52.79344057   -20-8*E(40)-8*E(40)^3-5*E(40)^5+8*E(40)^7-12*E(40)^8-8*E(40)^9+12*E(40)^12+13*E(40)^15 x1

--- reconstructing L3-{5,3,5/2}-7  (T={5,3,5/2}, alpha=-E(40)^8-2*E(40)^16+E(40)^21-2*E(40)^24+E(40)^29-E(40)^31-E(40)^32-E(40)^39)  [39.8s]
  [ok]   S1 is exactly orthogonal (S1*S1^T = I)
  [ok]   det S1 = 1 in {+1,-1}
  [ok]   S2 is exactly orthogonal (S2*S2^T = I)
  [ok]   det S2 = 1 in {+1,-1}
  [ok]   X is exactly orthogonal (X*X^T = I)
  [ok]   det X = 1 in {+1,-1}
  generator determinants (S1,S2,X) = [1, 1, 1] ; Gamma contains improper elements: False
  [ok]   all matrix and vector entries are real (conj-invariant)
  [ok]   S1^-1 computed exactly
  [ok]   base edge {w, w*S1^-1} has two distinct vertices
  [ok]   w*S1^p = w  (p = Order(S1) = 12)
  [ok]   the p = 12 vertices w*S1^k are pairwise distinct
  [ok]   base face has p = 12 distinct edges
  [ok]   all edges of the base face belong to the edge orbit
  [ok]   f-vector (48, 144, 48, 8) equals expected (48, 144, 48, 8)
  base face is a 12-gon; base cell has 12 faces; vertex degree 6
  vertex-transitivity: the vertex set is by construction the Gamma-orbit of w (BFS closure), so Gamma is transitive on vertices; the edge/face/cell sets are Gamma-orbits, so Gamma preserves them.
  [ok]   vertex sum is exactly zero (centroid at origin)
  [ok]   all vertices have the same exact norm w.w = 8+3*E(40)+3*E(40)^3+E(40)^5-3*E(40)^7+4*E(40)^8+3*E(40)^9-4*E(40)^12-4*E(40)^15
  [ok]   vertex set spans a 4-dimensional space (rank 4 over K, hence over R)
  [ok]   |Gamma| = 1152 is one of 192, 7200, 2880, 1152
  [ok]   Gram[0][0] = w.w
  Gram matrix: 48 x 48, 7 distinct exact inner-product values  (0.1s)
  inner products with w (value ~ float, exact, multiplicity):
      18.75108635   8+3*E(40)+3*E(40)^3+E(40)^5-3*E(40)^7+4*E(40)^8+3*E(40)^9-4*E(40)^12-4*E(40)^15 x1
      13.25902031   4+2*E(40)+2*E(40)^3+2*E(40)^5-2*E(40)^7+3*E(40)^8+2*E(40)^9-3*E(40)^12-4*E(40)^15 x6
       9.37554318   4+3/2*E(40)+3/2*E(40)^3+1/2*E(40)^5-3/2*E(40)^7+2*E(40)^8+3/2*E(40)^9-2*E(40)^12-2*E(40)^15 x8
       0.00000000   0                                                            x18
      -9.37554318   -4-3/2*E(40)-3/2*E(40)^3-1/2*E(40)^5+3/2*E(40)^7-2*E(40)^8-3/2*E(40)^9+2*E(40)^12+2*E(40)^15 x8
     -13.25902031   -4-2*E(40)-2*E(40)^3-2*E(40)^5+2*E(40)^7-3*E(40)^8-2*E(40)^9+3*E(40)^12+4*E(40)^15 x6
     -18.75108635   -8-3*E(40)-3*E(40)^3-E(40)^5+3*E(40)^7-4*E(40)^8-3*E(40)^9+4*E(40)^12+4*E(40)^15 x1

--- reconstructing L3-{5,3,5/2}-8  (T={5,3,5/2}, alpha=-E(40)^8-2*E(40)^16-E(40)^21-2*E(40)^24-E(40)^29+E(40)^31-E(40)^32+E(40)^39)  [40.1s]
  [ok]   S1 is exactly orthogonal (S1*S1^T = I)
  [ok]   det S1 = 1 in {+1,-1}
  [ok]   S2 is exactly orthogonal (S2*S2^T = I)
  [ok]   det S2 = 1 in {+1,-1}
  [ok]   X is exactly orthogonal (X*X^T = I)
  [ok]   det X = 1 in {+1,-1}
  generator determinants (S1,S2,X) = [1, 1, 1] ; Gamma contains improper elements: False
  [ok]   all matrix and vector entries are real (conj-invariant)
  [ok]   S1^-1 computed exactly
  [ok]   base edge {w, w*S1^-1} has two distinct vertices
  [ok]   w*S1^p = w  (p = Order(S1) = 12)
  [ok]   the p = 12 vertices w*S1^k are pairwise distinct
  [ok]   base face has p = 12 distinct edges
  [ok]   all edges of the base face belong to the edge orbit
  [ok]   f-vector (48, 144, 48, 8) equals expected (48, 144, 48, 8)
  base face is a 12-gon; base cell has 12 faces; vertex degree 6
  vertex-transitivity: the vertex set is by construction the Gamma-orbit of w (BFS closure), so Gamma is transitive on vertices; the edge/face/cell sets are Gamma-orbits, so Gamma preserves them.
  [ok]   vertex sum is exactly zero (centroid at origin)
  [ok]   all vertices have the same exact norm w.w = 8-3*E(40)-3*E(40)^3-E(40)^5+3*E(40)^7+4*E(40)^8-3*E(40)^9-4*E(40)^12+4*E(40)^15
  [ok]   vertex set spans a 4-dimensional space (rank 4 over K, hence over R)
  [ok]   |Gamma| = 1152 is one of 192, 7200, 2880, 1152
  [ok]   Gram[0][0] = w.w
  Gram matrix: 48 x 48, 7 distinct exact inner-product values  (0.1s)
  inner products with w (value ~ float, exact, multiplicity):
       2.19318556   8-3*E(40)-3*E(40)^3-E(40)^5+3*E(40)^7+4*E(40)^8-3*E(40)^9-4*E(40)^12+4*E(40)^15 x1
       1.55081638   -4+2*E(40)+2*E(40)^3+2*E(40)^5-2*E(40)^7-3*E(40)^8+2*E(40)^9+3*E(40)^12-4*E(40)^15 x6
       1.09659278   4-3/2*E(40)-3/2*E(40)^3-1/2*E(40)^5+3/2*E(40)^7+2*E(40)^8-3/2*E(40)^9-2*E(40)^12+2*E(40)^15 x8
       0.00000000   0                                                            x18
      -1.09659278   -4+3/2*E(40)+3/2*E(40)^3+1/2*E(40)^5-3/2*E(40)^7-2*E(40)^8+3/2*E(40)^9+2*E(40)^12-2*E(40)^15 x8
      -1.55081638   4-2*E(40)-2*E(40)^3-2*E(40)^5+2*E(40)^7+3*E(40)^8-2*E(40)^9-3*E(40)^12+4*E(40)^15 x6
      -2.19318556   -8+3*E(40)+3*E(40)^3+E(40)^5-3*E(40)^7-4*E(40)^8+3*E(40)^9+4*E(40)^12-4*E(40)^15 x1

--- reconstructing L3-{5,3,5/2}-9  (T={5,3,5/2}, alpha=1)  [40.3s]
  [ok]   S1 is exactly orthogonal (S1*S1^T = I)
  [ok]   det S1 = 1 in {+1,-1}
  [ok]   S2 is exactly orthogonal (S2*S2^T = I)
  [ok]   det S2 = 1 in {+1,-1}
  [ok]   X is exactly orthogonal (X*X^T = I)
  [ok]   det X = 1 in {+1,-1}
  generator determinants (S1,S2,X) = [1, 1, 1] ; Gamma contains improper elements: False
  [ok]   all matrix and vector entries are real (conj-invariant)
  [ok]   S1^-1 computed exactly
  [ok]   base edge {w, w*S1^-1} has two distinct vertices
  [ok]   w*S1^p = w  (p = Order(S1) = 12)
  [ok]   the p = 12 vertices w*S1^k are pairwise distinct
  [ok]   base face has p = 12 distinct edges
  [ok]   all edges of the base face belong to the edge orbit
  [ok]   f-vector (120, 720, 300, 50) equals expected (120, 720, 300, 50)
  base face is a 12-gon; base cell has 12 faces; vertex degree 12
  vertex-transitivity: the vertex set is by construction the Gamma-orbit of w (BFS closure), so Gamma is transitive on vertices; the edge/face/cell sets are Gamma-orbits, so Gamma preserves them.
  [ok]   vertex sum is exactly zero (centroid at origin)
  [ok]   all vertices have the same exact norm w.w = 2+E(40)^8-E(40)^12
  [ok]   vertex set spans a 4-dimensional space (rank 4 over K, hence over R)
  [ok]   |Gamma| = 7200 is one of 192, 7200, 2880, 1152
  [ok]   Gram[0][0] = w.w
  Gram matrix: 120 x 120, 9 distinct exact inner-product values  (0.6s)
  inner products with w (value ~ float, exact, multiplicity):
       2.61803399   2+E(40)^8-E(40)^12                                           x1
       2.11803399   3/2+E(40)^8-E(40)^12                                         x12
       1.30901699   1+1/2*E(40)^8-1/2*E(40)^12                                   x20
       0.80901699   1/2+1/2*E(40)^8-1/2*E(40)^12                                 x12
       0.00000000   0                                                            x30
      -0.80901699   -1/2-1/2*E(40)^8+1/2*E(40)^12                                x12
      -1.30901699   -1-1/2*E(40)^8+1/2*E(40)^12                                  x20
      -2.11803399   -3/2-E(40)^8+E(40)^12                                        x12
      -2.61803399   -2-E(40)^8+E(40)^12                                          x1

--- reconstructing L3-{5,3,5/2}-10  (T={5,3,5/2}, alpha=-1)  [41.4s]
  [ok]   S1 is exactly orthogonal (S1*S1^T = I)
  [ok]   det S1 = 1 in {+1,-1}
  [ok]   S2 is exactly orthogonal (S2*S2^T = I)
  [ok]   det S2 = 1 in {+1,-1}
  [ok]   X is exactly orthogonal (X*X^T = I)
  [ok]   det X = 1 in {+1,-1}
  generator determinants (S1,S2,X) = [1, 1, 1] ; Gamma contains improper elements: False
  [ok]   all matrix and vector entries are real (conj-invariant)
  [ok]   S1^-1 computed exactly
  [ok]   base edge {w, w*S1^-1} has two distinct vertices
  [ok]   w*S1^p = w  (p = Order(S1) = 12)
  [ok]   the p = 12 vertices w*S1^k are pairwise distinct
  [ok]   base face has p = 12 distinct edges
  [ok]   all edges of the base face belong to the edge orbit
  [ok]   f-vector (120, 720, 300, 50) equals expected (120, 720, 300, 50)
  base face is a 12-gon; base cell has 12 faces; vertex degree 12
  vertex-transitivity: the vertex set is by construction the Gamma-orbit of w (BFS closure), so Gamma is transitive on vertices; the edge/face/cell sets are Gamma-orbits, so Gamma preserves them.
  [ok]   vertex sum is exactly zero (centroid at origin)
  [ok]   all vertices have the same exact norm w.w = 6+3*E(40)^8-3*E(40)^12
  [ok]   vertex set spans a 4-dimensional space (rank 4 over K, hence over R)
  [ok]   |Gamma| = 7200 is one of 192, 7200, 2880, 1152
  [ok]   Gram[0][0] = w.w
  Gram matrix: 120 x 120, 9 distinct exact inner-product values  (0.3s)
  inner products with w (value ~ float, exact, multiplicity):
       7.85410197   6+3*E(40)^8-3*E(40)^12                                       x1
       6.35410197   9/2+3*E(40)^8-3*E(40)^12                                     x12
       3.92705098   3+3/2*E(40)^8-3/2*E(40)^12                                   x20
       2.42705098   3/2+3/2*E(40)^8-3/2*E(40)^12                                 x12
       0.00000000   0                                                            x30
      -2.42705098   -3/2-3/2*E(40)^8+3/2*E(40)^12                                x12
      -3.92705098   -3-3/2*E(40)^8+3/2*E(40)^12                                  x20
      -6.35410197   -9/2-3*E(40)^8+3*E(40)^12                                    x12
      -7.85410197   -6-3*E(40)^8+3*E(40)^12                                      x1

--- reconstructing L3-{5,3,5/2}-11  (T={5,3,5/2}, alpha=E(5)+E(5)^4)  [42.2s]
  [ok]   S1 is exactly orthogonal (S1*S1^T = I)
  [ok]   det S1 = 1 in {+1,-1}
  [ok]   S2 is exactly orthogonal (S2*S2^T = I)
  [ok]   det S2 = 1 in {+1,-1}
  [ok]   X is exactly orthogonal (X*X^T = I)
  [ok]   det X = 1 in {+1,-1}
  generator determinants (S1,S2,X) = [1, 1, 1] ; Gamma contains improper elements: False
  [ok]   all matrix and vector entries are real (conj-invariant)
  [ok]   S1^-1 computed exactly
  [ok]   base edge {w, w*S1^-1} has two distinct vertices
  [ok]   w*S1^p = w  (p = Order(S1) = 12)
  [ok]   the p = 12 vertices w*S1^k are pairwise distinct
  [ok]   base face has p = 12 distinct edges
  [ok]   all edges of the base face belong to the edge orbit
  [ok]   f-vector (120, 720, 300, 50) equals expected (120, 720, 300, 50)
  base face is a 12-gon; base cell has 12 faces; vertex degree 12
  vertex-transitivity: the vertex set is by construction the Gamma-orbit of w (BFS closure), so Gamma is transitive on vertices; the edge/face/cell sets are Gamma-orbits, so Gamma preserves them.
  [ok]   vertex sum is exactly zero (centroid at origin)
  [ok]   all vertices have the same exact norm w.w = 4+2*E(40)^8-2*E(40)^12
  [ok]   vertex set spans a 4-dimensional space (rank 4 over K, hence over R)
  [ok]   |Gamma| = 7200 is one of 192, 7200, 2880, 1152
  [ok]   Gram[0][0] = w.w
  Gram matrix: 120 x 120, 9 distinct exact inner-product values  (0.3s)
  inner products with w (value ~ float, exact, multiplicity):
       5.23606798   4+2*E(40)^8-2*E(40)^12                                       x1
       4.23606798   3+2*E(40)^8-2*E(40)^12                                       x12
       2.61803399   2+E(40)^8-E(40)^12                                           x20
       1.61803399   1+E(40)^8-E(40)^12                                           x12
       0.00000000   0                                                            x30
      -1.61803399   -1-E(40)^8+E(40)^12                                          x12
      -2.61803399   -2-E(40)^8+E(40)^12                                          x20
      -4.23606798   -3-2*E(40)^8+2*E(40)^12                                      x12
      -5.23606798   -4-2*E(40)^8+2*E(40)^12                                      x1

--- reconstructing L3-{5,3,5/2}-12  (T={5,3,5/2}, alpha=E(5)+4*E(5)^2+4*E(5)^3+E(5)^4)  [42.8s]
  [ok]   S1 is exactly orthogonal (S1*S1^T = I)
  [ok]   det S1 = 1 in {+1,-1}
  [ok]   S2 is exactly orthogonal (S2*S2^T = I)
  [ok]   det S2 = 1 in {+1,-1}
  [ok]   X is exactly orthogonal (X*X^T = I)
  [ok]   det X = 1 in {+1,-1}
  generator determinants (S1,S2,X) = [1, 1, 1] ; Gamma contains improper elements: False
  [ok]   all matrix and vector entries are real (conj-invariant)
  [ok]   S1^-1 computed exactly
  [ok]   base edge {w, w*S1^-1} has two distinct vertices
  [ok]   w*S1^p = w  (p = Order(S1) = 12)
  [ok]   the p = 12 vertices w*S1^k are pairwise distinct
  [ok]   base face has p = 12 distinct edges
  [ok]   all edges of the base face belong to the edge orbit
  [ok]   f-vector (120, 720, 300, 50) equals expected (120, 720, 300, 50)
  base face is a 12-gon; base cell has 12 faces; vertex degree 12
  vertex-transitivity: the vertex set is by construction the Gamma-orbit of w (BFS closure), so Gamma is transitive on vertices; the edge/face/cell sets are Gamma-orbits, so Gamma preserves them.
  [ok]   vertex sum is exactly zero (centroid at origin)
  [ok]   all vertices have the same exact norm w.w = 12/5+6/5*E(40)^8-6/5*E(40)^12
  [ok]   vertex set spans a 4-dimensional space (rank 4 over K, hence over R)
  [ok]   |Gamma| = 7200 is one of 192, 7200, 2880, 1152
  [ok]   Gram[0][0] = w.w
  Gram matrix: 120 x 120, 9 distinct exact inner-product values  (0.3s)
  inner products with w (value ~ float, exact, multiplicity):
       3.14164079   12/5+6/5*E(40)^8-6/5*E(40)^12                                x1
       2.54164079   9/5+6/5*E(40)^8-6/5*E(40)^12                                 x12
       1.57082039   6/5+3/5*E(40)^8-3/5*E(40)^12                                 x20
       0.97082039   3/5+3/5*E(40)^8-3/5*E(40)^12                                 x12
       0.00000000   0                                                            x30
      -0.97082039   -3/5-3/5*E(40)^8+3/5*E(40)^12                                x12
      -1.57082039   -6/5-3/5*E(40)^8+3/5*E(40)^12                                x20
      -2.54164079   -9/5-6/5*E(40)^8+6/5*E(40)^12                                x12
      -3.14164079   -12/5-6/5*E(40)^8+6/5*E(40)^12                               x1

--- reconstructing L3-{5,3,5/2}-13  (T={5,3,5/2}, alpha=2)  [43.5s]
  [ok]   S1 is exactly orthogonal (S1*S1^T = I)
  [ok]   det S1 = 1 in {+1,-1}
  [ok]   S2 is exactly orthogonal (S2*S2^T = I)
  [ok]   det S2 = 1 in {+1,-1}
  [ok]   X is exactly orthogonal (X*X^T = I)
  [ok]   det X = 1 in {+1,-1}
  generator determinants (S1,S2,X) = [1, 1, 1] ; Gamma contains improper elements: False
  [ok]   all matrix and vector entries are real (conj-invariant)
  [ok]   S1^-1 computed exactly
  [ok]   base edge {w, w*S1^-1} has two distinct vertices
  [ok]   w*S1^p = w  (p = Order(S1) = 12)
  [ok]   the p = 12 vertices w*S1^k are pairwise distinct
  [ok]   base face has p = 12 distinct edges
  [ok]   all edges of the base face belong to the edge orbit
  [ok]   f-vector (120, 720, 300, 50) equals expected (120, 720, 300, 50)
  base face is a 12-gon; base cell has 12 faces; vertex degree 12
  vertex-transitivity: the vertex set is by construction the Gamma-orbit of w (BFS closure), so Gamma is transitive on vertices; the edge/face/cell sets are Gamma-orbits, so Gamma preserves them.
  [ok]   vertex sum is exactly zero (centroid at origin)
  [ok]   all vertices have the same exact norm w.w = 3/2+3/4*E(40)^8-3/4*E(40)^12
  [ok]   vertex set spans a 4-dimensional space (rank 4 over K, hence over R)
  [ok]   |Gamma| = 7200 is one of 192, 7200, 2880, 1152
  [ok]   Gram[0][0] = w.w
  Gram matrix: 120 x 120, 9 distinct exact inner-product values  (0.3s)
  inner products with w (value ~ float, exact, multiplicity):
       1.96352549   3/2+3/4*E(40)^8-3/4*E(40)^12                                 x1
       1.58852549   9/8+3/4*E(40)^8-3/4*E(40)^12                                 x12
       0.98176275   3/4+3/8*E(40)^8-3/8*E(40)^12                                 x20
       0.60676275   3/8+3/8*E(40)^8-3/8*E(40)^12                                 x12
       0.00000000   0                                                            x30
      -0.60676275   -3/8-3/8*E(40)^8+3/8*E(40)^12                                x12
      -0.98176275   -3/4-3/8*E(40)^8+3/8*E(40)^12                                x20
      -1.58852549   -9/8-3/4*E(40)^8+3/4*E(40)^12                                x12
      -1.96352549   -3/2-3/4*E(40)^8+3/4*E(40)^12                                x1

--- reconstructing L3-{5,3,5/2}-14  (T={5,3,5/2}, alpha=-E(5)-2*E(5)^2-2*E(5)^3-E(5)^4)  [44.2s]
  [ok]   S1 is exactly orthogonal (S1*S1^T = I)
  [ok]   det S1 = 1 in {+1,-1}
  [ok]   S2 is exactly orthogonal (S2*S2^T = I)
  [ok]   det S2 = 1 in {+1,-1}
  [ok]   X is exactly orthogonal (X*X^T = I)
  [ok]   det X = 1 in {+1,-1}
  generator determinants (S1,S2,X) = [1, 1, 1] ; Gamma contains improper elements: False
  [ok]   all matrix and vector entries are real (conj-invariant)
  [ok]   S1^-1 computed exactly
  [ok]   base edge {w, w*S1^-1} has two distinct vertices
  [ok]   w*S1^p = w  (p = Order(S1) = 12)
  [ok]   the p = 12 vertices w*S1^k are pairwise distinct
  [ok]   base face has p = 12 distinct edges
  [ok]   all edges of the base face belong to the edge orbit
  [ok]   f-vector (120, 720, 300, 50) equals expected (120, 720, 300, 50)
  base face is a 12-gon; base cell has 12 faces; vertex degree 12
  vertex-transitivity: the vertex set is by construction the Gamma-orbit of w (BFS closure), so Gamma is transitive on vertices; the edge/face/cell sets are Gamma-orbits, so Gamma preserves them.
  [ok]   vertex sum is exactly zero (centroid at origin)
  [ok]   all vertices have the same exact norm w.w = 2
  [ok]   vertex set spans a 4-dimensional space (rank 4 over K, hence over R)
  [ok]   |Gamma| = 7200 is one of 192, 7200, 2880, 1152
  [ok]   Gram[0][0] = w.w
  Gram matrix: 120 x 120, 9 distinct exact inner-product values  (0.3s)
  inner products with w (value ~ float, exact, multiplicity):
       2.00000000   2                                                            x1
       1.61803399   1+E(40)^8-E(40)^12                                           x12
       1.00000000   1                                                            x20
       0.61803399   E(40)^8-E(40)^12                                             x12
       0.00000000   0                                                            x30
      -0.61803399   -E(40)^8+E(40)^12                                            x12
      -1.00000000   -1                                                           x20
      -1.61803399   -1-E(40)^8+E(40)^12                                          x12
      -2.00000000   -2                                                           x1

--- reconstructing L3-{5,3,5/2}-15  (T={5,3,5/2}, alpha=-5*E(5)-2*E(5)^2-2*E(5)^3-5*E(5)^4)  [44.9s]
  [ok]   S1 is exactly orthogonal (S1*S1^T = I)
  [ok]   det S1 = 1 in {+1,-1}
  [ok]   S2 is exactly orthogonal (S2*S2^T = I)
  [ok]   det S2 = 1 in {+1,-1}
  [ok]   X is exactly orthogonal (X*X^T = I)
  [ok]   det X = 1 in {+1,-1}
  generator determinants (S1,S2,X) = [1, 1, 1] ; Gamma contains improper elements: False
  [ok]   all matrix and vector entries are real (conj-invariant)
  [ok]   S1^-1 computed exactly
  [ok]   base edge {w, w*S1^-1} has two distinct vertices
  [ok]   w*S1^p = w  (p = Order(S1) = 12)
  [ok]   the p = 12 vertices w*S1^k are pairwise distinct
  [ok]   base face has p = 12 distinct edges
  [ok]   all edges of the base face belong to the edge orbit
  [ok]   f-vector (120, 720, 300, 50) equals expected (120, 720, 300, 50)
  base face is a 12-gon; base cell has 12 faces; vertex degree 12
  vertex-transitivity: the vertex set is by construction the Gamma-orbit of w (BFS closure), so Gamma is transitive on vertices; the edge/face/cell sets are Gamma-orbits, so Gamma preserves them.
  [ok]   vertex sum is exactly zero (centroid at origin)
  [ok]   all vertices have the same exact norm w.w = 78+48*E(40)^8-48*E(40)^12
  [ok]   vertex set spans a 4-dimensional space (rank 4 over K, hence over R)
  [ok]   |Gamma| = 7200 is one of 192, 7200, 2880, 1152
  [ok]   Gram[0][0] = w.w
  Gram matrix: 120 x 120, 9 distinct exact inner-product values  (0.3s)
  inner products with w (value ~ float, exact, multiplicity):
     107.66563146   78+48*E(40)^8-48*E(40)^12                                    x1
      87.10332556   63+39*E(40)^8-39*E(40)^12                                    x12
      53.83281573   39+24*E(40)^8-24*E(40)^12                                    x20
      33.27050983   24+15*E(40)^8-15*E(40)^12                                    x12
       0.00000000   0                                                            x30
     -33.27050983   -24-15*E(40)^8+15*E(40)^12                                   x12
     -53.83281573   -39-24*E(40)^8+24*E(40)^12                                   x20
     -87.10332556   -63-39*E(40)^8+39*E(40)^12                                   x12
     -107.66563146   -78-48*E(40)^8+48*E(40)^12                                   x1

--- reconstructing L3-{5,3,5/2}-16  (T={5,3,5/2}, alpha=0)  [45.6s]
  [ok]   S1 is exactly orthogonal (S1*S1^T = I)
  [ok]   det S1 = 1 in {+1,-1}
  [ok]   S2 is exactly orthogonal (S2*S2^T = I)
  [ok]   det S2 = 1 in {+1,-1}
  [ok]   X is exactly orthogonal (X*X^T = I)
  [ok]   det X = 1 in {+1,-1}
  generator determinants (S1,S2,X) = [1, 1, 1] ; Gamma contains improper elements: False
  [ok]   all matrix and vector entries are real (conj-invariant)
  [ok]   S1^-1 computed exactly
  [ok]   base edge {w, w*S1^-1} has two distinct vertices
  [ok]   w*S1^p = w  (p = Order(S1) = 12)
  [ok]   the p = 12 vertices w*S1^k are pairwise distinct
  [ok]   base face has p = 12 distinct edges
  [ok]   all edges of the base face belong to the edge orbit
  [ok]   f-vector (120, 720, 300, 50) equals expected (120, 720, 300, 50)
  base face is a 12-gon; base cell has 12 faces; vertex degree 12
  vertex-transitivity: the vertex set is by construction the Gamma-orbit of w (BFS closure), so Gamma is transitive on vertices; the edge/face/cell sets are Gamma-orbits, so Gamma preserves them.
  [ok]   vertex sum is exactly zero (centroid at origin)
  [ok]   all vertices have the same exact norm w.w = 8+4*E(40)^8-4*E(40)^12
  [ok]   vertex set spans a 4-dimensional space (rank 4 over K, hence over R)
  [ok]   |Gamma| = 7200 is one of 192, 7200, 2880, 1152
  [ok]   Gram[0][0] = w.w
  Gram matrix: 120 x 120, 9 distinct exact inner-product values  (0.3s)
  inner products with w (value ~ float, exact, multiplicity):
      10.47213595   8+4*E(40)^8-4*E(40)^12                                       x1
       8.47213595   6+4*E(40)^8-4*E(40)^12                                       x12
       5.23606798   4+2*E(40)^8-2*E(40)^12                                       x20
       3.23606798   2+2*E(40)^8-2*E(40)^12                                       x12
       0.00000000   0                                                            x30
      -3.23606798   -2-2*E(40)^8+2*E(40)^12                                      x12
      -5.23606798   -4-2*E(40)^8+2*E(40)^12                                      x20
      -8.47213595   -6-4*E(40)^8+4*E(40)^12                                      x12
     -10.47213595   -8-4*E(40)^8+4*E(40)^12                                      x1

--- reconstructing L3-{3,3,5/2}-1  (T={3,3,5/2}, alpha=1)  [46.3s]
  [ok]   S1 is exactly orthogonal (S1*S1^T = I)
  [ok]   det S1 = 1 in {+1,-1}
  [ok]   S2 is exactly orthogonal (S2*S2^T = I)
  [ok]   det S2 = 1 in {+1,-1}
  [ok]   X is exactly orthogonal (X*X^T = I)
  [ok]   det X = 1 in {+1,-1}
  generator determinants (S1,S2,X) = [1, 1, 1] ; Gamma contains improper elements: False
  [ok]   all matrix and vector entries are real (conj-invariant)
  [ok]   S1^-1 computed exactly
  [ok]   base edge {w, w*S1^-1} has two distinct vertices
  [ok]   w*S1^p = w  (p = Order(S1) = 30)
  [ok]   the p = 30 vertices w*S1^k are pairwise distinct
  [ok]   base face has p = 30 distinct edges
  [ok]   all edges of the base face belong to the edge orbit
  [ok]   f-vector (600, 1200, 120, 5) equals expected (600, 1200, 120, 5)
  base face is a 30-gon; base cell has 48 faces; vertex degree 4
  vertex-transitivity: the vertex set is by construction the Gamma-orbit of w (BFS closure), so Gamma is transitive on vertices; the edge/face/cell sets are Gamma-orbits, so Gamma preserves them.
  [ok]   vertex sum is exactly zero (centroid at origin)
  [ok]   all vertices have the same exact norm w.w = 5/2-4*E(40)^8+4*E(40)^12
  [ok]   vertex set spans a 4-dimensional space (rank 4 over K, hence over R)
  [ok]   |Gamma| = 7200 is one of 192, 7200, 2880, 1152
  [ok]   Gram[0][0] = w.w
  Gram matrix: 600 x 600, 31 distinct exact inner-product values  (16.3s)
  inner products with w (value ~ float, exact, multiplicity):
       0.02786405   5/2-4*E(40)^8+4*E(40)^12                                     x1
       0.02684772   -7/4+23/8*E(40)^8-23/8*E(40)^12                              x4
       0.02520327   7/8-11/8*E(40)^8+11/8*E(40)^12                               x12
       0.02254249   -3/4+5/4*E(40)^8-5/4*E(40)^12                                x24
       0.02089803   15/8-3*E(40)^8+3*E(40)^12                                    x12
       0.01988171   -19/8+31/8*E(40)^8-31/8*E(40)^12                             x4
       0.01823725   1/4-3/8*E(40)^8+3/8*E(40)^12                                 x24
       0.01557647   -11/8+9/4*E(40)^8-9/4*E(40)^12                               x24
       0.01393202   5/4-2*E(40)^8+2*E(40)^12                                     x32
       0.01127124   -3/8+5/8*E(40)^8-5/8*E(40)^12                                x24
       0.00962679   9/4-29/8*E(40)^8+29/8*E(40)^12                               x12
       0.00861046   -2+13/4*E(40)^8-13/4*E(40)^12                                x24
       0.00696601   5/8-E(40)^8+E(40)^12                                         x28
       0.00430523   -1+13/8*E(40)^8-13/8*E(40)^12                                x24
       0.00266078   13/8-21/8*E(40)^8+21/8*E(40)^12                              x24
       0.00000000   0                                                            x54
      -0.00266078   -13/8+21/8*E(40)^8-21/8*E(40)^12                             x24
      -0.00430523   1-13/8*E(40)^8+13/8*E(40)^12                                 x24
      -0.00696601   -5/8+E(40)^8-E(40)^12                                        x28
      -0.00861046   2-13/4*E(40)^8+13/4*E(40)^12                                 x24
      -0.00962679   -9/4+29/8*E(40)^8-29/8*E(40)^12                              x12
      -0.01127124   3/8-5/8*E(40)^8+5/8*E(40)^12                                 x24
      -0.01393202   -5/4+2*E(40)^8-2*E(40)^12                                    x32
      -0.01557647   11/8-9/4*E(40)^8+9/4*E(40)^12                                x24
      -0.01823725   -1/4+3/8*E(40)^8-3/8*E(40)^12                                x24
      -0.01988171   19/8-31/8*E(40)^8+31/8*E(40)^12                              x4
      -0.02089803   -15/8+3*E(40)^8-3*E(40)^12                                   x12
      -0.02254249   3/4-5/4*E(40)^8+5/4*E(40)^12                                 x24
      -0.02520327   -7/8+11/8*E(40)^8-11/8*E(40)^12                              x12
      -0.02684772   7/4-23/8*E(40)^8+23/8*E(40)^12                               x4
      -0.02786405   -5/2+4*E(40)^8-4*E(40)^12                                    x1

--- reconstructing L3-{3,3,5/2}-4  (T={3,3,5/2}, alpha=-E(40)^7+E(40)^13+2*E(40)^16+2*E(40)^21-E(40)^23+2*E(40)^24+2*E(40)^29-2*E(40)^31+E(40)^37-2*E(40)^39)  [64.3s]
  [ok]   S1 is exactly orthogonal (S1*S1^T = I)
  [ok]   det S1 = 1 in {+1,-1}
  [ok]   S2 is exactly orthogonal (S2*S2^T = I)
  [ok]   det S2 = 1 in {+1,-1}
  [ok]   X is exactly orthogonal (X*X^T = I)
  [ok]   det X = 1 in {+1,-1}
  generator determinants (S1,S2,X) = [1, 1, 1] ; Gamma contains improper elements: False
  [ok]   all matrix and vector entries are real (conj-invariant)
  [ok]   S1^-1 computed exactly
  [ok]   base edge {w, w*S1^-1} has two distinct vertices
  [ok]   w*S1^p = w  (p = Order(S1) = 30)
  [ok]   the p = 30 vertices w*S1^k are pairwise distinct
  [ok]   base face has p = 30 distinct edges
  [ok]   all edges of the base face belong to the edge orbit
  [ok]   f-vector (600, 1200, 120, 5) equals expected (600, 1200, 120, 5)
  base face is a 30-gon; base cell has 48 faces; vertex degree 4
  vertex-transitivity: the vertex set is by construction the Gamma-orbit of w (BFS closure), so Gamma is transitive on vertices; the edge/face/cell sets are Gamma-orbits, so Gamma preserves them.
  [ok]   vertex sum is exactly zero (centroid at origin)
  [ok]   all vertices have the same exact norm w.w = 5-8*E(40)^8+8*E(40)^12
  [ok]   vertex set spans a 4-dimensional space (rank 4 over K, hence over R)
  [ok]   |Gamma| = 7200 is one of 192, 7200, 2880, 1152
  [ok]   Gram[0][0] = w.w
  Gram matrix: 600 x 600, 31 distinct exact inner-product values  (9.6s)
  inner products with w (value ~ float, exact, multiplicity):
       0.05572809   5-8*E(40)^8+8*E(40)^12                                       x1
       0.05369544   -7/2+23/4*E(40)^8-23/4*E(40)^12                              x4
       0.05040653   7/4-11/4*E(40)^8+11/4*E(40)^12                               x12
       0.04508497   -3/2+5/2*E(40)^8-5/2*E(40)^12                                x24
       0.04179607   15/4-6*E(40)^8+6*E(40)^12                                    x12
       0.03976341   -19/4+31/4*E(40)^8-31/4*E(40)^12                             x4
       0.03647451   1/2-3/4*E(40)^8+3/4*E(40)^12                                 x24
       0.03115295   -11/4+9/2*E(40)^8-9/2*E(40)^12                               x24
       0.02786405   5/2-4*E(40)^8+4*E(40)^12                                     x32
       0.02254249   -3/4+5/4*E(40)^8-5/4*E(40)^12                                x24
       0.01925358   9/2-29/4*E(40)^8+29/4*E(40)^12                               x12
       0.01722093   -4+13/2*E(40)^8-13/2*E(40)^12                                x24
       0.01393202   5/4-2*E(40)^8+2*E(40)^12                                     x28
       0.00861046   -2+13/4*E(40)^8-13/4*E(40)^12                                x24
       0.00532156   13/4-21/4*E(40)^8+21/4*E(40)^12                              x24
       0.00000000   0                                                            x54
      -0.00532156   -13/4+21/4*E(40)^8-21/4*E(40)^12                             x24
      -0.00861046   2-13/4*E(40)^8+13/4*E(40)^12                                 x24
      -0.01393202   -5/4+2*E(40)^8-2*E(40)^12                                    x28
      -0.01722093   4-13/2*E(40)^8+13/2*E(40)^12                                 x24
      -0.01925358   -9/2+29/4*E(40)^8-29/4*E(40)^12                              x12
      -0.02254249   3/4-5/4*E(40)^8+5/4*E(40)^12                                 x24
      -0.02786405   -5/2+4*E(40)^8-4*E(40)^12                                    x32
      -0.03115295   11/4-9/2*E(40)^8+9/2*E(40)^12                                x24
      -0.03647451   -1/2+3/4*E(40)^8-3/4*E(40)^12                                x24
      -0.03976341   19/4-31/4*E(40)^8+31/4*E(40)^12                              x4
      -0.04179607   -15/4+6*E(40)^8-6*E(40)^12                                   x12
      -0.04508497   3/2-5/2*E(40)^8+5/2*E(40)^12                                 x24
      -0.05040653   -7/4+11/4*E(40)^8-11/4*E(40)^12                              x12
      -0.05369544   7/2-23/4*E(40)^8+23/4*E(40)^12                               x4
      -0.05572809   -5+8*E(40)^8-8*E(40)^12                                      x1

### 3. global label dictionary  [75.8s]
  315 distinct exact inner-product values (RAW and SCALEFREE together); all real (conj-invariant); min separation of consecutive values = 6.281e-04
     label   0  ~ -572.2464150672   -208-90*E(40)-90*E(40)^3-56*E(40)^5+90*E(40)^7-128*E(40)^8-90*E(40)^9+128*E(40)^12+146*E(40)^15
     label   1  ~ -529.6797472626   -191-84*E(40)-84*E(40)^3-52*E(40)^5+84*E(40)^7-118*E(40)^8-84*E(40)^9+118*E(40)^12+136*E(40)^15
     label   2  ~ -491.9674775250   -356-220*E(40)^8+220*E(40)^12
     label   3  ~ -474.0232056150   -343-212*E(40)^8+212*E(40)^12
     label   4  ~ -462.9570747595   -168-73*E(40)-73*E(40)^3-45*E(40)^5+73*E(40)^7-104*E(40)^8-73*E(40)^9+104*E(40)^12+118*E(40)^15
     label   5  ~ -452.4005136196   -163-72*E(40)-72*E(40)^3-44*E(40)^5+72*E(40)^7-101*E(40)^8-72*E(40)^9+101*E(40)^12+116*E(40)^15
     label   6  ~ -444.9887637612   -322-199*E(40)^8+199*E(40)^12
     label   7  ~ -404.6393206037   -146-64*E(40)-64*E(40)^3-40*E(40)^5+64*E(40)^7-90*E(40)^8-64*E(40)^9+90*E(40)^12+104*E(40)^15
     label   8  ~ -398.0100499975   -288-178*E(40)^8+178*E(40)^12
     label   9  ~ -368.9756081437   -267-165*E(40)^8+165*E(40)^12
     label  10  ~ -351.0313362337   -254-157*E(40)^8+157*E(40)^12
     label  11  ~ -327.3600869608   -118-52*E(40)-52*E(40)^3-32*E(40)^5+52*E(40)^7-73*E(40)^8-52*E(40)^9+73*E(40)^12+84*E(40)^15
     label  12  ~ -321.9968943800   -233-144*E(40)^8+144*E(40)^12
     label  13  ~ -286.1232075336   -104-45*E(40)-45*E(40)^3-28*E(40)^5+45*E(40)^7-64*E(40)^8-45*E(40)^9+64*E(40)^12+73*E(40)^15
     label  14  ~ -275.0181806162   -199-123*E(40)^8+123*E(40)^12
     label  15  ~ -245.9837387625   -178-110*E(40)^8+110*E(40)^12
     label  16  ~ -202.3196603019   -73-32*E(40)-32*E(40)^3-20*E(40)^5+32*E(40)^7-45*E(40)^8-32*E(40)^9+45*E(40)^12+52*E(40)^15
     label  17  ~ -199.0050249987   -144-89*E(40)^8+89*E(40)^12
     label  18  ~ -176.8338672259   -64-28*E(40)-28*E(40)^3-17*E(40)^5+28*E(40)^7-40*E(40)^8-28*E(40)^9+40*E(40)^12+45*E(40)^15
     label  19  ~ -169.9705831450   -123-76*E(40)^8+76*E(40)^12
     label  20  ~ -152.0263112350   -110-68*E(40)^8+68*E(40)^12
     label  21  ~ -125.0404266589   -45-20*E(40)-20*E(40)^3-12*E(40)^5+20*E(40)^7-28*E(40)^8-20*E(40)^9+28*E(40)^12+32*E(40)^15
     label  22  ~ -122.9918693812   -89-55*E(40)^8+55*E(40)^12
     label  23  ~ -107.6656314600   -78-48*E(40)^8+48*E(40)^12
     label  24  ~ -87.1033255612   -63-39*E(40)^8+39*E(40)^12
     label  25  ~ -77.2792336430   -28-12*E(40)-12*E(40)^3-8*E(40)^5+12*E(40)^7-17*E(40)^8-12*E(40)^9+17*E(40)^12+20*E(40)^15
     label  26  ~ -76.0131556175   -55-34*E(40)^8+34*E(40)^12
     label  27  ~ -54.8328157300   -40-24*E(40)^8+24*E(40)^12
     label  28  ~ -53.8328157300   -39-24*E(40)^8+24*E(40)^12
     label  29  ~ -52.8328157300   -38-24*E(40)^8+24*E(40)^12
     label  30  ~ -52.7934405670   -20-8*E(40)-8*E(40)^3-5*E(40)^5+8*E(40)^7-12*E(40)^8-8*E(40)^9+12*E(40)^12+13*E(40)^15
     label  31  ~ -49.5967477525   -36-22*E(40)^8+22*E(40)^12
     label  32  ~ -48.8663895839   -17-8*E(40)-8*E(40)^3-5*E(40)^5+8*E(40)^7-21/2*E(40)^8-8*E(40)^9+21/2*E(40)^12+13*E(40)^15
     label  33  ~ -46.9787137637   -34-21*E(40)^8+21*E(40)^12
     label  34  ~ -44.3606797750   -32-20*E(40)^8+20*E(40)^12
     label  35  ~ -42.7107906103   -16-13/2*E(40)-13/2*E(40)^3-4*E(40)^5+13/2*E(40)^7-10*E(40)^8-13/2*E(40)^9+10*E(40)^12+21/2*E(40)^15
     label  36  ~ -41.7368794271   -29/2-7*E(40)-7*E(40)^3-4*E(40)^5+7*E(40)^7-9*E(40)^8-7*E(40)^9+9*E(40)^12+11*E(40)^15
     label  37  ~ -41.1246117975   -30-18*E(40)^8+18*E(40)^12
     label  38  ~ -39.1246117975   -28-18*E(40)^8+18*E(40)^12
     label  39  ~ -37.3305998271   -13-6*E(40)-6*E(40)^3-4*E(40)^5+6*E(40)^7-8*E(40)^8-6*E(40)^9+8*E(40)^12+10*E(40)^15
     label  40  ~ -35.8885438200   -26-16*E(40)^8+16*E(40)^12
     label  41  ~ -33.2705098312   -24-15*E(40)^8+15*E(40)^12
     label  42  ~ -30.6524758425   -22-14*E(40)^8+14*E(40)^12
     label  43  ~ -30.2010896703   -21/2-5*E(40)-5*E(40)^3-3*E(40)^5+5*E(40)^7-13/2*E(40)^8-5*E(40)^9+13/2*E(40)^12+8*E(40)^15
     label  44  ~ -27.4164078650   -20-12*E(40)^8+12*E(40)^12
     label  45  ~ -26.3967202835   -10-4*E(40)-4*E(40)^3-5/2*E(40)^5+4*E(40)^7-6*E(40)^8-4*E(40)^9+6*E(40)^12+13/2*E(40)^15
     label  46  ~ -22.1803398875   -16-10*E(40)^8+10*E(40)^12
     label  47  ~ -18.9442719100   -14-8*E(40)^8+8*E(40)^12
     label  48  ~ -18.7510863512   -8-3*E(40)-3*E(40)^3-E(40)^5+3*E(40)^7-4*E(40)^8-3*E(40)^9+4*E(40)^12+4*E(40)^15
     label  49  ~ -18.6652999136   -13/2-3*E(40)-3*E(40)^3-2*E(40)^5+3*E(40)^7-4*E(40)^8-3*E(40)^9+4*E(40)^12+5*E(40)^15
     label  50  ~ -16.9442719100   -12-8*E(40)^8+8*E(40)^12
     label  51  ~ -16.3140703267   -6-5/2*E(40)-5/2*E(40)^3-3/2*E(40)^5+5/2*E(40)^7-4*E(40)^8-5/2*E(40)^9+4*E(40)^12+4*E(40)^15
     label  52  ~ -13.7082039325   -10-6*E(40)^8+6*E(40)^12
     label  53  ~ -13.2590203135   -4-2*E(40)-2*E(40)^3-2*E(40)^5+2*E(40)^7-3*E(40)^8-2*E(40)^9+3*E(40)^12+4*E(40)^15
     label  54  ~ -11.5357897568   -4-2*E(40)-2*E(40)^3-E(40)^5+2*E(40)^7-5/2*E(40)^8-2*E(40)^9+5/2*E(40)^12+3*E(40)^15
     label  55  ~ -10.4721359550   -8-4*E(40)^8+4*E(40)^12
     label  56  ~  -9.3755431756   -4-3/2*E(40)-3/2*E(40)^3-1/2*E(40)^5+3/2*E(40)^7-2*E(40)^8-3/2*E(40)^9+2*E(40)^12+2*E(40)^15
     label  57  ~  -8.4721359550   -6-4*E(40)^8+4*E(40)^12
     label  58  ~  -7.8541019662   -6-3*E(40)^8+3*E(40)^12
     label  59  ~  -7.1295101568   -5/2-E(40)-E(40)^3-E(40)^5+E(40)^7-3/2*E(40)^8-E(40)^9+3/2*E(40)^12+2*E(40)^15
     label  60  ~  -6.3541019662   -9/2-3*E(40)^8+3*E(40)^12
     label  61  ~  -5.2360679775   -4-2*E(40)^8+2*E(40)^12
     label  62  ~  -4.2360679775   -3-2*E(40)^8+2*E(40)^12
     label  63  ~  -4.0000000000   -4
     label  64  ~  -3.9270509831   -3-3/2*E(40)^8+3/2*E(40)^12
     label  65  ~  -3.2360679775   -2-2*E(40)^8+2*E(40)^12
     label  66  ~  -3.1416407865   -12/5-6/5*E(40)^8+6/5*E(40)^12
     label  67  ~  -3.0000000000   -3
     label  68  ~  -2.6180339887   -2-E(40)^8+E(40)^12
     label  69  ~  -2.5416407865   -9/5-6/5*E(40)^8+6/5*E(40)^12
     label  70  ~  -2.4270509831   -3/2-3/2*E(40)^8+3/2*E(40)^12
     label  71  ~  -2.1931855588   -8+3*E(40)+3*E(40)^3+E(40)^5-3*E(40)^7-4*E(40)^8+3*E(40)^9+4*E(40)^12-4*E(40)^15
     label  72  ~  -2.1180339887   -3/2-E(40)^8+E(40)^12
     label  73  ~  -2.0393751630   -20+8*E(40)+8*E(40)^3+5*E(40)^5-8*E(40)^7-12*E(40)^8+8*E(40)^9+12*E(40)^12-13*E(40)^15
     label  74  ~  -2.0000000000   -2
     label  75  ~  -1.9702860527   -208+90*E(40)+90*E(40)^3+56*E(40)^5-90*E(40)^7-128*E(40)^8+90*E(40)^9+128*E(40)^12-146*E(40)^15
     label  76  ~  -1.9635254916   -3/2-3/4*E(40)^8+3/4*E(40)^12
     label  77  ~  -1.8876758202   17-8*E(40)-8*E(40)^3-5*E(40)^5+8*E(40)^7+21/2*E(40)^8-8*E(40)^9-21/2*E(40)^12+13*E(40)^15
     label  78  ~  -1.8237259177   191-84*E(40)-84*E(40)^3-52*E(40)^5+84*E(40)^7+118*E(40)^8-84*E(40)^9-118*E(40)^12+136*E(40)^15
     label  79  ~  -1.6498891647   -16+13/2*E(40)+13/2*E(40)^3+4*E(40)^5-13/2*E(40)^7-10*E(40)^8+13/2*E(40)^9+10*E(40)^12-21/2*E(40)^15
     label  80  ~  -1.6180339887   -1-E(40)^8+E(40)^12
     label  81  ~  -1.6122676296   29/2-7*E(40)-7*E(40)^3-4*E(40)^5+7*E(40)^7+9*E(40)^8-7*E(40)^9-9*E(40)^12+11*E(40)^15
     label  82  ~  -1.5939949004   -168+73*E(40)+73*E(40)^3+45*E(40)^5-73*E(40)^7-104*E(40)^8+73*E(40)^9+104*E(40)^12-118*E(40)^15
     label  83  ~  -1.5885254916   -9/8-3/4*E(40)^8+3/4*E(40)^12
     label  84  ~  -1.5708203932   -6/5-3/5*E(40)^8+3/5*E(40)^12
     label  85  ~  -1.5576478922   163-72*E(40)-72*E(40)^3-44*E(40)^5+72*E(40)^7+101*E(40)^8-72*E(40)^9-101*E(40)^12+116*E(40)^15
     label  86  ~  -1.5508163810   4-2*E(40)-2*E(40)^3-2*E(40)^5+2*E(40)^7+3*E(40)^8-2*E(40)^9-3*E(40)^12+4*E(40)^15
     label  87  ~  -1.5000000000   -3/2
     label  88  ~  -1.4420560071   13-6*E(40)-6*E(40)^3-4*E(40)^5+6*E(40)^7+8*E(40)^8-6*E(40)^9-8*E(40)^12+10*E(40)^15
     label  89  ~  -1.3932026288   146-64*E(40)-64*E(40)^3-40*E(40)^5+64*E(40)^7+90*E(40)^8-64*E(40)^9-90*E(40)^12+104*E(40)^15
     label  90  ~  -1.3090169944   -1-1/2*E(40)^8+1/2*E(40)^12
     label  91  ~  -1.1666478166   21/2-5*E(40)-5*E(40)^3-3*E(40)^5+5*E(40)^7+13/2*E(40)^8-5*E(40)^9-13/2*E(40)^12+8*E(40)^15
     label  92  ~  -1.1271246033   118-52*E(40)-52*E(40)^3-32*E(40)^5+52*E(40)^7+73*E(40)^8-52*E(40)^9-73*E(40)^12+84*E(40)^15
     label  93  ~  -1.0965927794   -4+3/2*E(40)+3/2*E(40)^3+1/2*E(40)^5-3/2*E(40)^7-2*E(40)^8+3/2*E(40)^9+2*E(40)^12-2*E(40)^15
     label  94  ~  -1.0196875815   -10+4*E(40)+4*E(40)^3+5/2*E(40)^5-4*E(40)^7-6*E(40)^8+4*E(40)^9+6*E(40)^12-13/2*E(40)^15
     label  95  ~  -1.0000000000   -1
     label  96  ~  -0.9851430264   -104+45*E(40)+45*E(40)^3+28*E(40)^5-45*E(40)^7-64*E(40)^8+45*E(40)^9+64*E(40)^12-73*E(40)^15
     label  97  ~  -0.9817627458   -3/4-3/8*E(40)^8+3/8*E(40)^12
     label  98  ~  -0.9708203932   -3/5-3/5*E(40)^8+3/5*E(40)^12
     label  99  ~  -0.9635254916   -1/2-3/4*E(40)^8+3/4*E(40)^12
     label 100  ~  -0.9256147934   -1/4*E(40)-1/4*E(40)^3-1/4*E(40)^5+1/4*E(40)^7-1/4*E(40)^9+1/2*E(40)^15
     label 101  ~  -0.9045084972   -3/4-1/4*E(40)^8+1/4*E(40)^12
     label 102  ~  -0.8090169944   -1/2-1/2*E(40)^8+1/2*E(40)^12
     label 103  ~  -0.7905694150   -1/2*E(40)-1/2*E(40)^3+1/4*E(40)^5+1/2*E(40)^7-1/2*E(40)^9+1/4*E(40)^15
     label 104  ~  -0.7500000000   -3/4
     label 105  ~  -0.7210280036   13/2-3*E(40)-3*E(40)^3-2*E(40)^5+3*E(40)^7+4*E(40)^8-3*E(40)^9-4*E(40)^12+5*E(40)^15
     label 106  ~  -0.7135254916   -1/4-3/4*E(40)^8+3/4*E(40)^12
     label 107  ~  -0.7071067812   -1/2*E(40)^5+1/2*E(40)^15
     label 108  ~  -0.6966013144   73-32*E(40)-32*E(40)^3-20*E(40)^5+32*E(40)^7+45*E(40)^8-32*E(40)^9-45*E(40)^12+52*E(40)^15
     label 109  ~  -0.6545084972   -1/2-1/4*E(40)^8+1/4*E(40)^12
     label 110  ~  -0.6302015833   -6+5/2*E(40)+5/2*E(40)^3+3/2*E(40)^5-5/2*E(40)^7-4*E(40)^8+5/2*E(40)^9+4*E(40)^12-4*E(40)^15
     label 111  ~  -0.6180339887   -E(40)^8+E(40)^12
     label 112  ~  -0.6088518741   -64+28*E(40)+28*E(40)^3+17*E(40)^5-28*E(40)^7-40*E(40)^8+28*E(40)^9+40*E(40)^12-45*E(40)^15
     label 113  ~  -0.6067627458   -3/8-3/8*E(40)^8+3/8*E(40)^12
     label 114  ~  -0.5720614028   -1/4*E(40)-1/4*E(40)^3+1/4*E(40)^7-1/4*E(40)^9+1/4*E(40)^15
     label 115  ~  -0.5590169944   -1/4-1/2*E(40)^8+1/2*E(40)^12
     label 116  ~  -0.5000000000   -1/2
     label 117  ~  -0.4456198130   4-2*E(40)-2*E(40)^3-E(40)^5+2*E(40)^7+5/2*E(40)^8-2*E(40)^9-5/2*E(40)^12+3*E(40)^15
     label 118  ~  -0.4305232889   45-20*E(40)-20*E(40)^3-12*E(40)^5+20*E(40)^7+28*E(40)^8-20*E(40)^9-28*E(40)^12+32*E(40)^15
     label 119  ~  -0.4045084972   -1/4-1/4*E(40)^8+1/4*E(40)^12
     label 120  ~  -0.3750000000   -3/8
     label 121  ~  -0.3535533906   -1/4*E(40)^5+1/4*E(40)^15
     label 122  ~  -0.3454915028   -1/2+1/4*E(40)^8-1/4*E(40)^12
     label 123  ~  -0.3090169944   -1/2*E(40)^8+1/2*E(40)^12
     label 124  ~  -0.2754081905   5/2-E(40)-E(40)^3-E(40)^5+E(40)^7+3/2*E(40)^8-E(40)^9-3/2*E(40)^12+2*E(40)^15
     label 125  ~  -0.2660780255   28-12*E(40)-12*E(40)^3-8*E(40)^5+12*E(40)^7+17*E(40)^8-12*E(40)^9-17*E(40)^12+20*E(40)^15
     label 126  ~  -0.2500000000   -1/4
     label 127  ~  -0.2185080122   -1/4*E(40)-1/4*E(40)^3+1/4*E(40)^5+1/4*E(40)^7-1/4*E(40)^9
     label 128  ~  -0.1545084972   -1/4*E(40)^8+1/4*E(40)^12
     label 129  ~  -0.1350453784   1/4*E(40)+1/4*E(40)^3-1/2*E(40)^5-1/4*E(40)^7+1/4*E(40)^9+1/4*E(40)^15
     label 130  ~  -0.0954915028   -1/4+1/4*E(40)^8-1/4*E(40)^12
     label 131  ~  -0.0557280900   -5+8*E(40)^8-8*E(40)^12
     label 132  ~  -0.0536954353   7/2-23/4*E(40)^8+23/4*E(40)^12
     label 133  ~  -0.0504065309   -7/4+11/4*E(40)^8-11/4*E(40)^12
     label 134  ~  -0.0450849719   3/2-5/2*E(40)^8+5/2*E(40)^12
     label 135  ~  -0.0417960675   -15/4+6*E(40)^8-6*E(40)^12
     label 136  ~  -0.0397634128   19/4-31/4*E(40)^8+31/4*E(40)^12
     label 137  ~  -0.0364745084   -1/2+3/4*E(40)^8-3/4*E(40)^12
     label 138  ~  -0.0311529494   11/4-9/2*E(40)^8+9/2*E(40)^12
     label 139  ~  -0.0278640450   -5/2+4*E(40)^8-4*E(40)^12
     label 140  ~  -0.0268477177   7/4-23/8*E(40)^8+23/8*E(40)^12
     label 141  ~  -0.0252032655   -7/8+11/8*E(40)^8-11/8*E(40)^12
     label 142  ~  -0.0225424859   3/4-5/4*E(40)^8+5/4*E(40)^12
     label 143  ~  -0.0208980338   -15/8+3*E(40)^8-3*E(40)^12
     label 144  ~  -0.0198817064   19/8-31/8*E(40)^8+31/8*E(40)^12
     label 145  ~  -0.0192535816   -9/2+29/4*E(40)^8-29/4*E(40)^12
     label 146  ~  -0.0182372542   -1/4+3/8*E(40)^8-3/8*E(40)^12
     label 147  ~  -0.0172209269   4-13/2*E(40)^8+13/2*E(40)^12
     label 148  ~  -0.0155764747   11/8-9/4*E(40)^8+9/4*E(40)^12
     label 149  ~  -0.0139320225   -5/4+2*E(40)^8-2*E(40)^12
     label 150  ~  -0.0112712430   3/8-5/8*E(40)^8+5/8*E(40)^12
     label 151  ~  -0.0096267908   -9/4+29/8*E(40)^8-29/8*E(40)^12
     label 152  ~  -0.0086104634   2-13/4*E(40)^8+13/4*E(40)^12
     label 153  ~  -0.0069660113   -5/8+E(40)^8-E(40)^12
     label 154  ~  -0.0053215591   -13/4+21/4*E(40)^8-21/4*E(40)^12
     label 155  ~  -0.0043052317   1-13/8*E(40)^8+13/8*E(40)^12
     label 156  ~  -0.0026607795   -13/8+21/8*E(40)^8-21/8*E(40)^12
     label 157  ~   0.0000000000   0
     label 158  ~   0.0026607795   13/8-21/8*E(40)^8+21/8*E(40)^12
     label 159  ~   0.0043052317   -1+13/8*E(40)^8-13/8*E(40)^12
     label 160  ~   0.0053215591   13/4-21/4*E(40)^8+21/4*E(40)^12
     label 161  ~   0.0069660113   5/8-E(40)^8+E(40)^12
     label 162  ~   0.0086104634   -2+13/4*E(40)^8-13/4*E(40)^12
     label 163  ~   0.0096267908   9/4-29/8*E(40)^8+29/8*E(40)^12
     label 164  ~   0.0112712430   -3/8+5/8*E(40)^8-5/8*E(40)^12
     label 165  ~   0.0139320225   5/4-2*E(40)^8+2*E(40)^12
     label 166  ~   0.0155764747   -11/8+9/4*E(40)^8-9/4*E(40)^12
     label 167  ~   0.0172209269   -4+13/2*E(40)^8-13/2*E(40)^12
     label 168  ~   0.0182372542   1/4-3/8*E(40)^8+3/8*E(40)^12
     label 169  ~   0.0192535816   9/2-29/4*E(40)^8+29/4*E(40)^12
     label 170  ~   0.0198817064   -19/8+31/8*E(40)^8-31/8*E(40)^12
     label 171  ~   0.0208980338   15/8-3*E(40)^8+3*E(40)^12
     label 172  ~   0.0225424859   -3/4+5/4*E(40)^8-5/4*E(40)^12
     label 173  ~   0.0252032655   7/8-11/8*E(40)^8+11/8*E(40)^12
     label 174  ~   0.0268477177   -7/4+23/8*E(40)^8-23/8*E(40)^12
     label 175  ~   0.0278640450   5/2-4*E(40)^8+4*E(40)^12
     label 176  ~   0.0311529494   -11/4+9/2*E(40)^8-9/2*E(40)^12
     label 177  ~   0.0364745084   1/2-3/4*E(40)^8+3/4*E(40)^12
     label 178  ~   0.0397634128   -19/4+31/4*E(40)^8-31/4*E(40)^12
     label 179  ~   0.0417960675   15/4-6*E(40)^8+6*E(40)^12
     label 180  ~   0.0450849719   -3/2+5/2*E(40)^8-5/2*E(40)^12
     label 181  ~   0.0504065309   7/4-11/4*E(40)^8+11/4*E(40)^12
     label 182  ~   0.0536954353   -7/2+23/4*E(40)^8-23/4*E(40)^12
     label 183  ~   0.0557280900   5-8*E(40)^8+8*E(40)^12
     label 184  ~   0.0954915028   1/4-1/4*E(40)^8+1/4*E(40)^12
     label 185  ~   0.1350453784   -1/4*E(40)-1/4*E(40)^3+1/2*E(40)^5+1/4*E(40)^7-1/4*E(40)^9-1/4*E(40)^15
     label 186  ~   0.1545084972   1/4*E(40)^8-1/4*E(40)^12
     label 187  ~   0.2185080122   1/4*E(40)+1/4*E(40)^3-1/4*E(40)^5-1/4*E(40)^7+1/4*E(40)^9
     label 188  ~   0.2500000000   1/4
     label 189  ~   0.2660780255   -28+12*E(40)+12*E(40)^3+8*E(40)^5-12*E(40)^7-17*E(40)^8+12*E(40)^9+17*E(40)^12-20*E(40)^15
     label 190  ~   0.2754081905   -5/2+E(40)+E(40)^3+E(40)^5-E(40)^7-3/2*E(40)^8+E(40)^9+3/2*E(40)^12-2*E(40)^15
     label 191  ~   0.3090169944   1/2*E(40)^8-1/2*E(40)^12
     label 192  ~   0.3454915028   1/2-1/4*E(40)^8+1/4*E(40)^12
     label 193  ~   0.3535533906   1/4*E(40)^5-1/4*E(40)^15
     label 194  ~   0.3750000000   3/8
     label 195  ~   0.4045084972   1/4+1/4*E(40)^8-1/4*E(40)^12
     label 196  ~   0.4305232889   -45+20*E(40)+20*E(40)^3+12*E(40)^5-20*E(40)^7-28*E(40)^8+20*E(40)^9+28*E(40)^12-32*E(40)^15
     label 197  ~   0.4456198130   -4+2*E(40)+2*E(40)^3+E(40)^5-2*E(40)^7-5/2*E(40)^8+2*E(40)^9+5/2*E(40)^12-3*E(40)^15
     label 198  ~   0.5000000000   1/2
     label 199  ~   0.5590169944   1/4+1/2*E(40)^8-1/2*E(40)^12
     label 200  ~   0.5720614028   1/4*E(40)+1/4*E(40)^3-1/4*E(40)^7+1/4*E(40)^9-1/4*E(40)^15
     label 201  ~   0.6067627458   3/8+3/8*E(40)^8-3/8*E(40)^12
     label 202  ~   0.6088518741   64-28*E(40)-28*E(40)^3-17*E(40)^5+28*E(40)^7+40*E(40)^8-28*E(40)^9-40*E(40)^12+45*E(40)^15
     label 203  ~   0.6180339887   E(40)^8-E(40)^12
     label 204  ~   0.6302015833   6-5/2*E(40)-5/2*E(40)^3-3/2*E(40)^5+5/2*E(40)^7+4*E(40)^8-5/2*E(40)^9-4*E(40)^12+4*E(40)^15
     label 205  ~   0.6545084972   1/2+1/4*E(40)^8-1/4*E(40)^12
     label 206  ~   0.6966013144   -73+32*E(40)+32*E(40)^3+20*E(40)^5-32*E(40)^7-45*E(40)^8+32*E(40)^9+45*E(40)^12-52*E(40)^15
     label 207  ~   0.7071067812   1/2*E(40)^5-1/2*E(40)^15
     label 208  ~   0.7135254916   1/4+3/4*E(40)^8-3/4*E(40)^12
     label 209  ~   0.7210280036   -13/2+3*E(40)+3*E(40)^3+2*E(40)^5-3*E(40)^7-4*E(40)^8+3*E(40)^9+4*E(40)^12-5*E(40)^15
     label 210  ~   0.7500000000   3/4
     label 211  ~   0.7905694150   1/2*E(40)+1/2*E(40)^3-1/4*E(40)^5-1/2*E(40)^7+1/2*E(40)^9-1/4*E(40)^15
     label 212  ~   0.8090169944   1/2+1/2*E(40)^8-1/2*E(40)^12
     label 213  ~   0.9045084972   3/4+1/4*E(40)^8-1/4*E(40)^12
     label 214  ~   0.9256147934   1/4*E(40)+1/4*E(40)^3+1/4*E(40)^5-1/4*E(40)^7+1/4*E(40)^9-1/2*E(40)^15
     label 215  ~   0.9635254916   1/2+3/4*E(40)^8-3/4*E(40)^12
     label 216  ~   0.9708203932   3/5+3/5*E(40)^8-3/5*E(40)^12
     label 217  ~   0.9817627458   3/4+3/8*E(40)^8-3/8*E(40)^12
     label 218  ~   0.9851430264   104-45*E(40)-45*E(40)^3-28*E(40)^5+45*E(40)^7+64*E(40)^8-45*E(40)^9-64*E(40)^12+73*E(40)^15
     label 219  ~   1.0000000000   1
     label 220  ~   1.0196875815   10-4*E(40)-4*E(40)^3-5/2*E(40)^5+4*E(40)^7+6*E(40)^8-4*E(40)^9-6*E(40)^12+13/2*E(40)^15
     label 221  ~   1.0965927794   4-3/2*E(40)-3/2*E(40)^3-1/2*E(40)^5+3/2*E(40)^7+2*E(40)^8-3/2*E(40)^9-2*E(40)^12+2*E(40)^15
     label 222  ~   1.1271246033   -118+52*E(40)+52*E(40)^3+32*E(40)^5-52*E(40)^7-73*E(40)^8+52*E(40)^9+73*E(40)^12-84*E(40)^15
     label 223  ~   1.1666478166   -21/2+5*E(40)+5*E(40)^3+3*E(40)^5-5*E(40)^7-13/2*E(40)^8+5*E(40)^9+13/2*E(40)^12-8*E(40)^15
     label 224  ~   1.3090169944   1+1/2*E(40)^8-1/2*E(40)^12
     label 225  ~   1.3932026288   -146+64*E(40)+64*E(40)^3+40*E(40)^5-64*E(40)^7-90*E(40)^8+64*E(40)^9+90*E(40)^12-104*E(40)^15
     label 226  ~   1.4420560071   -13+6*E(40)+6*E(40)^3+4*E(40)^5-6*E(40)^7-8*E(40)^8+6*E(40)^9+8*E(40)^12-10*E(40)^15
     label 227  ~   1.5000000000   3/2
     label 228  ~   1.5508163810   -4+2*E(40)+2*E(40)^3+2*E(40)^5-2*E(40)^7-3*E(40)^8+2*E(40)^9+3*E(40)^12-4*E(40)^15
     label 229  ~   1.5576478922   -163+72*E(40)+72*E(40)^3+44*E(40)^5-72*E(40)^7-101*E(40)^8+72*E(40)^9+101*E(40)^12-116*E(40)^15
     label 230  ~   1.5708203932   6/5+3/5*E(40)^8-3/5*E(40)^12
     label 231  ~   1.5885254916   9/8+3/4*E(40)^8-3/4*E(40)^12
     label 232  ~   1.5939949004   168-73*E(40)-73*E(40)^3-45*E(40)^5+73*E(40)^7+104*E(40)^8-73*E(40)^9-104*E(40)^12+118*E(40)^15
     label 233  ~   1.6122676296   -29/2+7*E(40)+7*E(40)^3+4*E(40)^5-7*E(40)^7-9*E(40)^8+7*E(40)^9+9*E(40)^12-11*E(40)^15
     label 234  ~   1.6180339887   1+E(40)^8-E(40)^12
     label 235  ~   1.6498891647   16-13/2*E(40)-13/2*E(40)^3-4*E(40)^5+13/2*E(40)^7+10*E(40)^8-13/2*E(40)^9-10*E(40)^12+21/2*E(40)^15
     label 236  ~   1.8237259177   -191+84*E(40)+84*E(40)^3+52*E(40)^5-84*E(40)^7-118*E(40)^8+84*E(40)^9+118*E(40)^12-136*E(40)^15
     label 237  ~   1.8876758202   -17+8*E(40)+8*E(40)^3+5*E(40)^5-8*E(40)^7-21/2*E(40)^8+8*E(40)^9+21/2*E(40)^12-13*E(40)^15
     label 238  ~   1.9635254916   3/2+3/4*E(40)^8-3/4*E(40)^12
     label 239  ~   1.9702860527   208-90*E(40)-90*E(40)^3-56*E(40)^5+90*E(40)^7+128*E(40)^8-90*E(40)^9-128*E(40)^12+146*E(40)^15
     label 240  ~   2.0000000000   2
     label 241  ~   2.0393751630   20-8*E(40)-8*E(40)^3-5*E(40)^5+8*E(40)^7+12*E(40)^8-8*E(40)^9-12*E(40)^12+13*E(40)^15
     label 242  ~   2.1180339887   3/2+E(40)^8-E(40)^12
     label 243  ~   2.1931855588   8-3*E(40)-3*E(40)^3-E(40)^5+3*E(40)^7+4*E(40)^8-3*E(40)^9-4*E(40)^12+4*E(40)^15
     label 244  ~   2.4270509831   3/2+3/2*E(40)^8-3/2*E(40)^12
     label 245  ~   2.5416407865   9/5+6/5*E(40)^8-6/5*E(40)^12
     label 246  ~   2.6180339887   2+E(40)^8-E(40)^12
     label 247  ~   3.0000000000   3
     label 248  ~   3.1416407865   12/5+6/5*E(40)^8-6/5*E(40)^12
     label 249  ~   3.2360679775   2+2*E(40)^8-2*E(40)^12
     label 250  ~   3.9270509831   3+3/2*E(40)^8-3/2*E(40)^12
     label 251  ~   4.0000000000   4
     label 252  ~   4.2360679775   3+2*E(40)^8-2*E(40)^12
     label 253  ~   5.2360679775   4+2*E(40)^8-2*E(40)^12
     label 254  ~   6.3541019662   9/2+3*E(40)^8-3*E(40)^12
     label 255  ~   7.1295101568   5/2+E(40)+E(40)^3+E(40)^5-E(40)^7+3/2*E(40)^8+E(40)^9-3/2*E(40)^12-2*E(40)^15
     label 256  ~   7.8541019662   6+3*E(40)^8-3*E(40)^12
     label 257  ~   8.4721359550   6+4*E(40)^8-4*E(40)^12
     label 258  ~   9.3755431756   4+3/2*E(40)+3/2*E(40)^3+1/2*E(40)^5-3/2*E(40)^7+2*E(40)^8+3/2*E(40)^9-2*E(40)^12-2*E(40)^15
     label 259  ~  10.4721359550   8+4*E(40)^8-4*E(40)^12
     label 260  ~  11.5357897568   4+2*E(40)+2*E(40)^3+E(40)^5-2*E(40)^7+5/2*E(40)^8+2*E(40)^9-5/2*E(40)^12-3*E(40)^15
     label 261  ~  13.2590203135   4+2*E(40)+2*E(40)^3+2*E(40)^5-2*E(40)^7+3*E(40)^8+2*E(40)^9-3*E(40)^12-4*E(40)^15
     label 262  ~  13.7082039325   10+6*E(40)^8-6*E(40)^12
     label 263  ~  16.3140703267   6+5/2*E(40)+5/2*E(40)^3+3/2*E(40)^5-5/2*E(40)^7+4*E(40)^8+5/2*E(40)^9-4*E(40)^12-4*E(40)^15
     label 264  ~  16.9442719100   12+8*E(40)^8-8*E(40)^12
     label 265  ~  18.6652999136   13/2+3*E(40)+3*E(40)^3+2*E(40)^5-3*E(40)^7+4*E(40)^8+3*E(40)^9-4*E(40)^12-5*E(40)^15
     label 266  ~  18.7510863512   8+3*E(40)+3*E(40)^3+E(40)^5-3*E(40)^7+4*E(40)^8+3*E(40)^9-4*E(40)^12-4*E(40)^15
     label 267  ~  18.9442719100   14+8*E(40)^8-8*E(40)^12
     label 268  ~  22.1803398875   16+10*E(40)^8-10*E(40)^12
     label 269  ~  26.3967202835   10+4*E(40)+4*E(40)^3+5/2*E(40)^5-4*E(40)^7+6*E(40)^8+4*E(40)^9-6*E(40)^12-13/2*E(40)^15
     label 270  ~  27.4164078650   20+12*E(40)^8-12*E(40)^12
     label 271  ~  30.2010896703   21/2+5*E(40)+5*E(40)^3+3*E(40)^5-5*E(40)^7+13/2*E(40)^8+5*E(40)^9-13/2*E(40)^12-8*E(40)^15
     label 272  ~  30.6524758425   22+14*E(40)^8-14*E(40)^12
     label 273  ~  33.2705098312   24+15*E(40)^8-15*E(40)^12
     label 274  ~  35.8885438200   26+16*E(40)^8-16*E(40)^12
     label 275  ~  37.3305998271   13+6*E(40)+6*E(40)^3+4*E(40)^5-6*E(40)^7+8*E(40)^8+6*E(40)^9-8*E(40)^12-10*E(40)^15
     label 276  ~  39.1246117975   28+18*E(40)^8-18*E(40)^12
     label 277  ~  41.1246117975   30+18*E(40)^8-18*E(40)^12
     label 278  ~  41.7368794271   29/2+7*E(40)+7*E(40)^3+4*E(40)^5-7*E(40)^7+9*E(40)^8+7*E(40)^9-9*E(40)^12-11*E(40)^15
     label 279  ~  42.7107906103   16+13/2*E(40)+13/2*E(40)^3+4*E(40)^5-13/2*E(40)^7+10*E(40)^8+13/2*E(40)^9-10*E(40)^12-21/2*E(40)^15
     label 280  ~  44.3606797750   32+20*E(40)^8-20*E(40)^12
     label 281  ~  46.9787137637   34+21*E(40)^8-21*E(40)^12
     label 282  ~  48.8663895839   17+8*E(40)+8*E(40)^3+5*E(40)^5-8*E(40)^7+21/2*E(40)^8+8*E(40)^9-21/2*E(40)^12-13*E(40)^15
     label 283  ~  49.5967477525   36+22*E(40)^8-22*E(40)^12
     label 284  ~  52.7934405670   20+8*E(40)+8*E(40)^3+5*E(40)^5-8*E(40)^7+12*E(40)^8+8*E(40)^9-12*E(40)^12-13*E(40)^15
     label 285  ~  52.8328157300   38+24*E(40)^8-24*E(40)^12
     label 286  ~  53.8328157300   39+24*E(40)^8-24*E(40)^12
     label 287  ~  54.8328157300   40+24*E(40)^8-24*E(40)^12
     label 288  ~  76.0131556175   55+34*E(40)^8-34*E(40)^12
     label 289  ~  77.2792336430   28+12*E(40)+12*E(40)^3+8*E(40)^5-12*E(40)^7+17*E(40)^8+12*E(40)^9-17*E(40)^12-20*E(40)^15
     label 290  ~  87.1033255612   63+39*E(40)^8-39*E(40)^12
     label 291  ~ 107.6656314600   78+48*E(40)^8-48*E(40)^12
     label 292  ~ 122.9918693812   89+55*E(40)^8-55*E(40)^12
     label 293  ~ 125.0404266589   45+20*E(40)+20*E(40)^3+12*E(40)^5-20*E(40)^7+28*E(40)^8+20*E(40)^9-28*E(40)^12-32*E(40)^15
     label 294  ~ 152.0263112350   110+68*E(40)^8-68*E(40)^12
     label 295  ~ 169.9705831450   123+76*E(40)^8-76*E(40)^12
     label 296  ~ 176.8338672259   64+28*E(40)+28*E(40)^3+17*E(40)^5-28*E(40)^7+40*E(40)^8+28*E(40)^9-40*E(40)^12-45*E(40)^15
     label 297  ~ 199.0050249987   144+89*E(40)^8-89*E(40)^12
     label 298  ~ 202.3196603019   73+32*E(40)+32*E(40)^3+20*E(40)^5-32*E(40)^7+45*E(40)^8+32*E(40)^9-45*E(40)^12-52*E(40)^15
     label 299  ~ 245.9837387625   178+110*E(40)^8-110*E(40)^12
     label 300  ~ 275.0181806162   199+123*E(40)^8-123*E(40)^12
     label 301  ~ 286.1232075336   104+45*E(40)+45*E(40)^3+28*E(40)^5-45*E(40)^7+64*E(40)^8+45*E(40)^9-64*E(40)^12-73*E(40)^15
     label 302  ~ 321.9968943800   233+144*E(40)^8-144*E(40)^12
     label 303  ~ 327.3600869608   118+52*E(40)+52*E(40)^3+32*E(40)^5-52*E(40)^7+73*E(40)^8+52*E(40)^9-73*E(40)^12-84*E(40)^15
     label 304  ~ 351.0313362337   254+157*E(40)^8-157*E(40)^12
     label 305  ~ 368.9756081437   267+165*E(40)^8-165*E(40)^12
     label 306  ~ 398.0100499975   288+178*E(40)^8-178*E(40)^12
     label 307  ~ 404.6393206037   146+64*E(40)+64*E(40)^3+40*E(40)^5-64*E(40)^7+90*E(40)^8+64*E(40)^9-90*E(40)^12-104*E(40)^15
     label 308  ~ 444.9887637612   322+199*E(40)^8-199*E(40)^12
     label 309  ~ 452.4005136196   163+72*E(40)+72*E(40)^3+44*E(40)^5-72*E(40)^7+101*E(40)^8+72*E(40)^9-101*E(40)^12-116*E(40)^15
     label 310  ~ 462.9570747595   168+73*E(40)+73*E(40)^3+45*E(40)^5-73*E(40)^7+104*E(40)^8+73*E(40)^9-104*E(40)^12-118*E(40)^15
     label 311  ~ 474.0232056150   343+212*E(40)^8-212*E(40)^12
     label 312  ~ 491.9674775250   356+220*E(40)^8-220*E(40)^12
     label 313  ~ 529.6797472626   191+84*E(40)+84*E(40)^3+52*E(40)^5-84*E(40)^7+118*E(40)^8+84*E(40)^9-118*E(40)^12-136*E(40)^15
     label 314  ~ 572.2464150672   208+90*E(40)+90*E(40)^3+56*E(40)^5-90*E(40)^7+128*E(40)^8+90*E(40)^9-128*E(40)^12-146*E(40)^15

### 4. canonical forms  [75.9s]

--- L3-{4,3,3}-1: 4 neighbours of w, 24 ordered triples, 24 admissible (independent) bases, 0 dependent
  [ok]   at least one admissible basis at w
  RAW: 24 stage-1 minimisers, 12 minimising bases [(0, 1, 3, 8), (0, 1, 4, 3), (0, 1, 8, 4), (0, 3, 1, 4), (0, 3, 4, 8), (0, 3, 8, 1), (0, 4, 1, 8), (0, 4, 3, 1)], signs [-1] -> oriented sign -1
       sha256(unoriented) = ea140d93fd85ddceec82a406c162533577f5ded9314b9cfa91d187af43c9c920
       sha256(oriented)   = 80b3c397a3196722efcaa285f13a7d546d1e22b6c0be4727ff9cfa760ff967da
       minimising basis b = (0, 1, 3, 8) :
          [ 1/2, 1/2, 1/2, 3/2 ]
          [ 1/2, 3/2, -1/2, 1/2 ]
          [ -1/2, 1/2, 3/2, 1/2 ]
          [ 3/2, -1/2, 1/2, 1/2 ]
  SF : 24 stage-1 minimisers, 12 minimising bases [(0, 1, 3, 8), (0, 1, 4, 3), (0, 1, 8, 4), (0, 3, 1, 4), (0, 3, 4, 8), (0, 3, 8, 1), (0, 4, 1, 8), (0, 4, 3, 1)], signs [-1] -> oriented sign -1
       sha256(unoriented) = 436a548b2fb1d3ab218c159170d35d190b98d2653316a71d5db974b98bf61dda
       sha256(oriented)   = 9397b37e1e90d15b88793a024b4a6fbe0aeb3e437485c189a24dac4ff76842b3
       minimising basis b = (0, 1, 3, 8) :
          [ 1/2, 1/2, 1/2, 3/2 ]
          [ 1/2, 3/2, -1/2, 1/2 ]
          [ -1/2, 1/2, 3/2, 1/2 ]
          [ 3/2, -1/2, 1/2, 1/2 ]
  (0.1s)

--- L3-{4,3,3}-2: 4 neighbours of w, 24 ordered triples, 24 admissible (independent) bases, 0 dependent
  [ok]   at least one admissible basis at w
  RAW: 24 stage-1 minimisers, 12 minimising bases [(0, 1, 3, 8), (0, 1, 4, 3), (0, 1, 8, 4), (0, 3, 1, 4), (0, 3, 4, 8), (0, 3, 8, 1), (0, 4, 1, 8), (0, 4, 3, 1)], signs [-1] -> oriented sign -1
       sha256(unoriented) = 112dc5583b8bfdb55d4e19c3047380855458839e6a69d016e745987ae8471585
       sha256(oriented)   = 40b5c8612cd574cf120862d415c3cb99308ce6592007df599a4051372a09ae45
       minimising basis b = (0, 1, 3, 8) :
          [ -1/4, -1/4, -1/4, 3/4 ]
          [ -1/4, 3/4, 1/4, -1/4 ]
          [ 1/4, -1/4, 3/4, -1/4 ]
          [ 3/4, 1/4, -1/4, -1/4 ]
  SF : 24 stage-1 minimisers, 12 minimising bases [(0, 1, 3, 8), (0, 1, 4, 3), (0, 1, 8, 4), (0, 3, 1, 4), (0, 3, 4, 8), (0, 3, 8, 1), (0, 4, 1, 8), (0, 4, 3, 1)], signs [-1] -> oriented sign -1
       sha256(unoriented) = 9ef7b017f00529785ef310676c97aae9fbd58706a28694c6cd06db4a17ba4b47
       sha256(oriented)   = d312a911be02ae7e7d5798383b644cc1a9a8500b3f1bd0daea6bea23eeca2e8f
       minimising basis b = (0, 1, 3, 8) :
          [ -1/4, -1/4, -1/4, 3/4 ]
          [ -1/4, 3/4, 1/4, -1/4 ]
          [ 1/4, -1/4, 3/4, -1/4 ]
          [ 3/4, 1/4, -1/4, -1/4 ]
  (0.1s)

--- L3-{4,3,3}-3: 4 neighbours of w, 24 ordered triples, 24 admissible (independent) bases, 0 dependent
  [ok]   at least one admissible basis at w
  RAW: 24 stage-1 minimisers, 12 minimising bases [(0, 1, 3, 4), (0, 1, 4, 8), (0, 1, 8, 3), (0, 3, 1, 8), (0, 3, 4, 1), (0, 3, 8, 4), (0, 4, 1, 3), (0, 4, 3, 8)], signs [-1] -> oriented sign -1
       sha256(unoriented) = 9ef7b017f00529785ef310676c97aae9fbd58706a28694c6cd06db4a17ba4b47
       sha256(oriented)   = d312a911be02ae7e7d5798383b644cc1a9a8500b3f1bd0daea6bea23eeca2e8f
       minimising basis b = (0, 1, 3, 4) :
          [ -1/2, -1/2, -1/2, 1/2 ]
          [ -1/2, 1/2, 1/2, -1/2 ]
          [ 1/2, -1/2, 1/2, -1/2 ]
          [ 1/2, 1/2, 1/2, 1/2 ]
  SF : 24 stage-1 minimisers, 12 minimising bases [(0, 1, 3, 4), (0, 1, 4, 8), (0, 1, 8, 3), (0, 3, 1, 8), (0, 3, 4, 1), (0, 3, 8, 4), (0, 4, 1, 3), (0, 4, 3, 8)], signs [-1] -> oriented sign -1
       sha256(unoriented) = 9ef7b017f00529785ef310676c97aae9fbd58706a28694c6cd06db4a17ba4b47
       sha256(oriented)   = d312a911be02ae7e7d5798383b644cc1a9a8500b3f1bd0daea6bea23eeca2e8f
       minimising basis b = (0, 1, 3, 4) :
          [ -1/2, -1/2, -1/2, 1/2 ]
          [ -1/2, 1/2, 1/2, -1/2 ]
          [ 1/2, -1/2, 1/2, -1/2 ]
          [ 1/2, 1/2, 1/2, 1/2 ]
  (0.1s)

--- L3-{4,3,3}-6: 4 neighbours of w, 24 ordered triples, 24 admissible (independent) bases, 0 dependent
  [ok]   at least one admissible basis at w
  RAW: 24 stage-1 minimisers, 12 minimising bases [(0, 1, 3, 4), (0, 1, 4, 8), (0, 1, 8, 3), (0, 3, 1, 8), (0, 3, 4, 1), (0, 3, 8, 4), (0, 4, 1, 3), (0, 4, 3, 8)], signs [-1] -> oriented sign -1
       sha256(unoriented) = c72ade71b8d073b0f75d937f4f653a36c0adcb48c467050b7b8fe8a36c3861a4
       sha256(oriented)   = caea83d5bd2690ac98b23877ac71ad363d06d82b09582bc4312cc53fb66a4ba8
       minimising basis b = (0, 1, 3, 4) :
          [ 1, 1, 1, 1 ]
          [ 1, 1, -1, 1 ]
          [ -1, 1, 1, 1 ]
          [ 1, 1, 1, -1 ]
  SF : 24 stage-1 minimisers, 12 minimising bases [(0, 1, 3, 4), (0, 1, 4, 8), (0, 1, 8, 3), (0, 3, 1, 8), (0, 3, 4, 1), (0, 3, 8, 4), (0, 4, 1, 3), (0, 4, 3, 8)], signs [-1] -> oriented sign -1
       sha256(unoriented) = 436a548b2fb1d3ab218c159170d35d190b98d2653316a71d5db974b98bf61dda
       sha256(oriented)   = 9397b37e1e90d15b88793a024b4a6fbe0aeb3e437485c189a24dac4ff76842b3
       minimising basis b = (0, 1, 3, 4) :
          [ 1, 1, 1, 1 ]
          [ 1, 1, -1, 1 ]
          [ -1, 1, 1, 1 ]
          [ 1, 1, 1, -1 ]
  (0.1s)

--- L3-{5,3,3}-3: 4 neighbours of w, 24 ordered triples, 24 admissible (independent) bases, 0 dependent
  [ok]   at least one admissible basis at w
  RAW: 24 stage-1 minimisers, 12 minimising bases [(0, 1, 3, 8), (0, 1, 4, 3), (0, 1, 8, 4), (0, 3, 1, 4), (0, 3, 4, 8), (0, 3, 8, 1), (0, 4, 1, 8), (0, 4, 3, 1)], signs [1] -> oriented sign +1
       sha256(unoriented) = 77bbae64de562f2a2a648df14e11a0acacebc0d34e6205bc412fd3a816bf8f8c
       sha256(oriented)   = f41f597c0ab68208da3c26e2f60835868dc61fe9bb1bbeccc99a3de3f90ccdd3
       minimising basis b = (0, 1, 3, 8) :
          [ -31/2-19/2*E(40)^8+19/2*E(40)^12, 0, 4+5/2*E(40)^8-5/2*E(40)^12, 3/2+E(40)^8-E(40)^12 ]
          [ -29/2-9*E(40)^8+9*E(40)^12, -4-5/2*E(40)^8+5/2*E(40)^12, 5+3*E(40)^8-3*E(40)^12, 5/2+3/2*E(40)^8-3/2*E(40)^12 ]
          [ -29/2-9*E(40)^8+9*E(40)^12, 3/2+E(40)^8-E(40)^12, 13/2+4*E(40)^8-4*E(40)^12, -3/2-E(40)^8+E(40)^12 ]
          [ -29/2-9*E(40)^8+9*E(40)^12, 5/2+3/2*E(40)^8-3/2*E(40)^12, 4+5/2*E(40)^8-5/2*E(40)^12, 5+3*E(40)^8-3*E(40)^12 ]
  SF : 24 stage-1 minimisers, 12 minimising bases [(0, 1, 3, 8), (0, 1, 4, 3), (0, 1, 8, 4), (0, 3, 1, 4), (0, 3, 4, 8), (0, 3, 8, 1), (0, 4, 1, 8), (0, 4, 3, 1)], signs [1] -> oriented sign +1
       sha256(unoriented) = a347977ead8b7ec3d6c8fb439064884e853375b341b6b682f39c0b974cdc9956
       sha256(oriented)   = 35f67ba1f5ce5b56b348f3423777c4b28d2f4ff22f6be38a185974ea7253ec3b
       minimising basis b = (0, 1, 3, 8) :
          [ -31/2-19/2*E(40)^8+19/2*E(40)^12, 0, 4+5/2*E(40)^8-5/2*E(40)^12, 3/2+E(40)^8-E(40)^12 ]
          [ -29/2-9*E(40)^8+9*E(40)^12, -4-5/2*E(40)^8+5/2*E(40)^12, 5+3*E(40)^8-3*E(40)^12, 5/2+3/2*E(40)^8-3/2*E(40)^12 ]
          [ -29/2-9*E(40)^8+9*E(40)^12, 3/2+E(40)^8-E(40)^12, 13/2+4*E(40)^8-4*E(40)^12, -3/2-E(40)^8+E(40)^12 ]
          [ -29/2-9*E(40)^8+9*E(40)^12, 5/2+3/2*E(40)^8-3/2*E(40)^12, 4+5/2*E(40)^8-5/2*E(40)^12, 5+3*E(40)^8-3*E(40)^12 ]
  (1.6s)

--- L3-{5,3,3}-8: 4 neighbours of w, 24 ordered triples, 24 admissible (independent) bases, 0 dependent
  [ok]   at least one admissible basis at w
  RAW: 24 stage-1 minimisers, 12 minimising bases [(0, 1, 3, 4), (0, 1, 4, 8), (0, 1, 8, 3), (0, 3, 1, 8), (0, 3, 4, 1), (0, 3, 8, 4), (0, 4, 1, 3), (0, 4, 3, 8)], signs [1] -> oriented sign +1
       sha256(unoriented) = 81019391ed8a2f495de8e9ebc41bab0f8ff0ddfc29b74a4ad09222e94c1463d3
       sha256(oriented)   = 57d421c4637108e5b614a240b317116b803aedde7ba9b87c20ef9c2bf7daa77a
       minimising basis b = (0, 1, 3, 4) :
          [ -5-3*E(40)^8+3*E(40)^12, 0, 2+E(40)^8-E(40)^12, 1 ]
          [ -5-3*E(40)^8+3*E(40)^12, -1-E(40)^8+E(40)^12, 1+E(40)^8-E(40)^12, 1+E(40)^8-E(40)^12 ]
          [ -5-3*E(40)^8+3*E(40)^12, 0, 2+E(40)^8-E(40)^12, -1 ]
          [ -4-3*E(40)^8+3*E(40)^12, 0, 3+2*E(40)^8-2*E(40)^12, 1+E(40)^8-E(40)^12 ]
  SF : 24 stage-1 minimisers, 12 minimising bases [(0, 1, 3, 4), (0, 1, 4, 8), (0, 1, 8, 3), (0, 3, 1, 8), (0, 3, 4, 1), (0, 3, 8, 4), (0, 4, 1, 3), (0, 4, 3, 8)], signs [1] -> oriented sign +1
       sha256(unoriented) = a347977ead8b7ec3d6c8fb439064884e853375b341b6b682f39c0b974cdc9956
       sha256(oriented)   = 35f67ba1f5ce5b56b348f3423777c4b28d2f4ff22f6be38a185974ea7253ec3b
       minimising basis b = (0, 1, 3, 4) :
          [ -5-3*E(40)^8+3*E(40)^12, 0, 2+E(40)^8-E(40)^12, 1 ]
          [ -5-3*E(40)^8+3*E(40)^12, -1-E(40)^8+E(40)^12, 1+E(40)^8-E(40)^12, 1+E(40)^8-E(40)^12 ]
          [ -5-3*E(40)^8+3*E(40)^12, 0, 2+E(40)^8-E(40)^12, -1 ]
          [ -4-3*E(40)^8+3*E(40)^12, 0, 3+2*E(40)^8-2*E(40)^12, 1+E(40)^8-E(40)^12 ]
  (1.9s)

--- L3-{5,3,5/2}-1: 4 neighbours of w, 24 ordered triples, 24 admissible (independent) bases, 0 dependent
  [ok]   at least one admissible basis at w
  RAW: 12 stage-1 minimisers, 12 minimising bases [(0, 1, 3, 8), (0, 1, 4, 3), (0, 1, 8, 4), (0, 3, 1, 4), (0, 3, 4, 8), (0, 3, 8, 1), (0, 4, 1, 8), (0, 4, 3, 1)], signs [1] -> oriented sign +1
       sha256(unoriented) = c23d7d4db5a8f3ff8515629f873ffb298d6dfae5f681d37482b8e58a882d0f1d
       sha256(oriented)   = 77c3b25b147cac4087c091d5c54ba61fc274b6c1b9bc8d27d7e7889afc393eb1
       minimising basis b = (0, 1, 3, 8) :
          [ 7/2-2*E(40)-2*E(40)^3-E(40)^5+2*E(40)^7+2*E(40)^8-2*E(40)^9-2*E(40)^12+3*E(40)^15, 0, -15/2+3*E(40)+3*E(40)^3+2*E(40)^5-3*E(40)^7-9/2*E(40)^8+3*E(40)^9+9/2*E(40)^12-5*E(40)^15, -3+E(40)+E(40)^3+E(40)^5-E(40)^7-3/2*E(40)^8+E(40)^9+3/2*E(40)^12-2*E(40)^15 ]
          [ 5-2*E(40)-2*E(40)^3-E(40)^5+2*E(40)^7+3*E(40)^8-2*E(40)^9-3*E(40)^12+3*E(40)^15, 4-2*E(40)-2*E(40)^3-E(40)^5+2*E(40)^7+5/2*E(40)^8-2*E(40)^9-5/2*E(40)^12+3*E(40)^15, -7/2+2*E(40)+2*E(40)^3+E(40)^5-2*E(40)^7-5/2*E(40)^8+2*E(40)^9+5/2*E(40)^12-3*E(40)^15, -9/2+2*E(40)+2*E(40)^3+E(40)^5-2*E(40)^7-3*E(40)^8+2*E(40)^9+3*E(40)^12-3*E(40)^15 ]
          [ 5-2*E(40)-2*E(40)^3-E(40)^5+2*E(40)^7+3*E(40)^8-2*E(40)^9-3*E(40)^12+3*E(40)^15, 1/2+1/2*E(40)^8-1/2*E(40)^12, -13/2+3*E(40)+3*E(40)^3+2*E(40)^5-3*E(40)^7-4*E(40)^8+3*E(40)^9+4*E(40)^12-5*E(40)^15, 3-E(40)-E(40)^3-E(40)^5+E(40)^7+3/2*E(40)^8-E(40)^9-3/2*E(40)^12+2*E(40)^15 ]
          [ 5-2*E(40)-2*E(40)^3-E(40)^5+2*E(40)^7+3*E(40)^8-2*E(40)^9-3*E(40)^12+3*E(40)^15, -9/2+2*E(40)+2*E(40)^3+E(40)^5-2*E(40)^7-3*E(40)^8+2*E(40)^9+3*E(40)^12-3*E(40)^15, -4+2*E(40)+2*E(40)^3+E(40)^5-2*E(40)^7-5/2*E(40)^8+2*E(40)^9+5/2*E(40)^12-3*E(40)^15, -7/2+2*E(40)+2*E(40)^3+E(40)^5-2*E(40)^7-5/2*E(40)^8+2*E(40)^9+5/2*E(40)^12-3*E(40)^15 ]
  SF : 12 stage-1 minimisers, 12 minimising bases [(0, 1, 3, 8), (0, 1, 4, 3), (0, 1, 8, 4), (0, 3, 1, 4), (0, 3, 4, 8), (0, 3, 8, 1), (0, 4, 1, 8), (0, 4, 3, 1)], signs [1] -> oriented sign +1
       sha256(unoriented) = 1df5248fb0135b053501a8ef6fb9b1ea8cd2c47e4b689e5db20dadf7107765e8
       sha256(oriented)   = 371c29e0fe9255ebd0b698388e028ef9e9c7cce17093c86174a78a188e4e58fd
       minimising basis b = (0, 1, 3, 8) :
          [ 7/2-2*E(40)-2*E(40)^3-E(40)^5+2*E(40)^7+2*E(40)^8-2*E(40)^9-2*E(40)^12+3*E(40)^15, 0, -15/2+3*E(40)+3*E(40)^3+2*E(40)^5-3*E(40)^7-9/2*E(40)^8+3*E(40)^9+9/2*E(40)^12-5*E(40)^15, -3+E(40)+E(40)^3+E(40)^5-E(40)^7-3/2*E(40)^8+E(40)^9+3/2*E(40)^12-2*E(40)^15 ]
          [ 5-2*E(40)-2*E(40)^3-E(40)^5+2*E(40)^7+3*E(40)^8-2*E(40)^9-3*E(40)^12+3*E(40)^15, 4-2*E(40)-2*E(40)^3-E(40)^5+2*E(40)^7+5/2*E(40)^8-2*E(40)^9-5/2*E(40)^12+3*E(40)^15, -7/2+2*E(40)+2*E(40)^3+E(40)^5-2*E(40)^7-5/2*E(40)^8+2*E(40)^9+5/2*E(40)^12-3*E(40)^15, -9/2+2*E(40)+2*E(40)^3+E(40)^5-2*E(40)^7-3*E(40)^8+2*E(40)^9+3*E(40)^12-3*E(40)^15 ]
          [ 5-2*E(40)-2*E(40)^3-E(40)^5+2*E(40)^7+3*E(40)^8-2*E(40)^9-3*E(40)^12+3*E(40)^15, 1/2+1/2*E(40)^8-1/2*E(40)^12, -13/2+3*E(40)+3*E(40)^3+2*E(40)^5-3*E(40)^7-4*E(40)^8+3*E(40)^9+4*E(40)^12-5*E(40)^15, 3-E(40)-E(40)^3-E(40)^5+E(40)^7+3/2*E(40)^8-E(40)^9-3/2*E(40)^12+2*E(40)^15 ]
          [ 5-2*E(40)-2*E(40)^3-E(40)^5+2*E(40)^7+3*E(40)^8-2*E(40)^9-3*E(40)^12+3*E(40)^15, -9/2+2*E(40)+2*E(40)^3+E(40)^5-2*E(40)^7-3*E(40)^8+2*E(40)^9+3*E(40)^12-3*E(40)^15, -4+2*E(40)+2*E(40)^3+E(40)^5-2*E(40)^7-5/2*E(40)^8+2*E(40)^9+5/2*E(40)^12-3*E(40)^15, -7/2+2*E(40)+2*E(40)^3+E(40)^5-2*E(40)^7-5/2*E(40)^8+2*E(40)^9+5/2*E(40)^12-3*E(40)^15 ]
  (0.4s)

--- L3-{5,3,5/2}-2: 4 neighbours of w, 24 ordered triples, 24 admissible (independent) bases, 0 dependent
  [ok]   at least one admissible basis at w
  RAW: 12 stage-1 minimisers, 12 minimising bases [(0, 1, 3, 8), (0, 1, 4, 3), (0, 1, 8, 4), (0, 3, 1, 4), (0, 3, 4, 8), (0, 3, 8, 1), (0, 4, 1, 8), (0, 4, 3, 1)], signs [-1] -> oriented sign -1
       sha256(unoriented) = f17e4e4f6b28c5e23ad309ee1edb78c05c1f3ae3697d8e8753496777a0b9dc87
       sha256(oriented)   = 91e172f8c4d4243134e2377677c87243d1699887fd6adb1a886f32870871042f
       minimising basis b = (0, 1, 3, 8) :
          [ 7/2+2*E(40)+2*E(40)^3+E(40)^5-2*E(40)^7+2*E(40)^8+2*E(40)^9-2*E(40)^12-3*E(40)^15, 0, -15/2-3*E(40)-3*E(40)^3-2*E(40)^5+3*E(40)^7-9/2*E(40)^8-3*E(40)^9+9/2*E(40)^12+5*E(40)^15, -3-E(40)-E(40)^3-E(40)^5+E(40)^7-3/2*E(40)^8-E(40)^9+3/2*E(40)^12+2*E(40)^15 ]
          [ 5+2*E(40)+2*E(40)^3+E(40)^5-2*E(40)^7+3*E(40)^8+2*E(40)^9-3*E(40)^12-3*E(40)^15, 4+2*E(40)+2*E(40)^3+E(40)^5-2*E(40)^7+5/2*E(40)^8+2*E(40)^9-5/2*E(40)^12-3*E(40)^15, -7/2-2*E(40)-2*E(40)^3-E(40)^5+2*E(40)^7-5/2*E(40)^8-2*E(40)^9+5/2*E(40)^12+3*E(40)^15, -9/2-2*E(40)-2*E(40)^3-E(40)^5+2*E(40)^7-3*E(40)^8-2*E(40)^9+3*E(40)^12+3*E(40)^15 ]
          [ 5+2*E(40)+2*E(40)^3+E(40)^5-2*E(40)^7+3*E(40)^8+2*E(40)^9-3*E(40)^12-3*E(40)^15, 1/2+1/2*E(40)^8-1/2*E(40)^12, -13/2-3*E(40)-3*E(40)^3-2*E(40)^5+3*E(40)^7-4*E(40)^8-3*E(40)^9+4*E(40)^12+5*E(40)^15, 3+E(40)+E(40)^3+E(40)^5-E(40)^7+3/2*E(40)^8+E(40)^9-3/2*E(40)^12-2*E(40)^15 ]
          [ 5+2*E(40)+2*E(40)^3+E(40)^5-2*E(40)^7+3*E(40)^8+2*E(40)^9-3*E(40)^12-3*E(40)^15, -9/2-2*E(40)-2*E(40)^3-E(40)^5+2*E(40)^7-3*E(40)^8-2*E(40)^9+3*E(40)^12+3*E(40)^15, -4-2*E(40)-2*E(40)^3-E(40)^5+2*E(40)^7-5/2*E(40)^8-2*E(40)^9+5/2*E(40)^12+3*E(40)^15, -7/2-2*E(40)-2*E(40)^3-E(40)^5+2*E(40)^7-5/2*E(40)^8-2*E(40)^9+5/2*E(40)^12+3*E(40)^15 ]
  SF : 12 stage-1 minimisers, 12 minimising bases [(0, 1, 3, 8), (0, 1, 4, 3), (0, 1, 8, 4), (0, 3, 1, 4), (0, 3, 4, 8), (0, 3, 8, 1), (0, 4, 1, 8), (0, 4, 3, 1)], signs [-1] -> oriented sign -1
       sha256(unoriented) = d8d8ad2e205dbf061326eca32d06ee0396c318909520dc870261070c1098afc3
       sha256(oriented)   = f11638e131b8d33bcf6c52a4cff588c095454b6a2890140f18dda8e47cc97586
       minimising basis b = (0, 1, 3, 8) :
          [ 7/2+2*E(40)+2*E(40)^3+E(40)^5-2*E(40)^7+2*E(40)^8+2*E(40)^9-2*E(40)^12-3*E(40)^15, 0, -15/2-3*E(40)-3*E(40)^3-2*E(40)^5+3*E(40)^7-9/2*E(40)^8-3*E(40)^9+9/2*E(40)^12+5*E(40)^15, -3-E(40)-E(40)^3-E(40)^5+E(40)^7-3/2*E(40)^8-E(40)^9+3/2*E(40)^12+2*E(40)^15 ]
          [ 5+2*E(40)+2*E(40)^3+E(40)^5-2*E(40)^7+3*E(40)^8+2*E(40)^9-3*E(40)^12-3*E(40)^15, 4+2*E(40)+2*E(40)^3+E(40)^5-2*E(40)^7+5/2*E(40)^8+2*E(40)^9-5/2*E(40)^12-3*E(40)^15, -7/2-2*E(40)-2*E(40)^3-E(40)^5+2*E(40)^7-5/2*E(40)^8-2*E(40)^9+5/2*E(40)^12+3*E(40)^15, -9/2-2*E(40)-2*E(40)^3-E(40)^5+2*E(40)^7-3*E(40)^8-2*E(40)^9+3*E(40)^12+3*E(40)^15 ]
          [ 5+2*E(40)+2*E(40)^3+E(40)^5-2*E(40)^7+3*E(40)^8+2*E(40)^9-3*E(40)^12-3*E(40)^15, 1/2+1/2*E(40)^8-1/2*E(40)^12, -13/2-3*E(40)-3*E(40)^3-2*E(40)^5+3*E(40)^7-4*E(40)^8-3*E(40)^9+4*E(40)^12+5*E(40)^15, 3+E(40)+E(40)^3+E(40)^5-E(40)^7+3/2*E(40)^8+E(40)^9-3/2*E(40)^12-2*E(40)^15 ]
          [ 5+2*E(40)+2*E(40)^3+E(40)^5-2*E(40)^7+3*E(40)^8+2*E(40)^9-3*E(40)^12-3*E(40)^15, -9/2-2*E(40)-2*E(40)^3-E(40)^5+2*E(40)^7-3*E(40)^8-2*E(40)^9+3*E(40)^12+3*E(40)^15, -4-2*E(40)-2*E(40)^3-E(40)^5+2*E(40)^7-5/2*E(40)^8-2*E(40)^9+5/2*E(40)^12+3*E(40)^15, -7/2-2*E(40)-2*E(40)^3-E(40)^5+2*E(40)^7-5/2*E(40)^8-2*E(40)^9+5/2*E(40)^12+3*E(40)^15 ]
  (0.6s)

--- L3-{5,3,5/2}-3: 4 neighbours of w, 24 ordered triples, 24 admissible (independent) bases, 0 dependent
  [ok]   at least one admissible basis at w
  RAW: 12 stage-1 minimisers, 12 minimising bases [(0, 1, 3, 4), (0, 1, 4, 8), (0, 1, 8, 3), (0, 3, 1, 8), (0, 3, 4, 1), (0, 3, 8, 4), (0, 4, 1, 3), (0, 4, 3, 8)], signs [-1] -> oriented sign -1
       sha256(unoriented) = 670ca37c72fb409cc570375cfec630764a1631b3321a700a4cc8e144b6dbb1ff
       sha256(oriented)   = 60291d8ce5fc2107e64896466373fef2cebe009ad37034c280b40a576b51800d
       minimising basis b = (0, 1, 3, 4) :
          [ -2-1/2*E(40)-1/2*E(40)^3-1/2*E(40)^5+1/2*E(40)^7-3/2*E(40)^8-1/2*E(40)^9+3/2*E(40)^12+E(40)^15, 0, 3/2+E(40)+E(40)^3+1/2*E(40)^5-E(40)^7+E(40)^8+E(40)^9-E(40)^12-3/2*E(40)^15, 1/2+1/2*E(40)+1/2*E(40)^3-1/2*E(40)^7+1/2*E(40)^8+1/2*E(40)^9-1/2*E(40)^12-1/2*E(40)^15 ]
          [ -1/2-1/2*E(40)-1/2*E(40)^3-1/2*E(40)^5+1/2*E(40)^7-1/2*E(40)^8-1/2*E(40)^9+1/2*E(40)^12+E(40)^15, -3/2-1/2*E(40)-1/2*E(40)^3-1/2*E(40)^5+1/2*E(40)^7-E(40)^8-1/2*E(40)^9+E(40)^12+E(40)^15, 2+1/2*E(40)+1/2*E(40)^3+1/2*E(40)^5-1/2*E(40)^7+E(40)^8+1/2*E(40)^9-E(40)^12-E(40)^15, 1+1/2*E(40)+1/2*E(40)^3+1/2*E(40)^5-1/2*E(40)^7+1/2*E(40)^8+1/2*E(40)^9-1/2*E(40)^12-E(40)^15 ]
          [ -1/2-1/2*E(40)-1/2*E(40)^3-1/2*E(40)^5+1/2*E(40)^7-1/2*E(40)^8-1/2*E(40)^9+1/2*E(40)^12+E(40)^15, 1/2+1/2*E(40)^8-1/2*E(40)^12, 5/2+E(40)+E(40)^3+1/2*E(40)^5-E(40)^7+3/2*E(40)^8+E(40)^9-3/2*E(40)^12-3/2*E(40)^15, -1/2-1/2*E(40)-1/2*E(40)^3+1/2*E(40)^7-1/2*E(40)^8-1/2*E(40)^9+1/2*E(40)^12+1/2*E(40)^15 ]
          [ -5/2-E(40)-E(40)^3-E(40)^5+E(40)^7-3/2*E(40)^8-E(40)^9+3/2*E(40)^12+2*E(40)^15, 0, 1+1/2*E(40)^8-1/2*E(40)^12, 1/2 ]
  SF : 12 stage-1 minimisers, 12 minimising bases [(0, 1, 3, 4), (0, 1, 4, 8), (0, 1, 8, 3), (0, 3, 1, 8), (0, 3, 4, 1), (0, 3, 8, 4), (0, 4, 1, 3), (0, 4, 3, 8)], signs [-1] -> oriented sign -1
       sha256(unoriented) = d8d8ad2e205dbf061326eca32d06ee0396c318909520dc870261070c1098afc3
       sha256(oriented)   = f11638e131b8d33bcf6c52a4cff588c095454b6a2890140f18dda8e47cc97586
       minimising basis b = (0, 1, 3, 4) :
          [ -2-1/2*E(40)-1/2*E(40)^3-1/2*E(40)^5+1/2*E(40)^7-3/2*E(40)^8-1/2*E(40)^9+3/2*E(40)^12+E(40)^15, 0, 3/2+E(40)+E(40)^3+1/2*E(40)^5-E(40)^7+E(40)^8+E(40)^9-E(40)^12-3/2*E(40)^15, 1/2+1/2*E(40)+1/2*E(40)^3-1/2*E(40)^7+1/2*E(40)^8+1/2*E(40)^9-1/2*E(40)^12-1/2*E(40)^15 ]
          [ -1/2-1/2*E(40)-1/2*E(40)^3-1/2*E(40)^5+1/2*E(40)^7-1/2*E(40)^8-1/2*E(40)^9+1/2*E(40)^12+E(40)^15, -3/2-1/2*E(40)-1/2*E(40)^3-1/2*E(40)^5+1/2*E(40)^7-E(40)^8-1/2*E(40)^9+E(40)^12+E(40)^15, 2+1/2*E(40)+1/2*E(40)^3+1/2*E(40)^5-1/2*E(40)^7+E(40)^8+1/2*E(40)^9-E(40)^12-E(40)^15, 1+1/2*E(40)+1/2*E(40)^3+1/2*E(40)^5-1/2*E(40)^7+1/2*E(40)^8+1/2*E(40)^9-1/2*E(40)^12-E(40)^15 ]
          [ -1/2-1/2*E(40)-1/2*E(40)^3-1/2*E(40)^5+1/2*E(40)^7-1/2*E(40)^8-1/2*E(40)^9+1/2*E(40)^12+E(40)^15, 1/2+1/2*E(40)^8-1/2*E(40)^12, 5/2+E(40)+E(40)^3+1/2*E(40)^5-E(40)^7+3/2*E(40)^8+E(40)^9-3/2*E(40)^12-3/2*E(40)^15, -1/2-1/2*E(40)-1/2*E(40)^3+1/2*E(40)^7-1/2*E(40)^8-1/2*E(40)^9+1/2*E(40)^12+1/2*E(40)^15 ]
          [ -5/2-E(40)-E(40)^3-E(40)^5+E(40)^7-3/2*E(40)^8-E(40)^9+3/2*E(40)^12+2*E(40)^15, 0, 1+1/2*E(40)^8-1/2*E(40)^12, 1/2 ]
  (0.5s)

--- L3-{5,3,5/2}-4: 4 neighbours of w, 24 ordered triples, 24 admissible (independent) bases, 0 dependent
  [ok]   at least one admissible basis at w
  RAW: 12 stage-1 minimisers, 12 minimising bases [(0, 1, 3, 4), (0, 1, 4, 8), (0, 1, 8, 3), (0, 3, 1, 8), (0, 3, 4, 1), (0, 3, 8, 4), (0, 4, 1, 3), (0, 4, 3, 8)], signs [1] -> oriented sign +1
       sha256(unoriented) = 0fe590eef5ee535fb62fb8775c3ca887f1b8e3a30f397549a3c518f2553cc476
       sha256(oriented)   = 27cc417daec2d4414b9a34eafd19e75d77032e18ed1ea162b818e3abe41342e3
       minimising basis b = (0, 1, 3, 4) :
          [ -2+1/2*E(40)+1/2*E(40)^3+1/2*E(40)^5-1/2*E(40)^7-3/2*E(40)^8+1/2*E(40)^9+3/2*E(40)^12-E(40)^15, 0, 3/2-E(40)-E(40)^3-1/2*E(40)^5+E(40)^7+E(40)^8-E(40)^9-E(40)^12+3/2*E(40)^15, 1/2-1/2*E(40)-1/2*E(40)^3+1/2*E(40)^7+1/2*E(40)^8-1/2*E(40)^9-1/2*E(40)^12+1/2*E(40)^15 ]
          [ -1/2+1/2*E(40)+1/2*E(40)^3+1/2*E(40)^5-1/2*E(40)^7-1/2*E(40)^8+1/2*E(40)^9+1/2*E(40)^12-E(40)^15, -3/2+1/2*E(40)+1/2*E(40)^3+1/2*E(40)^5-1/2*E(40)^7-E(40)^8+1/2*E(40)^9+E(40)^12-E(40)^15, 2-1/2*E(40)-1/2*E(40)^3-1/2*E(40)^5+1/2*E(40)^7+E(40)^8-1/2*E(40)^9-E(40)^12+E(40)^15, 1-1/2*E(40)-1/2*E(40)^3-1/2*E(40)^5+1/2*E(40)^7+1/2*E(40)^8-1/2*E(40)^9-1/2*E(40)^12+E(40)^15 ]
          [ -1/2+1/2*E(40)+1/2*E(40)^3+1/2*E(40)^5-1/2*E(40)^7-1/2*E(40)^8+1/2*E(40)^9+1/2*E(40)^12-E(40)^15, 1/2+1/2*E(40)^8-1/2*E(40)^12, 5/2-E(40)-E(40)^3-1/2*E(40)^5+E(40)^7+3/2*E(40)^8-E(40)^9-3/2*E(40)^12+3/2*E(40)^15, -1/2+1/2*E(40)+1/2*E(40)^3-1/2*E(40)^7-1/2*E(40)^8+1/2*E(40)^9+1/2*E(40)^12-1/2*E(40)^15 ]
          [ -5/2+E(40)+E(40)^3+E(40)^5-E(40)^7-3/2*E(40)^8+E(40)^9+3/2*E(40)^12-2*E(40)^15, 0, 1+1/2*E(40)^8-1/2*E(40)^12, 1/2 ]
  SF : 12 stage-1 minimisers, 12 minimising bases [(0, 1, 3, 4), (0, 1, 4, 8), (0, 1, 8, 3), (0, 3, 1, 8), (0, 3, 4, 1), (0, 3, 8, 4), (0, 4, 1, 3), (0, 4, 3, 8)], signs [1] -> oriented sign +1
       sha256(unoriented) = 1df5248fb0135b053501a8ef6fb9b1ea8cd2c47e4b689e5db20dadf7107765e8
       sha256(oriented)   = 371c29e0fe9255ebd0b698388e028ef9e9c7cce17093c86174a78a188e4e58fd
       minimising basis b = (0, 1, 3, 4) :
          [ -2+1/2*E(40)+1/2*E(40)^3+1/2*E(40)^5-1/2*E(40)^7-3/2*E(40)^8+1/2*E(40)^9+3/2*E(40)^12-E(40)^15, 0, 3/2-E(40)-E(40)^3-1/2*E(40)^5+E(40)^7+E(40)^8-E(40)^9-E(40)^12+3/2*E(40)^15, 1/2-1/2*E(40)-1/2*E(40)^3+1/2*E(40)^7+1/2*E(40)^8-1/2*E(40)^9-1/2*E(40)^12+1/2*E(40)^15 ]
          [ -1/2+1/2*E(40)+1/2*E(40)^3+1/2*E(40)^5-1/2*E(40)^7-1/2*E(40)^8+1/2*E(40)^9+1/2*E(40)^12-E(40)^15, -3/2+1/2*E(40)+1/2*E(40)^3+1/2*E(40)^5-1/2*E(40)^7-E(40)^8+1/2*E(40)^9+E(40)^12-E(40)^15, 2-1/2*E(40)-1/2*E(40)^3-1/2*E(40)^5+1/2*E(40)^7+E(40)^8-1/2*E(40)^9-E(40)^12+E(40)^15, 1-1/2*E(40)-1/2*E(40)^3-1/2*E(40)^5+1/2*E(40)^7+1/2*E(40)^8-1/2*E(40)^9-1/2*E(40)^12+E(40)^15 ]
          [ -1/2+1/2*E(40)+1/2*E(40)^3+1/2*E(40)^5-1/2*E(40)^7-1/2*E(40)^8+1/2*E(40)^9+1/2*E(40)^12-E(40)^15, 1/2+1/2*E(40)^8-1/2*E(40)^12, 5/2-E(40)-E(40)^3-1/2*E(40)^5+E(40)^7+3/2*E(40)^8-E(40)^9-3/2*E(40)^12+3/2*E(40)^15, -1/2+1/2*E(40)+1/2*E(40)^3-1/2*E(40)^7-1/2*E(40)^8+1/2*E(40)^9+1/2*E(40)^12-1/2*E(40)^15 ]
          [ -5/2+E(40)+E(40)^3+E(40)^5-E(40)^7-3/2*E(40)^8+E(40)^9+3/2*E(40)^12-2*E(40)^15, 0, 1+1/2*E(40)^8-1/2*E(40)^12, 1/2 ]
  (0.5s)

--- L3-{5,3,5/2}-5: 6 neighbours of w, 120 ordered triples, 48 admissible (independent) bases, 72 dependent
  [ok]   at least one admissible basis at w
  RAW: 48 stage-1 minimisers, 24 minimising bases [(0, 1, 3, 8), (0, 1, 4, 3), (0, 1, 8, 20), (0, 1, 20, 4), (0, 3, 1, 4), (0, 3, 4, 10), (0, 3, 8, 1), (0, 3, 10, 8)], signs [1] -> oriented sign +1
       sha256(unoriented) = 71d7b4053f893862800e7aec0e00bb7863994cc2bf68c25bdac8a821c969af32
       sha256(oriented)   = cb0febc000e0f3c88ccf98425ba1b6a052d51f35bb9003710501d8a16473c3bb
       minimising basis b = (0, 1, 3, 8) :
          [ 1/2-1/2*E(40)-1/2*E(40)^3-1/2*E(40)^5+1/2*E(40)^7-1/2*E(40)^9+E(40)^15, 0, -5/2+E(40)+E(40)^3+1/2*E(40)^5-E(40)^7-3/2*E(40)^8+E(40)^9+3/2*E(40)^12-3/2*E(40)^15, -1+1/2*E(40)+1/2*E(40)^3-1/2*E(40)^7-1/2*E(40)^8+1/2*E(40)^9+1/2*E(40)^12-1/2*E(40)^15 ]
          [ 2-1/2*E(40)-1/2*E(40)^3-1/2*E(40)^5+1/2*E(40)^7+E(40)^8-1/2*E(40)^9-E(40)^12+E(40)^15, 1-1/2*E(40)-1/2*E(40)^3-1/2*E(40)^5+1/2*E(40)^7+1/2*E(40)^8-1/2*E(40)^9-1/2*E(40)^12+E(40)^15, -1/2+1/2*E(40)+1/2*E(40)^3+1/2*E(40)^5-1/2*E(40)^7-1/2*E(40)^8+1/2*E(40)^9+1/2*E(40)^12-E(40)^15, -3/2+1/2*E(40)+1/2*E(40)^3+1/2*E(40)^5-1/2*E(40)^7-E(40)^8+1/2*E(40)^9+E(40)^12-E(40)^15 ]
          [ 2-1/2*E(40)-1/2*E(40)^3-1/2*E(40)^5+1/2*E(40)^7+E(40)^8-1/2*E(40)^9-E(40)^12+E(40)^15, 1/2+1/2*E(40)^8-1/2*E(40)^12, -3/2+E(40)+E(40)^3+1/2*E(40)^5-E(40)^7-E(40)^8+E(40)^9+E(40)^12-3/2*E(40)^15, 1-1/2*E(40)-1/2*E(40)^3+1/2*E(40)^7+1/2*E(40)^8-1/2*E(40)^9-1/2*E(40)^12+1/2*E(40)^15 ]
          [ 2-1/2*E(40)-1/2*E(40)^3-1/2*E(40)^5+1/2*E(40)^7+E(40)^8-1/2*E(40)^9-E(40)^12+E(40)^15, -3/2+1/2*E(40)+1/2*E(40)^3+1/2*E(40)^5-1/2*E(40)^7-E(40)^8+1/2*E(40)^9+E(40)^12-E(40)^15, -1+1/2*E(40)+1/2*E(40)^3+1/2*E(40)^5-1/2*E(40)^7-1/2*E(40)^8+1/2*E(40)^9+1/2*E(40)^12-E(40)^15, -1/2+1/2*E(40)+1/2*E(40)^3+1/2*E(40)^5-1/2*E(40)^7-1/2*E(40)^8+1/2*E(40)^9+1/2*E(40)^12-E(40)^15 ]
  SF : 48 stage-1 minimisers, 24 minimising bases [(0, 1, 3, 8), (0, 1, 4, 3), (0, 1, 8, 20), (0, 1, 20, 4), (0, 3, 1, 4), (0, 3, 4, 10), (0, 3, 8, 1), (0, 3, 10, 8)], signs [1] -> oriented sign +1
       sha256(unoriented) = 67ff56efc617547dafa48f0478e33d6c6bdfd6414e9e76f1b9abdbd385c9c947
       sha256(oriented)   = 40785c00114b5641decbbfcf3f187a9b8731bbbee0a90c3e87674ec10ea5b791
       minimising basis b = (0, 1, 3, 8) :
          [ 1/2-1/2*E(40)-1/2*E(40)^3-1/2*E(40)^5+1/2*E(40)^7-1/2*E(40)^9+E(40)^15, 0, -5/2+E(40)+E(40)^3+1/2*E(40)^5-E(40)^7-3/2*E(40)^8+E(40)^9+3/2*E(40)^12-3/2*E(40)^15, -1+1/2*E(40)+1/2*E(40)^3-1/2*E(40)^7-1/2*E(40)^8+1/2*E(40)^9+1/2*E(40)^12-1/2*E(40)^15 ]
          [ 2-1/2*E(40)-1/2*E(40)^3-1/2*E(40)^5+1/2*E(40)^7+E(40)^8-1/2*E(40)^9-E(40)^12+E(40)^15, 1-1/2*E(40)-1/2*E(40)^3-1/2*E(40)^5+1/2*E(40)^7+1/2*E(40)^8-1/2*E(40)^9-1/2*E(40)^12+E(40)^15, -1/2+1/2*E(40)+1/2*E(40)^3+1/2*E(40)^5-1/2*E(40)^7-1/2*E(40)^8+1/2*E(40)^9+1/2*E(40)^12-E(40)^15, -3/2+1/2*E(40)+1/2*E(40)^3+1/2*E(40)^5-1/2*E(40)^7-E(40)^8+1/2*E(40)^9+E(40)^12-E(40)^15 ]
          [ 2-1/2*E(40)-1/2*E(40)^3-1/2*E(40)^5+1/2*E(40)^7+E(40)^8-1/2*E(40)^9-E(40)^12+E(40)^15, 1/2+1/2*E(40)^8-1/2*E(40)^12, -3/2+E(40)+E(40)^3+1/2*E(40)^5-E(40)^7-E(40)^8+E(40)^9+E(40)^12-3/2*E(40)^15, 1-1/2*E(40)-1/2*E(40)^3+1/2*E(40)^7+1/2*E(40)^8-1/2*E(40)^9-1/2*E(40)^12+1/2*E(40)^15 ]
          [ 2-1/2*E(40)-1/2*E(40)^3-1/2*E(40)^5+1/2*E(40)^7+E(40)^8-1/2*E(40)^9-E(40)^12+E(40)^15, -3/2+1/2*E(40)+1/2*E(40)^3+1/2*E(40)^5-1/2*E(40)^7-E(40)^8+1/2*E(40)^9+E(40)^12-E(40)^15, -1+1/2*E(40)+1/2*E(40)^3+1/2*E(40)^5-1/2*E(40)^7-1/2*E(40)^8+1/2*E(40)^9+1/2*E(40)^12-E(40)^15, -1/2+1/2*E(40)+1/2*E(40)^3+1/2*E(40)^5-1/2*E(40)^7-1/2*E(40)^8+1/2*E(40)^9+1/2*E(40)^12-E(40)^15 ]
  (0.6s)

--- L3-{5,3,5/2}-6: 6 neighbours of w, 120 ordered triples, 48 admissible (independent) bases, 72 dependent
  [ok]   at least one admissible basis at w
  RAW: 48 stage-1 minimisers, 24 minimising bases [(0, 1, 3, 4), (0, 1, 4, 20), (0, 1, 8, 3), (0, 1, 20, 8), (0, 3, 1, 8), (0, 3, 4, 1), (0, 3, 8, 10), (0, 3, 10, 4)], signs [1] -> oriented sign +1
       sha256(unoriented) = 50be91f4fe7ba730456eafc9825d56449a103c4ce3f4ced86dc9070ffc5cc86c
       sha256(oriented)   = 5779063e93b7cc9075b71b21657f22961afc36300ef79383f851d3e526e16fc0
       minimising basis b = (0, 1, 3, 4) :
          [ 1/2+1/2*E(40)+1/2*E(40)^3+1/2*E(40)^5-1/2*E(40)^7+1/2*E(40)^9-E(40)^15, 0, -5/2-E(40)-E(40)^3-1/2*E(40)^5+E(40)^7-3/2*E(40)^8-E(40)^9+3/2*E(40)^12+3/2*E(40)^15, -1-1/2*E(40)-1/2*E(40)^3+1/2*E(40)^7-1/2*E(40)^8-1/2*E(40)^9+1/2*E(40)^12+1/2*E(40)^15 ]
          [ 2+1/2*E(40)+1/2*E(40)^3+1/2*E(40)^5-1/2*E(40)^7+E(40)^8+1/2*E(40)^9-E(40)^12-E(40)^15, 1+1/2*E(40)+1/2*E(40)^3+1/2*E(40)^5-1/2*E(40)^7+1/2*E(40)^8+1/2*E(40)^9-1/2*E(40)^12-E(40)^15, -1/2-1/2*E(40)-1/2*E(40)^3-1/2*E(40)^5+1/2*E(40)^7-1/2*E(40)^8-1/2*E(40)^9+1/2*E(40)^12+E(40)^15, -3/2-1/2*E(40)-1/2*E(40)^3-1/2*E(40)^5+1/2*E(40)^7-E(40)^8-1/2*E(40)^9+E(40)^12+E(40)^15 ]
          [ 2+1/2*E(40)+1/2*E(40)^3+1/2*E(40)^5-1/2*E(40)^7+E(40)^8+1/2*E(40)^9-E(40)^12-E(40)^15, 1/2+1/2*E(40)^8-1/2*E(40)^12, -3/2-E(40)-E(40)^3-1/2*E(40)^5+E(40)^7-E(40)^8-E(40)^9+E(40)^12+3/2*E(40)^15, 1+1/2*E(40)+1/2*E(40)^3-1/2*E(40)^7+1/2*E(40)^8+1/2*E(40)^9-1/2*E(40)^12-1/2*E(40)^15 ]
          [ -1/2*E(40)-1/2*E(40)^3+1/2*E(40)^7-1/2*E(40)^9+1/2*E(40)^15, 3/2+1/2*E(40)+1/2*E(40)^3+1/2*E(40)^5-1/2*E(40)^7+E(40)^8+1/2*E(40)^9-E(40)^12-E(40)^15, -2-E(40)-E(40)^3-1/2*E(40)^5+E(40)^7-3/2*E(40)^8-E(40)^9+3/2*E(40)^12+3/2*E(40)^15, -1/2-1/2*E(40)^8+1/2*E(40)^12 ]
  SF : 48 stage-1 minimisers, 24 minimising bases [(0, 1, 3, 4), (0, 1, 4, 20), (0, 1, 8, 3), (0, 1, 20, 8), (0, 3, 1, 8), (0, 3, 4, 1), (0, 3, 8, 10), (0, 3, 10, 4)], signs [1] -> oriented sign +1
       sha256(unoriented) = 295bfbbec01b2bd23a699e2e0e6450b63c9f28149a3107760be2a48ea7ee8658
       sha256(oriented)   = a07ecf743b16039359e02d182dfa2daa25e829f403c9d73556c20435c8adbbce
       minimising basis b = (0, 1, 3, 4) :
          [ 1/2+1/2*E(40)+1/2*E(40)^3+1/2*E(40)^5-1/2*E(40)^7+1/2*E(40)^9-E(40)^15, 0, -5/2-E(40)-E(40)^3-1/2*E(40)^5+E(40)^7-3/2*E(40)^8-E(40)^9+3/2*E(40)^12+3/2*E(40)^15, -1-1/2*E(40)-1/2*E(40)^3+1/2*E(40)^7-1/2*E(40)^8-1/2*E(40)^9+1/2*E(40)^12+1/2*E(40)^15 ]
          [ 2+1/2*E(40)+1/2*E(40)^3+1/2*E(40)^5-1/2*E(40)^7+E(40)^8+1/2*E(40)^9-E(40)^12-E(40)^15, 1+1/2*E(40)+1/2*E(40)^3+1/2*E(40)^5-1/2*E(40)^7+1/2*E(40)^8+1/2*E(40)^9-1/2*E(40)^12-E(40)^15, -1/2-1/2*E(40)-1/2*E(40)^3-1/2*E(40)^5+1/2*E(40)^7-1/2*E(40)^8-1/2*E(40)^9+1/2*E(40)^12+E(40)^15, -3/2-1/2*E(40)-1/2*E(40)^3-1/2*E(40)^5+1/2*E(40)^7-E(40)^8-1/2*E(40)^9+E(40)^12+E(40)^15 ]
          [ 2+1/2*E(40)+1/2*E(40)^3+1/2*E(40)^5-1/2*E(40)^7+E(40)^8+1/2*E(40)^9-E(40)^12-E(40)^15, 1/2+1/2*E(40)^8-1/2*E(40)^12, -3/2-E(40)-E(40)^3-1/2*E(40)^5+E(40)^7-E(40)^8-E(40)^9+E(40)^12+3/2*E(40)^15, 1+1/2*E(40)+1/2*E(40)^3-1/2*E(40)^7+1/2*E(40)^8+1/2*E(40)^9-1/2*E(40)^12-1/2*E(40)^15 ]
          [ -1/2*E(40)-1/2*E(40)^3+1/2*E(40)^7-1/2*E(40)^9+1/2*E(40)^15, 3/2+1/2*E(40)+1/2*E(40)^3+1/2*E(40)^5-1/2*E(40)^7+E(40)^8+1/2*E(40)^9-E(40)^12-E(40)^15, -2-E(40)-E(40)^3-1/2*E(40)^5+E(40)^7-3/2*E(40)^8-E(40)^9+3/2*E(40)^12+3/2*E(40)^15, -1/2-1/2*E(40)^8+1/2*E(40)^12 ]
  (0.5s)

--- L3-{5,3,5/2}-7: 6 neighbours of w, 120 ordered triples, 48 admissible (independent) bases, 72 dependent
  [ok]   at least one admissible basis at w
  RAW: 48 stage-1 minimisers, 24 minimising bases [(0, 1, 3, 8), (0, 1, 4, 3), (0, 1, 8, 18), (0, 1, 18, 4), (0, 3, 1, 4), (0, 3, 4, 10), (0, 3, 8, 1), (0, 3, 10, 8)], signs [1] -> oriented sign +1
       sha256(unoriented) = 67e5367aeebb47a12bfcc8255ca18816917fd0c3395e95d555c52f76514e4f34
       sha256(oriented)   = f17f9d263d11b4d21b6aea869be2ad0b5766e7ab7566d5e743e89255e84db13c
       minimising basis b = (0, 1, 3, 8) :
          [ -3/2-1/2*E(40)-1/2*E(40)^3+1/2*E(40)^7-E(40)^8-1/2*E(40)^9+E(40)^12+1/2*E(40)^15, 0, 1/2+1/2*E(40)+1/2*E(40)^3+1/2*E(40)^5-1/2*E(40)^7+1/2*E(40)^8+1/2*E(40)^9-1/2*E(40)^12-E(40)^15, 1/2*E(40)^5+1/2*E(40)^8-1/2*E(40)^12-1/2*E(40)^15 ]
          [ -1/2*E(40)-1/2*E(40)^3+1/2*E(40)^7-1/2*E(40)^9+1/2*E(40)^15, -1-1/2*E(40)-1/2*E(40)^3+1/2*E(40)^7-1/2*E(40)^8-1/2*E(40)^9+1/2*E(40)^12+1/2*E(40)^15, 3/2+1/2*E(40)+1/2*E(40)^3-1/2*E(40)^7+1/2*E(40)^8+1/2*E(40)^9-1/2*E(40)^12-1/2*E(40)^15, 1/2+1/2*E(40)+1/2*E(40)^3-1/2*E(40)^7+1/2*E(40)^9-1/2*E(40)^15 ]
          [ -1/2*E(40)-1/2*E(40)^3+1/2*E(40)^7-1/2*E(40)^9+1/2*E(40)^15, 1/2+1/2*E(40)^8-1/2*E(40)^12, 3/2+1/2*E(40)+1/2*E(40)^3+1/2*E(40)^5-1/2*E(40)^7+E(40)^8+1/2*E(40)^9-E(40)^12-E(40)^15, -1/2*E(40)^5-1/2*E(40)^8+1/2*E(40)^12+1/2*E(40)^15 ]
          [ -1/2*E(40)-1/2*E(40)^3+1/2*E(40)^7-1/2*E(40)^9+1/2*E(40)^15, 1/2+1/2*E(40)+1/2*E(40)^3-1/2*E(40)^7+1/2*E(40)^9-1/2*E(40)^15, 1+1/2*E(40)+1/2*E(40)^3-1/2*E(40)^7+1/2*E(40)^8+1/2*E(40)^9-1/2*E(40)^12-1/2*E(40)^15, 3/2+1/2*E(40)+1/2*E(40)^3-1/2*E(40)^7+1/2*E(40)^8+1/2*E(40)^9-1/2*E(40)^12-1/2*E(40)^15 ]
  SF : 48 stage-1 minimisers, 24 minimising bases [(0, 1, 3, 8), (0, 1, 4, 3), (0, 1, 8, 18), (0, 1, 18, 4), (0, 3, 1, 4), (0, 3, 4, 10), (0, 3, 8, 1), (0, 3, 10, 8)], signs [1] -> oriented sign +1
       sha256(unoriented) = 295bfbbec01b2bd23a699e2e0e6450b63c9f28149a3107760be2a48ea7ee8658
       sha256(oriented)   = a07ecf743b16039359e02d182dfa2daa25e829f403c9d73556c20435c8adbbce
       minimising basis b = (0, 1, 3, 8) :
          [ -3/2-1/2*E(40)-1/2*E(40)^3+1/2*E(40)^7-E(40)^8-1/2*E(40)^9+E(40)^12+1/2*E(40)^15, 0, 1/2+1/2*E(40)+1/2*E(40)^3+1/2*E(40)^5-1/2*E(40)^7+1/2*E(40)^8+1/2*E(40)^9-1/2*E(40)^12-E(40)^15, 1/2*E(40)^5+1/2*E(40)^8-1/2*E(40)^12-1/2*E(40)^15 ]
          [ -1/2*E(40)-1/2*E(40)^3+1/2*E(40)^7-1/2*E(40)^9+1/2*E(40)^15, -1-1/2*E(40)-1/2*E(40)^3+1/2*E(40)^7-1/2*E(40)^8-1/2*E(40)^9+1/2*E(40)^12+1/2*E(40)^15, 3/2+1/2*E(40)+1/2*E(40)^3-1/2*E(40)^7+1/2*E(40)^8+1/2*E(40)^9-1/2*E(40)^12-1/2*E(40)^15, 1/2+1/2*E(40)+1/2*E(40)^3-1/2*E(40)^7+1/2*E(40)^9-1/2*E(40)^15 ]
          [ -1/2*E(40)-1/2*E(40)^3+1/2*E(40)^7-1/2*E(40)^9+1/2*E(40)^15, 1/2+1/2*E(40)^8-1/2*E(40)^12, 3/2+1/2*E(40)+1/2*E(40)^3+1/2*E(40)^5-1/2*E(40)^7+E(40)^8+1/2*E(40)^9-E(40)^12-E(40)^15, -1/2*E(40)^5-1/2*E(40)^8+1/2*E(40)^12+1/2*E(40)^15 ]
          [ -1/2*E(40)-1/2*E(40)^3+1/2*E(40)^7-1/2*E(40)^9+1/2*E(40)^15, 1/2+1/2*E(40)+1/2*E(40)^3-1/2*E(40)^7+1/2*E(40)^9-1/2*E(40)^15, 1+1/2*E(40)+1/2*E(40)^3-1/2*E(40)^7+1/2*E(40)^8+1/2*E(40)^9-1/2*E(40)^12-1/2*E(40)^15, 3/2+1/2*E(40)+1/2*E(40)^3-1/2*E(40)^7+1/2*E(40)^8+1/2*E(40)^9-1/2*E(40)^12-1/2*E(40)^15 ]
  (0.5s)

--- L3-{5,3,5/2}-8: 6 neighbours of w, 120 ordered triples, 48 admissible (independent) bases, 72 dependent
  [ok]   at least one admissible basis at w
  RAW: 48 stage-1 minimisers, 24 minimising bases [(0, 1, 3, 4), (0, 1, 4, 18), (0, 1, 8, 3), (0, 1, 18, 8), (0, 3, 1, 8), (0, 3, 4, 1), (0, 3, 8, 10), (0, 3, 10, 4)], signs [1] -> oriented sign +1
       sha256(unoriented) = ca476e7825238ec216d28317f69ebdb35fa48234c8227b27241567ae65022253
       sha256(oriented)   = 9abd63b679c412270a3b13e9dbb627b283f8a960f2b705ef49264beabb136cf0
       minimising basis b = (0, 1, 3, 4) :
          [ -3/2+1/2*E(40)+1/2*E(40)^3-1/2*E(40)^7-E(40)^8+1/2*E(40)^9+E(40)^12-1/2*E(40)^15, 0, 1/2-1/2*E(40)-1/2*E(40)^3-1/2*E(40)^5+1/2*E(40)^7+1/2*E(40)^8-1/2*E(40)^9-1/2*E(40)^12+E(40)^15, -1/2*E(40)^5+1/2*E(40)^8-1/2*E(40)^12+1/2*E(40)^15 ]
          [ 1/2*E(40)+1/2*E(40)^3-1/2*E(40)^7+1/2*E(40)^9-1/2*E(40)^15, -1+1/2*E(40)+1/2*E(40)^3-1/2*E(40)^7-1/2*E(40)^8+1/2*E(40)^9+1/2*E(40)^12-1/2*E(40)^15, 3/2-1/2*E(40)-1/2*E(40)^3+1/2*E(40)^7+1/2*E(40)^8-1/2*E(40)^9-1/2*E(40)^12+1/2*E(40)^15, 1/2-1/2*E(40)-1/2*E(40)^3+1/2*E(40)^7-1/2*E(40)^9+1/2*E(40)^15 ]
          [ 1/2*E(40)+1/2*E(40)^3-1/2*E(40)^7+1/2*E(40)^9-1/2*E(40)^15, 1/2+1/2*E(40)^8-1/2*E(40)^12, 3/2-1/2*E(40)-1/2*E(40)^3-1/2*E(40)^5+1/2*E(40)^7+E(40)^8-1/2*E(40)^9-E(40)^12+E(40)^15, 1/2*E(40)^5-1/2*E(40)^8+1/2*E(40)^12-1/2*E(40)^15 ]
          [ -1+1/2*E(40)+1/2*E(40)^3+1/2*E(40)^5-1/2*E(40)^7-E(40)^8+1/2*E(40)^9+E(40)^12-E(40)^15, -1/2+1/2*E(40)+1/2*E(40)^3-1/2*E(40)^7+1/2*E(40)^9-1/2*E(40)^15, 1+1/2*E(40)^8-1/2*E(40)^12, -1/2+1/2*E(40)^5-1/2*E(40)^8+1/2*E(40)^12-1/2*E(40)^15 ]
  SF : 48 stage-1 minimisers, 24 minimising bases [(0, 1, 3, 4), (0, 1, 4, 18), (0, 1, 8, 3), (0, 1, 18, 8), (0, 3, 1, 8), (0, 3, 4, 1), (0, 3, 8, 10), (0, 3, 10, 4)], signs [1] -> oriented sign +1
       sha256(unoriented) = 67ff56efc617547dafa48f0478e33d6c6bdfd6414e9e76f1b9abdbd385c9c947
       sha256(oriented)   = 40785c00114b5641decbbfcf3f187a9b8731bbbee0a90c3e87674ec10ea5b791
       minimising basis b = (0, 1, 3, 4) :
          [ -3/2+1/2*E(40)+1/2*E(40)^3-1/2*E(40)^7-E(40)^8+1/2*E(40)^9+E(40)^12-1/2*E(40)^15, 0, 1/2-1/2*E(40)-1/2*E(40)^3-1/2*E(40)^5+1/2*E(40)^7+1/2*E(40)^8-1/2*E(40)^9-1/2*E(40)^12+E(40)^15, -1/2*E(40)^5+1/2*E(40)^8-1/2*E(40)^12+1/2*E(40)^15 ]
          [ 1/2*E(40)+1/2*E(40)^3-1/2*E(40)^7+1/2*E(40)^9-1/2*E(40)^15, -1+1/2*E(40)+1/2*E(40)^3-1/2*E(40)^7-1/2*E(40)^8+1/2*E(40)^9+1/2*E(40)^12-1/2*E(40)^15, 3/2-1/2*E(40)-1/2*E(40)^3+1/2*E(40)^7+1/2*E(40)^8-1/2*E(40)^9-1/2*E(40)^12+1/2*E(40)^15, 1/2-1/2*E(40)-1/2*E(40)^3+1/2*E(40)^7-1/2*E(40)^9+1/2*E(40)^15 ]
          [ 1/2*E(40)+1/2*E(40)^3-1/2*E(40)^7+1/2*E(40)^9-1/2*E(40)^15, 1/2+1/2*E(40)^8-1/2*E(40)^12, 3/2-1/2*E(40)-1/2*E(40)^3-1/2*E(40)^5+1/2*E(40)^7+E(40)^8-1/2*E(40)^9-E(40)^12+E(40)^15, 1/2*E(40)^5-1/2*E(40)^8+1/2*E(40)^12-1/2*E(40)^15 ]
          [ -1+1/2*E(40)+1/2*E(40)^3+1/2*E(40)^5-1/2*E(40)^7-E(40)^8+1/2*E(40)^9+E(40)^12-E(40)^15, -1/2+1/2*E(40)+1/2*E(40)^3-1/2*E(40)^7+1/2*E(40)^9-1/2*E(40)^15, 1+1/2*E(40)^8-1/2*E(40)^12, -1/2+1/2*E(40)^5-1/2*E(40)^8+1/2*E(40)^12-1/2*E(40)^15 ]
  (0.5s)

--- L3-{5,3,5/2}-9: 12 neighbours of w, 1320 ordered triples, 960 admissible (independent) bases, 360 dependent
  [ok]   at least one admissible basis at w
  RAW: 120 stage-1 minimisers, 60 minimising bases [(0, 1, 10, 49), (0, 1, 11, 26), (0, 1, 26, 79), (0, 1, 49, 11), (0, 1, 79, 10), (0, 3, 24, 79), (0, 3, 26, 46), (0, 3, 46, 112)], signs [1] -> oriented sign +1
       sha256(unoriented) = 5819b2a2191cd0231c68f9be6d1dd70c1744596125a3b15c83d12e3e6376ad23
       sha256(oriented)   = 57de01e8229e48974e6e402e69afaa73ecb3a5054d9739e7a3bfc55637cc10cd
       minimising basis b = (0, 1, 10, 49) :
          [ -1-E(40)^8+E(40)^12, 0, 0, 0 ]
          [ 1/2, -1/2-1/2*E(40)^8+1/2*E(40)^12, 1+1/2*E(40)^8-1/2*E(40)^12, 0 ]
          [ 1/2, 1+1/2*E(40)^8-1/2*E(40)^12, 0, 1/2+1/2*E(40)^8-1/2*E(40)^12 ]
          [ 1/2, -1/2-1/2*E(40)^8+1/2*E(40)^12, -1-1/2*E(40)^8+1/2*E(40)^12, 0 ]
  SF : 120 stage-1 minimisers, 60 minimising bases [(0, 1, 10, 49), (0, 1, 11, 26), (0, 1, 26, 79), (0, 1, 49, 11), (0, 1, 79, 10), (0, 3, 24, 79), (0, 3, 26, 46), (0, 3, 46, 112)], signs [1] -> oriented sign +1
       sha256(unoriented) = 34426dbdc4174663d42b94b2793297bf6e77dea62782dec2e8a392e30f32c972
       sha256(oriented)   = 0fce2f1293931006db5be519f443ebdb6249ec6fba97a464673b3b093ebd0bce
       minimising basis b = (0, 1, 10, 49) :
          [ -1-E(40)^8+E(40)^12, 0, 0, 0 ]
          [ 1/2, -1/2-1/2*E(40)^8+1/2*E(40)^12, 1+1/2*E(40)^8-1/2*E(40)^12, 0 ]
          [ 1/2, 1+1/2*E(40)^8-1/2*E(40)^12, 0, 1/2+1/2*E(40)^8-1/2*E(40)^12 ]
          [ 1/2, -1/2-1/2*E(40)^8+1/2*E(40)^12, -1-1/2*E(40)^8+1/2*E(40)^12, 0 ]
  (4.8s)

--- L3-{5,3,5/2}-10: 12 neighbours of w, 1320 ordered triples, 960 admissible (independent) bases, 360 dependent
  [ok]   at least one admissible basis at w
  RAW: 120 stage-1 minimisers, 60 minimising bases [(0, 1, 10, 89), (0, 1, 11, 27), (0, 1, 27, 93), (0, 1, 89, 11), (0, 1, 93, 10), (0, 3, 25, 93), (0, 3, 27, 53), (0, 3, 53, 117)], signs [-1] -> oriented sign -1
       sha256(unoriented) = 3177306029ba7fbb58f370b510c74ba11d61a9d38d723821a14608d40c118f91
       sha256(oriented)   = 7c0362cb354626f3af7426c4306784cb199f7bfc6425918dcf287116360bde5f
       minimising basis b = (0, 1, 10, 89) :
          [ 0, 0, -2-E(40)^8+E(40)^12, -1 ]
          [ 3/2+E(40)^8-E(40)^12, 1/2+1/2*E(40)^8-1/2*E(40)^12, -1/2*E(40)^8+1/2*E(40)^12, -1-E(40)^8+E(40)^12 ]
          [ 1/2, -1-1/2*E(40)^8+1/2*E(40)^12, -1-E(40)^8+E(40)^12, 3/2+1/2*E(40)^8-1/2*E(40)^12 ]
          [ -3/2-E(40)^8+E(40)^12, -1/2-1/2*E(40)^8+1/2*E(40)^12, -1/2*E(40)^8+1/2*E(40)^12, -1-E(40)^8+E(40)^12 ]
  SF : 120 stage-1 minimisers, 60 minimising bases [(0, 1, 10, 89), (0, 1, 11, 27), (0, 1, 27, 93), (0, 1, 89, 11), (0, 1, 93, 10), (0, 3, 25, 93), (0, 3, 27, 53), (0, 3, 53, 117)], signs [-1] -> oriented sign -1
       sha256(unoriented) = 45038a2518c29c2d7644f52b9fcb768cdf776b00b1ca2ef6da6960789bff8f47
       sha256(oriented)   = fdcf4d2ac8175bd2902b061c4443efc5c8663b26f4502973ce9b17e6bb9d20b5
       minimising basis b = (0, 1, 10, 89) :
          [ 0, 0, -2-E(40)^8+E(40)^12, -1 ]
          [ 3/2+E(40)^8-E(40)^12, 1/2+1/2*E(40)^8-1/2*E(40)^12, -1/2*E(40)^8+1/2*E(40)^12, -1-E(40)^8+E(40)^12 ]
          [ 1/2, -1-1/2*E(40)^8+1/2*E(40)^12, -1-E(40)^8+E(40)^12, 3/2+1/2*E(40)^8-1/2*E(40)^12 ]
          [ -3/2-E(40)^8+E(40)^12, -1/2-1/2*E(40)^8+1/2*E(40)^12, -1/2*E(40)^8+1/2*E(40)^12, -1-E(40)^8+E(40)^12 ]
  (6.1s)

--- L3-{5,3,5/2}-11: 12 neighbours of w, 1320 ordered triples, 960 admissible (independent) bases, 360 dependent
  [ok]   at least one admissible basis at w
  RAW: 120 stage-1 minimisers, 60 minimising bases [(0, 1, 10, 90), (0, 1, 11, 109), (0, 1, 25, 11), (0, 1, 90, 25), (0, 1, 109, 10), (0, 3, 24, 111), (0, 3, 25, 90), (0, 3, 52, 25)], signs [-1] -> oriented sign -1
       sha256(unoriented) = 012a676a92986631b97a32eb8a25f279e2e9aa10f28f82a98e9a0c16ffb5df3f
       sha256(oriented)   = c84e5d0da3e80816a84b25e80f9d7121696a09e0df76f8168258f9f7178a0d4c
       minimising basis b = (0, 1, 10, 90) :
          [ -3/2-E(40)^8+E(40)^12, 0, 1/2+1/2*E(40)^8-1/2*E(40)^12, 1/2*E(40)^8-1/2*E(40)^12 ]
          [ 0, -1-1/2*E(40)^8+1/2*E(40)^12, 3/2+1/2*E(40)^8-1/2*E(40)^12, 1/2 ]
          [ -1/2, 3/2+E(40)^8-E(40)^12, 1/2, 1/2 ]
          [ -1-1/2*E(40)^8+1/2*E(40)^12, -1/2, -1/2-1/2*E(40)^8+1/2*E(40)^12, -1-E(40)^8+E(40)^12 ]
  SF : 120 stage-1 minimisers, 60 minimising bases [(0, 1, 10, 90), (0, 1, 11, 109), (0, 1, 25, 11), (0, 1, 90, 25), (0, 1, 109, 10), (0, 3, 24, 111), (0, 3, 25, 90), (0, 3, 52, 25)], signs [-1] -> oriented sign -1
       sha256(unoriented) = 45038a2518c29c2d7644f52b9fcb768cdf776b00b1ca2ef6da6960789bff8f47
       sha256(oriented)   = fdcf4d2ac8175bd2902b061c4443efc5c8663b26f4502973ce9b17e6bb9d20b5
       minimising basis b = (0, 1, 10, 90) :
          [ -3/2-E(40)^8+E(40)^12, 0, 1/2+1/2*E(40)^8-1/2*E(40)^12, 1/2*E(40)^8-1/2*E(40)^12 ]
          [ 0, -1-1/2*E(40)^8+1/2*E(40)^12, 3/2+1/2*E(40)^8-1/2*E(40)^12, 1/2 ]
          [ -1/2, 3/2+E(40)^8-E(40)^12, 1/2, 1/2 ]
          [ -1-1/2*E(40)^8+1/2*E(40)^12, -1/2, -1/2-1/2*E(40)^8+1/2*E(40)^12, -1-E(40)^8+E(40)^12 ]
  (5.7s)

--- L3-{5,3,5/2}-12: 12 neighbours of w, 1320 ordered triples, 960 admissible (independent) bases, 360 dependent
  [ok]   at least one admissible basis at w
  RAW: 120 stage-1 minimisers, 60 minimising bases [(0, 1, 10, 81), (0, 1, 11, 108), (0, 1, 25, 11), (0, 1, 81, 25), (0, 1, 108, 10), (0, 3, 24, 109), (0, 3, 25, 81), (0, 3, 49, 25)], signs [1] -> oriented sign +1
       sha256(unoriented) = 8499a906dc51446d66272e4032482d3a99adab9f329679ce2ed34cd92a3c1b85
       sha256(oriented)   = abc04324b39ed895877d4b222b962d7f5637b528e62eb0332c9d74d1af40465a
       minimising basis b = (0, 1, 10, 81) :
          [ -3/10-3/5*E(40)^8+3/5*E(40)^12, 0, -11/10-7/10*E(40)^8+7/10*E(40)^12, -2/5-3/10*E(40)^8+3/10*E(40)^12 ]
          [ 6/5+2/5*E(40)^8-2/5*E(40)^12, 1/5-1/10*E(40)^8+1/10*E(40)^12, 3/10+1/10*E(40)^8-1/10*E(40)^12, -7/10-2/5*E(40)^8+2/5*E(40)^12 ]
          [ 1/2, -1/10-1/5*E(40)^8+1/5*E(40)^12, -1/10-1/5*E(40)^8+1/5*E(40)^12, 13/10+3/5*E(40)^8-3/5*E(40)^12 ]
          [ -3/5-7/10*E(40)^8+7/10*E(40)^12, 7/10+2/5*E(40)^8-2/5*E(40)^12, 9/10+3/10*E(40)^8-3/10*E(40)^12, 0 ]
  SF : 120 stage-1 minimisers, 60 minimising bases [(0, 1, 10, 81), (0, 1, 11, 108), (0, 1, 25, 11), (0, 1, 81, 25), (0, 1, 108, 10), (0, 3, 24, 109), (0, 3, 25, 81), (0, 3, 49, 25)], signs [1] -> oriented sign +1
       sha256(unoriented) = 34426dbdc4174663d42b94b2793297bf6e77dea62782dec2e8a392e30f32c972
       sha256(oriented)   = 0fce2f1293931006db5be519f443ebdb6249ec6fba97a464673b3b093ebd0bce
       minimising basis b = (0, 1, 10, 81) :
          [ -3/10-3/5*E(40)^8+3/5*E(40)^12, 0, -11/10-7/10*E(40)^8+7/10*E(40)^12, -2/5-3/10*E(40)^8+3/10*E(40)^12 ]
          [ 6/5+2/5*E(40)^8-2/5*E(40)^12, 1/5-1/10*E(40)^8+1/10*E(40)^12, 3/10+1/10*E(40)^8-1/10*E(40)^12, -7/10-2/5*E(40)^8+2/5*E(40)^12 ]
          [ 1/2, -1/10-1/5*E(40)^8+1/5*E(40)^12, -1/10-1/5*E(40)^8+1/5*E(40)^12, 13/10+3/5*E(40)^8-3/5*E(40)^12 ]
          [ -3/5-7/10*E(40)^8+7/10*E(40)^12, 7/10+2/5*E(40)^8-2/5*E(40)^12, 9/10+3/10*E(40)^8-3/10*E(40)^12, 0 ]
  (9.5s)

--- L3-{5,3,5/2}-13: 12 neighbours of w, 1320 ordered triples, 960 admissible (independent) bases, 360 dependent
  [ok]   at least one admissible basis at w
  RAW: 120 stage-1 minimisers, 60 minimising bases [(0, 1, 3, 8), (0, 1, 4, 3), (0, 1, 8, 24), (0, 1, 24, 52), (0, 1, 52, 4), (0, 3, 1, 4), (0, 3, 4, 11), (0, 3, 8, 1)], signs [1] -> oriented sign +1
       sha256(unoriented) = 2b4bdae0acab48b995c8ec29fe21f58a569afd1c03f8c85fa374de06bfcd0007
       sha256(oriented)   = 6d370acb0b1bb29113e346c4db995062ddcbe10de196c68f9e0d7267e76ee97b
       minimising basis b = (0, 1, 3, 8) :
          [ -3/4-3/4*E(40)^8+3/4*E(40)^12, 0, -1/2-1/4*E(40)^8+1/4*E(40)^12, -1/4 ]
          [ 3/4+1/4*E(40)^8-1/4*E(40)^12, -1/4-1/4*E(40)^8+1/4*E(40)^12, 3/4+1/4*E(40)^8-1/4*E(40)^12, -1/4-1/4*E(40)^8+1/4*E(40)^12 ]
          [ 3/4+1/4*E(40)^8-1/4*E(40)^12, 1/2+1/2*E(40)^8-1/2*E(40)^12, 1/2+1/4*E(40)^8-1/4*E(40)^12, 1/4 ]
          [ 3/4+1/4*E(40)^8-1/4*E(40)^12, -1/4-1/4*E(40)^8+1/4*E(40)^12, 1/4+1/4*E(40)^8-1/4*E(40)^12, 3/4+1/4*E(40)^8-1/4*E(40)^12 ]
  SF : 120 stage-1 minimisers, 60 minimising bases [(0, 1, 3, 8), (0, 1, 4, 3), (0, 1, 8, 24), (0, 1, 24, 52), (0, 1, 52, 4), (0, 3, 1, 4), (0, 3, 4, 11), (0, 3, 8, 1)], signs [1] -> oriented sign +1
       sha256(unoriented) = 2ffd0c0248c55c540625a378bbc3394dfcb420f51c12ee0ce2130ac311662f77
       sha256(oriented)   = 96ad39d2198081d4d30781854c7ab2eaf987d96e4569ccbb9bacb74c43069e48
       minimising basis b = (0, 1, 3, 8) :
          [ -3/4-3/4*E(40)^8+3/4*E(40)^12, 0, -1/2-1/4*E(40)^8+1/4*E(40)^12, -1/4 ]
          [ 3/4+1/4*E(40)^8-1/4*E(40)^12, -1/4-1/4*E(40)^8+1/4*E(40)^12, 3/4+1/4*E(40)^8-1/4*E(40)^12, -1/4-1/4*E(40)^8+1/4*E(40)^12 ]
          [ 3/4+1/4*E(40)^8-1/4*E(40)^12, 1/2+1/2*E(40)^8-1/2*E(40)^12, 1/2+1/4*E(40)^8-1/4*E(40)^12, 1/4 ]
          [ 3/4+1/4*E(40)^8-1/4*E(40)^12, -1/4-1/4*E(40)^8+1/4*E(40)^12, 1/4+1/4*E(40)^8-1/4*E(40)^12, 3/4+1/4*E(40)^8-1/4*E(40)^12 ]
  (7.7s)

--- L3-{5,3,5/2}-14: 12 neighbours of w, 1320 ordered triples, 960 admissible (independent) bases, 360 dependent
  [ok]   at least one admissible basis at w
  RAW: 120 stage-1 minimisers, 60 minimising bases [(0, 1, 3, 4), (0, 1, 4, 53), (0, 1, 8, 3), (0, 1, 25, 8), (0, 1, 53, 25), (0, 3, 1, 8), (0, 3, 4, 1), (0, 3, 8, 10)], signs [1] -> oriented sign +1
       sha256(unoriented) = 2ca422f0ace4f186d0141e6faa9241f84cdc94dbb79428ea1f30c47b289eb4b8
       sha256(oriented)   = bd3139a67f1dd43737e388aaea26d7a3ad41997bec409c88ee755dc29750680c
       minimising basis b = (0, 1, 3, 4) :
          [ -1/2-E(40)^8+E(40)^12, 0, -1/2-1/2*E(40)^8+1/2*E(40)^12, -1/2*E(40)^8+1/2*E(40)^12 ]
          [ 1, -1/2*E(40)^8+1/2*E(40)^12, 1/2+1/2*E(40)^8-1/2*E(40)^12, -1/2 ]
          [ 1, 1/2+1/2*E(40)^8-1/2*E(40)^12, 1/2, 1/2*E(40)^8-1/2*E(40)^12 ]
          [ 1/2, -1/2*E(40)^8+1/2*E(40)^12, 1, 1/2+1/2*E(40)^8-1/2*E(40)^12 ]
  SF : 120 stage-1 minimisers, 60 minimising bases [(0, 1, 3, 4), (0, 1, 4, 53), (0, 1, 8, 3), (0, 1, 25, 8), (0, 1, 53, 25), (0, 3, 1, 8), (0, 3, 4, 1), (0, 3, 8, 10)], signs [1] -> oriented sign +1
       sha256(unoriented) = 2ffd0c0248c55c540625a378bbc3394dfcb420f51c12ee0ce2130ac311662f77
       sha256(oriented)   = 96ad39d2198081d4d30781854c7ab2eaf987d96e4569ccbb9bacb74c43069e48
       minimising basis b = (0, 1, 3, 4) :
          [ -1/2-E(40)^8+E(40)^12, 0, -1/2-1/2*E(40)^8+1/2*E(40)^12, -1/2*E(40)^8+1/2*E(40)^12 ]
          [ 1, -1/2*E(40)^8+1/2*E(40)^12, 1/2+1/2*E(40)^8-1/2*E(40)^12, -1/2 ]
          [ 1, 1/2+1/2*E(40)^8-1/2*E(40)^12, 1/2, 1/2*E(40)^8-1/2*E(40)^12 ]
          [ 1/2, -1/2*E(40)^8+1/2*E(40)^12, 1, 1/2+1/2*E(40)^8-1/2*E(40)^12 ]
  (5.5s)

--- L3-{5,3,5/2}-15: 12 neighbours of w, 1320 ordered triples, 960 admissible (independent) bases, 360 dependent
  [ok]   at least one admissible basis at w
  RAW: 120 stage-1 minimisers, 60 minimising bases [(0, 1, 3, 8), (0, 1, 4, 3), (0, 1, 8, 24), (0, 1, 24, 46), (0, 1, 46, 4), (0, 3, 1, 4), (0, 3, 4, 11), (0, 3, 8, 1)], signs [1] -> oriented sign +1
       sha256(unoriented) = 7dead18c4e6ac14c74801455090a2fcefb065568878751bea99a9ed538d72783
       sha256(oriented)   = dd946c14eb19672f194e6de21f02c4ecce16960d307e7573246223bb3d112048
       minimising basis b = (0, 1, 3, 8) :
          [ -9/2-3*E(40)^8+3*E(40)^12, 0, 11/2+7/2*E(40)^8-7/2*E(40)^12, 2+3/2*E(40)^8-3/2*E(40)^12 ]
          [ -3-2*E(40)^8+2*E(40)^12, -4-5/2*E(40)^8+5/2*E(40)^12, 9/2+5/2*E(40)^8-5/2*E(40)^12, 7/2+2*E(40)^8-2*E(40)^12 ]
          [ -3-2*E(40)^8+2*E(40)^12, 1/2+1/2*E(40)^8-1/2*E(40)^12, 13/2+4*E(40)^8-4*E(40)^12, -2-3/2*E(40)^8+3/2*E(40)^12 ]
          [ -3-2*E(40)^8+2*E(40)^12, 7/2+2*E(40)^8-2*E(40)^12, 4+5/2*E(40)^8-5/2*E(40)^12, 9/2+5/2*E(40)^8-5/2*E(40)^12 ]
  SF : 120 stage-1 minimisers, 60 minimising bases [(0, 1, 3, 8), (0, 1, 4, 3), (0, 1, 8, 24), (0, 1, 24, 46), (0, 1, 46, 4), (0, 3, 1, 4), (0, 3, 4, 11), (0, 3, 8, 1)], signs [1] -> oriented sign +1
       sha256(unoriented) = 4e85f3cc2178faf50734072f0a934bc5d553c5c0328492150de04b2ef360a878
       sha256(oriented)   = 88ef250f75e44eaee9b6522a981ccbc514bf906616b66948221c731e12bd0daa
       minimising basis b = (0, 1, 3, 8) :
          [ -9/2-3*E(40)^8+3*E(40)^12, 0, 11/2+7/2*E(40)^8-7/2*E(40)^12, 2+3/2*E(40)^8-3/2*E(40)^12 ]
          [ -3-2*E(40)^8+2*E(40)^12, -4-5/2*E(40)^8+5/2*E(40)^12, 9/2+5/2*E(40)^8-5/2*E(40)^12, 7/2+2*E(40)^8-2*E(40)^12 ]
          [ -3-2*E(40)^8+2*E(40)^12, 1/2+1/2*E(40)^8-1/2*E(40)^12, 13/2+4*E(40)^8-4*E(40)^12, -2-3/2*E(40)^8+3/2*E(40)^12 ]
          [ -3-2*E(40)^8+2*E(40)^12, 7/2+2*E(40)^8-2*E(40)^12, 4+5/2*E(40)^8-5/2*E(40)^12, 9/2+5/2*E(40)^8-5/2*E(40)^12 ]
  (5.3s)

--- L3-{5,3,5/2}-16: 12 neighbours of w, 1320 ordered triples, 960 admissible (independent) bases, 360 dependent
  [ok]   at least one admissible basis at w
  RAW: 120 stage-1 minimisers, 60 minimising bases [(0, 1, 3, 4), (0, 1, 4, 49), (0, 1, 8, 3), (0, 1, 24, 8), (0, 1, 49, 24), (0, 3, 1, 8), (0, 3, 4, 1), (0, 3, 8, 10)], signs [1] -> oriented sign +1
       sha256(unoriented) = 0f6ada78b431e9fce8c45c38b574992167a97d861210a7d23ee1d9d9e871680d
       sha256(oriented)   = 77990c036b0a0ce48c2f72bdb7d4f8c1f3399429eecfb264148db9737393eda9
       minimising basis b = (0, 1, 3, 4) :
          [ -1-E(40)^8+E(40)^12, 0, 2+E(40)^8-E(40)^12, 1 ]
          [ -1-E(40)^8+E(40)^12, -1-E(40)^8+E(40)^12, 1+E(40)^8-E(40)^12, 1+E(40)^8-E(40)^12 ]
          [ -1-E(40)^8+E(40)^12, 0, 2+E(40)^8-E(40)^12, -1 ]
          [ 0, 1, 2+E(40)^8-E(40)^12, 1+E(40)^8-E(40)^12 ]
  SF : 120 stage-1 minimisers, 60 minimising bases [(0, 1, 3, 4), (0, 1, 4, 49), (0, 1, 8, 3), (0, 1, 24, 8), (0, 1, 49, 24), (0, 3, 1, 8), (0, 3, 4, 1), (0, 3, 8, 10)], signs [1] -> oriented sign +1
       sha256(unoriented) = 4e85f3cc2178faf50734072f0a934bc5d553c5c0328492150de04b2ef360a878
       sha256(oriented)   = 88ef250f75e44eaee9b6522a981ccbc514bf906616b66948221c731e12bd0daa
       minimising basis b = (0, 1, 3, 4) :
          [ -1-E(40)^8+E(40)^12, 0, 2+E(40)^8-E(40)^12, 1 ]
          [ -1-E(40)^8+E(40)^12, -1-E(40)^8+E(40)^12, 1+E(40)^8-E(40)^12, 1+E(40)^8-E(40)^12 ]
          [ -1-E(40)^8+E(40)^12, 0, 2+E(40)^8-E(40)^12, -1 ]
          [ 0, 1, 2+E(40)^8-E(40)^12, 1+E(40)^8-E(40)^12 ]
  (4.8s)

--- L3-{3,3,5/2}-1: 4 neighbours of w, 24 ordered triples, 24 admissible (independent) bases, 0 dependent
  [ok]   at least one admissible basis at w
  RAW: 24 stage-1 minimisers, 12 minimising bases [(0, 1, 3, 4), (0, 1, 4, 8), (0, 1, 8, 3), (0, 3, 1, 8), (0, 3, 4, 1), (0, 3, 8, 4), (0, 4, 1, 3), (0, 4, 3, 8)], signs [1] -> oriented sign +1
       sha256(unoriented) = 9b6689beb61121075ef0feab4ee5604cbd80bb696d7c9622ea9419f3959c2038
       sha256(oriented)   = f7b446bca92aa9b62a99d46d5813dbc13023109e69a76a41165b518f11f6448c
       minimising basis b = (0, 1, 3, 4) :
          [ 3/4-5/4*E(40)^8+5/4*E(40)^12, 1/4*E(40)^8-1/4*E(40)^12, 1/4-1/2*E(40)^8+1/2*E(40)^12, 0 ]
          [ 3/4-5/4*E(40)^8+5/4*E(40)^12, -1/4*E(40)^8+1/4*E(40)^12, 1/4-1/2*E(40)^8+1/2*E(40)^12, 0 ]
          [ 3/4-E(40)^8+E(40)^12, -1/4+1/4*E(40)^8-1/4*E(40)^12, 1/2-3/4*E(40)^8+3/4*E(40)^12, 0 ]
          [ 3/4-5/4*E(40)^8+5/4*E(40)^12, -1/4+1/4*E(40)^8-1/4*E(40)^12, 1/4-1/4*E(40)^8+1/4*E(40)^12, -1/4+1/4*E(40)^8-1/4*E(40)^12 ]
  SF : 24 stage-1 minimisers, 12 minimising bases [(0, 1, 3, 4), (0, 1, 4, 8), (0, 1, 8, 3), (0, 3, 1, 8), (0, 3, 4, 1), (0, 3, 8, 4), (0, 4, 1, 3), (0, 4, 3, 8)], signs [1] -> oriented sign +1
       sha256(unoriented) = f18917876a3befe6c0b87834244e75d933ee73395f9cb3666f6ac28657375dbc
       sha256(oriented)   = cb3214f16e246d60fe1b5119050ce1ed827306f2c7442295019bd49bc4179156
       minimising basis b = (0, 1, 3, 4) :
          [ 3/4-5/4*E(40)^8+5/4*E(40)^12, 1/4*E(40)^8-1/4*E(40)^12, 1/4-1/2*E(40)^8+1/2*E(40)^12, 0 ]
          [ 3/4-5/4*E(40)^8+5/4*E(40)^12, -1/4*E(40)^8+1/4*E(40)^12, 1/4-1/2*E(40)^8+1/2*E(40)^12, 0 ]
          [ 3/4-E(40)^8+E(40)^12, -1/4+1/4*E(40)^8-1/4*E(40)^12, 1/2-3/4*E(40)^8+3/4*E(40)^12, 0 ]
          [ 3/4-5/4*E(40)^8+5/4*E(40)^12, -1/4+1/4*E(40)^8-1/4*E(40)^12, 1/4-1/4*E(40)^8+1/4*E(40)^12, -1/4+1/4*E(40)^8-1/4*E(40)^12 ]
  (1.9s)

--- L3-{3,3,5/2}-4: 4 neighbours of w, 24 ordered triples, 24 admissible (independent) bases, 0 dependent
  [ok]   at least one admissible basis at w
  RAW: 24 stage-1 minimisers, 12 minimising bases [(0, 1, 3, 8), (0, 1, 4, 3), (0, 1, 8, 4), (0, 3, 1, 4), (0, 3, 4, 8), (0, 3, 8, 1), (0, 4, 1, 8), (0, 4, 3, 1)], signs [1] -> oriented sign +1
       sha256(unoriented) = d6ad4d90dc98ba11cd812a408259ddf9ad9594221b284e000e24b957f43b96fe
       sha256(oriented)   = a6954f1fc61bf6979a2fa6c0590f6ef08e83df811394118fb2e2d2ffd6b02edd
       minimising basis b = (0, 1, 3, 8) :
          [ 1-7/4*E(40)^8+7/4*E(40)^12, 1/4*E(40)^8-1/4*E(40)^12, 1/2-3/4*E(40)^8+3/4*E(40)^12, -1/4*E(40)^8+1/4*E(40)^12 ]
          [ 5/4-7/4*E(40)^8+7/4*E(40)^12, -1/4*E(40)^8+1/4*E(40)^12, 1/4-1/2*E(40)^8+1/2*E(40)^12, 0 ]
          [ 1-3/2*E(40)^8+3/2*E(40)^12, -1/4+1/4*E(40)^8-1/4*E(40)^12, 3/4-E(40)^8+E(40)^12, 1/4*E(40)^8-1/4*E(40)^12 ]
          [ 1-7/4*E(40)^8+7/4*E(40)^12, -1/2+1/2*E(40)^8-1/2*E(40)^12, 1/4-1/2*E(40)^8+1/2*E(40)^12, 1/4-1/4*E(40)^8+1/4*E(40)^12 ]
  SF : 24 stage-1 minimisers, 12 minimising bases [(0, 1, 3, 8), (0, 1, 4, 3), (0, 1, 8, 4), (0, 3, 1, 4), (0, 3, 4, 8), (0, 3, 8, 1), (0, 4, 1, 8), (0, 4, 3, 1)], signs [1] -> oriented sign +1
       sha256(unoriented) = f18917876a3befe6c0b87834244e75d933ee73395f9cb3666f6ac28657375dbc
       sha256(oriented)   = cb3214f16e246d60fe1b5119050ce1ed827306f2c7442295019bd49bc4179156
       minimising basis b = (0, 1, 3, 8) :
          [ 1-7/4*E(40)^8+7/4*E(40)^12, 1/4*E(40)^8-1/4*E(40)^12, 1/2-3/4*E(40)^8+3/4*E(40)^12, -1/4*E(40)^8+1/4*E(40)^12 ]
          [ 5/4-7/4*E(40)^8+7/4*E(40)^12, -1/4*E(40)^8+1/4*E(40)^12, 1/4-1/2*E(40)^8+1/2*E(40)^12, 0 ]
          [ 1-3/2*E(40)^8+3/2*E(40)^12, -1/4+1/4*E(40)^8-1/4*E(40)^12, 3/4-E(40)^8+E(40)^12, 1/4*E(40)^8-1/4*E(40)^12 ]
          [ 1-7/4*E(40)^8+7/4*E(40)^12, -1/2+1/2*E(40)^8-1/2*E(40)^12, 1/4-1/2*E(40)^8+1/2*E(40)^12, 1/4-1/4*E(40)^8+1/4*E(40)^12 ]
  (1.7s)

### 5. classes  [136.5s]
  class_raw_unoriented         (congruence (O(4), reflections allowed)): 24 classes
       class  1: L3-{4,3,3}-1
       class  2: L3-{4,3,3}-2
       class  3: L3-{4,3,3}-3
       class  4: L3-{4,3,3}-6
       class  5: L3-{5,3,3}-3
       class  6: L3-{5,3,3}-8
       class  7: L3-{5,3,5/2}-1
       class  8: L3-{5,3,5/2}-2
       class  9: L3-{5,3,5/2}-3
       class 10: L3-{5,3,5/2}-4
       class 11: L3-{5,3,5/2}-5
       class 12: L3-{5,3,5/2}-6
       class 13: L3-{5,3,5/2}-7
       class 14: L3-{5,3,5/2}-8
       class 15: L3-{5,3,5/2}-9
       class 16: L3-{5,3,5/2}-10
       class 17: L3-{5,3,5/2}-11
       class 18: L3-{5,3,5/2}-12
       class 19: L3-{5,3,5/2}-13
       class 20: L3-{5,3,5/2}-14
       class 21: L3-{5,3,5/2}-15
       class 22: L3-{5,3,5/2}-16
       class 23: L3-{3,3,5/2}-1
       class 24: L3-{3,3,5/2}-4
  class_raw_oriented           (proper congruence (SO(4))): 24 classes
       class  1: L3-{4,3,3}-1
       class  2: L3-{4,3,3}-2
       class  3: L3-{4,3,3}-3
       class  4: L3-{4,3,3}-6
       class  5: L3-{5,3,3}-3
       class  6: L3-{5,3,3}-8
       class  7: L3-{5,3,5/2}-1
       class  8: L3-{5,3,5/2}-2
       class  9: L3-{5,3,5/2}-3
       class 10: L3-{5,3,5/2}-4
       class 11: L3-{5,3,5/2}-5
       class 12: L3-{5,3,5/2}-6
       class 13: L3-{5,3,5/2}-7
       class 14: L3-{5,3,5/2}-8
       class 15: L3-{5,3,5/2}-9
       class 16: L3-{5,3,5/2}-10
       class 17: L3-{5,3,5/2}-11
       class 18: L3-{5,3,5/2}-12
       class 19: L3-{5,3,5/2}-13
       class 20: L3-{5,3,5/2}-14
       class 21: L3-{5,3,5/2}-15
       class 22: L3-{5,3,5/2}-16
       class 23: L3-{3,3,5/2}-1
       class 24: L3-{3,3,5/2}-4
  class_scalefree_unoriented   (similarity): 12 classes
       class  1: L3-{4,3,3}-1, L3-{4,3,3}-6
       class  2: L3-{4,3,3}-2, L3-{4,3,3}-3
       class  3: L3-{5,3,3}-3, L3-{5,3,3}-8
       class  4: L3-{5,3,5/2}-1, L3-{5,3,5/2}-4
       class  5: L3-{5,3,5/2}-2, L3-{5,3,5/2}-3
       class  6: L3-{5,3,5/2}-5, L3-{5,3,5/2}-8
       class  7: L3-{5,3,5/2}-6, L3-{5,3,5/2}-7
       class  8: L3-{5,3,5/2}-9, L3-{5,3,5/2}-12
       class  9: L3-{5,3,5/2}-10, L3-{5,3,5/2}-11
       class 10: L3-{5,3,5/2}-13, L3-{5,3,5/2}-14
       class 11: L3-{5,3,5/2}-15, L3-{5,3,5/2}-16
       class 12: L3-{3,3,5/2}-1, L3-{3,3,5/2}-4
  class_scalefree_oriented     (proper similarity): 12 classes
       class  1: L3-{4,3,3}-1, L3-{4,3,3}-6
       class  2: L3-{4,3,3}-2, L3-{4,3,3}-3
       class  3: L3-{5,3,3}-3, L3-{5,3,3}-8
       class  4: L3-{5,3,5/2}-1, L3-{5,3,5/2}-4
       class  5: L3-{5,3,5/2}-2, L3-{5,3,5/2}-3
       class  6: L3-{5,3,5/2}-5, L3-{5,3,5/2}-8
       class  7: L3-{5,3,5/2}-6, L3-{5,3,5/2}-7
       class  8: L3-{5,3,5/2}-9, L3-{5,3,5/2}-12
       class  9: L3-{5,3,5/2}-10, L3-{5,3,5/2}-11
       class 10: L3-{5,3,5/2}-13, L3-{5,3,5/2}-14
       class 11: L3-{5,3,5/2}-15, L3-{5,3,5/2}-16
       class 12: L3-{3,3,5/2}-1, L3-{3,3,5/2}-4
  [ok]   implications proper-congruent => congruent => similar, proper-congruent => proper-similar => similar hold

### 6. R1: exact coincidence of stored vertex sets / whole structures
  pairs with identical vertex sets: 0 ; pairs with identical whole structures: 0

### 7. pairs and explicit similarity certificates  [136.5s]

--- pair L3-{4,3,3}-1 | L3-{4,3,3}-2 : exhaustive search: 0 Gram-compatible neighbour triples, 0 verified similarities with w_a -> w_b, det signs []
  [ok]   exhaustive search agrees with SCALEFREE-UNORIENTED canonical forms (similar: False)
  [ok]   exhaustive search agrees with SCALEFREE-ORIENTED canonical forms (proper-similar: False)
  [ok]   exhaustive search agrees with RAW-UNORIENTED canonical forms (congruent: False)
  [ok]   exhaustive search agrees with RAW-ORIENTED canonical forms (proper-congruent: False)

--- pair L3-{4,3,3}-1 | L3-{4,3,3}-3 : exhaustive search: 0 Gram-compatible neighbour triples, 0 verified similarities with w_a -> w_b, det signs []
  [ok]   exhaustive search agrees with SCALEFREE-UNORIENTED canonical forms (similar: False)
  [ok]   exhaustive search agrees with SCALEFREE-ORIENTED canonical forms (proper-similar: False)
  [ok]   exhaustive search agrees with RAW-UNORIENTED canonical forms (congruent: False)
  [ok]   exhaustive search agrees with RAW-ORIENTED canonical forms (proper-congruent: False)

--- pair L3-{4,3,3}-1 | L3-{4,3,3}-6 : exhaustive search: 24 Gram-compatible neighbour triples, 12 verified similarities with w_a -> w_b, det signs [1]
  [ok]   exhaustive search agrees with SCALEFREE-UNORIENTED canonical forms (similar: True)
  [ok]   exhaustive search agrees with SCALEFREE-ORIENTED canonical forms (proper-similar: True)
  [ok]   exhaustive search agrees with RAW-UNORIENTED canonical forms (congruent: False)
  [ok]   exhaustive search agrees with RAW-ORIENTED canonical forms (proper-congruent: False)

--- pair L3-{4,3,3}-1 ~ L3-{4,3,3}-6  (T {4,3,3} / {4,3,3}): similar. lambda = 4/3 ~ 1.3333333333
  basis a (indices (0, 1, 3, 8)):
     [ 1/2, 1/2, 1/2, 3/2 ]
     [ 1/2, 3/2, -1/2, 1/2 ]
     [ -1/2, 1/2, 3/2, 1/2 ]
     [ 3/2, -1/2, 1/2, 1/2 ]
  basis b (indices (0, 1, 3, 4)):
     [ 1, 1, 1, 1 ]
     [ 1, 1, -1, 1 ]
     [ -1, 1, 1, 1 ]
     [ 1, 1, 1, -1 ]
  M = B_a^-1 * B_b  (GAP notation, row convention x -> x*M):
  M := [ [ 2/3, 2/3, 0, -2/3 ], [ 0, 2/3, -2/3, 2/3 ], [ -2/3, 2/3, 2/3, 0 ], [ 2/3, 0, 2/3, 2/3 ] ];
  M ~ [[0.666667, 0.666667, 0.0, -0.666667], [0.0, 0.666667, -0.666667, 0.666667], [-0.666667, 0.666667, 0.666667, 0.0], [0.666667, 0.0, 0.666667, 0.666667]]
  [ok]   M*M^T = lambda*I exactly, lambda = 4/3
  [ok]   det M = +1 * lambda^2 exactly (det M = 16/9)
  [ok]   M carries the vertex set of a onto the vertex set of b
  [ok]   M carries the edge set of a onto the edge set of b
  [ok]   M carries the 2-face set of a onto the 2-face set of b
  [ok]   M carries the cell set of a onto the cell set of b
  [ok]   equal SCALEFREE-ORIENTED forms and det M > 0: proper similarity exhibited
  [ok]   RAW-inequal similar pair has lambda != 1 (lambda = 4/3)

--- pair L3-{4,3,3}-2 | L3-{4,3,3}-3 : exhaustive search: 24 Gram-compatible neighbour triples, 12 verified similarities with w_a -> w_b, det signs [1]
  [ok]   exhaustive search agrees with SCALEFREE-UNORIENTED canonical forms (similar: True)
  [ok]   exhaustive search agrees with SCALEFREE-ORIENTED canonical forms (proper-similar: True)
  [ok]   exhaustive search agrees with RAW-UNORIENTED canonical forms (congruent: False)
  [ok]   exhaustive search agrees with RAW-ORIENTED canonical forms (proper-congruent: False)

--- pair L3-{4,3,3}-2 ~ L3-{4,3,3}-3  (T {4,3,3} / {4,3,3}): similar. lambda = 4/3 ~ 1.3333333333
  basis a (indices (0, 1, 3, 8)):
     [ -1/4, -1/4, -1/4, 3/4 ]
     [ -1/4, 3/4, 1/4, -1/4 ]
     [ 1/4, -1/4, 3/4, -1/4 ]
     [ 3/4, 1/4, -1/4, -1/4 ]
  basis b (indices (0, 1, 3, 4)):
     [ -1/2, -1/2, -1/2, 1/2 ]
     [ -1/2, 1/2, 1/2, -1/2 ]
     [ 1/2, -1/2, 1/2, -1/2 ]
     [ 1/2, 1/2, 1/2, 1/2 ]
  M = B_a^-1 * B_b  (GAP notation, row convention x -> x*M):
  M := [ [ 2/3, 0, 2/3, 2/3 ], [ -2/3, 2/3, 2/3, 0 ], [ 0, -2/3, 2/3, -2/3 ], [ -2/3, -2/3, 0, 2/3 ] ];
  M ~ [[0.666667, 0.0, 0.666667, 0.666667], [-0.666667, 0.666667, 0.666667, 0.0], [0.0, -0.666667, 0.666667, -0.666667], [-0.666667, -0.666667, 0.0, 0.666667]]
  [ok]   M*M^T = lambda*I exactly, lambda = 4/3
  [ok]   det M = +1 * lambda^2 exactly (det M = 16/9)
  [ok]   M carries the vertex set of a onto the vertex set of b
  [ok]   M carries the edge set of a onto the edge set of b
  [ok]   M carries the 2-face set of a onto the 2-face set of b
  [ok]   M carries the cell set of a onto the cell set of b
  [ok]   equal SCALEFREE-ORIENTED forms and det M > 0: proper similarity exhibited
  [ok]   RAW-inequal similar pair has lambda != 1 (lambda = 4/3)

--- pair L3-{4,3,3}-2 | L3-{4,3,3}-6 : exhaustive search: 0 Gram-compatible neighbour triples, 0 verified similarities with w_a -> w_b, det signs []
  [ok]   exhaustive search agrees with SCALEFREE-UNORIENTED canonical forms (similar: False)
  [ok]   exhaustive search agrees with SCALEFREE-ORIENTED canonical forms (proper-similar: False)
  [ok]   exhaustive search agrees with RAW-UNORIENTED canonical forms (congruent: False)
  [ok]   exhaustive search agrees with RAW-ORIENTED canonical forms (proper-congruent: False)

--- pair L3-{4,3,3}-3 | L3-{4,3,3}-6 : exhaustive search: 0 Gram-compatible neighbour triples, 0 verified similarities with w_a -> w_b, det signs []
  [ok]   exhaustive search agrees with SCALEFREE-UNORIENTED canonical forms (similar: False)
  [ok]   exhaustive search agrees with SCALEFREE-ORIENTED canonical forms (proper-similar: False)
  [ok]   exhaustive search agrees with RAW-UNORIENTED canonical forms (congruent: False)
  [ok]   exhaustive search agrees with RAW-ORIENTED canonical forms (proper-congruent: False)

--- pair L3-{5,3,3}-3 | L3-{5,3,3}-8 : exhaustive search: 24 Gram-compatible neighbour triples, 12 verified similarities with w_a -> w_b, det signs [1]
  [ok]   exhaustive search agrees with SCALEFREE-UNORIENTED canonical forms (similar: True)
  [ok]   exhaustive search agrees with SCALEFREE-ORIENTED canonical forms (proper-similar: True)
  [ok]   exhaustive search agrees with RAW-UNORIENTED canonical forms (congruent: False)
  [ok]   exhaustive search agrees with RAW-ORIENTED canonical forms (proper-congruent: False)

--- pair L3-{5,3,3}-3 ~ L3-{5,3,3}-8  (T {5,3,3} / {5,3,3}): similar. lambda = 10-16*E(40)^8+16*E(40)^12 ~ 0.1114561800
  basis a (indices (0, 1, 3, 8)):
     [ -31/2-19/2*E(40)^8+19/2*E(40)^12, 0, 4+5/2*E(40)^8-5/2*E(40)^12, 3/2+E(40)^8-E(40)^12 ]
     [ -29/2-9*E(40)^8+9*E(40)^12, -4-5/2*E(40)^8+5/2*E(40)^12, 5+3*E(40)^8-3*E(40)^12, 5/2+3/2*E(40)^8-3/2*E(40)^12 ]
     [ -29/2-9*E(40)^8+9*E(40)^12, 3/2+E(40)^8-E(40)^12, 13/2+4*E(40)^8-4*E(40)^12, -3/2-E(40)^8+E(40)^12 ]
     [ -29/2-9*E(40)^8+9*E(40)^12, 5/2+3/2*E(40)^8-3/2*E(40)^12, 4+5/2*E(40)^8-5/2*E(40)^12, 5+3*E(40)^8-3*E(40)^12 ]
  basis b (indices (0, 1, 3, 4)):
     [ -5-3*E(40)^8+3*E(40)^12, 0, 2+E(40)^8-E(40)^12, 1 ]
     [ -5-3*E(40)^8+3*E(40)^12, -1-E(40)^8+E(40)^12, 1+E(40)^8-E(40)^12, 1+E(40)^8-E(40)^12 ]
     [ -5-3*E(40)^8+3*E(40)^12, 0, 2+E(40)^8-E(40)^12, -1 ]
     [ -4-3*E(40)^8+3*E(40)^12, 0, 3+2*E(40)^8-2*E(40)^12, 1+E(40)^8-E(40)^12 ]
  M = B_a^-1 * B_b  (GAP notation, row convention x -> x*M):
  M := [ [ 1/2*E(40)^8-1/2*E(40)^12, -1+3/2*E(40)^8-3/2*E(40)^12, -1+3/2*E(40)^8-3/2*E(40)^12, -1+3/2*E(40)^8-3/2*E(40)^12 ], [ 1-3/2*E(40)^8+3/2*E(40)^12, 1/2-1/2*E(40)^8+1/2*E(40)^12, -1+2*E(40)^8-2*E(40)^12, 1/2-E(40)^8+E(40)^12 ], [ -1+3/2*E(40)^8-3/2*E(40)^12, 1-2*E(40)^8+2*E(40)^12, -1/2+E(40)^8-E(40)^12, -1/2+1/2*E(40)^8-1/2*E(40)^12 ], [ 1-3/2*E(40)^8+3/2*E(40)^12, 1/2-E(40)^8+E(40)^12, 1/2-1/2*E(40)^8+1/2*E(40)^12, -1+2*E(40)^8-2*E(40)^12 ] ];
  M ~ [[0.309017, -0.072949, -0.072949, -0.072949], [0.072949, 0.190983, 0.236068, -0.118034], [-0.072949, -0.236068, 0.118034, -0.190983], [0.072949, -0.118034, 0.190983, 0.236068]]
  [ok]   M*M^T = lambda*I exactly, lambda = 10-16*E(40)^8+16*E(40)^12
  [ok]   det M = +1 * lambda^2 exactly (det M = 356-576*E(40)^8+576*E(40)^12)
  [ok]   M carries the vertex set of a onto the vertex set of b
  [ok]   M carries the edge set of a onto the edge set of b
  [ok]   M carries the 2-face set of a onto the 2-face set of b
  [ok]   M carries the cell set of a onto the cell set of b
  [ok]   equal SCALEFREE-ORIENTED forms and det M > 0: proper similarity exhibited
  [ok]   RAW-inequal similar pair has lambda != 1 (lambda = 10-16*E(40)^8+16*E(40)^12)

--- pair L3-{5,3,3}-3 | L3-{3,3,5/2}-1 : exhaustive search: 0 Gram-compatible neighbour triples, 0 verified similarities with w_a -> w_b, det signs []
  [ok]   exhaustive search agrees with SCALEFREE-UNORIENTED canonical forms (similar: False)
  [ok]   exhaustive search agrees with SCALEFREE-ORIENTED canonical forms (proper-similar: False)
  [ok]   exhaustive search agrees with RAW-UNORIENTED canonical forms (congruent: False)
  [ok]   exhaustive search agrees with RAW-ORIENTED canonical forms (proper-congruent: False)

--- pair L3-{5,3,3}-3 | L3-{3,3,5/2}-4 : exhaustive search: 0 Gram-compatible neighbour triples, 0 verified similarities with w_a -> w_b, det signs []
  [ok]   exhaustive search agrees with SCALEFREE-UNORIENTED canonical forms (similar: False)
  [ok]   exhaustive search agrees with SCALEFREE-ORIENTED canonical forms (proper-similar: False)
  [ok]   exhaustive search agrees with RAW-UNORIENTED canonical forms (congruent: False)
  [ok]   exhaustive search agrees with RAW-ORIENTED canonical forms (proper-congruent: False)

--- pair L3-{5,3,3}-8 | L3-{3,3,5/2}-1 : exhaustive search: 0 Gram-compatible neighbour triples, 0 verified similarities with w_a -> w_b, det signs []
  [ok]   exhaustive search agrees with SCALEFREE-UNORIENTED canonical forms (similar: False)
  [ok]   exhaustive search agrees with SCALEFREE-ORIENTED canonical forms (proper-similar: False)
  [ok]   exhaustive search agrees with RAW-UNORIENTED canonical forms (congruent: False)
  [ok]   exhaustive search agrees with RAW-ORIENTED canonical forms (proper-congruent: False)

--- pair L3-{5,3,3}-8 | L3-{3,3,5/2}-4 : exhaustive search: 0 Gram-compatible neighbour triples, 0 verified similarities with w_a -> w_b, det signs []
  [ok]   exhaustive search agrees with SCALEFREE-UNORIENTED canonical forms (similar: False)
  [ok]   exhaustive search agrees with SCALEFREE-ORIENTED canonical forms (proper-similar: False)
  [ok]   exhaustive search agrees with RAW-UNORIENTED canonical forms (congruent: False)
  [ok]   exhaustive search agrees with RAW-ORIENTED canonical forms (proper-congruent: False)

--- pair L3-{5,3,5/2}-1 | L3-{5,3,5/2}-2 : exhaustive search: 0 Gram-compatible neighbour triples, 0 verified similarities with w_a -> w_b, det signs []
  [ok]   exhaustive search agrees with SCALEFREE-UNORIENTED canonical forms (similar: False)
  [ok]   exhaustive search agrees with SCALEFREE-ORIENTED canonical forms (proper-similar: False)
  [ok]   exhaustive search agrees with RAW-UNORIENTED canonical forms (congruent: False)
  [ok]   exhaustive search agrees with RAW-ORIENTED canonical forms (proper-congruent: False)

--- pair L3-{5,3,5/2}-1 | L3-{5,3,5/2}-3 : exhaustive search: 0 Gram-compatible neighbour triples, 0 verified similarities with w_a -> w_b, det signs []
  [ok]   exhaustive search agrees with SCALEFREE-UNORIENTED canonical forms (similar: False)
  [ok]   exhaustive search agrees with SCALEFREE-ORIENTED canonical forms (proper-similar: False)
  [ok]   exhaustive search agrees with RAW-UNORIENTED canonical forms (congruent: False)
  [ok]   exhaustive search agrees with RAW-ORIENTED canonical forms (proper-congruent: False)

--- pair L3-{5,3,5/2}-1 | L3-{5,3,5/2}-4 : exhaustive search: 24 Gram-compatible neighbour triples, 12 verified similarities with w_a -> w_b, det signs [1]
  [ok]   exhaustive search agrees with SCALEFREE-UNORIENTED canonical forms (similar: True)
  [ok]   exhaustive search agrees with SCALEFREE-ORIENTED canonical forms (proper-similar: True)
  [ok]   exhaustive search agrees with RAW-UNORIENTED canonical forms (congruent: False)
  [ok]   exhaustive search agrees with RAW-ORIENTED canonical forms (proper-congruent: False)

--- pair L3-{5,3,5/2}-1 ~ L3-{5,3,5/2}-4  (T {5,3,5/2} / {5,3,5/2}): similar. lambda = 2/3+1/3*E(40)^5-1/6*E(40)^8+1/6*E(40)^12-1/3*E(40)^15 ~ 1.0350655227
  basis a (indices (0, 1, 3, 8)):
     [ 7/2-2*E(40)-2*E(40)^3-E(40)^5+2*E(40)^7+2*E(40)^8-2*E(40)^9-2*E(40)^12+3*E(40)^15, 0, -15/2+3*E(40)+3*E(40)^3+2*E(40)^5-3*E(40)^7-9/2*E(40)^8+3*E(40)^9+9/2*E(40)^12-5*E(40)^15, -3+E(40)+E(40)^3+E(40)^5-E(40)^7-3/2*E(40)^8+E(40)^9+3/2*E(40)^12-2*E(40)^15 ]
     [ 5-2*E(40)-2*E(40)^3-E(40)^5+2*E(40)^7+3*E(40)^8-2*E(40)^9-3*E(40)^12+3*E(40)^15, 4-2*E(40)-2*E(40)^3-E(40)^5+2*E(40)^7+5/2*E(40)^8-2*E(40)^9-5/2*E(40)^12+3*E(40)^15, -7/2+2*E(40)+2*E(40)^3+E(40)^5-2*E(40)^7-5/2*E(40)^8+2*E(40)^9+5/2*E(40)^12-3*E(40)^15, -9/2+2*E(40)+2*E(40)^3+E(40)^5-2*E(40)^7-3*E(40)^8+2*E(40)^9+3*E(40)^12-3*E(40)^15 ]
     [ 5-2*E(40)-2*E(40)^3-E(40)^5+2*E(40)^7+3*E(40)^8-2*E(40)^9-3*E(40)^12+3*E(40)^15, 1/2+1/2*E(40)^8-1/2*E(40)^12, -13/2+3*E(40)+3*E(40)^3+2*E(40)^5-3*E(40)^7-4*E(40)^8+3*E(40)^9+4*E(40)^12-5*E(40)^15, 3-E(40)-E(40)^3-E(40)^5+E(40)^7+3/2*E(40)^8-E(40)^9-3/2*E(40)^12+2*E(40)^15 ]
     [ 5-2*E(40)-2*E(40)^3-E(40)^5+2*E(40)^7+3*E(40)^8-2*E(40)^9-3*E(40)^12+3*E(40)^15, -9/2+2*E(40)+2*E(40)^3+E(40)^5-2*E(40)^7-3*E(40)^8+2*E(40)^9+3*E(40)^12-3*E(40)^15, -4+2*E(40)+2*E(40)^3+E(40)^5-2*E(40)^7-5/2*E(40)^8+2*E(40)^9+5/2*E(40)^12-3*E(40)^15, -7/2+2*E(40)+2*E(40)^3+E(40)^5-2*E(40)^7-5/2*E(40)^8+2*E(40)^9+5/2*E(40)^12-3*E(40)^15 ]
  basis b (indices (0, 1, 3, 4)):
     [ -2+1/2*E(40)+1/2*E(40)^3+1/2*E(40)^5-1/2*E(40)^7-3/2*E(40)^8+1/2*E(40)^9+3/2*E(40)^12-E(40)^15, 0, 3/2-E(40)-E(40)^3-1/2*E(40)^5+E(40)^7+E(40)^8-E(40)^9-E(40)^12+3/2*E(40)^15, 1/2-1/2*E(40)-1/2*E(40)^3+1/2*E(40)^7+1/2*E(40)^8-1/2*E(40)^9-1/2*E(40)^12+1/2*E(40)^15 ]
     [ -1/2+1/2*E(40)+1/2*E(40)^3+1/2*E(40)^5-1/2*E(40)^7-1/2*E(40)^8+1/2*E(40)^9+1/2*E(40)^12-E(40)^15, -3/2+1/2*E(40)+1/2*E(40)^3+1/2*E(40)^5-1/2*E(40)^7-E(40)^8+1/2*E(40)^9+E(40)^12-E(40)^15, 2-1/2*E(40)-1/2*E(40)^3-1/2*E(40)^5+1/2*E(40)^7+E(40)^8-1/2*E(40)^9-E(40)^12+E(40)^15, 1-1/2*E(40)-1/2*E(40)^3-1/2*E(40)^5+1/2*E(40)^7+1/2*E(40)^8-1/2*E(40)^9-1/2*E(40)^12+E(40)^15 ]
     [ -1/2+1/2*E(40)+1/2*E(40)^3+1/2*E(40)^5-1/2*E(40)^7-1/2*E(40)^8+1/2*E(40)^9+1/2*E(40)^12-E(40)^15, 1/2+1/2*E(40)^8-1/2*E(40)^12, 5/2-E(40)-E(40)^3-1/2*E(40)^5+E(40)^7+3/2*E(40)^8-E(40)^9-3/2*E(40)^12+3/2*E(40)^15, -1/2+1/2*E(40)+1/2*E(40)^3-1/2*E(40)^7-1/2*E(40)^8+1/2*E(40)^9+1/2*E(40)^12-1/2*E(40)^15 ]
     [ -5/2+E(40)+E(40)^3+E(40)^5-E(40)^7-3/2*E(40)^8+E(40)^9+3/2*E(40)^12-2*E(40)^15, 0, 1+1/2*E(40)^8-1/2*E(40)^12, 1/2 ]
  M = B_a^-1 * B_b  (GAP notation, row convention x -> x*M):
  M := [ [ 5/12+1/3*E(40)^5-1/6*E(40)^8+1/6*E(40)^12-1/3*E(40)^15, -1/12+1/12*E(40)+1/12*E(40)^3-1/6*E(40)^5-1/12*E(40)^7-1/4*E(40)^8+1/12*E(40)^9+1/4*E(40)^12+1/12*E(40)^15, 1/6+1/12*E(40)^5+1/12*E(40)^8-1/12*E(40)^12-1/12*E(40)^15, 1/6+1/12*E(40)+1/12*E(40)^3+1/12*E(40)^5-1/12*E(40)^7+1/12*E(40)^9-1/6*E(40)^15 ], [ 1/12-1/12*E(40)-1/12*E(40)^3+1/6*E(40)^5+1/12*E(40)^7+1/4*E(40)^8-1/12*E(40)^9-1/4*E(40)^12-1/12*E(40)^15, 5/12+1/3*E(40)^5-1/6*E(40)^8+1/6*E(40)^12-1/3*E(40)^15, -1/6-1/12*E(40)-1/12*E(40)^3-1/12*E(40)^5+1/12*E(40)^7-1/12*E(40)^9+1/6*E(40)^15, 1/6+1/12*E(40)^5+1/12*E(40)^8-1/12*E(40)^12-1/12*E(40)^15 ], [ 1/6+1/12*E(40)^5+1/12*E(40)^8-1/12*E(40)^12-1/12*E(40)^15, 1/6+1/12*E(40)+1/12*E(40)^3+1/12*E(40)^5-1/12*E(40)^7+1/12*E(40)^9-1/6*E(40)^15, 1/4+1/6*E(40)+1/6*E(40)^3-1/6*E(40)^7-1/6*E(40)^8+1/6*E(40)^9+1/6*E(40)^12-1/6*E(40)^15, -5/12+1/12*E(40)+1/12*E(40)^3-1/3*E(40)^5-1/12*E(40)^7+1/12*E(40)^8+1/12*E(40)^9-1/12*E(40)^12+1/4*E(40)^15 ], [ -1/6-1/12*E(40)-1/12*E(40)^3-1/12*E(40)^5+1/12*E(40)^7-1/12*E(40)^9+1/6*E(40)^15, 1/6+1/12*E(40)^5+1/12*E(40)^8-1/12*E(40)^12-1/12*E(40)^15, 5/12-1/12*E(40)-1/12*E(40)^3+1/3*E(40)^5+1/12*E(40)^7-1/12*E(40)^8-1/12*E(40)^9+1/12*E(40)^12-1/4*E(40)^15, 1/4+1/6*E(40)+1/6*E(40)^3-1/6*E(40)^7-1/6*E(40)^8+1/6*E(40)^9+1/6*E(40)^12-1/6*E(40)^15 ] ];
  M ~ [[0.785066, -0.282857, 0.336021, 0.475205], [0.282857, 0.785066, -0.475205, 0.336021], [0.336021, 0.475205, 0.528369, -0.645881], [-0.475205, 0.336021, 0.645881, 0.528369]]
  [ok]   M*M^T = lambda*I exactly, lambda = 2/3+1/3*E(40)^5-1/6*E(40)^8+1/6*E(40)^12-1/3*E(40)^15
  [ok]   det M = +1 * lambda^2 exactly (det M = 25/36-1/9*E(40)-1/9*E(40)^3+5/9*E(40)^5+1/9*E(40)^7-1/4*E(40)^8-1/9*E(40)^9+1/4*E(40)^12-4/9*E(40)^15)
  [ok]   M carries the vertex set of a onto the vertex set of b
  [ok]   M carries the edge set of a onto the edge set of b
  [ok]   M carries the 2-face set of a onto the 2-face set of b
  [ok]   M carries the cell set of a onto the cell set of b
  [ok]   equal SCALEFREE-ORIENTED forms and det M > 0: proper similarity exhibited
  [ok]   RAW-inequal similar pair has lambda != 1 (lambda = 2/3+1/3*E(40)^5-1/6*E(40)^8+1/6*E(40)^12-1/3*E(40)^15)

--- pair L3-{5,3,5/2}-2 | L3-{5,3,5/2}-3 : exhaustive search: 24 Gram-compatible neighbour triples, 12 verified similarities with w_a -> w_b, det signs [1]
  [ok]   exhaustive search agrees with SCALEFREE-UNORIENTED canonical forms (similar: True)
  [ok]   exhaustive search agrees with SCALEFREE-ORIENTED canonical forms (proper-similar: True)
  [ok]   exhaustive search agrees with RAW-UNORIENTED canonical forms (congruent: False)
  [ok]   exhaustive search agrees with RAW-ORIENTED canonical forms (proper-congruent: False)

--- pair L3-{5,3,5/2}-2 ~ L3-{5,3,5/2}-3  (T {5,3,5/2} / {5,3,5/2}): similar. lambda = 2/3-1/3*E(40)^5-1/6*E(40)^8+1/6*E(40)^12+1/3*E(40)^15 ~ 0.0922564811
  basis a (indices (0, 1, 3, 8)):
     [ 7/2+2*E(40)+2*E(40)^3+E(40)^5-2*E(40)^7+2*E(40)^8+2*E(40)^9-2*E(40)^12-3*E(40)^15, 0, -15/2-3*E(40)-3*E(40)^3-2*E(40)^5+3*E(40)^7-9/2*E(40)^8-3*E(40)^9+9/2*E(40)^12+5*E(40)^15, -3-E(40)-E(40)^3-E(40)^5+E(40)^7-3/2*E(40)^8-E(40)^9+3/2*E(40)^12+2*E(40)^15 ]
     [ 5+2*E(40)+2*E(40)^3+E(40)^5-2*E(40)^7+3*E(40)^8+2*E(40)^9-3*E(40)^12-3*E(40)^15, 4+2*E(40)+2*E(40)^3+E(40)^5-2*E(40)^7+5/2*E(40)^8+2*E(40)^9-5/2*E(40)^12-3*E(40)^15, -7/2-2*E(40)-2*E(40)^3-E(40)^5+2*E(40)^7-5/2*E(40)^8-2*E(40)^9+5/2*E(40)^12+3*E(40)^15, -9/2-2*E(40)-2*E(40)^3-E(40)^5+2*E(40)^7-3*E(40)^8-2*E(40)^9+3*E(40)^12+3*E(40)^15 ]
     [ 5+2*E(40)+2*E(40)^3+E(40)^5-2*E(40)^7+3*E(40)^8+2*E(40)^9-3*E(40)^12-3*E(40)^15, 1/2+1/2*E(40)^8-1/2*E(40)^12, -13/2-3*E(40)-3*E(40)^3-2*E(40)^5+3*E(40)^7-4*E(40)^8-3*E(40)^9+4*E(40)^12+5*E(40)^15, 3+E(40)+E(40)^3+E(40)^5-E(40)^7+3/2*E(40)^8+E(40)^9-3/2*E(40)^12-2*E(40)^15 ]
     [ 5+2*E(40)+2*E(40)^3+E(40)^5-2*E(40)^7+3*E(40)^8+2*E(40)^9-3*E(40)^12-3*E(40)^15, -9/2-2*E(40)-2*E(40)^3-E(40)^5+2*E(40)^7-3*E(40)^8-2*E(40)^9+3*E(40)^12+3*E(40)^15, -4-2*E(40)-2*E(40)^3-E(40)^5+2*E(40)^7-5/2*E(40)^8-2*E(40)^9+5/2*E(40)^12+3*E(40)^15, -7/2-2*E(40)-2*E(40)^3-E(40)^5+2*E(40)^7-5/2*E(40)^8-2*E(40)^9+5/2*E(40)^12+3*E(40)^15 ]
  basis b (indices (0, 1, 3, 4)):
     [ -2-1/2*E(40)-1/2*E(40)^3-1/2*E(40)^5+1/2*E(40)^7-3/2*E(40)^8-1/2*E(40)^9+3/2*E(40)^12+E(40)^15, 0, 3/2+E(40)+E(40)^3+1/2*E(40)^5-E(40)^7+E(40)^8+E(40)^9-E(40)^12-3/2*E(40)^15, 1/2+1/2*E(40)+1/2*E(40)^3-1/2*E(40)^7+1/2*E(40)^8+1/2*E(40)^9-1/2*E(40)^12-1/2*E(40)^15 ]
     [ -1/2-1/2*E(40)-1/2*E(40)^3-1/2*E(40)^5+1/2*E(40)^7-1/2*E(40)^8-1/2*E(40)^9+1/2*E(40)^12+E(40)^15, -3/2-1/2*E(40)-1/2*E(40)^3-1/2*E(40)^5+1/2*E(40)^7-E(40)^8-1/2*E(40)^9+E(40)^12+E(40)^15, 2+1/2*E(40)+1/2*E(40)^3+1/2*E(40)^5-1/2*E(40)^7+E(40)^8+1/2*E(40)^9-E(40)^12-E(40)^15, 1+1/2*E(40)+1/2*E(40)^3+1/2*E(40)^5-1/2*E(40)^7+1/2*E(40)^8+1/2*E(40)^9-1/2*E(40)^12-E(40)^15 ]
     [ -1/2-1/2*E(40)-1/2*E(40)^3-1/2*E(40)^5+1/2*E(40)^7-1/2*E(40)^8-1/2*E(40)^9+1/2*E(40)^12+E(40)^15, 1/2+1/2*E(40)^8-1/2*E(40)^12, 5/2+E(40)+E(40)^3+1/2*E(40)^5-E(40)^7+3/2*E(40)^8+E(40)^9-3/2*E(40)^12-3/2*E(40)^15, -1/2-1/2*E(40)-1/2*E(40)^3+1/2*E(40)^7-1/2*E(40)^8-1/2*E(40)^9+1/2*E(40)^12+1/2*E(40)^15 ]
     [ -5/2-E(40)-E(40)^3-E(40)^5+E(40)^7-3/2*E(40)^8-E(40)^9+3/2*E(40)^12+2*E(40)^15, 0, 1+1/2*E(40)^8-1/2*E(40)^12, 1/2 ]
  M = B_a^-1 * B_b  (GAP notation, row convention x -> x*M):
  M := [ [ 5/12-1/3*E(40)^5-1/6*E(40)^8+1/6*E(40)^12+1/3*E(40)^15, -1/12-1/12*E(40)-1/12*E(40)^3+1/6*E(40)^5+1/12*E(40)^7-1/4*E(40)^8-1/12*E(40)^9+1/4*E(40)^12-1/12*E(40)^15, 1/6-1/12*E(40)^5+1/12*E(40)^8-1/12*E(40)^12+1/12*E(40)^15, 1/6-1/12*E(40)-1/12*E(40)^3-1/12*E(40)^5+1/12*E(40)^7-1/12*E(40)^9+1/6*E(40)^15 ], [ 1/12+1/12*E(40)+1/12*E(40)^3-1/6*E(40)^5-1/12*E(40)^7+1/4*E(40)^8+1/12*E(40)^9-1/4*E(40)^12+1/12*E(40)^15, 5/12-1/3*E(40)^5-1/6*E(40)^8+1/6*E(40)^12+1/3*E(40)^15, -1/6+1/12*E(40)+1/12*E(40)^3+1/12*E(40)^5-1/12*E(40)^7+1/12*E(40)^9-1/6*E(40)^15, 1/6-1/12*E(40)^5+1/12*E(40)^8-1/12*E(40)^12+1/12*E(40)^15 ], [ 1/6-1/12*E(40)^5+1/12*E(40)^8-1/12*E(40)^12+1/12*E(40)^15, 1/6-1/12*E(40)-1/12*E(40)^3-1/12*E(40)^5+1/12*E(40)^7-1/12*E(40)^9+1/6*E(40)^15, 1/4-1/6*E(40)-1/6*E(40)^3+1/6*E(40)^7-1/6*E(40)^8-1/6*E(40)^9+1/6*E(40)^12+1/6*E(40)^15, -5/12-1/12*E(40)-1/12*E(40)^3+1/3*E(40)^5+1/12*E(40)^7+1/12*E(40)^8-1/12*E(40)^9-1/12*E(40)^12-1/4*E(40)^15 ], [ -1/6+1/12*E(40)+1/12*E(40)^3+1/12*E(40)^5-1/12*E(40)^7+1/12*E(40)^9-1/6*E(40)^15, 1/6-1/12*E(40)^5+1/12*E(40)^8-1/12*E(40)^12+1/12*E(40)^15, 5/12+1/12*E(40)+1/12*E(40)^3-1/3*E(40)^5-1/12*E(40)^7-1/12*E(40)^8+1/12*E(40)^9+1/12*E(40)^12+1/4*E(40)^15, 1/4-1/6*E(40)-1/6*E(40)^3+1/6*E(40)^7-1/6*E(40)^8-1/6*E(40)^9+1/6*E(40)^12+1/6*E(40)^15 ] ];
  M ~ [[-0.157744, -0.192827, 0.100318, -0.141872], [0.192827, -0.157744, 0.141872, 0.100318], [0.100318, -0.141872, -0.23438, -0.084446], [0.141872, 0.100318, 0.084446, -0.23438]]
  [ok]   M*M^T = lambda*I exactly, lambda = 2/3-1/3*E(40)^5-1/6*E(40)^8+1/6*E(40)^12+1/3*E(40)^15
  [ok]   det M = +1 * lambda^2 exactly (det M = 25/36+1/9*E(40)+1/9*E(40)^3-5/9*E(40)^5-1/9*E(40)^7-1/4*E(40)^8+1/9*E(40)^9+1/4*E(40)^12+4/9*E(40)^15)
  [ok]   M carries the vertex set of a onto the vertex set of b
  [ok]   M carries the edge set of a onto the edge set of b
  [ok]   M carries the 2-face set of a onto the 2-face set of b
  [ok]   M carries the cell set of a onto the cell set of b
  [ok]   equal SCALEFREE-ORIENTED forms and det M > 0: proper similarity exhibited
  [ok]   RAW-inequal similar pair has lambda != 1 (lambda = 2/3-1/3*E(40)^5-1/6*E(40)^8+1/6*E(40)^12+1/3*E(40)^15)

--- pair L3-{5,3,5/2}-2 | L3-{5,3,5/2}-4 : exhaustive search: 0 Gram-compatible neighbour triples, 0 verified similarities with w_a -> w_b, det signs []
  [ok]   exhaustive search agrees with SCALEFREE-UNORIENTED canonical forms (similar: False)
  [ok]   exhaustive search agrees with SCALEFREE-ORIENTED canonical forms (proper-similar: False)
  [ok]   exhaustive search agrees with RAW-UNORIENTED canonical forms (congruent: False)
  [ok]   exhaustive search agrees with RAW-ORIENTED canonical forms (proper-congruent: False)

--- pair L3-{5,3,5/2}-3 | L3-{5,3,5/2}-4 : exhaustive search: 0 Gram-compatible neighbour triples, 0 verified similarities with w_a -> w_b, det signs []
  [ok]   exhaustive search agrees with SCALEFREE-UNORIENTED canonical forms (similar: False)
  [ok]   exhaustive search agrees with SCALEFREE-ORIENTED canonical forms (proper-similar: False)
  [ok]   exhaustive search agrees with RAW-UNORIENTED canonical forms (congruent: False)
  [ok]   exhaustive search agrees with RAW-ORIENTED canonical forms (proper-congruent: False)

--- pair L3-{5,3,5/2}-5 | L3-{5,3,5/2}-6 : exhaustive search: 0 Gram-compatible neighbour triples, 0 verified similarities with w_a -> w_b, det signs []
  [ok]   exhaustive search agrees with SCALEFREE-UNORIENTED canonical forms (similar: False)
  [ok]   exhaustive search agrees with SCALEFREE-ORIENTED canonical forms (proper-similar: False)
  [ok]   exhaustive search agrees with RAW-UNORIENTED canonical forms (congruent: False)
  [ok]   exhaustive search agrees with RAW-ORIENTED canonical forms (proper-congruent: False)

--- pair L3-{5,3,5/2}-5 | L3-{5,3,5/2}-7 : exhaustive search: 0 Gram-compatible neighbour triples, 0 verified similarities with w_a -> w_b, det signs []
  [ok]   exhaustive search agrees with SCALEFREE-UNORIENTED canonical forms (similar: False)
  [ok]   exhaustive search agrees with SCALEFREE-ORIENTED canonical forms (proper-similar: False)
  [ok]   exhaustive search agrees with RAW-UNORIENTED canonical forms (congruent: False)
  [ok]   exhaustive search agrees with RAW-ORIENTED canonical forms (proper-congruent: False)

--- pair L3-{5,3,5/2}-5 | L3-{5,3,5/2}-8 : exhaustive search: 48 Gram-compatible neighbour triples, 24 verified similarities with w_a -> w_b, det signs [1]
  [ok]   exhaustive search agrees with SCALEFREE-UNORIENTED canonical forms (similar: True)
  [ok]   exhaustive search agrees with SCALEFREE-ORIENTED canonical forms (proper-similar: True)
  [ok]   exhaustive search agrees with RAW-UNORIENTED canonical forms (congruent: False)
  [ok]   exhaustive search agrees with RAW-ORIENTED canonical forms (proper-congruent: False)

--- pair L3-{5,3,5/2}-5 ~ L3-{5,3,5/2}-8  (T {5,3,5/2} / {5,3,5/2}): similar. lambda = 4/3-2/3*E(40)-2/3*E(40)^3+4/3*E(40)^5+2/3*E(40)^7-E(40)^8-2/3*E(40)^9+E(40)^12-2/3*E(40)^15 ~ 1.0754203536
  basis a (indices (0, 1, 3, 8)):
     [ 1/2-1/2*E(40)-1/2*E(40)^3-1/2*E(40)^5+1/2*E(40)^7-1/2*E(40)^9+E(40)^15, 0, -5/2+E(40)+E(40)^3+1/2*E(40)^5-E(40)^7-3/2*E(40)^8+E(40)^9+3/2*E(40)^12-3/2*E(40)^15, -1+1/2*E(40)+1/2*E(40)^3-1/2*E(40)^7-1/2*E(40)^8+1/2*E(40)^9+1/2*E(40)^12-1/2*E(40)^15 ]
     [ 2-1/2*E(40)-1/2*E(40)^3-1/2*E(40)^5+1/2*E(40)^7+E(40)^8-1/2*E(40)^9-E(40)^12+E(40)^15, 1-1/2*E(40)-1/2*E(40)^3-1/2*E(40)^5+1/2*E(40)^7+1/2*E(40)^8-1/2*E(40)^9-1/2*E(40)^12+E(40)^15, -1/2+1/2*E(40)+1/2*E(40)^3+1/2*E(40)^5-1/2*E(40)^7-1/2*E(40)^8+1/2*E(40)^9+1/2*E(40)^12-E(40)^15, -3/2+1/2*E(40)+1/2*E(40)^3+1/2*E(40)^5-1/2*E(40)^7-E(40)^8+1/2*E(40)^9+E(40)^12-E(40)^15 ]
     [ 2-1/2*E(40)-1/2*E(40)^3-1/2*E(40)^5+1/2*E(40)^7+E(40)^8-1/2*E(40)^9-E(40)^12+E(40)^15, 1/2+1/2*E(40)^8-1/2*E(40)^12, -3/2+E(40)+E(40)^3+1/2*E(40)^5-E(40)^7-E(40)^8+E(40)^9+E(40)^12-3/2*E(40)^15, 1-1/2*E(40)-1/2*E(40)^3+1/2*E(40)^7+1/2*E(40)^8-1/2*E(40)^9-1/2*E(40)^12+1/2*E(40)^15 ]
     [ 2-1/2*E(40)-1/2*E(40)^3-1/2*E(40)^5+1/2*E(40)^7+E(40)^8-1/2*E(40)^9-E(40)^12+E(40)^15, -3/2+1/2*E(40)+1/2*E(40)^3+1/2*E(40)^5-1/2*E(40)^7-E(40)^8+1/2*E(40)^9+E(40)^12-E(40)^15, -1+1/2*E(40)+1/2*E(40)^3+1/2*E(40)^5-1/2*E(40)^7-1/2*E(40)^8+1/2*E(40)^9+1/2*E(40)^12-E(40)^15, -1/2+1/2*E(40)+1/2*E(40)^3+1/2*E(40)^5-1/2*E(40)^7-1/2*E(40)^8+1/2*E(40)^9+1/2*E(40)^12-E(40)^15 ]
  basis b (indices (0, 1, 3, 4)):
     [ -3/2+1/2*E(40)+1/2*E(40)^3-1/2*E(40)^7-E(40)^8+1/2*E(40)^9+E(40)^12-1/2*E(40)^15, 0, 1/2-1/2*E(40)-1/2*E(40)^3-1/2*E(40)^5+1/2*E(40)^7+1/2*E(40)^8-1/2*E(40)^9-1/2*E(40)^12+E(40)^15, -1/2*E(40)^5+1/2*E(40)^8-1/2*E(40)^12+1/2*E(40)^15 ]
     [ 1/2*E(40)+1/2*E(40)^3-1/2*E(40)^7+1/2*E(40)^9-1/2*E(40)^15, -1+1/2*E(40)+1/2*E(40)^3-1/2*E(40)^7-1/2*E(40)^8+1/2*E(40)^9+1/2*E(40)^12-1/2*E(40)^15, 3/2-1/2*E(40)-1/2*E(40)^3+1/2*E(40)^7+1/2*E(40)^8-1/2*E(40)^9-1/2*E(40)^12+1/2*E(40)^15, 1/2-1/2*E(40)-1/2*E(40)^3+1/2*E(40)^7-1/2*E(40)^9+1/2*E(40)^15 ]
     [ 1/2*E(40)+1/2*E(40)^3-1/2*E(40)^7+1/2*E(40)^9-1/2*E(40)^15, 1/2+1/2*E(40)^8-1/2*E(40)^12, 3/2-1/2*E(40)-1/2*E(40)^3-1/2*E(40)^5+1/2*E(40)^7+E(40)^8-1/2*E(40)^9-E(40)^12+E(40)^15, 1/2*E(40)^5-1/2*E(40)^8+1/2*E(40)^12-1/2*E(40)^15 ]
     [ -1+1/2*E(40)+1/2*E(40)^3+1/2*E(40)^5-1/2*E(40)^7-E(40)^8+1/2*E(40)^9+E(40)^12-E(40)^15, -1/2+1/2*E(40)+1/2*E(40)^3-1/2*E(40)^7+1/2*E(40)^9-1/2*E(40)^15, 1+1/2*E(40)^8-1/2*E(40)^12, -1/2+1/2*E(40)^5-1/2*E(40)^8+1/2*E(40)^12-1/2*E(40)^15 ]
  M = B_a^-1 * B_b  (GAP notation, row convention x -> x*M):
  M := [ [ 1/6+1/3*E(40)+1/3*E(40)^3-1/3*E(40)^5-1/3*E(40)^7+1/6*E(40)^8+1/3*E(40)^9-1/6*E(40)^12, -1/2+1/3*E(40)+1/3*E(40)^3-1/2*E(40)^5-1/3*E(40)^7+1/3*E(40)^8+1/3*E(40)^9-1/3*E(40)^12+1/6*E(40)^15, 1/3+1/6*E(40)+1/6*E(40)^3-1/6*E(40)^5-1/6*E(40)^7+1/3*E(40)^8+1/6*E(40)^9-1/3*E(40)^12, 1/6*E(40)+1/6*E(40)^3-1/6*E(40)^7+1/6*E(40)^8+1/6*E(40)^9-1/6*E(40)^12-1/6*E(40)^15 ], [ 1/2-1/3*E(40)-1/3*E(40)^3+1/2*E(40)^5+1/3*E(40)^7-1/3*E(40)^8-1/3*E(40)^9+1/3*E(40)^12-1/6*E(40)^15, 1/6+1/3*E(40)+1/3*E(40)^3-1/3*E(40)^5-1/3*E(40)^7+1/6*E(40)^8+1/3*E(40)^9-1/6*E(40)^12, -1/6*E(40)-1/6*E(40)^3+1/6*E(40)^7-1/6*E(40)^8-1/6*E(40)^9+1/6*E(40)^12+1/6*E(40)^15, 1/3+1/6*E(40)+1/6*E(40)^3-1/6*E(40)^5-1/6*E(40)^7+1/3*E(40)^8+1/6*E(40)^9-1/3*E(40)^12 ], [ 1/3+1/6*E(40)+1/6*E(40)^3-1/6*E(40)^5-1/6*E(40)^7+1/3*E(40)^8+1/6*E(40)^9-1/3*E(40)^12, 1/6*E(40)+1/6*E(40)^3-1/6*E(40)^7+1/6*E(40)^8+1/6*E(40)^9-1/6*E(40)^12-1/6*E(40)^15, 1/6-1/3*E(40)-1/3*E(40)^3+2/3*E(40)^5+1/3*E(40)^7-1/2*E(40)^8-1/3*E(40)^9+1/2*E(40)^12-1/3*E(40)^15, -1/6-1/6*E(40)^5-1/3*E(40)^8+1/3*E(40)^12+1/6*E(40)^15 ], [ -1/6*E(40)-1/6*E(40)^3+1/6*E(40)^7-1/6*E(40)^8-1/6*E(40)^9+1/6*E(40)^12+1/6*E(40)^15, 1/3+1/6*E(40)+1/6*E(40)^3-1/6*E(40)^5-1/6*E(40)^7+1/3*E(40)^8+1/6*E(40)^9-1/3*E(40)^12, 1/6+1/6*E(40)^5+1/3*E(40)^8-1/3*E(40)^12-1/6*E(40)^15, 1/6-1/3*E(40)-1/3*E(40)^3+2/3*E(40)^5+1/3*E(40)^7-1/2*E(40)^8-1/3*E(40)^9+1/2*E(40)^12-1/3*E(40)^15 ] ];
  M ~ [[0.561016, -0.238347, 0.685017, 0.48438], [0.238347, 0.561016, -0.48438, 0.685017], [0.685017, 0.48438, 0.03771, -0.60838], [-0.48438, 0.685017, 0.60838, 0.03771]]
  [ok]   M*M^T = lambda*I exactly, lambda = 4/3-2/3*E(40)-2/3*E(40)^3+4/3*E(40)^5+2/3*E(40)^7-E(40)^8-2/3*E(40)^9+E(40)^12-2/3*E(40)^15
  [ok]   det M = +1 * lambda^2 exactly (det M = 41/9-40/9*E(40)-40/9*E(40)^3+68/9*E(40)^5+40/9*E(40)^7-19/3*E(40)^8-40/9*E(40)^9+19/3*E(40)^12-28/9*E(40)^15)
  [ok]   M carries the vertex set of a onto the vertex set of b
  [ok]   M carries the edge set of a onto the edge set of b
  [ok]   M carries the 2-face set of a onto the 2-face set of b
  [ok]   M carries the cell set of a onto the cell set of b
  [ok]   equal SCALEFREE-ORIENTED forms and det M > 0: proper similarity exhibited
  [ok]   RAW-inequal similar pair has lambda != 1 (lambda = 4/3-2/3*E(40)-2/3*E(40)^3+4/3*E(40)^5+2/3*E(40)^7-E(40)^8-2/3*E(40)^9+E(40)^12-2/3*E(40)^15)

--- pair L3-{5,3,5/2}-6 | L3-{5,3,5/2}-7 : exhaustive search: 48 Gram-compatible neighbour triples, 24 verified similarities with w_a -> w_b, det signs [1]
  [ok]   exhaustive search agrees with SCALEFREE-UNORIENTED canonical forms (similar: True)
  [ok]   exhaustive search agrees with SCALEFREE-ORIENTED canonical forms (proper-similar: True)
  [ok]   exhaustive search agrees with RAW-UNORIENTED canonical forms (congruent: False)
  [ok]   exhaustive search agrees with RAW-ORIENTED canonical forms (proper-congruent: False)

--- pair L3-{5,3,5/2}-6 ~ L3-{5,3,5/2}-7  (T {5,3,5/2} / {5,3,5/2}): similar. lambda = 4/3+2/3*E(40)+2/3*E(40)^3-4/3*E(40)^5-2/3*E(40)^7-E(40)^8+2/3*E(40)^9+E(40)^12+2/3*E(40)^15 ~ 0.3551783356
  basis a (indices (0, 1, 3, 4)):
     [ 1/2+1/2*E(40)+1/2*E(40)^3+1/2*E(40)^5-1/2*E(40)^7+1/2*E(40)^9-E(40)^15, 0, -5/2-E(40)-E(40)^3-1/2*E(40)^5+E(40)^7-3/2*E(40)^8-E(40)^9+3/2*E(40)^12+3/2*E(40)^15, -1-1/2*E(40)-1/2*E(40)^3+1/2*E(40)^7-1/2*E(40)^8-1/2*E(40)^9+1/2*E(40)^12+1/2*E(40)^15 ]
     [ 2+1/2*E(40)+1/2*E(40)^3+1/2*E(40)^5-1/2*E(40)^7+E(40)^8+1/2*E(40)^9-E(40)^12-E(40)^15, 1+1/2*E(40)+1/2*E(40)^3+1/2*E(40)^5-1/2*E(40)^7+1/2*E(40)^8+1/2*E(40)^9-1/2*E(40)^12-E(40)^15, -1/2-1/2*E(40)-1/2*E(40)^3-1/2*E(40)^5+1/2*E(40)^7-1/2*E(40)^8-1/2*E(40)^9+1/2*E(40)^12+E(40)^15, -3/2-1/2*E(40)-1/2*E(40)^3-1/2*E(40)^5+1/2*E(40)^7-E(40)^8-1/2*E(40)^9+E(40)^12+E(40)^15 ]
     [ 2+1/2*E(40)+1/2*E(40)^3+1/2*E(40)^5-1/2*E(40)^7+E(40)^8+1/2*E(40)^9-E(40)^12-E(40)^15, 1/2+1/2*E(40)^8-1/2*E(40)^12, -3/2-E(40)-E(40)^3-1/2*E(40)^5+E(40)^7-E(40)^8-E(40)^9+E(40)^12+3/2*E(40)^15, 1+1/2*E(40)+1/2*E(40)^3-1/2*E(40)^7+1/2*E(40)^8+1/2*E(40)^9-1/2*E(40)^12-1/2*E(40)^15 ]
     [ -1/2*E(40)-1/2*E(40)^3+1/2*E(40)^7-1/2*E(40)^9+1/2*E(40)^15, 3/2+1/2*E(40)+1/2*E(40)^3+1/2*E(40)^5-1/2*E(40)^7+E(40)^8+1/2*E(40)^9-E(40)^12-E(40)^15, -2-E(40)-E(40)^3-1/2*E(40)^5+E(40)^7-3/2*E(40)^8-E(40)^9+3/2*E(40)^12+3/2*E(40)^15, -1/2-1/2*E(40)^8+1/2*E(40)^12 ]
  basis b (indices (0, 1, 3, 8)):
     [ -3/2-1/2*E(40)-1/2*E(40)^3+1/2*E(40)^7-E(40)^8-1/2*E(40)^9+E(40)^12+1/2*E(40)^15, 0, 1/2+1/2*E(40)+1/2*E(40)^3+1/2*E(40)^5-1/2*E(40)^7+1/2*E(40)^8+1/2*E(40)^9-1/2*E(40)^12-E(40)^15, 1/2*E(40)^5+1/2*E(40)^8-1/2*E(40)^12-1/2*E(40)^15 ]
     [ -1/2*E(40)-1/2*E(40)^3+1/2*E(40)^7-1/2*E(40)^9+1/2*E(40)^15, -1-1/2*E(40)-1/2*E(40)^3+1/2*E(40)^7-1/2*E(40)^8-1/2*E(40)^9+1/2*E(40)^12+1/2*E(40)^15, 3/2+1/2*E(40)+1/2*E(40)^3-1/2*E(40)^7+1/2*E(40)^8+1/2*E(40)^9-1/2*E(40)^12-1/2*E(40)^15, 1/2+1/2*E(40)+1/2*E(40)^3-1/2*E(40)^7+1/2*E(40)^9-1/2*E(40)^15 ]
     [ -1/2*E(40)-1/2*E(40)^3+1/2*E(40)^7-1/2*E(40)^9+1/2*E(40)^15, 1/2+1/2*E(40)^8-1/2*E(40)^12, 3/2+1/2*E(40)+1/2*E(40)^3+1/2*E(40)^5-1/2*E(40)^7+E(40)^8+1/2*E(40)^9-E(40)^12-E(40)^15, -1/2*E(40)^5-1/2*E(40)^8+1/2*E(40)^12+1/2*E(40)^15 ]
     [ -1/2*E(40)-1/2*E(40)^3+1/2*E(40)^7-1/2*E(40)^9+1/2*E(40)^15, 1/2+1/2*E(40)+1/2*E(40)^3-1/2*E(40)^7+1/2*E(40)^9-1/2*E(40)^15, 1+1/2*E(40)+1/2*E(40)^3-1/2*E(40)^7+1/2*E(40)^8+1/2*E(40)^9-1/2*E(40)^12-1/2*E(40)^15, 3/2+1/2*E(40)+1/2*E(40)^3-1/2*E(40)^7+1/2*E(40)^8+1/2*E(40)^9-1/2*E(40)^12-1/2*E(40)^15 ]
  M = B_a^-1 * B_b  (GAP notation, row convention x -> x*M):
  M := [ [ 1/6-1/3*E(40)-1/3*E(40)^3+1/3*E(40)^5+1/3*E(40)^7+1/6*E(40)^8-1/3*E(40)^9-1/6*E(40)^12, -1/2-1/3*E(40)-1/3*E(40)^3+1/2*E(40)^5+1/3*E(40)^7+1/3*E(40)^8-1/3*E(40)^9-1/3*E(40)^12-1/6*E(40)^15, 1/3-1/6*E(40)-1/6*E(40)^3+1/6*E(40)^5+1/6*E(40)^7+1/3*E(40)^8-1/6*E(40)^9-1/3*E(40)^12, -1/6*E(40)-1/6*E(40)^3+1/6*E(40)^7+1/6*E(40)^8-1/6*E(40)^9-1/6*E(40)^12+1/6*E(40)^15 ], [ 1/2+1/3*E(40)+1/3*E(40)^3-1/2*E(40)^5-1/3*E(40)^7-1/3*E(40)^8+1/3*E(40)^9+1/3*E(40)^12+1/6*E(40)^15, 1/6-1/3*E(40)-1/3*E(40)^3+1/3*E(40)^5+1/3*E(40)^7+1/6*E(40)^8-1/3*E(40)^9-1/6*E(40)^12, 1/6*E(40)+1/6*E(40)^3-1/6*E(40)^7-1/6*E(40)^8+1/6*E(40)^9+1/6*E(40)^12-1/6*E(40)^15, 1/3-1/6*E(40)-1/6*E(40)^3+1/6*E(40)^5+1/6*E(40)^7+1/3*E(40)^8-1/6*E(40)^9-1/3*E(40)^12 ], [ 1/3-1/6*E(40)-1/6*E(40)^3+1/6*E(40)^5+1/6*E(40)^7+1/3*E(40)^8-1/6*E(40)^9-1/3*E(40)^12, -1/6*E(40)-1/6*E(40)^3+1/6*E(40)^7+1/6*E(40)^8-1/6*E(40)^9-1/6*E(40)^12+1/6*E(40)^15, 1/6+1/3*E(40)+1/3*E(40)^3-2/3*E(40)^5-1/3*E(40)^7-1/2*E(40)^8+1/3*E(40)^9+1/2*E(40)^12+1/3*E(40)^15, -1/6+1/6*E(40)^5-1/3*E(40)^8+1/3*E(40)^12-1/6*E(40)^15 ], [ 1/6*E(40)+1/6*E(40)^3-1/6*E(40)^7-1/6*E(40)^8+1/6*E(40)^9+1/6*E(40)^12-1/6*E(40)^15, 1/3-1/6*E(40)-1/6*E(40)^3+1/6*E(40)^5+1/6*E(40)^7+1/3*E(40)^8-1/6*E(40)^9-1/3*E(40)^12, 1/6-1/6*E(40)^5+1/3*E(40)^8-1/3*E(40)^12+1/6*E(40)^15, 1/6+1/3*E(40)+1/3*E(40)^3-2/3*E(40)^5-1/3*E(40)^7-1/2*E(40)^8+1/3*E(40)^9+1/2*E(40)^12+1/3*E(40)^15 ] ];
  M ~ [[-0.021672, -0.34963, 0.393673, -0.278369], [0.34963, -0.021672, 0.278369, 0.393673], [0.393673, -0.278369, -0.322411, -0.136976], [0.278369, 0.393673, 0.136976, -0.322411]]
  [ok]   M*M^T = lambda*I exactly, lambda = 4/3+2/3*E(40)+2/3*E(40)^3-4/3*E(40)^5-2/3*E(40)^7-E(40)^8+2/3*E(40)^9+E(40)^12+2/3*E(40)^15
  [ok]   det M = +1 * lambda^2 exactly (det M = 41/9+40/9*E(40)+40/9*E(40)^3-68/9*E(40)^5-40/9*E(40)^7-19/3*E(40)^8+40/9*E(40)^9+19/3*E(40)^12+28/9*E(40)^15)
  [ok]   M carries the vertex set of a onto the vertex set of b
  [ok]   M carries the edge set of a onto the edge set of b
  [ok]   M carries the 2-face set of a onto the 2-face set of b
  [ok]   M carries the cell set of a onto the cell set of b
  [ok]   equal SCALEFREE-ORIENTED forms and det M > 0: proper similarity exhibited
  [ok]   RAW-inequal similar pair has lambda != 1 (lambda = 4/3+2/3*E(40)+2/3*E(40)^3-4/3*E(40)^5-2/3*E(40)^7-E(40)^8+2/3*E(40)^9+E(40)^12+2/3*E(40)^15)

--- pair L3-{5,3,5/2}-6 | L3-{5,3,5/2}-8 : exhaustive search: 0 Gram-compatible neighbour triples, 0 verified similarities with w_a -> w_b, det signs []
  [ok]   exhaustive search agrees with SCALEFREE-UNORIENTED canonical forms (similar: False)
  [ok]   exhaustive search agrees with SCALEFREE-ORIENTED canonical forms (proper-similar: False)
  [ok]   exhaustive search agrees with RAW-UNORIENTED canonical forms (congruent: False)
  [ok]   exhaustive search agrees with RAW-ORIENTED canonical forms (proper-congruent: False)

--- pair L3-{5,3,5/2}-7 | L3-{5,3,5/2}-8 : exhaustive search: 0 Gram-compatible neighbour triples, 0 verified similarities with w_a -> w_b, det signs []
  [ok]   exhaustive search agrees with SCALEFREE-UNORIENTED canonical forms (similar: False)
  [ok]   exhaustive search agrees with SCALEFREE-ORIENTED canonical forms (proper-similar: False)
  [ok]   exhaustive search agrees with RAW-UNORIENTED canonical forms (congruent: False)
  [ok]   exhaustive search agrees with RAW-ORIENTED canonical forms (proper-congruent: False)

--- pair L3-{5,3,5/2}-9 | L3-{5,3,5/2}-10 : exhaustive search: 0 Gram-compatible neighbour triples, 0 verified similarities with w_a -> w_b, det signs []
  [ok]   exhaustive search agrees with SCALEFREE-UNORIENTED canonical forms (similar: False)
  [ok]   exhaustive search agrees with SCALEFREE-ORIENTED canonical forms (proper-similar: False)
  [ok]   exhaustive search agrees with RAW-UNORIENTED canonical forms (congruent: False)
  [ok]   exhaustive search agrees with RAW-ORIENTED canonical forms (proper-congruent: False)

--- pair L3-{5,3,5/2}-9 | L3-{5,3,5/2}-11 : exhaustive search: 0 Gram-compatible neighbour triples, 0 verified similarities with w_a -> w_b, det signs []
  [ok]   exhaustive search agrees with SCALEFREE-UNORIENTED canonical forms (similar: False)
  [ok]   exhaustive search agrees with SCALEFREE-ORIENTED canonical forms (proper-similar: False)
  [ok]   exhaustive search agrees with RAW-UNORIENTED canonical forms (congruent: False)
  [ok]   exhaustive search agrees with RAW-ORIENTED canonical forms (proper-congruent: False)

--- pair L3-{5,3,5/2}-9 | L3-{5,3,5/2}-12 : exhaustive search: 120 Gram-compatible neighbour triples, 60 verified similarities with w_a -> w_b, det signs [1]
  [ok]   exhaustive search agrees with SCALEFREE-UNORIENTED canonical forms (similar: True)
  [ok]   exhaustive search agrees with SCALEFREE-ORIENTED canonical forms (proper-similar: True)
  [ok]   exhaustive search agrees with RAW-UNORIENTED canonical forms (congruent: False)
  [ok]   exhaustive search agrees with RAW-ORIENTED canonical forms (proper-congruent: False)

--- pair L3-{5,3,5/2}-9 ~ L3-{5,3,5/2}-12  (T {5,3,5/2} / {5,3,5/2}): similar. lambda = 6/5 ~ 1.2000000000
  basis a (indices (0, 1, 10, 49)):
     [ -1-E(40)^8+E(40)^12, 0, 0, 0 ]
     [ 1/2, -1/2-1/2*E(40)^8+1/2*E(40)^12, 1+1/2*E(40)^8-1/2*E(40)^12, 0 ]
     [ 1/2, 1+1/2*E(40)^8-1/2*E(40)^12, 0, 1/2+1/2*E(40)^8-1/2*E(40)^12 ]
     [ 1/2, -1/2-1/2*E(40)^8+1/2*E(40)^12, -1-1/2*E(40)^8+1/2*E(40)^12, 0 ]
  basis b (indices (0, 1, 10, 81)):
     [ -3/10-3/5*E(40)^8+3/5*E(40)^12, 0, -11/10-7/10*E(40)^8+7/10*E(40)^12, -2/5-3/10*E(40)^8+3/10*E(40)^12 ]
     [ 6/5+2/5*E(40)^8-2/5*E(40)^12, 1/5-1/10*E(40)^8+1/10*E(40)^12, 3/10+1/10*E(40)^8-1/10*E(40)^12, -7/10-2/5*E(40)^8+2/5*E(40)^12 ]
     [ 1/2, -1/10-1/5*E(40)^8+1/5*E(40)^12, -1/10-1/5*E(40)^8+1/5*E(40)^12, 13/10+3/5*E(40)^8-3/5*E(40)^12 ]
     [ -3/5-7/10*E(40)^8+7/10*E(40)^12, 7/10+2/5*E(40)^8-2/5*E(40)^12, 9/10+3/10*E(40)^8-3/10*E(40)^12, 0 ]
  M = B_a^-1 * B_b  (GAP notation, row convention x -> x*M):
  M := [ [ 3/5-3/10*E(40)^8+3/10*E(40)^12, 0, 7/10+2/5*E(40)^8-2/5*E(40)^12, 3/10+1/10*E(40)^8-1/10*E(40)^12 ], [ 0, -3/10-3/5*E(40)^8+3/5*E(40)^12, -1/2*E(40)^8+1/2*E(40)^12, 1/2+1/2*E(40)^8-1/2*E(40)^12 ], [ 7/10+2/5*E(40)^8-2/5*E(40)^12, -1/2*E(40)^8+1/2*E(40)^12, -2/5+1/5*E(40)^8-1/5*E(40)^12, -3/10-1/10*E(40)^8+1/10*E(40)^12 ], [ 3/10+1/10*E(40)^8-1/10*E(40)^12, 1/2+1/2*E(40)^8-1/2*E(40)^12, -3/10-1/10*E(40)^8+1/10*E(40)^12, 1/10+7/10*E(40)^8-7/10*E(40)^12 ] ];
  M ~ [[0.41459, 0.0, 0.947214, 0.361803], [0.0, -0.67082, -0.309017, 0.809017], [0.947214, -0.309017, -0.276393, -0.361803], [0.361803, 0.809017, -0.361803, 0.532624]]
  [ok]   M*M^T = lambda*I exactly, lambda = 6/5
  [ok]   det M = +1 * lambda^2 exactly (det M = 36/25)
  [ok]   M carries the vertex set of a onto the vertex set of b
  [ok]   M carries the edge set of a onto the edge set of b
  [ok]   M carries the 2-face set of a onto the 2-face set of b
  [ok]   M carries the cell set of a onto the cell set of b
  [ok]   equal SCALEFREE-ORIENTED forms and det M > 0: proper similarity exhibited
  [ok]   RAW-inequal similar pair has lambda != 1 (lambda = 6/5)

--- pair L3-{5,3,5/2}-9 | L3-{5,3,5/2}-13 : exhaustive search: 0 Gram-compatible neighbour triples, 0 verified similarities with w_a -> w_b, det signs []
  [ok]   exhaustive search agrees with SCALEFREE-UNORIENTED canonical forms (similar: False)
  [ok]   exhaustive search agrees with SCALEFREE-ORIENTED canonical forms (proper-similar: False)
  [ok]   exhaustive search agrees with RAW-UNORIENTED canonical forms (congruent: False)
  [ok]   exhaustive search agrees with RAW-ORIENTED canonical forms (proper-congruent: False)

--- pair L3-{5,3,5/2}-9 | L3-{5,3,5/2}-14 : exhaustive search: 0 Gram-compatible neighbour triples, 0 verified similarities with w_a -> w_b, det signs []
  [ok]   exhaustive search agrees with SCALEFREE-UNORIENTED canonical forms (similar: False)
  [ok]   exhaustive search agrees with SCALEFREE-ORIENTED canonical forms (proper-similar: False)
  [ok]   exhaustive search agrees with RAW-UNORIENTED canonical forms (congruent: False)
  [ok]   exhaustive search agrees with RAW-ORIENTED canonical forms (proper-congruent: False)

--- pair L3-{5,3,5/2}-9 | L3-{5,3,5/2}-15 : exhaustive search: 0 Gram-compatible neighbour triples, 0 verified similarities with w_a -> w_b, det signs []
  [ok]   exhaustive search agrees with SCALEFREE-UNORIENTED canonical forms (similar: False)
  [ok]   exhaustive search agrees with SCALEFREE-ORIENTED canonical forms (proper-similar: False)
  [ok]   exhaustive search agrees with RAW-UNORIENTED canonical forms (congruent: False)
  [ok]   exhaustive search agrees with RAW-ORIENTED canonical forms (proper-congruent: False)

--- pair L3-{5,3,5/2}-9 | L3-{5,3,5/2}-16 : exhaustive search: 0 Gram-compatible neighbour triples, 0 verified similarities with w_a -> w_b, det signs []
  [ok]   exhaustive search agrees with SCALEFREE-UNORIENTED canonical forms (similar: False)
  [ok]   exhaustive search agrees with SCALEFREE-ORIENTED canonical forms (proper-similar: False)
  [ok]   exhaustive search agrees with RAW-UNORIENTED canonical forms (congruent: False)
  [ok]   exhaustive search agrees with RAW-ORIENTED canonical forms (proper-congruent: False)

--- pair L3-{5,3,5/2}-10 | L3-{5,3,5/2}-11 : exhaustive search: 120 Gram-compatible neighbour triples, 60 verified similarities with w_a -> w_b, det signs [1]
  [ok]   exhaustive search agrees with SCALEFREE-UNORIENTED canonical forms (similar: True)
  [ok]   exhaustive search agrees with SCALEFREE-ORIENTED canonical forms (proper-similar: True)
  [ok]   exhaustive search agrees with RAW-UNORIENTED canonical forms (congruent: False)
  [ok]   exhaustive search agrees with RAW-ORIENTED canonical forms (proper-congruent: False)

--- pair L3-{5,3,5/2}-10 ~ L3-{5,3,5/2}-11  (T {5,3,5/2} / {5,3,5/2}): similar. lambda = 2/3 ~ 0.6666666667
  basis a (indices (0, 1, 10, 89)):
     [ 0, 0, -2-E(40)^8+E(40)^12, -1 ]
     [ 3/2+E(40)^8-E(40)^12, 1/2+1/2*E(40)^8-1/2*E(40)^12, -1/2*E(40)^8+1/2*E(40)^12, -1-E(40)^8+E(40)^12 ]
     [ 1/2, -1-1/2*E(40)^8+1/2*E(40)^12, -1-E(40)^8+E(40)^12, 3/2+1/2*E(40)^8-1/2*E(40)^12 ]
     [ -3/2-E(40)^8+E(40)^12, -1/2-1/2*E(40)^8+1/2*E(40)^12, -1/2*E(40)^8+1/2*E(40)^12, -1-E(40)^8+E(40)^12 ]
  basis b (indices (0, 1, 10, 90)):
     [ -3/2-E(40)^8+E(40)^12, 0, 1/2+1/2*E(40)^8-1/2*E(40)^12, 1/2*E(40)^8-1/2*E(40)^12 ]
     [ 0, -1-1/2*E(40)^8+1/2*E(40)^12, 3/2+1/2*E(40)^8-1/2*E(40)^12, 1/2 ]
     [ -1/2, 3/2+E(40)^8-E(40)^12, 1/2, 1/2 ]
     [ -1-1/2*E(40)^8+1/2*E(40)^12, -1/2, -1/2-1/2*E(40)^8+1/2*E(40)^12, -1-E(40)^8+E(40)^12 ]
  M = B_a^-1 * B_b  (GAP notation, row convention x -> x*M):
  M := [ [ 1/2*E(40)^8-1/2*E(40)^12, 0, 1/2+1/3*E(40)^8-1/3*E(40)^12, 1/6+1/6*E(40)^8-1/6*E(40)^12 ], [ 0, -1/2, -1/3+1/6*E(40)^8-1/6*E(40)^12, 1/2+1/6*E(40)^8-1/6*E(40)^12 ], [ 1/2+1/3*E(40)^8-1/3*E(40)^12, -1/3+1/6*E(40)^8-1/6*E(40)^12, -1/3*E(40)^8+1/3*E(40)^12, -1/6-1/6*E(40)^8+1/6*E(40)^12 ], [ 1/6+1/6*E(40)^8-1/6*E(40)^12, 1/2+1/6*E(40)^8-1/6*E(40)^12, -1/6-1/6*E(40)^8+1/6*E(40)^12, 1/2-1/6*E(40)^8+1/6*E(40)^12 ] ];
  M ~ [[0.309017, 0.0, 0.706011, 0.269672], [0.0, -0.5, -0.230328, 0.603006], [0.706011, -0.230328, -0.206011, -0.269672], [0.269672, 0.603006, -0.269672, 0.396994]]
  [ok]   M*M^T = lambda*I exactly, lambda = 2/3
  [ok]   det M = +1 * lambda^2 exactly (det M = 4/9)
  [ok]   M carries the vertex set of a onto the vertex set of b
  [ok]   M carries the edge set of a onto the edge set of b
  [ok]   M carries the 2-face set of a onto the 2-face set of b
  [ok]   M carries the cell set of a onto the cell set of b
  [ok]   equal SCALEFREE-ORIENTED forms and det M > 0: proper similarity exhibited
  [ok]   RAW-inequal similar pair has lambda != 1 (lambda = 2/3)

--- pair L3-{5,3,5/2}-10 | L3-{5,3,5/2}-12 : exhaustive search: 0 Gram-compatible neighbour triples, 0 verified similarities with w_a -> w_b, det signs []
  [ok]   exhaustive search agrees with SCALEFREE-UNORIENTED canonical forms (similar: False)
  [ok]   exhaustive search agrees with SCALEFREE-ORIENTED canonical forms (proper-similar: False)
  [ok]   exhaustive search agrees with RAW-UNORIENTED canonical forms (congruent: False)
  [ok]   exhaustive search agrees with RAW-ORIENTED canonical forms (proper-congruent: False)

--- pair L3-{5,3,5/2}-10 | L3-{5,3,5/2}-13 : exhaustive search: 0 Gram-compatible neighbour triples, 0 verified similarities with w_a -> w_b, det signs []
  [ok]   exhaustive search agrees with SCALEFREE-UNORIENTED canonical forms (similar: False)
  [ok]   exhaustive search agrees with SCALEFREE-ORIENTED canonical forms (proper-similar: False)
  [ok]   exhaustive search agrees with RAW-UNORIENTED canonical forms (congruent: False)
  [ok]   exhaustive search agrees with RAW-ORIENTED canonical forms (proper-congruent: False)

--- pair L3-{5,3,5/2}-10 | L3-{5,3,5/2}-14 : exhaustive search: 0 Gram-compatible neighbour triples, 0 verified similarities with w_a -> w_b, det signs []
  [ok]   exhaustive search agrees with SCALEFREE-UNORIENTED canonical forms (similar: False)
  [ok]   exhaustive search agrees with SCALEFREE-ORIENTED canonical forms (proper-similar: False)
  [ok]   exhaustive search agrees with RAW-UNORIENTED canonical forms (congruent: False)
  [ok]   exhaustive search agrees with RAW-ORIENTED canonical forms (proper-congruent: False)

--- pair L3-{5,3,5/2}-10 | L3-{5,3,5/2}-15 : exhaustive search: 0 Gram-compatible neighbour triples, 0 verified similarities with w_a -> w_b, det signs []
  [ok]   exhaustive search agrees with SCALEFREE-UNORIENTED canonical forms (similar: False)
  [ok]   exhaustive search agrees with SCALEFREE-ORIENTED canonical forms (proper-similar: False)
  [ok]   exhaustive search agrees with RAW-UNORIENTED canonical forms (congruent: False)
  [ok]   exhaustive search agrees with RAW-ORIENTED canonical forms (proper-congruent: False)

--- pair L3-{5,3,5/2}-10 | L3-{5,3,5/2}-16 : exhaustive search: 0 Gram-compatible neighbour triples, 0 verified similarities with w_a -> w_b, det signs []
  [ok]   exhaustive search agrees with SCALEFREE-UNORIENTED canonical forms (similar: False)
  [ok]   exhaustive search agrees with SCALEFREE-ORIENTED canonical forms (proper-similar: False)
  [ok]   exhaustive search agrees with RAW-UNORIENTED canonical forms (congruent: False)
  [ok]   exhaustive search agrees with RAW-ORIENTED canonical forms (proper-congruent: False)

--- pair L3-{5,3,5/2}-11 | L3-{5,3,5/2}-12 : exhaustive search: 0 Gram-compatible neighbour triples, 0 verified similarities with w_a -> w_b, det signs []
  [ok]   exhaustive search agrees with SCALEFREE-UNORIENTED canonical forms (similar: False)
  [ok]   exhaustive search agrees with SCALEFREE-ORIENTED canonical forms (proper-similar: False)
  [ok]   exhaustive search agrees with RAW-UNORIENTED canonical forms (congruent: False)
  [ok]   exhaustive search agrees with RAW-ORIENTED canonical forms (proper-congruent: False)

--- pair L3-{5,3,5/2}-11 | L3-{5,3,5/2}-13 : exhaustive search: 0 Gram-compatible neighbour triples, 0 verified similarities with w_a -> w_b, det signs []
  [ok]   exhaustive search agrees with SCALEFREE-UNORIENTED canonical forms (similar: False)
  [ok]   exhaustive search agrees with SCALEFREE-ORIENTED canonical forms (proper-similar: False)
  [ok]   exhaustive search agrees with RAW-UNORIENTED canonical forms (congruent: False)
  [ok]   exhaustive search agrees with RAW-ORIENTED canonical forms (proper-congruent: False)

--- pair L3-{5,3,5/2}-11 | L3-{5,3,5/2}-14 : exhaustive search: 0 Gram-compatible neighbour triples, 0 verified similarities with w_a -> w_b, det signs []
  [ok]   exhaustive search agrees with SCALEFREE-UNORIENTED canonical forms (similar: False)
  [ok]   exhaustive search agrees with SCALEFREE-ORIENTED canonical forms (proper-similar: False)
  [ok]   exhaustive search agrees with RAW-UNORIENTED canonical forms (congruent: False)
  [ok]   exhaustive search agrees with RAW-ORIENTED canonical forms (proper-congruent: False)

--- pair L3-{5,3,5/2}-11 | L3-{5,3,5/2}-15 : exhaustive search: 0 Gram-compatible neighbour triples, 0 verified similarities with w_a -> w_b, det signs []
  [ok]   exhaustive search agrees with SCALEFREE-UNORIENTED canonical forms (similar: False)
  [ok]   exhaustive search agrees with SCALEFREE-ORIENTED canonical forms (proper-similar: False)
  [ok]   exhaustive search agrees with RAW-UNORIENTED canonical forms (congruent: False)
  [ok]   exhaustive search agrees with RAW-ORIENTED canonical forms (proper-congruent: False)

--- pair L3-{5,3,5/2}-11 | L3-{5,3,5/2}-16 : exhaustive search: 0 Gram-compatible neighbour triples, 0 verified similarities with w_a -> w_b, det signs []
  [ok]   exhaustive search agrees with SCALEFREE-UNORIENTED canonical forms (similar: False)
  [ok]   exhaustive search agrees with SCALEFREE-ORIENTED canonical forms (proper-similar: False)
  [ok]   exhaustive search agrees with RAW-UNORIENTED canonical forms (congruent: False)
  [ok]   exhaustive search agrees with RAW-ORIENTED canonical forms (proper-congruent: False)

--- pair L3-{5,3,5/2}-12 | L3-{5,3,5/2}-13 : exhaustive search: 0 Gram-compatible neighbour triples, 0 verified similarities with w_a -> w_b, det signs []
  [ok]   exhaustive search agrees with SCALEFREE-UNORIENTED canonical forms (similar: False)
  [ok]   exhaustive search agrees with SCALEFREE-ORIENTED canonical forms (proper-similar: False)
  [ok]   exhaustive search agrees with RAW-UNORIENTED canonical forms (congruent: False)
  [ok]   exhaustive search agrees with RAW-ORIENTED canonical forms (proper-congruent: False)

--- pair L3-{5,3,5/2}-12 | L3-{5,3,5/2}-14 : exhaustive search: 0 Gram-compatible neighbour triples, 0 verified similarities with w_a -> w_b, det signs []
  [ok]   exhaustive search agrees with SCALEFREE-UNORIENTED canonical forms (similar: False)
  [ok]   exhaustive search agrees with SCALEFREE-ORIENTED canonical forms (proper-similar: False)
  [ok]   exhaustive search agrees with RAW-UNORIENTED canonical forms (congruent: False)
  [ok]   exhaustive search agrees with RAW-ORIENTED canonical forms (proper-congruent: False)

--- pair L3-{5,3,5/2}-12 | L3-{5,3,5/2}-15 : exhaustive search: 0 Gram-compatible neighbour triples, 0 verified similarities with w_a -> w_b, det signs []
  [ok]   exhaustive search agrees with SCALEFREE-UNORIENTED canonical forms (similar: False)
  [ok]   exhaustive search agrees with SCALEFREE-ORIENTED canonical forms (proper-similar: False)
  [ok]   exhaustive search agrees with RAW-UNORIENTED canonical forms (congruent: False)
  [ok]   exhaustive search agrees with RAW-ORIENTED canonical forms (proper-congruent: False)

--- pair L3-{5,3,5/2}-12 | L3-{5,3,5/2}-16 : exhaustive search: 0 Gram-compatible neighbour triples, 0 verified similarities with w_a -> w_b, det signs []
  [ok]   exhaustive search agrees with SCALEFREE-UNORIENTED canonical forms (similar: False)
  [ok]   exhaustive search agrees with SCALEFREE-ORIENTED canonical forms (proper-similar: False)
  [ok]   exhaustive search agrees with RAW-UNORIENTED canonical forms (congruent: False)
  [ok]   exhaustive search agrees with RAW-ORIENTED canonical forms (proper-congruent: False)

--- pair L3-{5,3,5/2}-13 | L3-{5,3,5/2}-14 : exhaustive search: 120 Gram-compatible neighbour triples, 60 verified similarities with w_a -> w_b, det signs [1]
  [ok]   exhaustive search agrees with SCALEFREE-UNORIENTED canonical forms (similar: True)
  [ok]   exhaustive search agrees with SCALEFREE-ORIENTED canonical forms (proper-similar: True)
  [ok]   exhaustive search agrees with RAW-UNORIENTED canonical forms (congruent: False)
  [ok]   exhaustive search agrees with RAW-ORIENTED canonical forms (proper-congruent: False)

--- pair L3-{5,3,5/2}-13 ~ L3-{5,3,5/2}-14  (T {5,3,5/2} / {5,3,5/2}): similar. lambda = 8/3-8/3*E(40)^8+8/3*E(40)^12 ~ 1.0185760300
  basis a (indices (0, 1, 3, 8)):
     [ -3/4-3/4*E(40)^8+3/4*E(40)^12, 0, -1/2-1/4*E(40)^8+1/4*E(40)^12, -1/4 ]
     [ 3/4+1/4*E(40)^8-1/4*E(40)^12, -1/4-1/4*E(40)^8+1/4*E(40)^12, 3/4+1/4*E(40)^8-1/4*E(40)^12, -1/4-1/4*E(40)^8+1/4*E(40)^12 ]
     [ 3/4+1/4*E(40)^8-1/4*E(40)^12, 1/2+1/2*E(40)^8-1/2*E(40)^12, 1/2+1/4*E(40)^8-1/4*E(40)^12, 1/4 ]
     [ 3/4+1/4*E(40)^8-1/4*E(40)^12, -1/4-1/4*E(40)^8+1/4*E(40)^12, 1/4+1/4*E(40)^8-1/4*E(40)^12, 3/4+1/4*E(40)^8-1/4*E(40)^12 ]
  basis b (indices (0, 1, 3, 4)):
     [ -1/2-E(40)^8+E(40)^12, 0, -1/2-1/2*E(40)^8+1/2*E(40)^12, -1/2*E(40)^8+1/2*E(40)^12 ]
     [ 1, -1/2*E(40)^8+1/2*E(40)^12, 1/2+1/2*E(40)^8-1/2*E(40)^12, -1/2 ]
     [ 1, 1/2+1/2*E(40)^8-1/2*E(40)^12, 1/2, 1/2*E(40)^8-1/2*E(40)^12 ]
     [ 1/2, -1/2*E(40)^8+1/2*E(40)^12, 1, 1/2+1/2*E(40)^8-1/2*E(40)^12 ]
  M = B_a^-1 * B_b  (GAP notation, row convention x -> x*M):
  M := [ [ 4/3-2/3*E(40)^8+2/3*E(40)^12, -1/3*E(40)^8+1/3*E(40)^12, 1/3-1/3*E(40)^8+1/3*E(40)^12, 1/3 ], [ 1/3*E(40)^8-1/3*E(40)^12, 4/3-2/3*E(40)^8+2/3*E(40)^12, -1/3, 1/3-1/3*E(40)^8+1/3*E(40)^12 ], [ 1/3-1/3*E(40)^8+1/3*E(40)^12, 1/3, 4/3*E(40)^8-4/3*E(40)^12, -2/3+1/3*E(40)^8-1/3*E(40)^12 ], [ -1/3, 1/3-1/3*E(40)^8+1/3*E(40)^12, 2/3-1/3*E(40)^8+1/3*E(40)^12, 4/3*E(40)^8-4/3*E(40)^12 ] ];
  M ~ [[0.921311, -0.206011, 0.127322, 0.333333], [0.206011, 0.921311, -0.333333, 0.127322], [0.127322, 0.333333, 0.824045, -0.460655], [-0.333333, 0.127322, 0.460655, 0.824045]]
  [ok]   M*M^T = lambda*I exactly, lambda = 8/3-8/3*E(40)^8+8/3*E(40)^12
  [ok]   det M = +1 * lambda^2 exactly (det M = 128/9-64/3*E(40)^8+64/3*E(40)^12)
  [ok]   M carries the vertex set of a onto the vertex set of b
  [ok]   M carries the edge set of a onto the edge set of b
  [ok]   M carries the 2-face set of a onto the 2-face set of b
  [ok]   M carries the cell set of a onto the cell set of b
  [ok]   equal SCALEFREE-ORIENTED forms and det M > 0: proper similarity exhibited
  [ok]   RAW-inequal similar pair has lambda != 1 (lambda = 8/3-8/3*E(40)^8+8/3*E(40)^12)

--- pair L3-{5,3,5/2}-13 | L3-{5,3,5/2}-15 : exhaustive search: 0 Gram-compatible neighbour triples, 0 verified similarities with w_a -> w_b, det signs []
  [ok]   exhaustive search agrees with SCALEFREE-UNORIENTED canonical forms (similar: False)
  [ok]   exhaustive search agrees with SCALEFREE-ORIENTED canonical forms (proper-similar: False)
  [ok]   exhaustive search agrees with RAW-UNORIENTED canonical forms (congruent: False)
  [ok]   exhaustive search agrees with RAW-ORIENTED canonical forms (proper-congruent: False)

--- pair L3-{5,3,5/2}-13 | L3-{5,3,5/2}-16 : exhaustive search: 0 Gram-compatible neighbour triples, 0 verified similarities with w_a -> w_b, det signs []
  [ok]   exhaustive search agrees with SCALEFREE-UNORIENTED canonical forms (similar: False)
  [ok]   exhaustive search agrees with SCALEFREE-ORIENTED canonical forms (proper-similar: False)
  [ok]   exhaustive search agrees with RAW-UNORIENTED canonical forms (congruent: False)
  [ok]   exhaustive search agrees with RAW-ORIENTED canonical forms (proper-congruent: False)

--- pair L3-{5,3,5/2}-14 | L3-{5,3,5/2}-15 : exhaustive search: 0 Gram-compatible neighbour triples, 0 verified similarities with w_a -> w_b, det signs []
  [ok]   exhaustive search agrees with SCALEFREE-UNORIENTED canonical forms (similar: False)
  [ok]   exhaustive search agrees with SCALEFREE-ORIENTED canonical forms (proper-similar: False)
  [ok]   exhaustive search agrees with RAW-UNORIENTED canonical forms (congruent: False)
  [ok]   exhaustive search agrees with RAW-ORIENTED canonical forms (proper-congruent: False)

--- pair L3-{5,3,5/2}-14 | L3-{5,3,5/2}-16 : exhaustive search: 0 Gram-compatible neighbour triples, 0 verified similarities with w_a -> w_b, det signs []
  [ok]   exhaustive search agrees with SCALEFREE-UNORIENTED canonical forms (similar: False)
  [ok]   exhaustive search agrees with SCALEFREE-ORIENTED canonical forms (proper-similar: False)
  [ok]   exhaustive search agrees with RAW-UNORIENTED canonical forms (congruent: False)
  [ok]   exhaustive search agrees with RAW-ORIENTED canonical forms (proper-congruent: False)

--- pair L3-{5,3,5/2}-15 | L3-{5,3,5/2}-16 : exhaustive search: 120 Gram-compatible neighbour triples, 60 verified similarities with w_a -> w_b, det signs [1]
  [ok]   exhaustive search agrees with SCALEFREE-UNORIENTED canonical forms (similar: True)
  [ok]   exhaustive search agrees with SCALEFREE-ORIENTED canonical forms (proper-similar: True)
  [ok]   exhaustive search agrees with RAW-UNORIENTED canonical forms (congruent: False)
  [ok]   exhaustive search agrees with RAW-ORIENTED canonical forms (proper-congruent: False)

--- pair L3-{5,3,5/2}-15 ~ L3-{5,3,5/2}-16  (T {5,3,5/2} / {5,3,5/2}): similar. lambda = 4/3-2*E(40)^8+2*E(40)^12 ~ 0.0972653558
  basis a (indices (0, 1, 3, 8)):
     [ -9/2-3*E(40)^8+3*E(40)^12, 0, 11/2+7/2*E(40)^8-7/2*E(40)^12, 2+3/2*E(40)^8-3/2*E(40)^12 ]
     [ -3-2*E(40)^8+2*E(40)^12, -4-5/2*E(40)^8+5/2*E(40)^12, 9/2+5/2*E(40)^8-5/2*E(40)^12, 7/2+2*E(40)^8-2*E(40)^12 ]
     [ -3-2*E(40)^8+2*E(40)^12, 1/2+1/2*E(40)^8-1/2*E(40)^12, 13/2+4*E(40)^8-4*E(40)^12, -2-3/2*E(40)^8+3/2*E(40)^12 ]
     [ -3-2*E(40)^8+2*E(40)^12, 7/2+2*E(40)^8-2*E(40)^12, 4+5/2*E(40)^8-5/2*E(40)^12, 9/2+5/2*E(40)^8-5/2*E(40)^12 ]
  basis b (indices (0, 1, 3, 4)):
     [ -1-E(40)^8+E(40)^12, 0, 2+E(40)^8-E(40)^12, 1 ]
     [ -1-E(40)^8+E(40)^12, -1-E(40)^8+E(40)^12, 1+E(40)^8-E(40)^12, 1+E(40)^8-E(40)^12 ]
     [ -1-E(40)^8+E(40)^12, 0, 2+E(40)^8-E(40)^12, -1 ]
     [ 0, 1, 2+E(40)^8-E(40)^12, 1+E(40)^8-E(40)^12 ]
  M = B_a^-1 * B_b  (GAP notation, row convention x -> x*M):
  M := [ [ 2/3-2/3*E(40)^8+2/3*E(40)^12, 1/6-1/2*E(40)^8+1/2*E(40)^12, 1/6-1/3*E(40)^8+1/3*E(40)^12, -1/6*E(40)^8+1/6*E(40)^12 ], [ -1/6+1/2*E(40)^8-1/2*E(40)^12, 2/3-2/3*E(40)^8+2/3*E(40)^12, 1/6*E(40)^8-1/6*E(40)^12, 1/6-1/3*E(40)^8+1/3*E(40)^12 ], [ 1/6-1/3*E(40)^8+1/3*E(40)^12, -1/6*E(40)^8+1/6*E(40)^12, -1/3+E(40)^8-E(40)^12, -1/6+1/6*E(40)^8-1/6*E(40)^12 ], [ 1/6*E(40)^8-1/6*E(40)^12, 1/6-1/3*E(40)^8+1/3*E(40)^12, 1/6-1/6*E(40)^8+1/6*E(40)^12, -1/3+E(40)^8-E(40)^12 ] ];
  M ~ [[0.254644, -0.14235, -0.039345, -0.103006], [0.14235, 0.254644, 0.103006, -0.039345], [-0.039345, -0.103006, 0.284701, -0.063661], [0.103006, -0.039345, 0.063661, 0.284701]]
  [ok]   M*M^T = lambda*I exactly, lambda = 4/3-2*E(40)^8+2*E(40)^12
  [ok]   det M = +1 * lambda^2 exactly (det M = 52/9-28/3*E(40)^8+28/3*E(40)^12)
  [ok]   M carries the vertex set of a onto the vertex set of b
  [ok]   M carries the edge set of a onto the edge set of b
  [ok]   M carries the 2-face set of a onto the 2-face set of b
  [ok]   M carries the cell set of a onto the cell set of b
  [ok]   equal SCALEFREE-ORIENTED forms and det M > 0: proper similarity exhibited
  [ok]   RAW-inequal similar pair has lambda != 1 (lambda = 4/3-2*E(40)^8+2*E(40)^12)

--- pair L3-{3,3,5/2}-1 | L3-{3,3,5/2}-4 : exhaustive search: 24 Gram-compatible neighbour triples, 12 verified similarities with w_a -> w_b, det signs [1]
  [ok]   exhaustive search agrees with SCALEFREE-UNORIENTED canonical forms (similar: True)
  [ok]   exhaustive search agrees with SCALEFREE-ORIENTED canonical forms (proper-similar: True)
  [ok]   exhaustive search agrees with RAW-UNORIENTED canonical forms (congruent: False)
  [ok]   exhaustive search agrees with RAW-ORIENTED canonical forms (proper-congruent: False)

--- pair L3-{3,3,5/2}-1 ~ L3-{3,3,5/2}-4  (T {3,3,5/2} / {3,3,5/2}): similar. lambda = 2 ~ 2.0000000000
  basis a (indices (0, 1, 3, 4)):
     [ 3/4-5/4*E(40)^8+5/4*E(40)^12, 1/4*E(40)^8-1/4*E(40)^12, 1/4-1/2*E(40)^8+1/2*E(40)^12, 0 ]
     [ 3/4-5/4*E(40)^8+5/4*E(40)^12, -1/4*E(40)^8+1/4*E(40)^12, 1/4-1/2*E(40)^8+1/2*E(40)^12, 0 ]
     [ 3/4-E(40)^8+E(40)^12, -1/4+1/4*E(40)^8-1/4*E(40)^12, 1/2-3/4*E(40)^8+3/4*E(40)^12, 0 ]
     [ 3/4-5/4*E(40)^8+5/4*E(40)^12, -1/4+1/4*E(40)^8-1/4*E(40)^12, 1/4-1/4*E(40)^8+1/4*E(40)^12, -1/4+1/4*E(40)^8-1/4*E(40)^12 ]
  basis b (indices (0, 1, 3, 8)):
     [ 1-7/4*E(40)^8+7/4*E(40)^12, 1/4*E(40)^8-1/4*E(40)^12, 1/2-3/4*E(40)^8+3/4*E(40)^12, -1/4*E(40)^8+1/4*E(40)^12 ]
     [ 5/4-7/4*E(40)^8+7/4*E(40)^12, -1/4*E(40)^8+1/4*E(40)^12, 1/4-1/2*E(40)^8+1/2*E(40)^12, 0 ]
     [ 1-3/2*E(40)^8+3/2*E(40)^12, -1/4+1/4*E(40)^8-1/4*E(40)^12, 3/4-E(40)^8+E(40)^12, 1/4*E(40)^8-1/4*E(40)^12 ]
     [ 1-7/4*E(40)^8+7/4*E(40)^12, -1/2+1/2*E(40)^8-1/2*E(40)^12, 1/4-1/2*E(40)^8+1/2*E(40)^12, 1/4-1/4*E(40)^8+1/4*E(40)^12 ]
  M = B_a^-1 * B_b  (GAP notation, row convention x -> x*M):
  M := [ [ 1/2-1/2*E(40)^8+1/2*E(40)^12, 0, 1+1/2*E(40)^8-1/2*E(40)^12, 1/2 ], [ -1/2-1/2*E(40)^8+1/2*E(40)^12, 1, 1/2*E(40)^8-1/2*E(40)^12, -1/2 ], [ -1/2-1/2*E(40)^8+1/2*E(40)^12, 0, -1/2*E(40)^8+1/2*E(40)^12, 1/2+E(40)^8-E(40)^12 ], [ 1/2+1/2*E(40)^8-1/2*E(40)^12, 1, -1/2*E(40)^8+1/2*E(40)^12, 1/2 ] ];
  M ~ [[0.190983, 0.0, 1.309017, 0.5], [-0.809017, 1.0, 0.309017, -0.5], [-0.809017, 0.0, -0.309017, 1.118034], [0.809017, 1.0, -0.309017, 0.5]]
  [ok]   M*M^T = lambda*I exactly, lambda = 2
  [ok]   det M = +1 * lambda^2 exactly (det M = 4)
  [ok]   M carries the vertex set of a onto the vertex set of b
  [ok]   M carries the edge set of a onto the edge set of b
  [ok]   M carries the 2-face set of a onto the 2-face set of b
  [ok]   M carries the cell set of a onto the cell set of b
  [ok]   equal SCALEFREE-ORIENTED forms and det M > 0: proper similarity exhibited
  [ok]   RAW-inequal similar pair has lambda != 1 (lambda = 2)

### 8. writing outputs  [167.6s]
  wrote /Users/daniel/github/skeletal-polytopes/research/petcox-facet-extensions/audits/fable-ultra-equivalence/logs/method2-classes.tsv
  wrote /Users/daniel/github/skeletal-polytopes/research/petcox-facet-extensions/audits/fable-ultra-equivalence/logs/method2-pairs.tsv
  wrote /Users/daniel/github/skeletal-polytopes/research/petcox-facet-extensions/audits/fable-ultra-equivalence/logs/method2-certificates.json
  wrote /Users/daniel/github/skeletal-polytopes/research/petcox-facet-extensions/audits/fable-ultra-equivalence/logs/method2-certificates.g

### 9. summary  [167.6s]
  class_raw_unoriented        : 24 classes   (congruence (O(4), reflections allowed))
  class_raw_oriented          : 24 classes   (proper congruence (SO(4)))
  class_scalefree_unoriented  : 12 classes   (similarity)
  class_scalefree_oriented    : 12 classes   (proper similarity)
  partition of the 24 realisations under SIMILARITY (scale-free, unoriented):
     class  1  f=(16,32,12,4)  T={4,3,3} : L3-{4,3,3}-1, L3-{4,3,3}-6
     class  2  f=(16,32,12,4)  T={4,3,3} : L3-{4,3,3}-2, L3-{4,3,3}-3
     class  3  f=(600,1200,120,5)  T={5,3,3} : L3-{5,3,3}-3, L3-{5,3,3}-8
     class  4  f=(240,480,120,20)  T={5,3,5/2} : L3-{5,3,5/2}-1, L3-{5,3,5/2}-4
     class  5  f=(240,480,120,20)  T={5,3,5/2} : L3-{5,3,5/2}-2, L3-{5,3,5/2}-3
     class  6  f=(48,144,48,8)  T={5,3,5/2} : L3-{5,3,5/2}-5, L3-{5,3,5/2}-8
     class  7  f=(48,144,48,8)  T={5,3,5/2} : L3-{5,3,5/2}-6, L3-{5,3,5/2}-7
     class  8  f=(120,720,300,50)  T={5,3,5/2} : L3-{5,3,5/2}-9, L3-{5,3,5/2}-12
     class  9  f=(120,720,300,50)  T={5,3,5/2} : L3-{5,3,5/2}-10, L3-{5,3,5/2}-11
     class 10  f=(120,720,300,50)  T={5,3,5/2} : L3-{5,3,5/2}-13, L3-{5,3,5/2}-14
     class 11  f=(120,720,300,50)  T={5,3,5/2} : L3-{5,3,5/2}-15, L3-{5,3,5/2}-16
     class 12  f=(600,1200,120,5)  T={3,3,5/2} : L3-{3,3,5/2}-1, L3-{3,3,5/2}-4
  similar pairs (a ~ b): 12
     L3-{4,3,3}-1 ~ L3-{4,3,3}-6 : lambda = 4/3 (~1.333333), det sign M = +1, raw-congruent=False, proper-similar=True, verified=True, #similarities with w_a->w_b = 12 (signs +)
     L3-{4,3,3}-2 ~ L3-{4,3,3}-3 : lambda = 4/3 (~1.333333), det sign M = +1, raw-congruent=False, proper-similar=True, verified=True, #similarities with w_a->w_b = 12 (signs +)
     L3-{5,3,3}-3 ~ L3-{5,3,3}-8 : lambda = 10-16*E(40)^8+16*E(40)^12 (~0.111456), det sign M = +1, raw-congruent=False, proper-similar=True, verified=True, #similarities with w_a->w_b = 12 (signs +)
     L3-{5,3,5/2}-1 ~ L3-{5,3,5/2}-4 : lambda = 2/3+1/3*E(40)^5-1/6*E(40)^8+1/6*E(40)^12-1/3*E(40)^15 (~1.035066), det sign M = +1, raw-congruent=False, proper-similar=True, verified=True, #similarities with w_a->w_b = 12 (signs +)
     L3-{5,3,5/2}-2 ~ L3-{5,3,5/2}-3 : lambda = 2/3-1/3*E(40)^5-1/6*E(40)^8+1/6*E(40)^12+1/3*E(40)^15 (~0.092256), det sign M = +1, raw-congruent=False, proper-similar=True, verified=True, #similarities with w_a->w_b = 12 (signs +)
     L3-{5,3,5/2}-5 ~ L3-{5,3,5/2}-8 : lambda = 4/3-2/3*E(40)-2/3*E(40)^3+4/3*E(40)^5+2/3*E(40)^7-E(40)^8-2/3*E(40)^9+E(40)^12-2/3*E(40)^15 (~1.075420), det sign M = +1, raw-congruent=False, proper-similar=True, verified=True, #similarities with w_a->w_b = 24 (signs +)
     L3-{5,3,5/2}-6 ~ L3-{5,3,5/2}-7 : lambda = 4/3+2/3*E(40)+2/3*E(40)^3-4/3*E(40)^5-2/3*E(40)^7-E(40)^8+2/3*E(40)^9+E(40)^12+2/3*E(40)^15 (~0.355178), det sign M = +1, raw-congruent=False, proper-similar=True, verified=True, #similarities with w_a->w_b = 24 (signs +)
     L3-{5,3,5/2}-9 ~ L3-{5,3,5/2}-12 : lambda = 6/5 (~1.200000), det sign M = +1, raw-congruent=False, proper-similar=True, verified=True, #similarities with w_a->w_b = 60 (signs +)
     L3-{5,3,5/2}-10 ~ L3-{5,3,5/2}-11 : lambda = 2/3 (~0.666667), det sign M = +1, raw-congruent=False, proper-similar=True, verified=True, #similarities with w_a->w_b = 60 (signs +)
     L3-{5,3,5/2}-13 ~ L3-{5,3,5/2}-14 : lambda = 8/3-8/3*E(40)^8+8/3*E(40)^12 (~1.018576), det sign M = +1, raw-congruent=False, proper-similar=True, verified=True, #similarities with w_a->w_b = 60 (signs +)
     L3-{5,3,5/2}-15 ~ L3-{5,3,5/2}-16 : lambda = 4/3-2*E(40)^8+2*E(40)^12 (~0.097265), det sign M = +1, raw-congruent=False, proper-similar=True, verified=True, #similarities with w_a->w_b = 60 (signs +)
     L3-{3,3,5/2}-1 ~ L3-{3,3,5/2}-4 : lambda = 2 (~2.000000), det sign M = +1, raw-congruent=False, proper-similar=True, verified=True, #similarities with w_a->w_b = 12 (signs +)
  non-similar pairs with equal f-vector: 40 ; exhaustive search found 0 similarities for all of them: True

All self-checks passed.
Done: method2-canonical.sage
