started: 2026-09-09T16:01:43Z
cwd: /Users/daniel/github/skeletal-polytopes/research/petcox-facet-extensions/audits/fable-ultra/scripts
script sha256: 191a092a37883f00c76e51285db4b660750be44fd5a09ecf9b22579206e5d891  l3-audit.g


############################################################
## AUDIT Level 3, row 1: T = {3,3,3}, dim 5, p = ord(S1) = 5, q = ord(S2) = 3
############################################################
invariant planes of S1: k = [ 1, 2 ], dims [ 2, 2 ]
AU-PASS  {3,3,3}: exactly two invariant planes, each 2-dimensional
AU-PASS  {3,3,3}: rotation angles distinct and non-opposite
AU-PASS  {3,3,3}: neither angle is pi
AU-PASS  {3,3,3}: planes mutually orthogonal
AU-PASS  {3,3,3}: S1 has no fixed vector in the effective 4-space
AU-PASS  {3,3,3}: PETCOX circle avoids the invariant plane k = 1
AU-PASS  {3,3,3}: PETCOX circle avoids the invariant plane k = 2
deg d1 = 2, deg d2 = 2, deg tau = 4
AU-PASS  {3,3,3}: d1*d2 has no real zero (Sturm), so A(t) is defined for every real t
AU-PASS  {3,3,3}: the trace numerator tau and d1*d2 have coefficients in CF(5) = Q(zeta_5)

-- target ord(X) = 2 (k = 1), tr(X) = 1 ~ 1.; degree 4; exact number of distinct real roots (Sturm) = 2
   linear factor: t = 1/4 ~ 0.25
   linear factor: t = -1/4 ~ -0.25
AU-PASS  {3,3,3} m=2 k=1: every real root accounted for (exact roots + KW-killed = Sturm count, nothing unresolved)

-- target ord(X) = 3 (k = 1), tr(X) = 2 ~ 2.; degree 3; exact number of distinct real roots (Sturm) = 3
   linear factor: t = 0 ~ 0.
   linear factor: t = 1/2*E(5)+1/4*E(5)^2+1/4*E(5)^3+1/2*E(5)^4 ~ -0.09549150281252636
   linear factor: t = 1/4*E(5)+1/2*E(5)^2+1/2*E(5)^3+1/4*E(5)^4 ~ -0.6545084971874737
AU-PASS  {3,3,3} m=3 k=1: every real root accounted for (exact roots + KW-killed = Sturm count, nothing unresolved)

-- target ord(X) = 4 (k = 1), tr(X) = 3 ~ 3.; degree 4; exact number of distinct real roots (Sturm) = 0
   irreducible factor of degree 4 with 0 real roots: t^4+1/2*t^3+1/4*t^2+1/32*t+1/256
      no real roots
AU-PASS  {3,3,3} m=4 k=1: every real root accounted for (exact roots + KW-killed = Sturm count, nothing unresolved)

-- target ord(X) = 5 (k = 1), tr(X) = -2*E(5)-3*E(5)^2-3*E(5)^3-2*E(5)^4 ~ 3.618033988749895; degree 4; exact number of distinct real roots (Sturm) = 0
   quadratic factor t^2+1/4*t+(-1/16*E(5)^2-1/16*E(5)^3): discriminant D = -1/16*E(5)+3/16*E(5)^2+3/16*E(5)^3-1/16*E(5)^4 ~ -0.3420084971874737, sign -1
      no real roots
   quadratic factor t^2+(1/4*E(5)+1/4*E(5)^4)*t+(1/16*E(5)+1/16*E(5)^4): discriminant D = -3/8*E(5)-1/16*E(5)^2-1/16*E(5)^3-3/8*E(5)^4 ~ -0.1306356214843421, sign -1
      no real roots
AU-PASS  {3,3,3} m=5 k=1: every real root accounted for (exact roots + KW-killed = Sturm count, nothing unresolved)

-- target ord(X) = 5 (k = 2), tr(X) = -3*E(5)-2*E(5)^2-2*E(5)^3-3*E(5)^4 ~ 1.381966011250106; degree 4; exact number of distinct real roots (Sturm) = 4
   quadratic factor t^2+1/4*t+(-1/16*E(5)-1/16*E(5)^4): discriminant D = 3/16*E(5)-1/16*E(5)^2-1/16*E(5)^3+3/16*E(5)^4 ~ 0.2170084971874737, sign 1
      sqrt(D) not found in a small cyclotomic field; Q(sqrt5,sqrt D)/Q abelian (KW norm test, N = -19/256): false
      KILLED (Kronecker-Weber): some tr(g X) = -E(5)^2-E(5)^3 + (-4*E(5)^2-4*E(5)^3) t with nonzero t-coefficient, hence not in any cyclotomic field: Gamma infinite
   quadratic factor t^2+(1/4*E(5)^2+1/4*E(5)^3)*t+(1/16*E(5)^2+1/16*E(5)^3): discriminant D = -1/16*E(5)-3/8*E(5)^2-3/8*E(5)^3-1/16*E(5)^4 ~ 0.5681356214843422, sign 1
      sqrt(D) not found in a small cyclotomic field; Q(sqrt5,sqrt D)/Q abelian (KW norm test, N = -19/256): false
      KILLED (Kronecker-Weber): some tr(g X) = -E(5)^2-E(5)^3 + (8*E(5)+4*E(5)^2+4*E(5)^3+8*E(5)^4) t with nonzero t-coefficient, hence not in any cyclotomic field: Gamma infinite
AU-PASS  {3,3,3} m=5 k=2: every real root accounted for (exact roots + KW-killed = Sturm count, nothing unresolved)

-- target ord(X) = 6 (k = 1), tr(X) = 4 ~ 4.; degree 4; exact number of distinct real roots (Sturm) = 0
   quadratic factor t^2+1/8*t+1/16: discriminant D = -15/64 ~ -0.234375, sign -1
      no real roots
   quadratic factor t^2+1/4*t+1/16: discriminant D = -3/16 ~ -0.1875, sign -1
      no real roots
AU-PASS  {3,3,3} m=6 k=1: every real root accounted for (exact roots + KW-killed = Sturm count, nothing unresolved)

-- target ord(X) = 10 (k = 1), tr(X) = -3*E(5)-4*E(5)^2-4*E(5)^3-3*E(5)^4 ~ 4.618033988749895; degree 4; exact number of distinct real roots (Sturm) = 0
   factor of degree 2 with NON-REAL coefficients (its complex-conjugate factor also occurs; no real roots): t^2+(-1/2*E(5)-1/2*E(5)^3-1/4*E(5)^4)*t+(-1/16*E(5)^3)
   factor of degree 2 with NON-REAL coefficients (its complex-conjugate factor also occurs; no real roots): t^2+(-1/4*E(5)-1/2*E(5)^2-1/2*E(5)^4)*t+(-1/16*E(5)^2)
AU-PASS  {3,3,3} m=10 k=1: every real root accounted for (exact roots + KW-killed = Sturm count, nothing unresolved)

-- target ord(X) = 10 (k = 3), tr(X) = -4*E(5)-3*E(5)^2-3*E(5)^3-4*E(5)^4 ~ 2.381966011250106; degree 4; exact number of distinct real roots (Sturm) = 0
   factor of degree 2 with NON-REAL coefficients (its complex-conjugate factor also occurs; no real roots): t^2+(-1/2*E(5)-1/2*E(5)^2-1/4*E(5)^3)*t+(-1/16*E(5))
   factor of degree 2 with NON-REAL coefficients (its complex-conjugate factor also occurs; no real roots): t^2+(-1/4*E(5)^2-1/2*E(5)^3-1/2*E(5)^4)*t+(-1/16*E(5)^4)
AU-PASS  {3,3,3} m=10 k=3: every real root accounted for (exact roots + KW-killed = Sturm count, nothing unresolved)

-- verification of every exact real root (6 base vertices incl. t = infinity) --
AU-PASS  row 1 {3,3,3} m=2 k=1 t=1/4: A is an orthogonal involution inverting S1 and fixing w
AU-PASS  row 1 {3,3,3} m=2 k=1 t=1/4: (S2 X)^2 = (S1 S2 X)^2 = 1, X fixes w and w S1^-1, det X = 1
   row 1 {3,3,3} m=2 k=1 t=1/4: alpha ~ 0.5, ord(X) = 2, tr(X) = 1
AU-PASS  row 1 {3,3,3} m=2 k=1 t=1/4: ord(X) equals the target m = 2
      vertex-figure group <S2,X>: neighbour orbit finite: true (size 3), order fail -
      => REJECTED: ord(X) < 3 (degenerate)
AU-PASS  row 1 {3,3,3} m=2 k=1 t=-1/4: A is an orthogonal involution inverting S1 and fixing w
AU-PASS  row 1 {3,3,3} m=2 k=1 t=-1/4: (S2 X)^2 = (S1 S2 X)^2 = 1, X fixes w and w S1^-1, det X = 1
   row 1 {3,3,3} m=2 k=1 t=-1/4: alpha ~ infinity, ord(X) = 2, tr(X) = 1
AU-PASS  row 1 {3,3,3} m=2 k=1 t=-1/4: ord(X) equals the target m = 2
      vertex-figure group <S2,X>: neighbour orbit finite: true (size 3), order 6 S3
      => REJECTED: ord(X) < 3 (degenerate)
AU-PASS  row 1 {3,3,3} m=3 k=1 t=0: A is an orthogonal involution inverting S1 and fixing w
AU-PASS  row 1 {3,3,3} m=3 k=1 t=0: (S2 X)^2 = (S1 S2 X)^2 = 1, X fixes w and w S1^-1, det X = 1
   row 1 {3,3,3} m=3 k=1 t=0: alpha ~ 1., ord(X) = 3, tr(X) = 2
AU-PASS  row 1 {3,3,3} m=3 k=1 t=0: ord(X) equals the target m = 3
      vertex-figure group <S2,X>: neighbour orbit finite: true (size 4), order 12 A4
      Gamma: orbit finite true, |V| = 5, |Gamma| = 60, orders [ 5, 3, 3 ], relations true, IP false (defect 4), coset f-vector [ 5, 10, 6, 1 ], directly regular false
      => REJECTED: intersection condition fails (defect 4)
AU-PASS  row 1 {3,3,3} m=3 k=1 t=1/2*E(5)+1/4*E(5)^2+1/4*E(5)^3+1/2*E(5)^4: A is an orthogonal involution inverting S1 and fixing w
AU-PASS  row 1 {3,3,3} m=3 k=1 t=1/2*E(5)+1/4*E(5)^2+1/4*E(5)^3+1/2*E(5)^4: (S2 X)^2 = (S1 S2 X)^2 = 1, X fixes w and w S1^-1, det X = 1
   row 1 {3,3,3} m=3 k=1 t=1/2*E(5)+1/4*E(5)^2+1/4*E(5)^3+1/2*E(5)^4: alpha ~ 1.618033988749895, ord(X) = 3, tr(X) = 2
AU-PASS  row 1 {3,3,3} m=3 k=1 t=1/2*E(5)+1/4*E(5)^2+1/4*E(5)^3+1/2*E(5)^4: ord(X) equals the target m = 3
      vertex-figure group <S2,X>: neighbour orbit finite: true (size 4), order 12 A4
      Gamma: orbit finite true, |V| = 120, |Gamma| = 7200, orders [ 5, 3, 3 ], relations true, IP true (defect 1), coset f-vector [ 600, 1200, 720, 120 ], directly regular true, geometric f-vector [ 120, 1200, 720, 120 ], stabilisers [ false, true, true, true ], diamond [ 2, 2, 2 ], span 4, 2-face span 4, faithful false, skeletal false
      => REJECTED: abstract polytope but realisation not a faithful skeletal 4-polytope
AU-PASS  row 1 {3,3,3} m=3 k=1 t=1/4*E(5)+1/2*E(5)^2+1/2*E(5)^3+1/4*E(5)^4: A is an orthogonal involution inverting S1 and fixing w
AU-PASS  row 1 {3,3,3} m=3 k=1 t=1/4*E(5)+1/2*E(5)^2+1/2*E(5)^3+1/4*E(5)^4: (S2 X)^2 = (S1 S2 X)^2 = 1, X fixes w and w S1^-1, det X = 1
   row 1 {3,3,3} m=3 k=1 t=1/4*E(5)+1/2*E(5)^2+1/2*E(5)^3+1/4*E(5)^4: alpha ~ -0.6180339887498947, ord(X) = 3, tr(X) = 2
AU-PASS  row 1 {3,3,3} m=3 k=1 t=1/4*E(5)+1/2*E(5)^2+1/2*E(5)^3+1/4*E(5)^4: ord(X) equals the target m = 3
      vertex-figure group <S2,X>: neighbour orbit finite: true (size 4), order 12 A4
      Gamma: orbit finite true, |V| = 120, |Gamma| = 7200, orders [ 5, 3, 3 ], relations true, IP true (defect 1), coset f-vector [ 600, 1200, 720, 120 ], directly regular true, geometric f-vector [ 120, 1200, 720, 120 ], stabilisers [ false, true, true, true ], diamond [ 2, 2, 2 ], span 4, 2-face span 4, faithful false, skeletal false
      => REJECTED: abstract polytope but realisation not a faithful skeletal 4-polytope
AU-PASS  row 1 {3,3,3} m=inf k=- t=infinity: A is an orthogonal involution inverting S1 and fixing w
AU-PASS  row 1 {3,3,3} m=inf k=- t=infinity: (S2 X)^2 = (S1 S2 X)^2 = 1, X fixes w and w S1^-1, det X = 1
   row 1 {3,3,3} m=inf k=- t=infinity: alpha ~ 0., ord(X) = 3, tr(X) = 2
      vertex-figure group <S2,X>: neighbour orbit finite: true (size 4), order 12 A4
      Gamma: orbit finite true, |V| = 5, |Gamma| = 60, orders [ 5, 3, 3 ], relations true, IP false (defect 4), coset f-vector [ 5, 10, 6, 1 ], directly regular false
      => REJECTED: intersection condition fails (defect 4)


############################################################
## AUDIT Level 3, row 2: T = {4,3,3}, dim 4, p = ord(S1) = 8, q = ord(S2) = 3
############################################################
invariant planes of S1: k = [ 1, 3 ], dims [ 2, 2 ]
AU-PASS  {4,3,3}: exactly two invariant planes, each 2-dimensional
AU-PASS  {4,3,3}: rotation angles distinct and non-opposite
AU-PASS  {4,3,3}: neither angle is pi
AU-PASS  {4,3,3}: planes mutually orthogonal
AU-PASS  {4,3,3}: S1 has no fixed vector in the effective 4-space
AU-PASS  {4,3,3}: PETCOX circle avoids the invariant plane k = 1
AU-PASS  {4,3,3}: PETCOX circle avoids the invariant plane k = 3
deg d1 = 2, deg d2 = 2, deg tau = 4
AU-PASS  {4,3,3}: d1*d2 has no real zero (Sturm), so A(t) is defined for every real t
AU-PASS  {4,3,3}: the trace numerator tau and d1*d2 have coefficients in CF(5) = Q(zeta_5)

-- target ord(X) = 2 (k = 1), tr(X) = 0 ~ 0.; degree 4; exact number of distinct real roots (Sturm) = 2
   quadratic factor t^2-t-1/2: discriminant D = 3 ~ 3., sign 1
      exact root t = -1/2*E(12)^4+1/2*E(12)^7-1/2*E(12)^8-1/2*E(12)^11 ~ -0.3660254037844383
      exact root t = -1/2*E(12)^4-1/2*E(12)^7-1/2*E(12)^8+1/2*E(12)^11 ~ 1.366025403784438
AU-PASS  {4,3,3} m=2 k=1: every real root accounted for (exact roots + KW-killed = Sturm count, nothing unresolved)

-- target ord(X) = 3 (k = 1), tr(X) = 1 ~ 1.; degree 3; exact number of distinct real roots (Sturm) = 3
   linear factor: t = 1/2 ~ 0.5
   linear factor: t = -1/4 ~ -0.25
   linear factor: t = -1/2 ~ -0.5
AU-PASS  {4,3,3} m=3 k=1: every real root accounted for (exact roots + KW-killed = Sturm count, nothing unresolved)

-- target ord(X) = 4 (k = 1), tr(X) = 2 ~ 2.; degree 4; exact number of distinct real roots (Sturm) = 2
   linear factor: t = 0 ~ 0.
   linear factor: t = -1 ~ -1.
AU-PASS  {4,3,3} m=4 k=1: every real root accounted for (exact roots + KW-killed = Sturm count, nothing unresolved)

-- target ord(X) = 5 (k = 1), tr(X) = -E(5)-2*E(5)^2-2*E(5)^3-E(5)^4 ~ 2.618033988749895; degree 4; exact number of distinct real roots (Sturm) = 0
   irreducible factor of degree 4 with 0 real roots: t^4+(2*E(5)+2*E(5)^4)*t^3+(-1/2*E(5)^2-1/2*E(5)^3)*t^2+(-E(5)-1/2*E(5)^2-1/2*E(5)^3-E(5)^4)*t+(-1/4*E(5)-1/8*E(5)^2-1/8*E(5)^3-1/4*E(5)^4)
      no real roots
AU-PASS  {4,3,3} m=5 k=1: every real root accounted for (exact roots + KW-killed = Sturm count, nothing unresolved)

-- target ord(X) = 5 (k = 2), tr(X) = -2*E(5)-E(5)^2-E(5)^3-2*E(5)^4 ~ 0.3819660112501054; degree 4; exact number of distinct real roots (Sturm) = 4
   irreducible factor of degree 4 with 4 real roots: t^4+(2*E(5)^2+2*E(5)^3)*t^3+(-1/2*E(5)-1/2*E(5)^4)*t^2+(-1/2*E(5)-E(5)^2-E(5)^3-1/2*E(5)^4)*t+(-1/8*E(5)-1/4*E(5)^2-1/4*E(5)^3-1/8*E(5)^4)
AU-FAIL  {4,3,3} m=5 k=2: every real root accounted for (exact roots + KW-killed = Sturm count, nothing unresolved)   (got false)

-- target ord(X) = 6 (k = 1), tr(X) = 3 ~ 3.; degree 4; exact number of distinct real roots (Sturm) = 0
   quadratic factor t^2+1/2*t+1/4: discriminant D = -3/4 ~ -0.75, sign -1
      no real roots
AU-PASS  {4,3,3} m=6 k=1: every real root accounted for (exact roots + KW-killed = Sturm count, nothing unresolved)

-- target ord(X) = 10 (k = 1), tr(X) = -2*E(5)-3*E(5)^2-3*E(5)^3-2*E(5)^4 ~ 3.618033988749895; degree 4; exact number of distinct real roots (Sturm) = 0
   irreducible factor of degree 4 with 0 real roots: t^4+(-4*E(5)-2*E(5)^2-2*E(5)^3-4*E(5)^4)*t^3+(-3/2*E(5)-E(5)^2-E(5)^3-3/2*E(5)^4)*t^2+(1/2*E(5)+1/2*E(5)^4)*t+(1/8*E(5)+1/8*E(5)^4)
      no real roots
AU-PASS  {4,3,3} m=10 k=1: every real root accounted for (exact roots + KW-killed = Sturm count, nothing unresolved)

-- target ord(X) = 10 (k = 3), tr(X) = -3*E(5)-2*E(5)^2-2*E(5)^3-3*E(5)^4 ~ 1.381966011250106; degree 4; exact number of distinct real roots (Sturm) = 4
   irreducible factor of degree 4 with 4 real roots: t^4+(-2*E(5)-4*E(5)^2-4*E(5)^3-2*E(5)^4)*t^3+(-E(5)-3/2*E(5)^2-3/2*E(5)^3-E(5)^4)*t^2+(1/2*E(5)^2+1/2*E(5)^3)*t+(1/8*E(5)^2+1/8*E(5)^3)
AU-FAIL  {4,3,3} m=10 k=3: every real root accounted for (exact roots + KW-killed = Sturm count, nothing unresolved)   (got false)

-- verification of every exact real root (8 base vertices incl. t = infinity) --
AU-PASS  row 2 {4,3,3} m=2 k=1 t=-1/2*E(12)^4+1/2*E(12)^7-1/2*E(12)^8-1/2*E(12)^11: A is an orthogonal involution inverting S1 and fixing w
AU-PASS  row 2 {4,3,3} m=2 k=1 t=-1/2*E(12)^4+1/2*E(12)^7-1/2*E(12)^8-1/2*E(12)^11: (S2 X)^2 = (S1 S2 X)^2 = 1, X fixes w and w S1^-1, det X = 1
   row 2 {4,3,3} m=2 k=1 t=-1/2*E(12)^4+1/2*E(12)^7-1/2*E(12)^8-1/2*E(12)^11: alpha ~ 3.732050807568877, ord(X) = 2, tr(X) = 0
AU-PASS  row 2 {4,3,3} m=2 k=1 t=-1/2*E(12)^4+1/2*E(12)^7-1/2*E(12)^8-1/2*E(12)^11: ord(X) equals the target m = 2
      vertex-figure group <S2,X>: neighbour orbit finite: true (size 3), order 6 S3
      => REJECTED: ord(X) < 3 (degenerate)
AU-PASS  row 2 {4,3,3} m=2 k=1 t=-1/2*E(12)^4-1/2*E(12)^7-1/2*E(12)^8+1/2*E(12)^11: A is an orthogonal involution inverting S1 and fixing w
AU-PASS  row 2 {4,3,3} m=2 k=1 t=-1/2*E(12)^4-1/2*E(12)^7-1/2*E(12)^8+1/2*E(12)^11: (S2 X)^2 = (S1 S2 X)^2 = 1, X fixes w and w S1^-1, det X = 1
   row 2 {4,3,3} m=2 k=1 t=-1/2*E(12)^4-1/2*E(12)^7-1/2*E(12)^8+1/2*E(12)^11: alpha ~ 0.2679491924311237, ord(X) = 2, tr(X) = 0
AU-PASS  row 2 {4,3,3} m=2 k=1 t=-1/2*E(12)^4-1/2*E(12)^7-1/2*E(12)^8+1/2*E(12)^11: ord(X) equals the target m = 2
      vertex-figure group <S2,X>: neighbour orbit finite: true (size 3), order 6 S3
      => REJECTED: ord(X) < 3 (degenerate)
AU-PASS  row 2 {4,3,3} m=3 k=1 t=1/2: A is an orthogonal involution inverting S1 and fixing w
AU-PASS  row 2 {4,3,3} m=3 k=1 t=1/2: (S2 X)^2 = (S1 S2 X)^2 = 1, X fixes w and w S1^-1, det X = 1
   row 2 {4,3,3} m=3 k=1 t=1/2: alpha ~ 0.5, ord(X) = 3, tr(X) = 1
AU-PASS  row 2 {4,3,3} m=3 k=1 t=1/2: ord(X) equals the target m = 3
      vertex-figure group <S2,X>: neighbour orbit finite: true (size 4), order 12 A4
      Gamma: orbit finite true, |V| = 16, |Gamma| = 192, orders [ 8, 3, 3 ], relations true, IP true (defect 1), coset f-vector [ 16, 32, 12, 4 ], directly regular false, geometric f-vector [ 16, 32, 12, 4 ], stabilisers [ true, true, true, true ], diamond [ 2, 2, 2 ], span 4, 2-face span 4, faithful true, skeletal true
      => SURVIVOR: faithful skeletal 4-polytope, geometrically chiral (2-face spans E^4), combinatorially chiral
AU-PASS  row 2 {4,3,3} m=3 k=1 t=-1/4: A is an orthogonal involution inverting S1 and fixing w
AU-PASS  row 2 {4,3,3} m=3 k=1 t=-1/4: (S2 X)^2 = (S1 S2 X)^2 = 1, X fixes w and w S1^-1, det X = 1
   row 2 {4,3,3} m=3 k=1 t=-1/4: alpha ~ 2., ord(X) = 3, tr(X) = 1
AU-PASS  row 2 {4,3,3} m=3 k=1 t=-1/4: ord(X) equals the target m = 3
      vertex-figure group <S2,X>: neighbour orbit finite: true (size 4), order 12 A4
      Gamma: orbit finite true, |V| = 16, |Gamma| = 192, orders [ 8, 3, 3 ], relations true, IP true (defect 1), coset f-vector [ 16, 32, 12, 4 ], directly regular false, geometric f-vector [ 16, 32, 12, 4 ], stabilisers [ true, true, true, true ], diamond [ 2, 2, 2 ], span 4, 2-face span 4, faithful true, skeletal true
      => SURVIVOR: faithful skeletal 4-polytope, geometrically chiral (2-face spans E^4), combinatorially chiral
AU-PASS  row 2 {4,3,3} m=3 k=1 t=-1/2: A is an orthogonal involution inverting S1 and fixing w
AU-PASS  row 2 {4,3,3} m=3 k=1 t=-1/2: (S2 X)^2 = (S1 S2 X)^2 = 1, X fixes w and w S1^-1, det X = 1
   row 2 {4,3,3} m=3 k=1 t=-1/2: alpha ~ infinity, ord(X) = 3, tr(X) = 1
AU-PASS  row 2 {4,3,3} m=3 k=1 t=-1/2: ord(X) equals the target m = 3
      vertex-figure group <S2,X>: neighbour orbit finite: true (size 4), order 12 A4
      Gamma: orbit finite true, |V| = 16, |Gamma| = 192, orders [ 8, 3, 3 ], relations true, IP true (defect 1), coset f-vector [ 16, 32, 12, 4 ], directly regular false, geometric f-vector [ 16, 32, 12, 4 ], stabilisers [ true, true, true, true ], diamond [ 2, 2, 2 ], span 4, 2-face span 4, faithful true, skeletal true
      => SURVIVOR: faithful skeletal 4-polytope, geometrically chiral (2-face spans E^4), combinatorially chiral
AU-PASS  row 2 {4,3,3} m=4 k=1 t=0: A is an orthogonal involution inverting S1 and fixing w
AU-PASS  row 2 {4,3,3} m=4 k=1 t=0: (S2 X)^2 = (S1 S2 X)^2 = 1, X fixes w and w S1^-1, det X = 1
   row 2 {4,3,3} m=4 k=1 t=0: alpha ~ 1., ord(X) = 4, tr(X) = 2
AU-PASS  row 2 {4,3,3} m=4 k=1 t=0: ord(X) equals the target m = 4
      vertex-figure group <S2,X>: neighbour orbit finite: true (size 6), order 24 S4
      Gamma: orbit finite true, |V| = 8, |Gamma| = 192, orders [ 8, 3, 4 ], relations true, IP false (defect 2), coset f-vector [ 8, 24, 12, 4 ], directly regular false
      => REJECTED: intersection condition fails (defect 2)
AU-PASS  row 2 {4,3,3} m=4 k=1 t=-1: A is an orthogonal involution inverting S1 and fixing w
AU-PASS  row 2 {4,3,3} m=4 k=1 t=-1: (S2 X)^2 = (S1 S2 X)^2 = 1, X fixes w and w S1^-1, det X = 1
   row 2 {4,3,3} m=4 k=1 t=-1: alpha ~ -1., ord(X) = 4, tr(X) = 2
AU-PASS  row 2 {4,3,3} m=4 k=1 t=-1: ord(X) equals the target m = 4
      vertex-figure group <S2,X>: neighbour orbit finite: true (size 6), order 24 S4
      Gamma: orbit finite true, |V| = 8, |Gamma| = 192, orders [ 8, 3, 4 ], relations true, IP false (defect 2), coset f-vector [ 8, 24, 12, 4 ], directly regular false
      => REJECTED: intersection condition fails (defect 2)
AU-PASS  row 2 {4,3,3} m=inf k=- t=infinity: A is an orthogonal involution inverting S1 and fixing w
AU-PASS  row 2 {4,3,3} m=inf k=- t=infinity: (S2 X)^2 = (S1 S2 X)^2 = 1, X fixes w and w S1^-1, det X = 1
   row 2 {4,3,3} m=inf k=- t=infinity: alpha ~ 0., ord(X) = 3, tr(X) = 1
      vertex-figure group <S2,X>: neighbour orbit finite: true (size 4), order 12 A4
      Gamma: orbit finite true, |V| = 16, |Gamma| = 192, orders [ 8, 3, 3 ], relations true, IP true (defect 1), coset f-vector [ 16, 32, 12, 4 ], directly regular false, geometric f-vector [ 16, 32, 12, 4 ], stabilisers [ true, true, true, true ], diamond [ 2, 2, 2 ], span 4, 2-face span 4, faithful true, skeletal true
      => SURVIVOR: faithful skeletal 4-polytope, geometrically chiral (2-face spans E^4), combinatorially chiral


############################################################
## AUDIT Level 3, row 3: T = {3,4,3}, dim 4, p = ord(S1) = 12, q = ord(S2) = 4
############################################################
invariant planes of S1: k = [ 1, 5 ], dims [ 2, 2 ]
AU-PASS  {3,4,3}: exactly two invariant planes, each 2-dimensional
AU-PASS  {3,4,3}: rotation angles distinct and non-opposite
AU-PASS  {3,4,3}: neither angle is pi
AU-PASS  {3,4,3}: planes mutually orthogonal
AU-PASS  {3,4,3}: S1 has no fixed vector in the effective 4-space
AU-PASS  {3,4,3}: PETCOX circle avoids the invariant plane k = 1
AU-PASS  {3,4,3}: PETCOX circle avoids the invariant plane k = 5
deg d1 = 2, deg d2 = 2, deg tau = 4
AU-PASS  {3,4,3}: d1*d2 has no real zero (Sturm), so A(t) is defined for every real t
AU-PASS  {3,4,3}: the trace numerator tau and d1*d2 have coefficients in CF(5) = Q(zeta_5)

-- target ord(X) = 2 (k = 1), tr(X) = 0 ~ 0.; degree 4; exact number of distinct real roots (Sturm) = 2
   quadratic factor t^2-1/2: discriminant D = 2 ~ 2., sign 1
      exact root t = 1/2*E(8)-1/2*E(8)^3 ~ 0.7071067811865475
      exact root t = -1/2*E(8)+1/2*E(8)^3 ~ -0.7071067811865475
AU-PASS  {3,4,3} m=2 k=1: every real root accounted for (exact roots + KW-killed = Sturm count, nothing unresolved)

-- target ord(X) = 3 (k = 1), tr(X) = 1 ~ 1.; degree 3; exact number of distinct real roots (Sturm) = 3
   linear factor: t = 0 ~ 0.
   linear factor: t = -1/2 ~ -0.5
   linear factor: t = -1 ~ -1.
AU-PASS  {3,4,3} m=3 k=1: every real root accounted for (exact roots + KW-killed = Sturm count, nothing unresolved)

-- target ord(X) = 4 (k = 1), tr(X) = 2 ~ 2.; degree 4; exact number of distinct real roots (Sturm) = 0
   quadratic factor t^2+t+1/2: discriminant D = -1 ~ -1., sign -1
      no real roots
AU-PASS  {3,4,3} m=4 k=1: every real root accounted for (exact roots + KW-killed = Sturm count, nothing unresolved)

-- target ord(X) = 5 (k = 1), tr(X) = -E(5)-2*E(5)^2-2*E(5)^3-E(5)^4 ~ 2.618033988749895; degree 4; exact number of distinct real roots (Sturm) = 0
   irreducible factor of degree 4 with 0 real roots: t^4+(-E(5)^2-E(5)^3)*t^3+(E(5)-1/2*E(5)^2-1/2*E(5)^3+E(5)^4)*t^2+(-1/2*E(5)^2-1/2*E(5)^3)*t+1/4
      no real roots
AU-PASS  {3,4,3} m=5 k=1: every real root accounted for (exact roots + KW-killed = Sturm count, nothing unresolved)

-- target ord(X) = 5 (k = 2), tr(X) = -2*E(5)-E(5)^2-E(5)^3-2*E(5)^4 ~ 0.3819660112501054; degree 4; exact number of distinct real roots (Sturm) = 4
   irreducible factor of degree 4 with 4 real roots: t^4+(-E(5)-E(5)^4)*t^3+(-1/2*E(5)+E(5)^2+E(5)^3-1/2*E(5)^4)*t^2+(-1/2*E(5)-1/2*E(5)^4)*t+1/4
AU-FAIL  {3,4,3} m=5 k=2: every real root accounted for (exact roots + KW-killed = Sturm count, nothing unresolved)   (got false)

-- target ord(X) = 6 (k = 1), tr(X) = 3 ~ 3.; degree 4; exact number of distinct real roots (Sturm) = 0
   quadratic factor t^2+(-E(5)-1/2*E(5)^2-1/2*E(5)^3-E(5)^4)*t+1/2: discriminant D = 3/4*E(5)+3/2*E(5)^2+3/2*E(5)^3+3/4*E(5)^4 ~ -1.963525491562421, sign -1
      no real roots
   quadratic factor t^2+(-1/2*E(5)-E(5)^2-E(5)^3-1/2*E(5)^4)*t+1/2: discriminant D = 3/2*E(5)+3/4*E(5)^2+3/4*E(5)^3+3/2*E(5)^4 ~ -0.286474508437579, sign -1
      no real roots
AU-PASS  {3,4,3} m=6 k=1: every real root accounted for (exact roots + KW-killed = Sturm count, nothing unresolved)

-- target ord(X) = 10 (k = 1), tr(X) = -2*E(5)-3*E(5)^2-3*E(5)^3-2*E(5)^4 ~ 3.618033988749895; degree 4; exact number of distinct real roots (Sturm) = 0
   factor of degree 2 with NON-REAL coefficients (its complex-conjugate factor also occurs; no real roots): t^2+(-2*E(5)-E(5)^2-E(5)^3-E(5)^4)*t+(-1/2*E(5))
   factor of degree 2 with NON-REAL coefficients (its complex-conjugate factor also occurs; no real roots): t^2+(-E(5)-E(5)^2-E(5)^3-2*E(5)^4)*t+(-1/2*E(5)^4)
AU-PASS  {3,4,3} m=10 k=1: every real root accounted for (exact roots + KW-killed = Sturm count, nothing unresolved)

-- target ord(X) = 10 (k = 3), tr(X) = -3*E(5)-2*E(5)^2-2*E(5)^3-3*E(5)^4 ~ 1.381966011250106; degree 4; exact number of distinct real roots (Sturm) = 0
   factor of degree 2 with NON-REAL coefficients (its complex-conjugate factor also occurs; no real roots): t^2+(-E(5)-2*E(5)^2-E(5)^3-E(5)^4)*t+(-1/2*E(5)^2)
   factor of degree 2 with NON-REAL coefficients (its complex-conjugate factor also occurs; no real roots): t^2+(-E(5)-E(5)^2-2*E(5)^3-E(5)^4)*t+(-1/2*E(5)^3)
AU-PASS  {3,4,3} m=10 k=3: every real root accounted for (exact roots + KW-killed = Sturm count, nothing unresolved)

-- verification of every exact real root (6 base vertices incl. t = infinity) --
AU-PASS  row 3 {3,4,3} m=2 k=1 t=1/2*E(8)-1/2*E(8)^3: A is an orthogonal involution inverting S1 and fixing w
AU-PASS  row 3 {3,4,3} m=2 k=1 t=1/2*E(8)-1/2*E(8)^3: (S2 X)^2 = (S1 S2 X)^2 = 1, X fixes w and w S1^-1, det X = 1
   row 3 {3,4,3} m=2 k=1 t=1/2*E(8)-1/2*E(8)^3: alpha ~ 0.5, ord(X) = 2, tr(X) = 0
AU-PASS  row 3 {3,4,3} m=2 k=1 t=1/2*E(8)-1/2*E(8)^3: ord(X) equals the target m = 2
      vertex-figure group <S2,X>: neighbour orbit finite: true (size 4), order 8 D8
      => REJECTED: ord(X) < 3 (degenerate)
AU-PASS  row 3 {3,4,3} m=2 k=1 t=-1/2*E(8)+1/2*E(8)^3: A is an orthogonal involution inverting S1 and fixing w
AU-PASS  row 3 {3,4,3} m=2 k=1 t=-1/2*E(8)+1/2*E(8)^3: (S2 X)^2 = (S1 S2 X)^2 = 1, X fixes w and w S1^-1, det X = 1
   row 3 {3,4,3} m=2 k=1 t=-1/2*E(8)+1/2*E(8)^3: alpha ~ infinity, ord(X) = 2, tr(X) = 0
AU-PASS  row 3 {3,4,3} m=2 k=1 t=-1/2*E(8)+1/2*E(8)^3: ord(X) equals the target m = 2
      vertex-figure group <S2,X>: neighbour orbit finite: true (size 4), order 8 D8
      => REJECTED: ord(X) < 3 (degenerate)
AU-PASS  row 3 {3,4,3} m=3 k=1 t=0: A is an orthogonal involution inverting S1 and fixing w
AU-PASS  row 3 {3,4,3} m=3 k=1 t=0: (S2 X)^2 = (S1 S2 X)^2 = 1, X fixes w and w S1^-1, det X = 1
   row 3 {3,4,3} m=3 k=1 t=0: alpha ~ 1., ord(X) = 3, tr(X) = 1
AU-PASS  row 3 {3,4,3} m=3 k=1 t=0: ord(X) equals the target m = 3
      vertex-figure group <S2,X>: neighbour orbit finite: true (size 8), order 24 S4
      Gamma: orbit finite true, |V| = 24, |Gamma| = 576, orders [ 12, 4, 3 ], relations true, IP false (defect 2), coset f-vector [ 24, 96, 24, 3 ], directly regular false
      => REJECTED: intersection condition fails (defect 2)
AU-PASS  row 3 {3,4,3} m=3 k=1 t=-1/2: A is an orthogonal involution inverting S1 and fixing w
AU-PASS  row 3 {3,4,3} m=3 k=1 t=-1/2: (S2 X)^2 = (S1 S2 X)^2 = 1, X fixes w and w S1^-1, det X = 1
   row 3 {3,4,3} m=3 k=1 t=-1/2: alpha ~ 3.414213562373095, ord(X) = 3, tr(X) = 1
AU-PASS  row 3 {3,4,3} m=3 k=1 t=-1/2: ord(X) equals the target m = 3
      vertex-figure group <S2,X>: neighbour orbit finite: true (size 8), order 24 S4
      Gamma: orbit finite true, |V| = 24, |Gamma| = 576, orders [ 12, 4, 3 ], relations true, IP false (defect 2), coset f-vector [ 24, 96, 24, 3 ], directly regular false
      => REJECTED: intersection condition fails (defect 2)
AU-PASS  row 3 {3,4,3} m=3 k=1 t=-1: A is an orthogonal involution inverting S1 and fixing w
AU-PASS  row 3 {3,4,3} m=3 k=1 t=-1: (S2 X)^2 = (S1 S2 X)^2 = 1, X fixes w and w S1^-1, det X = 1
   row 3 {3,4,3} m=3 k=1 t=-1: alpha ~ -2.414213562373095, ord(X) = 3, tr(X) = 1
AU-PASS  row 3 {3,4,3} m=3 k=1 t=-1: ord(X) equals the target m = 3
      vertex-figure group <S2,X>: neighbour orbit finite: true (size 8), order 24 S4
      Gamma: orbit finite true, |V| = 24, |Gamma| = 576, orders [ 12, 4, 3 ], relations true, IP false (defect 2), coset f-vector [ 24, 96, 24, 3 ], directly regular false
      => REJECTED: intersection condition fails (defect 2)
AU-PASS  row 3 {3,4,3} m=inf k=- t=infinity: A is an orthogonal involution inverting S1 and fixing w
AU-PASS  row 3 {3,4,3} m=inf k=- t=infinity: (S2 X)^2 = (S1 S2 X)^2 = 1, X fixes w and w S1^-1, det X = 1
   row 3 {3,4,3} m=inf k=- t=infinity: alpha ~ 0., ord(X) = 3, tr(X) = 1
      vertex-figure group <S2,X>: neighbour orbit finite: true (size 8), order 24 S4
      Gamma: orbit finite true, |V| = 24, |Gamma| = 576, orders [ 12, 4, 3 ], relations true, IP false (defect 2), coset f-vector [ 24, 96, 24, 3 ], directly regular false
      => REJECTED: intersection condition fails (defect 2)


############################################################
## AUDIT Level 3, row 4: T = {5,3,3}, dim 4, p = ord(S1) = 30, q = ord(S2) = 3
############################################################
invariant planes of S1: k = [ 1, 11 ], dims [ 2, 2 ]
AU-PASS  {5,3,3}: exactly two invariant planes, each 2-dimensional
AU-PASS  {5,3,3}: rotation angles distinct and non-opposite
AU-PASS  {5,3,3}: neither angle is pi
AU-PASS  {5,3,3}: planes mutually orthogonal
AU-PASS  {5,3,3}: S1 has no fixed vector in the effective 4-space
AU-PASS  {5,3,3}: PETCOX circle avoids the invariant plane k = 1
AU-PASS  {5,3,3}: PETCOX circle avoids the invariant plane k = 11
deg d1 = 2, deg d2 = 2, deg tau = 4
AU-PASS  {5,3,3}: d1*d2 has no real zero (Sturm), so A(t) is defined for every real t
AU-PASS  {5,3,3}: the trace numerator tau and d1*d2 have coefficients in CF(5) = Q(zeta_5)

-- target ord(X) = 2 (k = 1), tr(X) = 0 ~ 0.; degree 4; exact number of distinct real roots (Sturm) = 2
   quadratic factor t^2+(E(5)+3*E(5)^2+3*E(5)^3+E(5)^4)*t+(5/4*E(5)+13/4*E(5)^2+13/4*E(5)^3+5/4*E(5)^4): discriminant D = -10*E(5)-26*E(5)^2-26*E(5)^3-10*E(5)^4 ~ 35.88854381999832, sign 1
      exact root t = 1/2*E(40)^7-1/2*E(40)^8-1/2*E(40)^13-3/2*E(40)^16-3/2*E(40)^21+1/2*E(40)^23-3/2*E(40)^24-3/2*E(40)^29+3/2*E(40)^31-1/2*E(40)^32-1/2*E(40)^37+3/2*E(40)^39 ~ 5.11338638120718
      exact root t = -1/2*E(40)^7-1/2*E(40)^8+1/2*E(40)^13-3/2*E(40)^16+3/2*E(40)^21-1/2*E(40)^23-3/2*E(40)^24+3/2*E(40)^29-3/2*E(40)^31-1/2*E(40)^32+1/2*E(40)^37-3/2*E(40)^39 ~ -0.8773184037073896
AU-PASS  {5,3,3} m=2 k=1: every real root accounted for (exact roots + KW-killed = Sturm count, nothing unresolved)

-- target ord(X) = 3 (k = 1), tr(X) = 1 ~ 1.; degree 3; exact number of distinct real roots (Sturm) = 3
   linear factor: t = 3/10*E(5)+7/10*E(5)^2+7/10*E(5)^3+3/10*E(5)^4 ~ -0.9472135954999579
   linear factor: t = 1/2*E(5)^2+1/2*E(5)^3 ~ -0.8090169943749475
   linear factor: t = -1/2*E(5)-3/2*E(5)^2-3/2*E(5)^3-1/2*E(5)^4 ~ 2.118033988749894
AU-PASS  {5,3,3} m=3 k=1: every real root accounted for (exact roots + KW-killed = Sturm count, nothing unresolved)

-- target ord(X) = 4 (k = 1), tr(X) = 2 ~ 2.; degree 4; exact number of distinct real roots (Sturm) = 4
   quadratic factor t^2+(1/4*E(5)+3/4*E(5)^2+3/4*E(5)^3+1/4*E(5)^4): discriminant D = -E(5)-3*E(5)^2-3*E(5)^3-E(5)^4 ~ 4.236067977499789, sign 1
      sqrt(D) not found in a small cyclotomic field; Q(sqrt5,sqrt D)/Q abelian (KW norm test, N = -1): false
      KILLED (Kronecker-Weber): some tr(g X) = E(5)+E(5)^4 + (2*E(5)+2*E(5)^4) t with nonzero t-coefficient, hence not in any cyclotomic field: Gamma infinite
   quadratic factor t^2+(-2*E(5)-5*E(5)^2-5*E(5)^3-2*E(5)^4)*t+(-5/4*E(5)-13/4*E(5)^2-13/4*E(5)^3-5/4*E(5)^4): discriminant D = -8*E(5)-21*E(5)^2-21*E(5)^3-8*E(5)^4 ~ 29.03444185374863, sign 1
      sqrt(D) not found in a small cyclotomic field; Q(sqrt5,sqrt D)/Q abelian (KW norm test, N = -1): false
      KILLED (Kronecker-Weber): some tr(g X) = E(5)+E(5)^4 + (10*E(5)+4*E(5)^2+4*E(5)^3+10*E(5)^4) t with nonzero t-coefficient, hence not in any cyclotomic field: Gamma infinite
AU-PASS  {5,3,3} m=4 k=1: every real root accounted for (exact roots + KW-killed = Sturm count, nothing unresolved)

-- target ord(X) = 5 (k = 1), tr(X) = -E(5)-2*E(5)^2-2*E(5)^3-E(5)^4 ~ 2.618033988749895; degree 4; exact number of distinct real roots (Sturm) = 4
   linear factor: t = 0 ~ 0.
   linear factor: t = -1/2 ~ -0.5
   linear factor: t = 1/2*E(5)+3/2*E(5)^2+3/2*E(5)^3+1/2*E(5)^4 ~ -2.118033988749894
   linear factor: t = 1/2*E(5)+E(5)^2+E(5)^3+1/2*E(5)^4 ~ -1.309016994374947
AU-PASS  {5,3,3} m=5 k=1: every real root accounted for (exact roots + KW-killed = Sturm count, nothing unresolved)

-- target ord(X) = 5 (k = 2), tr(X) = -2*E(5)-E(5)^2-E(5)^3-2*E(5)^4 ~ 0.3819660112501054; degree 4; exact number of distinct real roots (Sturm) = 4
   quadratic factor t^2+(1/2*E(5)+3/2*E(5)^2+3/2*E(5)^3+1/2*E(5)^4)*t+(3/4*E(5)+2*E(5)^2+2*E(5)^3+3/4*E(5)^4): discriminant D = -17/4*E(5)-45/4*E(5)^2-45/4*E(5)^3-17/4*E(5)^4 ~ 15.57623792124926, sign 1
      sqrt(D) not found in a small cyclotomic field; Q(sqrt5,sqrt D)/Q abelian (KW norm test, N = -19/16): false
      KILLED (Kronecker-Weber): some tr(g X) = -1 + (2*E(5)+2*E(5)^4) t with nonzero t-coefficient, hence not in any cyclotomic field: Gamma infinite
   quadratic factor t^2+(3*E(5)+8*E(5)^2+8*E(5)^3+3*E(5)^4)*t+(11/4*E(5)+29/4*E(5)^2+29/4*E(5)^3+11/4*E(5)^4): discriminant D = -45*E(5)-118*E(5)^2-118*E(5)^3-45*E(5)^4 ~ 163.1164811787423, sign 1
      sqrt(D) not found in a small cyclotomic field; Q(sqrt5,sqrt D)/Q abelian (KW norm test, N = -19): false
      KILLED (Kronecker-Weber): some tr(g X) = -3/2 + (3*E(5)+E(5)^2+E(5)^3+3*E(5)^4) t with nonzero t-coefficient, hence not in any cyclotomic field: Gamma infinite
AU-PASS  {5,3,3} m=5 k=2: every real root accounted for (exact roots + KW-killed = Sturm count, nothing unresolved)

-- target ord(X) = 6 (k = 1), tr(X) = 3 ~ 3.; degree 4; exact number of distinct real roots (Sturm) = 0
   quadratic factor t^2+(-1/2*E(5)-5/4*E(5)^2-5/4*E(5)^3-1/2*E(5)^4)*t+(-1/4*E(5)-5/8*E(5)^2-5/8*E(5)^3-1/4*E(5)^4): discriminant D = 3/16*E(5)+3/8*E(5)^2+3/8*E(5)^3+3/16*E(5)^4 ~ -0.4908813728906053, sign -1
      no real roots
   quadratic factor t^2+(-1/2*E(5)-E(5)^2-E(5)^3-1/2*E(5)^4)*t+(-1/2*E(5)-5/4*E(5)^2-5/4*E(5)^3-1/2*E(5)^4): discriminant D = 3/2*E(5)+15/4*E(5)^2+15/4*E(5)^3+3/2*E(5)^4 ~ -5.140576474687264, sign -1
      no real roots
AU-PASS  {5,3,3} m=6 k=1: every real root accounted for (exact roots + KW-killed = Sturm count, nothing unresolved)

-- target ord(X) = 10 (k = 1), tr(X) = -2*E(5)-3*E(5)^2-3*E(5)^3-2*E(5)^4 ~ 3.618033988749895; degree 4; exact number of distinct real roots (Sturm) = 0
   factor of degree 2 with NON-REAL coefficients (its complex-conjugate factor also occurs; no real roots): t^2+(-E(5)-E(5)^2-1/2*E(5)^3+1/2*E(5)^4)*t+(-3/4*E(5)-3/4*E(5)^2+1/2*E(5)^4)
   factor of degree 2 with NON-REAL coefficients (its complex-conjugate factor also occurs; no real roots): t^2+(1/2*E(5)-1/2*E(5)^2-E(5)^3-E(5)^4)*t+(1/2*E(5)-3/4*E(5)^3-3/4*E(5)^4)
AU-PASS  {5,3,3} m=10 k=1: every real root accounted for (exact roots + KW-killed = Sturm count, nothing unresolved)

-- target ord(X) = 10 (k = 3), tr(X) = -3*E(5)-2*E(5)^2-2*E(5)^3-3*E(5)^4 ~ 1.381966011250106; degree 4; exact number of distinct real roots (Sturm) = 4
   irreducible factor of degree 4 with 4 real roots: t^4+(-11/2*E(5)-14*E(5)^2-14*E(5)^3-11/2*E(5)^4)*t^3+(1/4*E(5)+3/4*E(5)^2+3/4*E(5)^3+1/4*E(5)^4)*t^2+(97/8*E(5)+127/4*E(5)^2+127/4*E(5)^3+97/8*E(5)^4)*t+(55/8*E(5)+18*E(5)^2+18*E(5)^3+55/8*E(5)^4)
AU-FAIL  {5,3,3} m=10 k=3: every real root accounted for (exact roots + KW-killed = Sturm count, nothing unresolved)   (got false)

-- verification of every exact real root (10 base vertices incl. t = infinity) --
AU-PASS  row 4 {5,3,3} m=2 k=1 t=1/2*E(40)^7-1/2*E(40)^8-1/2*E(40)^13-3/2*E(40)^16-3/2*E(40)^21+1/2*E(40)^23-3/2*E(40)^24-3/2*E(40)^29+3/2*E(40)^31-1/2*E(40)^32-1/2*E(40)^37+3/2*E(40)^39: A is an orthogonal involution inverting S1 and fixing w
AU-PASS  row 4 {5,3,3} m=2 k=1 t=1/2*E(40)^7-1/2*E(40)^8-1/2*E(40)^13-3/2*E(40)^16-3/2*E(40)^21+1/2*E(40)^23-3/2*E(40)^24-3/2*E(40)^29+3/2*E(40)^31-1/2*E(40)^32-1/2*E(40)^37+3/2*E(40)^39: (S2 X)^2 = (S1 S2 X)^2 = 1, X fixes w and w S1^-1, det X = 1
   row 4 {5,3,3} m=2 k=1 t=1/2*E(40)^7-1/2*E(40)^8-1/2*E(40)^13-3/2*E(40)^16-3/2*E(40)^21+1/2*E(40)^23-3/2*E(40)^24-3/2*E(40)^29+3/2*E(40)^31-1/2*E(40)^32-1/2*E(40)^37+3/2*E(40)^39: alpha ~ 0.1532728288415159, ord(X) = 2, tr(X) = 0
AU-PASS  row 4 {5,3,3} m=2 k=1 t=1/2*E(40)^7-1/2*E(40)^8-1/2*E(40)^13-3/2*E(40)^16-3/2*E(40)^21+1/2*E(40)^23-3/2*E(40)^24-3/2*E(40)^29+3/2*E(40)^31-1/2*E(40)^32-1/2*E(40)^37+3/2*E(40)^39: ord(X) equals the target m = 2
      vertex-figure group <S2,X>: neighbour orbit finite: true (size 3), order 6 S3
      => REJECTED: ord(X) < 3 (degenerate)
AU-PASS  row 4 {5,3,3} m=2 k=1 t=-1/2*E(40)^7-1/2*E(40)^8+1/2*E(40)^13-3/2*E(40)^16+3/2*E(40)^21-1/2*E(40)^23-3/2*E(40)^24+3/2*E(40)^29-3/2*E(40)^31-1/2*E(40)^32+1/2*E(40)^37-3/2*E(40)^39: A is an orthogonal involution inverting S1 and fixing w
AU-PASS  row 4 {5,3,3} m=2 k=1 t=-1/2*E(40)^7-1/2*E(40)^8+1/2*E(40)^13-3/2*E(40)^16+3/2*E(40)^21-1/2*E(40)^23-3/2*E(40)^24+3/2*E(40)^29-3/2*E(40)^31-1/2*E(40)^32+1/2*E(40)^37-3/2*E(40)^39: (S2 X)^2 = (S1 S2 X)^2 = 1, X fixes w and w S1^-1, det X = 1
   row 4 {5,3,3} m=2 k=1 t=-1/2*E(40)^7-1/2*E(40)^8+1/2*E(40)^13-3/2*E(40)^16+3/2*E(40)^21-1/2*E(40)^23-3/2*E(40)^24+3/2*E(40)^29-3/2*E(40)^31-1/2*E(40)^32+1/2*E(40)^37-3/2*E(40)^39: alpha ~ 19.16529991355798, ord(X) = 2, tr(X) = 0
AU-PASS  row 4 {5,3,3} m=2 k=1 t=-1/2*E(40)^7-1/2*E(40)^8+1/2*E(40)^13-3/2*E(40)^16+3/2*E(40)^21-1/2*E(40)^23-3/2*E(40)^24+3/2*E(40)^29-3/2*E(40)^31-1/2*E(40)^32+1/2*E(40)^37-3/2*E(40)^39: ord(X) equals the target m = 2
      vertex-figure group <S2,X>: neighbour orbit finite: true (size 3), order 6 S3
      => REJECTED: ord(X) < 3 (degenerate)
AU-PASS  row 4 {5,3,3} m=3 k=1 t=3/10*E(5)+7/10*E(5)^2+7/10*E(5)^3+3/10*E(5)^4: A is an orthogonal involution inverting S1 and fixing w
AU-PASS  row 4 {5,3,3} m=3 k=1 t=3/10*E(5)+7/10*E(5)^2+7/10*E(5)^3+3/10*E(5)^4: (S2 X)^2 = (S1 S2 X)^2 = 1, X fixes w and w S1^-1, det X = 1
   row 4 {5,3,3} m=3 k=1 t=3/10*E(5)+7/10*E(5)^2+7/10*E(5)^3+3/10*E(5)^4: alpha ~ -42.85491341588649, ord(X) = 3, tr(X) = 1
AU-PASS  row 4 {5,3,3} m=3 k=1 t=3/10*E(5)+7/10*E(5)^2+7/10*E(5)^3+3/10*E(5)^4: ord(X) equals the target m = 3
      vertex-figure group <S2,X>: neighbour orbit finite: true (size 4), order 12 A4
      Gamma: orbit finite true, |V| = 120, |Gamma| = 7200, orders [ 30, 3, 3 ], relations true, IP true (defect 1), coset f-vector [ 600, 1200, 120, 5 ], directly regular false, geometric f-vector [ 120, 1200, 120, 5 ], stabilisers [ false, true, true, true ], diamond [ 2, 2, 2 ], span 4, 2-face span 4, faithful false, skeletal false
      => REJECTED: abstract polytope but realisation not a faithful skeletal 4-polytope
AU-PASS  row 4 {5,3,3} m=3 k=1 t=1/2*E(5)^2+1/2*E(5)^3: A is an orthogonal involution inverting S1 and fixing w
AU-PASS  row 4 {5,3,3} m=3 k=1 t=1/2*E(5)^2+1/2*E(5)^3: (S2 X)^2 = (S1 S2 X)^2 = 1, X fixes w and w S1^-1, det X = 1
   row 4 {5,3,3} m=3 k=1 t=1/2*E(5)^2+1/2*E(5)^3: alpha ~ 7.938527151143622, ord(X) = 3, tr(X) = 1
AU-PASS  row 4 {5,3,3} m=3 k=1 t=1/2*E(5)^2+1/2*E(5)^3: ord(X) equals the target m = 3
      vertex-figure group <S2,X>: neighbour orbit finite: true (size 4), order 12 A4
      Gamma: orbit finite true, |V| = 120, |Gamma| = 7200, orders [ 30, 3, 3 ], relations true, IP true (defect 1), coset f-vector [ 600, 1200, 120, 5 ], directly regular false, geometric f-vector [ 120, 1200, 120, 5 ], stabilisers [ false, true, true, true ], diamond [ 2, 2, 2 ], span 4, 2-face span 4, faithful false, skeletal false
      => REJECTED: abstract polytope but realisation not a faithful skeletal 4-polytope
AU-PASS  row 4 {5,3,3} m=3 k=1 t=-1/2*E(5)-3/2*E(5)^2-3/2*E(5)^3-1/2*E(5)^4: A is an orthogonal involution inverting S1 and fixing w
AU-PASS  row 4 {5,3,3} m=3 k=1 t=-1/2*E(5)-3/2*E(5)^2-3/2*E(5)^3-1/2*E(5)^4: (S2 X)^2 = (S1 S2 X)^2 = 1, X fixes w and w S1^-1, det X = 1
   row 4 {5,3,3} m=3 k=1 t=-1/2*E(5)-3/2*E(5)^2-3/2*E(5)^3-1/2*E(5)^4: alpha ~ 0.3041135359756636, ord(X) = 3, tr(X) = 1
AU-PASS  row 4 {5,3,3} m=3 k=1 t=-1/2*E(5)-3/2*E(5)^2-3/2*E(5)^3-1/2*E(5)^4: ord(X) equals the target m = 3
      vertex-figure group <S2,X>: neighbour orbit finite: true (size 4), order 12 A4
      Gamma: orbit finite true, |V| = 600, |Gamma| = 7200, orders [ 30, 3, 3 ], relations true, IP true (defect 1), coset f-vector [ 600, 1200, 120, 5 ], directly regular false, geometric f-vector [ 600, 1200, 120, 5 ], stabilisers [ true, true, true, true ], diamond [ 2, 2, 2 ], span 4, 2-face span 4, faithful true, skeletal true
      => SURVIVOR: faithful skeletal 4-polytope, geometrically chiral (2-face spans E^4), combinatorially chiral
AU-PASS  row 4 {5,3,3} m=5 k=1 t=0: A is an orthogonal involution inverting S1 and fixing w
AU-PASS  row 4 {5,3,3} m=5 k=1 t=0: (S2 X)^2 = (S1 S2 X)^2 = 1, X fixes w and w S1^-1, det X = 1
   row 4 {5,3,3} m=5 k=1 t=0: alpha ~ 1., ord(X) = 5, tr(X) = -E(5)-2*E(5)^2-2*E(5)^3-E(5)^4
AU-PASS  row 4 {5,3,3} m=5 k=1 t=0: ord(X) equals the target m = 5
      vertex-figure group <S2,X>: neighbour orbit finite: true (size 12), order 60 A5
      Gamma: orbit finite true, |V| = 120, |Gamma| = 7200, orders [ 30, 3, 5 ], relations true, IP false (defect 4), coset f-vector [ 120, 720, 120, 5 ], directly regular false
      => REJECTED: intersection condition fails (defect 4)
AU-PASS  row 4 {5,3,3} m=5 k=1 t=-1/2: A is an orthogonal involution inverting S1 and fixing w
AU-PASS  row 4 {5,3,3} m=5 k=1 t=-1/2: (S2 X)^2 = (S1 S2 X)^2 = 1, X fixes w and w S1^-1, det X = 1
   row 4 {5,3,3} m=5 k=1 t=-1/2: alpha ~ 2.174771196256842, ord(X) = 5, tr(X) = -E(5)-2*E(5)^2-2*E(5)^3-E(5)^4
AU-PASS  row 4 {5,3,3} m=5 k=1 t=-1/2: ord(X) equals the target m = 5
      vertex-figure group <S2,X>: neighbour orbit finite: true (size 12), order 60 A5
      Gamma: orbit finite true, |V| = 120, |Gamma| = 7200, orders [ 30, 3, 5 ], relations true, IP false (defect 4), coset f-vector [ 120, 720, 120, 5 ], directly regular false
      => REJECTED: intersection condition fails (defect 4)
AU-PASS  row 4 {5,3,3} m=5 k=1 t=1/2*E(5)+3/2*E(5)^2+3/2*E(5)^3+1/2*E(5)^4: A is an orthogonal involution inverting S1 and fixing w
AU-PASS  row 4 {5,3,3} m=5 k=1 t=1/2*E(5)+3/2*E(5)^2+3/2*E(5)^3+1/2*E(5)^4: (S2 X)^2 = (S1 S2 X)^2 = 1, X fixes w and w S1^-1, det X = 1
   row 4 {5,3,3} m=5 k=1 t=1/2*E(5)+3/2*E(5)^2+3/2*E(5)^3+1/2*E(5)^4: alpha ~ -0.7762494909752419, ord(X) = 5, tr(X) = -E(5)-2*E(5)^2-2*E(5)^3-E(5)^4
AU-PASS  row 4 {5,3,3} m=5 k=1 t=1/2*E(5)+3/2*E(5)^2+3/2*E(5)^3+1/2*E(5)^4: ord(X) equals the target m = 5
      vertex-figure group <S2,X>: neighbour orbit finite: true (size 12), order 60 A5
      Gamma: orbit finite true, |V| = 120, |Gamma| = 7200, orders [ 30, 3, 5 ], relations true, IP false (defect 4), coset f-vector [ 120, 720, 120, 5 ], directly regular false
      => REJECTED: intersection condition fails (defect 4)
AU-PASS  row 4 {5,3,3} m=5 k=1 t=1/2*E(5)+E(5)^2+E(5)^3+1/2*E(5)^4: A is an orthogonal involution inverting S1 and fixing w
AU-PASS  row 4 {5,3,3} m=5 k=1 t=1/2*E(5)+E(5)^2+E(5)^3+1/2*E(5)^4: (S2 X)^2 = (S1 S2 X)^2 = 1, X fixes w and w S1^-1, det X = 1
   row 4 {5,3,3} m=5 k=1 t=1/2*E(5)+E(5)^2+E(5)^3+1/2*E(5)^4: alpha ~ -2.414213562373095, ord(X) = 5, tr(X) = -E(5)-2*E(5)^2-2*E(5)^3-E(5)^4
AU-PASS  row 4 {5,3,3} m=5 k=1 t=1/2*E(5)+E(5)^2+E(5)^3+1/2*E(5)^4: ord(X) equals the target m = 5
      vertex-figure group <S2,X>: neighbour orbit finite: true (size 12), order 60 A5
      Gamma: orbit finite true, |V| = 120, |Gamma| = 7200, orders [ 30, 3, 5 ], relations true, IP false (defect 4), coset f-vector [ 120, 720, 120, 5 ], directly regular false
      => REJECTED: intersection condition fails (defect 4)
AU-PASS  row 4 {5,3,3} m=inf k=- t=infinity: A is an orthogonal involution inverting S1 and fixing w
AU-PASS  row 4 {5,3,3} m=inf k=- t=infinity: (S2 X)^2 = (S1 S2 X)^2 = 1, X fixes w and w S1^-1, det X = 1
   row 4 {5,3,3} m=inf k=- t=infinity: alpha ~ 0., ord(X) = 3, tr(X) = 1
      vertex-figure group <S2,X>: neighbour orbit finite: true (size 4), order 12 A4
      Gamma: orbit finite true, |V| = 600, |Gamma| = 7200, orders [ 30, 3, 3 ], relations true, IP true (defect 1), coset f-vector [ 600, 1200, 120, 5 ], directly regular false, geometric f-vector [ 600, 1200, 120, 5 ], stabilisers [ true, true, true, true ], diamond [ 2, 2, 2 ], span 4, 2-face span 4, faithful true, skeletal true
      => SURVIVOR: faithful skeletal 4-polytope, geometrically chiral (2-face spans E^4), combinatorially chiral


############################################################
## AUDIT Level 3, row 5: T = {3,5,5/2}, dim 4, p = ord(S1) = 20, q = ord(S2) = 5
############################################################
invariant planes of S1: k = [ 1, 9 ], dims [ 2, 2 ]
AU-PASS  {3,5,5/2}: exactly two invariant planes, each 2-dimensional
AU-PASS  {3,5,5/2}: rotation angles distinct and non-opposite
AU-PASS  {3,5,5/2}: neither angle is pi
AU-PASS  {3,5,5/2}: planes mutually orthogonal
AU-PASS  {3,5,5/2}: S1 has no fixed vector in the effective 4-space
AU-PASS  {3,5,5/2}: PETCOX circle avoids the invariant plane k = 1
AU-PASS  {3,5,5/2}: PETCOX circle avoids the invariant plane k = 9
deg d1 = 2, deg d2 = 2, deg tau = 4
AU-PASS  {3,5,5/2}: d1*d2 has no real zero (Sturm), so A(t) is defined for every real t
AU-PASS  {3,5,5/2}: the trace numerator tau and d1*d2 have coefficients in CF(5) = Q(zeta_5)

-- target ord(X) = 2 (k = 1), tr(X) = 0 ~ 0.; degree 4; exact number of distinct real roots (Sturm) = 2
   quadratic factor t^2+(E(5)^2+E(5)^3)*t+(1/2*E(5)+5/4*E(5)^2+5/4*E(5)^3+1/2*E(5)^4): discriminant D = -3*E(5)-7*E(5)^2-7*E(5)^3-3*E(5)^4 ~ 9.47213595499958, sign 1
      exact root t = 1/2*E(20)-1/2*E(20)^8-1/2*E(20)^9-1/2*E(20)^12-1/2*E(20)^13+1/2*E(20)^17 ~ 2.347858762962574
      exact root t = -1/2*E(20)-1/2*E(20)^8+1/2*E(20)^9-1/2*E(20)^12+1/2*E(20)^13-1/2*E(20)^17 ~ -0.7298247742126793
AU-PASS  {3,5,5/2} m=2 k=1: every real root accounted for (exact roots + KW-killed = Sturm count, nothing unresolved)

-- target ord(X) = 3 (k = 1), tr(X) = 1 ~ 1.; degree 4; exact number of distinct real roots (Sturm) = 4
   linear factor: t = 0 ~ 0.
   linear factor: t = -1/2 ~ -0.5
   linear factor: t = -1 ~ -1.
   linear factor: t = 1/2*E(5)+3/2*E(5)^2+3/2*E(5)^3+1/2*E(5)^4 ~ -2.118033988749894
AU-PASS  {3,5,5/2} m=3 k=1: every real root accounted for (exact roots + KW-killed = Sturm count, nothing unresolved)

-- target ord(X) = 4 (k = 1), tr(X) = 2 ~ 2.; degree 4; exact number of distinct real roots (Sturm) = 0
   irreducible factor of degree 4 with 0 real roots: t^4+2*t^3+(-E(5)-2*E(5)^2-2*E(5)^3-E(5)^4)*t^2+(-1/2*E(5)-3/2*E(5)^2-3/2*E(5)^3-1/2*E(5)^4)*t+(-3/16*E(5)-1/2*E(5)^2-1/2*E(5)^3-3/16*E(5)^4)
      no real roots
AU-PASS  {3,5,5/2} m=4 k=1: every real root accounted for (exact roots + KW-killed = Sturm count, nothing unresolved)

-- target ord(X) = 5 (k = 1), tr(X) = -E(5)-2*E(5)^2-2*E(5)^3-E(5)^4 ~ 2.618033988749895; degree 4; exact number of distinct real roots (Sturm) = 0
   irreducible factor of degree 4 with 0 real roots: t^4+(-7/5*E(5)-8/5*E(5)^2-8/5*E(5)^3-7/5*E(5)^4)*t^3+(-9/10*E(5)-37/20*E(5)^2-37/20*E(5)^3-9/10*E(5)^4)*t^2+(-3/5*E(5)-33/20*E(5)^2-33/20*E(5)^3-3/5*E(5)^4)*t+(-9/40*E(5)-47/80*E(5)^2-47/80*E(5)^3-9/40*E(5)^4)
      no real roots
AU-PASS  {3,5,5/2} m=5 k=1: every real root accounted for (exact roots + KW-killed = Sturm count, nothing unresolved)

-- target ord(X) = 5 (k = 2), tr(X) = -2*E(5)-E(5)^2-E(5)^3-2*E(5)^4 ~ 0.3819660112501054; degree 3; exact number of distinct real roots (Sturm) = 3
   linear factor: t = 1/4*E(5)+1/2*E(5)^2+1/2*E(5)^3+1/4*E(5)^4 ~ -0.6545084971874737
   linear factor: t = 1/2*E(5)^2+1/2*E(5)^3 ~ -0.8090169943749475
   linear factor: t = -1/2*E(5)^2-1/2*E(5)^3 ~ 0.8090169943749475
AU-PASS  {3,5,5/2} m=5 k=2: every real root accounted for (exact roots + KW-killed = Sturm count, nothing unresolved)

-- target ord(X) = 6 (k = 1), tr(X) = 3 ~ 3.; degree 4; exact number of distinct real roots (Sturm) = 0
   irreducible factor of degree 4 with 0 real roots: t^4+(-E(5)^2-E(5)^3)*t^3+(-3/4*E(5)-7/4*E(5)^2-7/4*E(5)^3-3/4*E(5)^4)*t^2+(-3/4*E(5)-7/4*E(5)^2-7/4*E(5)^3-3/4*E(5)^4)*t+(-1/4*E(5)-5/8*E(5)^2-5/8*E(5)^3-1/4*E(5)^4)
      no real roots
AU-PASS  {3,5,5/2} m=6 k=1: every real root accounted for (exact roots + KW-killed = Sturm count, nothing unresolved)

-- target ord(X) = 10 (k = 1), tr(X) = -2*E(5)-3*E(5)^2-3*E(5)^3-2*E(5)^4 ~ 3.618033988749895; degree 4; exact number of distinct real roots (Sturm) = 0
   irreducible factor of degree 4 with 0 real roots: t^4+3/2*t^3+(-7/8*E(5)-7/4*E(5)^2-7/4*E(5)^3-7/8*E(5)^4)*t^2+(-5/8*E(5)-7/4*E(5)^2-7/4*E(5)^3-5/8*E(5)^4)*t+(-1/4*E(5)-21/32*E(5)^2-21/32*E(5)^3-1/4*E(5)^4)
      no real roots
AU-PASS  {3,5,5/2} m=10 k=1: every real root accounted for (exact roots + KW-killed = Sturm count, nothing unresolved)

-- target ord(X) = 10 (k = 3), tr(X) = -3*E(5)-2*E(5)^2-2*E(5)^3-3*E(5)^4 ~ 1.381966011250106; degree 4; exact number of distinct real roots (Sturm) = 0
   factor of degree 1 with NON-REAL coefficients (its complex-conjugate factor also occurs; no real roots): t+(-1/2*E(5)-1/2*E(5)^2-1/2*E(5)^3)
   factor of degree 1 with NON-REAL coefficients (its complex-conjugate factor also occurs; no real roots): t+(-1/2*E(5)^2-1/2*E(5)^3-1/2*E(5)^4)
AU-PASS  {3,5,5/2} m=10 k=3: every real root accounted for (exact roots + KW-killed = Sturm count, nothing unresolved)

-- verification of every exact real root (10 base vertices incl. t = infinity) --
AU-PASS  row 5 {3,5,5/2} m=2 k=1 t=1/2*E(20)-1/2*E(20)^8-1/2*E(20)^9-1/2*E(20)^12-1/2*E(20)^13+1/2*E(20)^17: A is an orthogonal involution inverting S1 and fixing w
AU-PASS  row 5 {3,5,5/2} m=2 k=1 t=1/2*E(20)-1/2*E(20)^8-1/2*E(20)^9-1/2*E(20)^12-1/2*E(20)^13+1/2*E(20)^17: (S2 X)^2 = (S1 S2 X)^2 = 1, X fixes w and w S1^-1, det X = 1
   row 5 {3,5,5/2} m=2 k=1 t=1/2*E(20)-1/2*E(20)^8-1/2*E(20)^9-1/2*E(20)^12-1/2*E(20)^13+1/2*E(20)^17: alpha ~ -0.5257311121191336, ord(X) = 2, tr(X) = 0
AU-PASS  row 5 {3,5,5/2} m=2 k=1 t=1/2*E(20)-1/2*E(20)^8-1/2*E(20)^9-1/2*E(20)^12-1/2*E(20)^13+1/2*E(20)^17: ord(X) equals the target m = 2
      vertex-figure group <S2,X>: neighbour orbit finite: true (size 5), order 10 D10
      => REJECTED: ord(X) < 3 (degenerate)
AU-PASS  row 5 {3,5,5/2} m=2 k=1 t=-1/2*E(20)-1/2*E(20)^8+1/2*E(20)^9-1/2*E(20)^12+1/2*E(20)^13-1/2*E(20)^17: A is an orthogonal involution inverting S1 and fixing w
AU-PASS  row 5 {3,5,5/2} m=2 k=1 t=-1/2*E(20)-1/2*E(20)^8+1/2*E(20)^9-1/2*E(20)^12+1/2*E(20)^13-1/2*E(20)^17: (S2 X)^2 = (S1 S2 X)^2 = 1, X fixes w and w S1^-1, det X = 1
   row 5 {3,5,5/2} m=2 k=1 t=-1/2*E(20)-1/2*E(20)^8+1/2*E(20)^9-1/2*E(20)^12+1/2*E(20)^13-1/2*E(20)^17: alpha ~ 0.5257311121191336, ord(X) = 2, tr(X) = 0
AU-PASS  row 5 {3,5,5/2} m=2 k=1 t=-1/2*E(20)-1/2*E(20)^8+1/2*E(20)^9-1/2*E(20)^12+1/2*E(20)^13-1/2*E(20)^17: ord(X) equals the target m = 2
      vertex-figure group <S2,X>: neighbour orbit finite: true (size 5), order 10 D10
      => REJECTED: ord(X) < 3 (degenerate)
AU-PASS  row 5 {3,5,5/2} m=3 k=1 t=0: A is an orthogonal involution inverting S1 and fixing w
AU-PASS  row 5 {3,5,5/2} m=3 k=1 t=0: (S2 X)^2 = (S1 S2 X)^2 = 1, X fixes w and w S1^-1, det X = 1
   row 5 {3,5,5/2} m=3 k=1 t=0: alpha ~ 1., ord(X) = 3, tr(X) = 1
AU-PASS  row 5 {3,5,5/2} m=3 k=1 t=0: ord(X) equals the target m = 3
      vertex-figure group <S2,X>: neighbour orbit finite: true (size 20), order 60 A5
      Gamma: orbit finite true, |V| = 120, |Gamma| = 7200, orders [ 20, 5, 3 ], relations true, IP false (defect 2), coset f-vector [ 120, 1200, 180, 6 ], directly regular false
      => REJECTED: intersection condition fails (defect 2)
AU-PASS  row 5 {3,5,5/2} m=3 k=1 t=-1/2: A is an orthogonal involution inverting S1 and fixing w
AU-PASS  row 5 {3,5,5/2} m=3 k=1 t=-1/2: (S2 X)^2 = (S1 S2 X)^2 = 1, X fixes w and w S1^-1, det X = 1
   row 5 {3,5,5/2} m=3 k=1 t=-1/2: alpha ~ 0.6180339887498947, ord(X) = 3, tr(X) = 1
AU-PASS  row 5 {3,5,5/2} m=3 k=1 t=-1/2: ord(X) equals the target m = 3
      vertex-figure group <S2,X>: neighbour orbit finite: true (size 20), order 60 A5
      Gamma: orbit finite true, |V| = 120, |Gamma| = 7200, orders [ 20, 5, 3 ], relations true, IP false (defect 2), coset f-vector [ 120, 1200, 180, 6 ], directly regular false
      => REJECTED: intersection condition fails (defect 2)
AU-PASS  row 5 {3,5,5/2} m=3 k=1 t=-1: A is an orthogonal involution inverting S1 and fixing w
AU-PASS  row 5 {3,5,5/2} m=3 k=1 t=-1: (S2 X)^2 = (S1 S2 X)^2 = 1, X fixes w and w S1^-1, det X = 1
   row 5 {3,5,5/2} m=3 k=1 t=-1: alpha ~ 0.447213595499958, ord(X) = 3, tr(X) = 1
AU-PASS  row 5 {3,5,5/2} m=3 k=1 t=-1: ord(X) equals the target m = 3
      vertex-figure group <S2,X>: neighbour orbit finite: true (size 20), order 60 A5
      Gamma: orbit finite true, |V| = 120, |Gamma| = 7200, orders [ 20, 5, 3 ], relations true, IP false (defect 2), coset f-vector [ 120, 1200, 180, 6 ], directly regular false
      => REJECTED: intersection condition fails (defect 2)
AU-PASS  row 5 {3,5,5/2} m=3 k=1 t=1/2*E(5)+3/2*E(5)^2+3/2*E(5)^3+1/2*E(5)^4: A is an orthogonal involution inverting S1 and fixing w
AU-PASS  row 5 {3,5,5/2} m=3 k=1 t=1/2*E(5)+3/2*E(5)^2+3/2*E(5)^3+1/2*E(5)^4: (S2 X)^2 = (S1 S2 X)^2 = 1, X fixes w and w S1^-1, det X = 1
   row 5 {3,5,5/2} m=3 k=1 t=1/2*E(5)+3/2*E(5)^2+3/2*E(5)^3+1/2*E(5)^4: alpha ~ 0.2763932022500212, ord(X) = 3, tr(X) = 1
AU-PASS  row 5 {3,5,5/2} m=3 k=1 t=1/2*E(5)+3/2*E(5)^2+3/2*E(5)^3+1/2*E(5)^4: ord(X) equals the target m = 3
      vertex-figure group <S2,X>: neighbour orbit finite: true (size 20), order 60 A5
      Gamma: orbit finite true, |V| = 120, |Gamma| = 7200, orders [ 20, 5, 3 ], relations true, IP false (defect 2), coset f-vector [ 120, 1200, 180, 6 ], directly regular false
      => REJECTED: intersection condition fails (defect 2)
AU-PASS  row 5 {3,5,5/2} m=5 k=2 t=1/4*E(5)+1/2*E(5)^2+1/2*E(5)^3+1/4*E(5)^4: A is an orthogonal involution inverting S1 and fixing w
AU-PASS  row 5 {3,5,5/2} m=5 k=2 t=1/4*E(5)+1/2*E(5)^2+1/2*E(5)^3+1/4*E(5)^4: (S2 X)^2 = (S1 S2 X)^2 = 1, X fixes w and w S1^-1, det X = 1
   row 5 {3,5,5/2} m=5 k=2 t=1/4*E(5)+1/2*E(5)^2+1/2*E(5)^3+1/4*E(5)^4: alpha ~ 0.5527864045000425, ord(X) = 5, tr(X) = -2*E(5)-E(5)^2-E(5)^3-2*E(5)^4
AU-PASS  row 5 {3,5,5/2} m=5 k=2 t=1/4*E(5)+1/2*E(5)^2+1/2*E(5)^3+1/4*E(5)^4: ord(X) equals the target m = 5
      vertex-figure group <S2,X>: neighbour orbit finite: true (size 12), order 60 A5
      Gamma: orbit finite true, |V| = 120, |Gamma| = 7200, orders [ 20, 5, 5 ], relations true, IP false (defect 2), coset f-vector [ 120, 720, 180, 6 ], directly regular false
      => REJECTED: intersection condition fails (defect 2)
AU-PASS  row 5 {3,5,5/2} m=5 k=2 t=1/2*E(5)^2+1/2*E(5)^3: A is an orthogonal involution inverting S1 and fixing w
AU-PASS  row 5 {3,5,5/2} m=5 k=2 t=1/2*E(5)^2+1/2*E(5)^3: (S2 X)^2 = (S1 S2 X)^2 = 1, X fixes w and w S1^-1, det X = 1
   row 5 {3,5,5/2} m=5 k=2 t=1/2*E(5)^2+1/2*E(5)^3: alpha ~ 0.5, ord(X) = 5, tr(X) = -2*E(5)-E(5)^2-E(5)^3-2*E(5)^4
AU-PASS  row 5 {3,5,5/2} m=5 k=2 t=1/2*E(5)^2+1/2*E(5)^3: ord(X) equals the target m = 5
      vertex-figure group <S2,X>: neighbour orbit finite: true (size 12), order 60 A5
      Gamma: orbit finite true, |V| = 120, |Gamma| = 7200, orders [ 20, 5, 5 ], relations true, IP false (defect 2), coset f-vector [ 120, 720, 180, 6 ], directly regular false
      => REJECTED: intersection condition fails (defect 2)
AU-PASS  row 5 {3,5,5/2} m=5 k=2 t=-1/2*E(5)^2-1/2*E(5)^3: A is an orthogonal involution inverting S1 and fixing w
AU-PASS  row 5 {3,5,5/2} m=5 k=2 t=-1/2*E(5)^2-1/2*E(5)^3: (S2 X)^2 = (S1 S2 X)^2 = 1, X fixes w and w S1^-1, det X = 1
   row 5 {3,5,5/2} m=5 k=2 t=-1/2*E(5)^2-1/2*E(5)^3: alpha ~ infinity, ord(X) = 5, tr(X) = -2*E(5)-E(5)^2-E(5)^3-2*E(5)^4
AU-PASS  row 5 {3,5,5/2} m=5 k=2 t=-1/2*E(5)^2-1/2*E(5)^3: ord(X) equals the target m = 5
      vertex-figure group <S2,X>: neighbour orbit finite: true (size 12), order 60 A5
      Gamma: orbit finite true, |V| = 120, |Gamma| = 7200, orders [ 20, 5, 5 ], relations true, IP false (defect 2), coset f-vector [ 120, 720, 180, 6 ], directly regular false
      => REJECTED: intersection condition fails (defect 2)
AU-PASS  row 5 {3,5,5/2} m=inf k=- t=infinity: A is an orthogonal involution inverting S1 and fixing w
AU-PASS  row 5 {3,5,5/2} m=inf k=- t=infinity: (S2 X)^2 = (S1 S2 X)^2 = 1, X fixes w and w S1^-1, det X = 1
   row 5 {3,5,5/2} m=inf k=- t=infinity: alpha ~ 0., ord(X) = 5, tr(X) = -2*E(5)-E(5)^2-E(5)^3-2*E(5)^4
      vertex-figure group <S2,X>: neighbour orbit finite: true (size 12), order 60 A5
      Gamma: orbit finite true, |V| = 120, |Gamma| = 7200, orders [ 20, 5, 5 ], relations true, IP false (defect 2), coset f-vector [ 120, 720, 180, 6 ], directly regular false
      => REJECTED: intersection condition fails (defect 2)


############################################################
## AUDIT Level 3, row 6: T = {5,5/2,5}, dim 4, p = ord(S1) = 15, q = ord(S2) = 5
############################################################
invariant planes of S1: k = [ 1, 4 ], dims [ 2, 2 ]
AU-PASS  {5,5/2,5}: exactly two invariant planes, each 2-dimensional
AU-PASS  {5,5/2,5}: rotation angles distinct and non-opposite
AU-PASS  {5,5/2,5}: neither angle is pi
AU-PASS  {5,5/2,5}: planes mutually orthogonal
AU-PASS  {5,5/2,5}: S1 has no fixed vector in the effective 4-space
AU-PASS  {5,5/2,5}: PETCOX circle avoids the invariant plane k = 1
AU-PASS  {5,5/2,5}: PETCOX circle avoids the invariant plane k = 4
deg d1 = 2, deg d2 = 2, deg tau = 4
AU-PASS  {5,5/2,5}: d1*d2 has no real zero (Sturm), so A(t) is defined for every real t
AU-PASS  {5,5/2,5}: the trace numerator tau and d1*d2 have coefficients in CF(5) = Q(zeta_5)

-- target ord(X) = 2 (k = 1), tr(X) = 0 ~ 0.; degree 4; exact number of distinct real roots (Sturm) = 2
   linear factor: t = 1/2*E(5)^2+1/2*E(5)^3 ~ -0.8090169943749475
   linear factor: t = -1/2*E(5)^2-1/2*E(5)^3 ~ 0.8090169943749475
AU-PASS  {5,5/2,5} m=2 k=1: every real root accounted for (exact roots + KW-killed = Sturm count, nothing unresolved)

-- target ord(X) = 3 (k = 1), tr(X) = 1 ~ 1.; degree 4; exact number of distinct real roots (Sturm) = 4
   quadratic factor t^2+1/2*t+(1/4*E(5)^2+1/4*E(5)^3): discriminant D = -1/4*E(5)-5/4*E(5)^2-5/4*E(5)^3-1/4*E(5)^4 ~ 1.868033988749895, sign 1
      sqrt(D) not found in a small cyclotomic field; Q(sqrt5,sqrt D)/Q abelian (KW norm test, N = -11/16): false
      KILLED (Kronecker-Weber): some tr(g X) = -E(5)^2-E(5)^3 + (-2*E(5)^2-2*E(5)^3) t with nonzero t-coefficient, hence not in any cyclotomic field: Gamma infinite
   quadratic factor t^2+(1/2*E(5)^2+1/2*E(5)^3)*t+(1/4*E(5)+3/4*E(5)^2+3/4*E(5)^3+1/4*E(5)^4): discriminant D = -5/4*E(5)-7/2*E(5)^2-7/2*E(5)^3-5/4*E(5)^4 ~ 4.890576474687263, sign 1
      sqrt(D) not found in a small cyclotomic field; Q(sqrt5,sqrt D)/Q abelian (KW norm test, N = -11/16): false
      KILLED (Kronecker-Weber): some tr(g X) = 0 + (2*E(5)+2*E(5)^4) t with nonzero t-coefficient, hence not in any cyclotomic field: Gamma infinite
AU-PASS  {5,5/2,5} m=3 k=1: every real root accounted for (exact roots + KW-killed = Sturm count, nothing unresolved)

-- target ord(X) = 4 (k = 1), tr(X) = 2 ~ 2.; degree 4; exact number of distinct real roots (Sturm) = 4
   irreducible factor of degree 4 with 4 real roots: t^4+(E(5)^2+E(5)^3)*t^3+(E(5)+3*E(5)^2+3*E(5)^3+E(5)^4)*t^2+(1/4*E(5)+3/4*E(5)^2+3/4*E(5)^3+1/4*E(5)^4)*t+(-1/8*E(5)-5/16*E(5)^2-5/16*E(5)^3-1/8*E(5)^4)
AU-FAIL  {5,5/2,5} m=4 k=1: every real root accounted for (exact roots + KW-killed = Sturm count, nothing unresolved)   (got false)

-- target ord(X) = 5 (k = 1), tr(X) = -E(5)-2*E(5)^2-2*E(5)^3-E(5)^4 ~ 2.618033988749895; degree 3; exact number of distinct real roots (Sturm) = 3
   linear factor: t = 0 ~ 0.
   linear factor: t = -1/2 ~ -0.5
   linear factor: t = 1/2*E(5)+E(5)^2+E(5)^3+1/2*E(5)^4 ~ -1.309016994374947
AU-PASS  {5,5/2,5} m=5 k=1: every real root accounted for (exact roots + KW-killed = Sturm count, nothing unresolved)

-- target ord(X) = 5 (k = 2), tr(X) = -2*E(5)-E(5)^2-E(5)^3-2*E(5)^4 ~ 0.3819660112501054; degree 4; exact number of distinct real roots (Sturm) = 4
   irreducible factor of degree 4 with 4 real roots: t^4+(-2/5*E(5)-1/10*E(5)^2-1/10*E(5)^3-2/5*E(5)^4)*t^3+(1/4*E(5)+E(5)^2+E(5)^3+1/4*E(5)^4)*t^2+(-1/40*E(5)+1/40*E(5)^2+1/40*E(5)^3-1/40*E(5)^4)*t+(-1/8*E(5)-5/16*E(5)^2-5/16*E(5)^3-1/8*E(5)^4)
AU-FAIL  {5,5/2,5} m=5 k=2: every real root accounted for (exact roots + KW-killed = Sturm count, nothing unresolved)   (got false)

-- target ord(X) = 6 (k = 1), tr(X) = 3 ~ 3.; degree 4; exact number of distinct real roots (Sturm) = 0
   irreducible factor of degree 4 with 0 real roots: t^4+(-3/2*E(5)-3*E(5)^2-3*E(5)^3-3/2*E(5)^4)*t^3+(-7/4*E(5)-17/4*E(5)^2-17/4*E(5)^3-7/4*E(5)^4)*t^2+(-3/4*E(5)-15/8*E(5)^2-15/8*E(5)^3-3/4*E(5)^4)*t+(-1/8*E(5)-5/16*E(5)^2-5/16*E(5)^3-1/8*E(5)^4)
      no real roots
AU-PASS  {5,5/2,5} m=6 k=1: every real root accounted for (exact roots + KW-killed = Sturm count, nothing unresolved)

-- target ord(X) = 10 (k = 1), tr(X) = -2*E(5)-3*E(5)^2-3*E(5)^3-2*E(5)^4 ~ 3.618033988749895; degree 4; exact number of distinct real roots (Sturm) = 0
   factor of degree 1 with NON-REAL coefficients (its complex-conjugate factor also occurs; no real roots): t+(-1/2*E(5)-1/2*E(5)^2-1/2*E(5)^3)
   factor of degree 1 with NON-REAL coefficients (its complex-conjugate factor also occurs; no real roots): t+(-1/2*E(5)-1/2*E(5)^2)
   factor of degree 1 with NON-REAL coefficients (its complex-conjugate factor also occurs; no real roots): t+(-1/2*E(5)^2-1/2*E(5)^3-1/2*E(5)^4)
   factor of degree 1 with NON-REAL coefficients (its complex-conjugate factor also occurs; no real roots): t+(-1/2*E(5)^3-1/2*E(5)^4)
AU-PASS  {5,5/2,5} m=10 k=1: every real root accounted for (exact roots + KW-killed = Sturm count, nothing unresolved)

-- target ord(X) = 10 (k = 3), tr(X) = -3*E(5)-2*E(5)^2-2*E(5)^3-3*E(5)^4 ~ 1.381966011250106; degree 4; exact number of distinct real roots (Sturm) = 4
   irreducible factor of degree 4 with 4 real roots: t^4+(-1/4*E(5)+1/4*E(5)^2+1/4*E(5)^3-1/4*E(5)^4)*t^3+(1/2*E(5)+13/8*E(5)^2+13/8*E(5)^3+1/2*E(5)^4)*t^2+(1/16*E(5)+1/4*E(5)^2+1/4*E(5)^3+1/16*E(5)^4)*t+(-1/8*E(5)-5/16*E(5)^2-5/16*E(5)^3-1/8*E(5)^4)
AU-FAIL  {5,5/2,5} m=10 k=3: every real root accounted for (exact roots + KW-killed = Sturm count, nothing unresolved)   (got false)

-- verification of every exact real root (6 base vertices incl. t = infinity) --
AU-PASS  row 6 {5,5/2,5} m=2 k=1 t=1/2*E(5)^2+1/2*E(5)^3: A is an orthogonal involution inverting S1 and fixing w
AU-PASS  row 6 {5,5/2,5} m=2 k=1 t=1/2*E(5)^2+1/2*E(5)^3: (S2 X)^2 = (S1 S2 X)^2 = 1, X fixes w and w S1^-1, det X = 1
   row 6 {5,5/2,5} m=2 k=1 t=1/2*E(5)^2+1/2*E(5)^3: alpha ~ 0.5, ord(X) = 2, tr(X) = 0
AU-PASS  row 6 {5,5/2,5} m=2 k=1 t=1/2*E(5)^2+1/2*E(5)^3: ord(X) equals the target m = 2
      vertex-figure group <S2,X>: neighbour orbit finite: true (size 5), order fail -
      => REJECTED: ord(X) < 3 (degenerate)
AU-PASS  row 6 {5,5/2,5} m=2 k=1 t=-1/2*E(5)^2-1/2*E(5)^3: A is an orthogonal involution inverting S1 and fixing w
AU-PASS  row 6 {5,5/2,5} m=2 k=1 t=-1/2*E(5)^2-1/2*E(5)^3: (S2 X)^2 = (S1 S2 X)^2 = 1, X fixes w and w S1^-1, det X = 1
   row 6 {5,5/2,5} m=2 k=1 t=-1/2*E(5)^2-1/2*E(5)^3: alpha ~ infinity, ord(X) = 2, tr(X) = 0
AU-PASS  row 6 {5,5/2,5} m=2 k=1 t=-1/2*E(5)^2-1/2*E(5)^3: ord(X) equals the target m = 2
      vertex-figure group <S2,X>: neighbour orbit finite: true (size 5), order 10 D10
      => REJECTED: ord(X) < 3 (degenerate)
AU-PASS  row 6 {5,5/2,5} m=5 k=1 t=0: A is an orthogonal involution inverting S1 and fixing w
AU-PASS  row 6 {5,5/2,5} m=5 k=1 t=0: (S2 X)^2 = (S1 S2 X)^2 = 1, X fixes w and w S1^-1, det X = 1
   row 6 {5,5/2,5} m=5 k=1 t=0: alpha ~ 1., ord(X) = 5, tr(X) = -E(5)-2*E(5)^2-2*E(5)^3-E(5)^4
AU-PASS  row 6 {5,5/2,5} m=5 k=1 t=0: ord(X) equals the target m = 5
      vertex-figure group <S2,X>: neighbour orbit finite: true (size 12), order 60 A5
      Gamma: orbit finite true, |V| = 120, |Gamma| = 7200, orders [ 15, 5, 5 ], relations true, IP false (defect 12), coset f-vector [ 120, 720, 240, 1 ], directly regular false
      => REJECTED: intersection condition fails (defect 12)
AU-PASS  row 6 {5,5/2,5} m=5 k=1 t=-1/2: A is an orthogonal involution inverting S1 and fixing w
AU-PASS  row 6 {5,5/2,5} m=5 k=1 t=-1/2: (S2 X)^2 = (S1 S2 X)^2 = 1, X fixes w and w S1^-1, det X = 1
   row 6 {5,5/2,5} m=5 k=1 t=-1/2: alpha ~ 0.6180339887498947, ord(X) = 5, tr(X) = -E(5)-2*E(5)^2-2*E(5)^3-E(5)^4
AU-PASS  row 6 {5,5/2,5} m=5 k=1 t=-1/2: ord(X) equals the target m = 5
      vertex-figure group <S2,X>: neighbour orbit finite: true (size 12), order 60 A5
      Gamma: orbit finite true, |V| = 120, |Gamma| = 7200, orders [ 15, 5, 5 ], relations true, IP false (defect 12), coset f-vector [ 120, 720, 240, 1 ], directly regular false
      => REJECTED: intersection condition fails (defect 12)
AU-PASS  row 6 {5,5/2,5} m=5 k=1 t=1/2*E(5)+E(5)^2+E(5)^3+1/2*E(5)^4: A is an orthogonal involution inverting S1 and fixing w
AU-PASS  row 6 {5,5/2,5} m=5 k=1 t=1/2*E(5)+E(5)^2+E(5)^3+1/2*E(5)^4: (S2 X)^2 = (S1 S2 X)^2 = 1, X fixes w and w S1^-1, det X = 1
   row 6 {5,5/2,5} m=5 k=1 t=1/2*E(5)+E(5)^2+E(5)^3+1/2*E(5)^4: alpha ~ 0.3819660112501054, ord(X) = 5, tr(X) = -E(5)-2*E(5)^2-2*E(5)^3-E(5)^4
AU-PASS  row 6 {5,5/2,5} m=5 k=1 t=1/2*E(5)+E(5)^2+E(5)^3+1/2*E(5)^4: ord(X) equals the target m = 5
      vertex-figure group <S2,X>: neighbour orbit finite: true (size 12), order 60 A5
      Gamma: orbit finite true, |V| = 120, |Gamma| = 7200, orders [ 15, 5, 5 ], relations true, IP false (defect 12), coset f-vector [ 120, 720, 240, 1 ], directly regular false
      => REJECTED: intersection condition fails (defect 12)
AU-PASS  row 6 {5,5/2,5} m=inf k=- t=infinity: A is an orthogonal involution inverting S1 and fixing w
AU-PASS  row 6 {5,5/2,5} m=inf k=- t=infinity: (S2 X)^2 = (S1 S2 X)^2 = 1, X fixes w and w S1^-1, det X = 1
   row 6 {5,5/2,5} m=inf k=- t=infinity: alpha ~ 0., ord(X) = 5, tr(X) = -E(5)-2*E(5)^2-2*E(5)^3-E(5)^4
      vertex-figure group <S2,X>: neighbour orbit finite: true (size 12), order 60 A5
      Gamma: orbit finite true, |V| = 120, |Gamma| = 7200, orders [ 15, 5, 5 ], relations true, IP false (defect 12), coset f-vector [ 120, 720, 240, 1 ], directly regular false
      => REJECTED: intersection condition fails (defect 12)


############################################################
## AUDIT Level 3, row 7: T = {5,3,5/2}, dim 4, p = ord(S1) = 12, q = ord(S2) = 3
############################################################
invariant planes of S1: k = [ 1, 5 ], dims [ 2, 2 ]
AU-PASS  {5,3,5/2}: exactly two invariant planes, each 2-dimensional
AU-PASS  {5,3,5/2}: rotation angles distinct and non-opposite
AU-PASS  {5,3,5/2}: neither angle is pi
AU-PASS  {5,3,5/2}: planes mutually orthogonal
AU-PASS  {5,3,5/2}: S1 has no fixed vector in the effective 4-space
AU-PASS  {5,3,5/2}: PETCOX circle avoids the invariant plane k = 1
AU-PASS  {5,3,5/2}: PETCOX circle avoids the invariant plane k = 5
deg d1 = 2, deg d2 = 2, deg tau = 4
AU-PASS  {5,3,5/2}: d1*d2 has no real zero (Sturm), so A(t) is defined for every real t
AU-PASS  {5,3,5/2}: the trace numerator tau and d1*d2 have coefficients in CF(5) = Q(zeta_5)

-- target ord(X) = 2 (k = 1), tr(X) = 0 ~ 0.; degree 4; exact number of distinct real roots (Sturm) = 2
   quadratic factor t^2+(E(5)+4*E(5)^2+4*E(5)^3+E(5)^4)*t+(1/2*E(5)+5/4*E(5)^2+5/4*E(5)^3+1/2*E(5)^4): discriminant D = -12*E(5)-30*E(5)^2-30*E(5)^3-12*E(5)^4 ~ 41.12461179749811, sign 1
      exact root t = E(120)^7+2*E(120)^8+E(120)^13+1/2*E(120)^16-E(120)^23-1/2*E(120)^29+1/2*E(120)^31+2*E(120)^32+E(120)^37-E(120)^47-E(120)^53+1/2*E(120)^56+1/2*E(120)^61+1/2*E(120)^64-1/2*E(120)^71-E(120)^77+1/2*E(120)^79+2*E(120)^88-1/2*E(120)^101+E(120)^103+1/2*E(120)^104+1/2*E(120)^109+2*E(120)^112-1/2*E(120)^119 ~ 6.133474683975141
      exact root t = -E(120)^7+2*E(120)^8-E(120)^13+1/2*E(120)^16+E(120)^23+1/2*E(120)^29-1/2*E(120)^31+2*E(120)^32-E(120)^37+E(120)^47+E(120)^53+1/2*E(120)^56-1/2*E(120)^61+1/2*E(120)^64+1/2*E(120)^71+E(120)^77-1/2*E(120)^79+2*E(120)^88+1/2*E(120)^101-E(120)^103+1/2*E(120)^104-1/2*E(120)^109+2*E(120)^112+1/2*E(120)^119 ~ -0.2793727177254579
AU-PASS  {5,3,5/2} m=2 k=1: every real root accounted for (exact roots + KW-killed = Sturm count, nothing unresolved)

-- target ord(X) = 3 (k = 1), tr(X) = 1 ~ 1.; degree 4; exact number of distinct real roots (Sturm) = 4
   quadratic factor t^2+(-3*E(5)-6*E(5)^2-6*E(5)^3-3*E(5)^4)*t+(-1/2*E(5)-5/4*E(5)^2-5/4*E(5)^3-1/2*E(5)^4): discriminant D = -16*E(5)-40*E(5)^2-40*E(5)^3-16*E(5)^4 ~ 54.83281572999748, sign 1
      exact root t = E(40)^7+3/2*E(40)^8-E(40)^13+3*E(40)^16-2*E(40)^21+E(40)^23+3*E(40)^24-2*E(40)^29+2*E(40)^31+3/2*E(40)^32-E(40)^37+2*E(40)^39 ~ -0.2245918094810107
      exact root t = -E(40)^7+3/2*E(40)^8+E(40)^13+3*E(40)^16+2*E(40)^21-E(40)^23+3*E(40)^24+2*E(40)^29-2*E(40)^31+3/2*E(40)^32+E(40)^37-2*E(40)^39 ~ -7.629510156768675
   quadratic factor t^2+(E(5)^2+E(5)^3)*t+(1/4*E(5)+1/2*E(5)^2+1/2*E(5)^3+1/4*E(5)^4): discriminant D = -2*E(5)-4*E(5)^2-4*E(5)^3-2*E(5)^4 ~ 5.23606797749979, sign 1
      exact root t = -1/2*E(40)^16+1/2*E(40)^21-1/2*E(40)^24+1/2*E(40)^29-1/2*E(40)^31-1/2*E(40)^39 ~ -0.3351058112604212
      exact root t = -1/2*E(40)^16-1/2*E(40)^21-1/2*E(40)^24-1/2*E(40)^29+1/2*E(40)^31+1/2*E(40)^39 ~ 1.953139800010316
AU-PASS  {5,3,5/2} m=3 k=1: every real root accounted for (exact roots + KW-killed = Sturm count, nothing unresolved)

-- target ord(X) = 4 (k = 1), tr(X) = 2 ~ 2.; degree 4; exact number of distinct real roots (Sturm) = 4
   quadratic factor t^2+(-E(5)-2*E(5)^2-2*E(5)^3-E(5)^4)*t+(-1/4*E(5)^2-1/4*E(5)^3): discriminant D = -2*E(5)-4*E(5)^2-4*E(5)^3-2*E(5)^4 ~ 5.23606797749979, sign 1
      exact root t = 1/2*E(40)^8+E(40)^16+1/2*E(40)^21+E(40)^24+1/2*E(40)^29-1/2*E(40)^31+1/2*E(40)^32-1/2*E(40)^39 ~ -2.453139800010316
      exact root t = 1/2*E(40)^8+E(40)^16-1/2*E(40)^21+E(40)^24-1/2*E(40)^29+1/2*E(40)^31+1/2*E(40)^32+1/2*E(40)^39 ~ -0.1648941887395789
   quadratic factor t^2+(-E(5)-E(5)^4)*t+(1/4*E(5)^2+1/4*E(5)^3): discriminant D = 2 ~ 2., sign 1
      exact root t = 1/2*E(40)^7+1/2*E(40)^8-1/2*E(40)^13-1/2*E(40)^21+1/2*E(40)^23-1/2*E(40)^29+1/2*E(40)^31+1/2*E(40)^32-1/2*E(40)^37+1/2*E(40)^39 ~ 1.016123775561495
      exact root t = -1/2*E(40)^7+1/2*E(40)^8+1/2*E(40)^13+1/2*E(40)^21-1/2*E(40)^23+1/2*E(40)^29-1/2*E(40)^31+1/2*E(40)^32+1/2*E(40)^37-1/2*E(40)^39 ~ -0.3980897868116002
AU-PASS  {5,3,5/2} m=4 k=1: every real root accounted for (exact roots + KW-killed = Sturm count, nothing unresolved)

-- target ord(X) = 5 (k = 1), tr(X) = -E(5)-2*E(5)^2-2*E(5)^3-E(5)^4 ~ 2.618033988749895; degree 4; exact number of distinct real roots (Sturm) = 4
   linear factor: t = 0 ~ 0.
   linear factor: t = -1 ~ -1.
   linear factor: t = 1/2*E(5)+1/2*E(5)^4 ~ 0.3090169943749473
   linear factor: t = 1/10*E(5)+2/5*E(5)^2+2/5*E(5)^3+1/10*E(5)^4 ~ -0.5854101966249684
AU-PASS  {5,3,5/2} m=5 k=1: every real root accounted for (exact roots + KW-killed = Sturm count, nothing unresolved)

-- target ord(X) = 5 (k = 2), tr(X) = -2*E(5)-E(5)^2-E(5)^3-2*E(5)^4 ~ 0.3819660112501054; degree 3; exact number of distinct real roots (Sturm) = 3
   linear factor: t = -1/4 ~ -0.25
   linear factor: t = -1/2*E(5)-1/2*E(5)^4 ~ -0.3090169943749473
   linear factor: t = -1/2*E(5)-2*E(5)^2-2*E(5)^3-1/2*E(5)^4 ~ 2.927050983124842
AU-PASS  {5,3,5/2} m=5 k=2: every real root accounted for (exact roots + KW-killed = Sturm count, nothing unresolved)

-- target ord(X) = 6 (k = 1), tr(X) = 3 ~ 3.; degree 4; exact number of distinct real roots (Sturm) = 0
   quadratic factor t^2+1/2*t+1/4: discriminant D = -3/4 ~ -0.75, sign -1
      no real roots
AU-PASS  {5,3,5/2} m=6 k=1: every real root accounted for (exact roots + KW-killed = Sturm count, nothing unresolved)

-- target ord(X) = 10 (k = 1), tr(X) = -2*E(5)-3*E(5)^2-3*E(5)^3-2*E(5)^4 ~ 3.618033988749895; degree 4; exact number of distinct real roots (Sturm) = 0
   irreducible factor of degree 4 with 0 real roots: t^4+(-3/2*E(5)-E(5)^2-E(5)^3-3/2*E(5)^4)*t^3+(-7/8*E(5)-5/4*E(5)^2-5/4*E(5)^3-7/8*E(5)^4)*t^2+(-1/8*E(5)-1/2*E(5)^2-1/2*E(5)^3-1/8*E(5)^4)*t+(-1/32*E(5)-3/32*E(5)^2-3/32*E(5)^3-1/32*E(5)^4)
      no real roots
AU-PASS  {5,3,5/2} m=10 k=1: every real root accounted for (exact roots + KW-killed = Sturm count, nothing unresolved)

-- target ord(X) = 10 (k = 3), tr(X) = -3*E(5)-2*E(5)^2-2*E(5)^3-3*E(5)^4 ~ 1.381966011250106; degree 4; exact number of distinct real roots (Sturm) = 4
   irreducible factor of degree 4 with 4 real roots: t^4+(-2*E(5)-3*E(5)^2-3*E(5)^3-2*E(5)^4)*t^3+(E(5)+15/4*E(5)^2+15/4*E(5)^3+E(5)^4)*t^2+(E(5)+11/4*E(5)^2+11/4*E(5)^3+E(5)^4)*t+(1/8*E(5)+3/8*E(5)^2+3/8*E(5)^3+1/8*E(5)^4)
AU-FAIL  {5,3,5/2} m=10 k=3: every real root accounted for (exact roots + KW-killed = Sturm count, nothing unresolved)   (got false)

-- verification of every exact real root (18 base vertices incl. t = infinity) --
AU-PASS  row 7 {5,3,5/2} m=2 k=1 t=E(120)^7+2*E(120)^8+E(120)^13+1/2*E(120)^16-E(120)^23-1/2*E(120)^29+1/2*E(120)^31+2*E(120)^32+E(120)^37-E(120)^47-E(120)^53+1/2*E(120)^56+1/2*E(120)^61+1/2*E(120)^64-1/2*E(120)^71-E(120)^77+1/2*E(120)^79+2*E(120)^88-1/2*E(120)^101+E(120)^103+1/2*E(120)^104+1/2*E(120)^109+2*E(120)^112-1/2*E(120)^119: A is an orthogonal involution inverting S1 and fixing w
AU-PASS  row 7 {5,3,5/2} m=2 k=1 t=E(120)^7+2*E(120)^8+E(120)^13+1/2*E(120)^16-E(120)^23-1/2*E(120)^29+1/2*E(120)^31+2*E(120)^32+E(120)^37-E(120)^47-E(120)^53+1/2*E(120)^56+1/2*E(120)^61+1/2*E(120)^64-1/2*E(120)^71-E(120)^77+1/2*E(120)^79+2*E(120)^88-1/2*E(120)^101+E(120)^103+1/2*E(120)^104+1/2*E(120)^109+2*E(120)^112-1/2*E(120)^119: (S2 X)^2 = (S1 S2 X)^2 = 1, X fixes w and w S1^-1, det X = 1
   row 7 {5,3,5/2} m=2 k=1 t=E(120)^7+2*E(120)^8+E(120)^13+1/2*E(120)^16-E(120)^23-1/2*E(120)^29+1/2*E(120)^31+2*E(120)^32+E(120)^37-E(120)^47-E(120)^53+1/2*E(120)^56+1/2*E(120)^61+1/2*E(120)^64-1/2*E(120)^71-E(120)^77+1/2*E(120)^79+2*E(120)^88-1/2*E(120)^101+E(120)^103+1/2*E(120)^104+1/2*E(120)^109+2*E(120)^112-1/2*E(120)^119: alpha ~ 0.07537527823960463, ord(X) = 2, tr(X) = 0
AU-PASS  row 7 {5,3,5/2} m=2 k=1 t=E(120)^7+2*E(120)^8+E(120)^13+1/2*E(120)^16-E(120)^23-1/2*E(120)^29+1/2*E(120)^31+2*E(120)^32+E(120)^37-E(120)^47-E(120)^53+1/2*E(120)^56+1/2*E(120)^61+1/2*E(120)^64-1/2*E(120)^71-E(120)^77+1/2*E(120)^79+2*E(120)^88-1/2*E(120)^101+E(120)^103+1/2*E(120)^104+1/2*E(120)^109+2*E(120)^112-1/2*E(120)^119: ord(X) equals the target m = 2
      vertex-figure group <S2,X>: neighbour orbit finite: true (size 3), order 6 S3
      => REJECTED: ord(X) < 3 (degenerate)
AU-PASS  row 7 {5,3,5/2} m=2 k=1 t=-E(120)^7+2*E(120)^8-E(120)^13+1/2*E(120)^16+E(120)^23+1/2*E(120)^29-1/2*E(120)^31+2*E(120)^32-E(120)^37+E(120)^47+E(120)^53+1/2*E(120)^56-1/2*E(120)^61+1/2*E(120)^64+1/2*E(120)^71+E(120)^77-1/2*E(120)^79+2*E(120)^88+1/2*E(120)^101-E(120)^103+1/2*E(120)^104-1/2*E(120)^109+2*E(120)^112+1/2*E(120)^119: A is an orthogonal involution inverting S1 and fixing w
AU-PASS  row 7 {5,3,5/2} m=2 k=1 t=-E(120)^7+2*E(120)^8-E(120)^13+1/2*E(120)^16+E(120)^23+1/2*E(120)^29-1/2*E(120)^31+2*E(120)^32-E(120)^37+E(120)^47+E(120)^53+1/2*E(120)^56-1/2*E(120)^61+1/2*E(120)^64+1/2*E(120)^71+E(120)^77-1/2*E(120)^79+2*E(120)^88+1/2*E(120)^101-E(120)^103+1/2*E(120)^104-1/2*E(120)^109+2*E(120)^112+1/2*E(120)^119: (S2 X)^2 = (S1 S2 X)^2 = 1, X fixes w and w S1^-1, det X = 1
   row 7 {5,3,5/2} m=2 k=1 t=-E(120)^7+2*E(120)^8-E(120)^13+1/2*E(120)^16+E(120)^23+1/2*E(120)^29-1/2*E(120)^31+2*E(120)^32-E(120)^37+E(120)^47+E(120)^53+1/2*E(120)^56-1/2*E(120)^61+1/2*E(120)^64+1/2*E(120)^71+E(120)^77-1/2*E(120)^79+2*E(120)^88+1/2*E(120)^101-E(120)^103+1/2*E(120)^104-1/2*E(120)^109+2*E(120)^112+1/2*E(120)^119: alpha ~ 2.266265508260268, ord(X) = 2, tr(X) = 0
AU-PASS  row 7 {5,3,5/2} m=2 k=1 t=-E(120)^7+2*E(120)^8-E(120)^13+1/2*E(120)^16+E(120)^23+1/2*E(120)^29-1/2*E(120)^31+2*E(120)^32-E(120)^37+E(120)^47+E(120)^53+1/2*E(120)^56-1/2*E(120)^61+1/2*E(120)^64+1/2*E(120)^71+E(120)^77-1/2*E(120)^79+2*E(120)^88+1/2*E(120)^101-E(120)^103+1/2*E(120)^104-1/2*E(120)^109+2*E(120)^112+1/2*E(120)^119: ord(X) equals the target m = 2
      vertex-figure group <S2,X>: neighbour orbit finite: true (size 3), order 6 S3
      => REJECTED: ord(X) < 3 (degenerate)
AU-PASS  row 7 {5,3,5/2} m=3 k=1 t=E(40)^7+3/2*E(40)^8-E(40)^13+3*E(40)^16-2*E(40)^21+E(40)^23+3*E(40)^24-2*E(40)^29+2*E(40)^31+3/2*E(40)^32-E(40)^37+2*E(40)^39: A is an orthogonal involution inverting S1 and fixing w
AU-PASS  row 7 {5,3,5/2} m=3 k=1 t=E(40)^7+3/2*E(40)^8-E(40)^13+3*E(40)^16-2*E(40)^21+E(40)^23+3*E(40)^24-2*E(40)^29+2*E(40)^31+3/2*E(40)^32-E(40)^37+2*E(40)^39: (S2 X)^2 = (S1 S2 X)^2 = 1, X fixes w and w S1^-1, det X = 1
   row 7 {5,3,5/2} m=3 k=1 t=E(40)^7+3/2*E(40)^8-E(40)^13+3*E(40)^16-2*E(40)^21+E(40)^23+3*E(40)^24-2*E(40)^29+2*E(40)^31+3/2*E(40)^32-E(40)^37+2*E(40)^39: alpha ~ 1.815487037832028, ord(X) = 3, tr(X) = 1
AU-PASS  row 7 {5,3,5/2} m=3 k=1 t=E(40)^7+3/2*E(40)^8-E(40)^13+3*E(40)^16-2*E(40)^21+E(40)^23+3*E(40)^24-2*E(40)^29+2*E(40)^31+3/2*E(40)^32-E(40)^37+2*E(40)^39: ord(X) equals the target m = 3
      vertex-figure group <S2,X>: neighbour orbit finite: true (size 4), order 12 A4
      Gamma: orbit finite true, |V| = 240, |Gamma| = 2880, orders [ 12, 3, 3 ], relations true, IP true (defect 1), coset f-vector [ 240, 480, 120, 20 ], directly regular true, geometric f-vector [ 240, 480, 120, 20 ], stabilisers [ true, true, true, true ], diamond [ 2, 2, 2 ], span 4, 2-face span 4, faithful true, skeletal true
      => SURVIVOR: faithful skeletal 4-polytope, geometrically chiral (2-face spans E^4), directly regular abstractly
AU-PASS  row 7 {5,3,5/2} m=3 k=1 t=-E(40)^7+3/2*E(40)^8+E(40)^13+3*E(40)^16+2*E(40)^21-E(40)^23+3*E(40)^24+2*E(40)^29-2*E(40)^31+3/2*E(40)^32+E(40)^37-2*E(40)^39: A is an orthogonal involution inverting S1 and fixing w
AU-PASS  row 7 {5,3,5/2} m=3 k=1 t=-E(40)^7+3/2*E(40)^8+E(40)^13+3*E(40)^16+2*E(40)^21-E(40)^23+3*E(40)^24+2*E(40)^29-2*E(40)^31+3/2*E(40)^32+E(40)^37-2*E(40)^39: (S2 X)^2 = (S1 S2 X)^2 = 1, X fixes w and w S1^-1, det X = 1
   row 7 {5,3,5/2} m=3 k=1 t=-E(40)^7+3/2*E(40)^8+E(40)^13+3*E(40)^16+2*E(40)^21-E(40)^23+3*E(40)^24+2*E(40)^29-2*E(40)^31+3/2*E(40)^32+E(40)^37-2*E(40)^39: alpha ~ -0.07013104533209813, ord(X) = 3, tr(X) = 1
AU-PASS  row 7 {5,3,5/2} m=3 k=1 t=-E(40)^7+3/2*E(40)^8+E(40)^13+3*E(40)^16+2*E(40)^21-E(40)^23+3*E(40)^24+2*E(40)^29-2*E(40)^31+3/2*E(40)^32+E(40)^37-2*E(40)^39: ord(X) equals the target m = 3
      vertex-figure group <S2,X>: neighbour orbit finite: true (size 4), order 12 A4
      Gamma: orbit finite true, |V| = 240, |Gamma| = 2880, orders [ 12, 3, 3 ], relations true, IP true (defect 1), coset f-vector [ 240, 480, 120, 20 ], directly regular true, geometric f-vector [ 240, 480, 120, 20 ], stabilisers [ true, true, true, true ], diamond [ 2, 2, 2 ], span 4, 2-face span 4, faithful true, skeletal true
      => SURVIVOR: faithful skeletal 4-polytope, geometrically chiral (2-face spans E^4), directly regular abstractly
AU-PASS  row 7 {5,3,5/2} m=3 k=1 t=-1/2*E(40)^16+1/2*E(40)^21-1/2*E(40)^24+1/2*E(40)^29-1/2*E(40)^31-1/2*E(40)^39: A is an orthogonal involution inverting S1 and fixing w
AU-PASS  row 7 {5,3,5/2} m=3 k=1 t=-1/2*E(40)^16+1/2*E(40)^21-1/2*E(40)^24+1/2*E(40)^29-1/2*E(40)^31-1/2*E(40)^39: (S2 X)^2 = (S1 S2 X)^2 = 1, X fixes w and w S1^-1, det X = 1
   row 7 {5,3,5/2} m=3 k=1 t=-1/2*E(40)^16+1/2*E(40)^21-1/2*E(40)^24+1/2*E(40)^29-1/2*E(40)^31-1/2*E(40)^39: alpha ~ 3.03224755112299, ord(X) = 3, tr(X) = 1
AU-PASS  row 7 {5,3,5/2} m=3 k=1 t=-1/2*E(40)^16+1/2*E(40)^21-1/2*E(40)^24+1/2*E(40)^29-1/2*E(40)^31-1/2*E(40)^39: ord(X) equals the target m = 3
      vertex-figure group <S2,X>: neighbour orbit finite: true (size 4), order 12 A4
      Gamma: orbit finite true, |V| = 240, |Gamma| = 2880, orders [ 12, 3, 3 ], relations true, IP true (defect 1), coset f-vector [ 240, 480, 120, 20 ], directly regular true, geometric f-vector [ 240, 480, 120, 20 ], stabilisers [ true, true, true, true ], diamond [ 2, 2, 2 ], span 4, 2-face span 4, faithful true, skeletal true
      => SURVIVOR: faithful skeletal 4-polytope, geometrically chiral (2-face spans E^4), directly regular abstractly
AU-PASS  row 7 {5,3,5/2} m=3 k=1 t=-1/2*E(40)^16-1/2*E(40)^21-1/2*E(40)^24-1/2*E(40)^29+1/2*E(40)^31+1/2*E(40)^39: A is an orthogonal involution inverting S1 and fixing w
AU-PASS  row 7 {5,3,5/2} m=3 k=1 t=-1/2*E(40)^16-1/2*E(40)^21-1/2*E(40)^24-1/2*E(40)^29+1/2*E(40)^31+1/2*E(40)^39: (S2 X)^2 = (S1 S2 X)^2 = 1, X fixes w and w S1^-1, det X = 1
   row 7 {5,3,5/2} m=3 k=1 t=-1/2*E(40)^16-1/2*E(40)^21-1/2*E(40)^24-1/2*E(40)^29+1/2*E(40)^31+1/2*E(40)^39: alpha ~ 0.2038204263767999, ord(X) = 3, tr(X) = 1
AU-PASS  row 7 {5,3,5/2} m=3 k=1 t=-1/2*E(40)^16-1/2*E(40)^21-1/2*E(40)^24-1/2*E(40)^29+1/2*E(40)^31+1/2*E(40)^39: ord(X) equals the target m = 3
      vertex-figure group <S2,X>: neighbour orbit finite: true (size 4), order 12 A4
      Gamma: orbit finite true, |V| = 240, |Gamma| = 2880, orders [ 12, 3, 3 ], relations true, IP true (defect 1), coset f-vector [ 240, 480, 120, 20 ], directly regular true, geometric f-vector [ 240, 480, 120, 20 ], stabilisers [ true, true, true, true ], diamond [ 2, 2, 2 ], span 4, 2-face span 4, faithful true, skeletal true
      => SURVIVOR: faithful skeletal 4-polytope, geometrically chiral (2-face spans E^4), directly regular abstractly
AU-PASS  row 7 {5,3,5/2} m=4 k=1 t=1/2*E(40)^8+E(40)^16+1/2*E(40)^21+E(40)^24+1/2*E(40)^29-1/2*E(40)^31+1/2*E(40)^32-1/2*E(40)^39: A is an orthogonal involution inverting S1 and fixing w
AU-PASS  row 7 {5,3,5/2} m=4 k=1 t=1/2*E(40)^8+E(40)^16+1/2*E(40)^21+E(40)^24+1/2*E(40)^29-1/2*E(40)^31+1/2*E(40)^32-1/2*E(40)^39: (S2 X)^2 = (S1 S2 X)^2 = 1, X fixes w and w S1^-1, det X = 1
   row 7 {5,3,5/2} m=4 k=1 t=1/2*E(40)^8+E(40)^16+1/2*E(40)^21+E(40)^24+1/2*E(40)^29-1/2*E(40)^31+1/2*E(40)^32-1/2*E(40)^39: alpha ~ -0.2559980601477475, ord(X) = 4, tr(X) = 2
AU-PASS  row 7 {5,3,5/2} m=4 k=1 t=1/2*E(40)^8+E(40)^16+1/2*E(40)^21+E(40)^24+1/2*E(40)^29-1/2*E(40)^31+1/2*E(40)^32-1/2*E(40)^39: ord(X) equals the target m = 4
      vertex-figure group <S2,X>: neighbour orbit finite: true (size 6), order 24 S4
      Gamma: orbit finite true, |V| = 48, |Gamma| = 1152, orders [ 12, 3, 4 ], relations true, IP true (defect 1), coset f-vector [ 48, 144, 48, 8 ], directly regular false, geometric f-vector [ 48, 144, 48, 8 ], stabilisers [ true, true, true, true ], diamond [ 2, 2, 2 ], span 4, 2-face span 4, faithful true, skeletal true
      => SURVIVOR: faithful skeletal 4-polytope, geometrically chiral (2-face spans E^4), combinatorially chiral
AU-PASS  row 7 {5,3,5/2} m=4 k=1 t=1/2*E(40)^8+E(40)^16-1/2*E(40)^21+E(40)^24-1/2*E(40)^29+1/2*E(40)^31+1/2*E(40)^32+1/2*E(40)^39: A is an orthogonal involution inverting S1 and fixing w
AU-PASS  row 7 {5,3,5/2} m=4 k=1 t=1/2*E(40)^8+E(40)^16-1/2*E(40)^21+E(40)^24-1/2*E(40)^29+1/2*E(40)^31+1/2*E(40)^32+1/2*E(40)^39: (S2 X)^2 = (S1 S2 X)^2 = 1, X fixes w and w S1^-1, det X = 1
   row 7 {5,3,5/2} m=4 k=1 t=1/2*E(40)^8+E(40)^16-1/2*E(40)^21+E(40)^24-1/2*E(40)^29+1/2*E(40)^31+1/2*E(40)^32+1/2*E(40)^39: alpha ~ 1.492066037647537, ord(X) = 4, tr(X) = 2
AU-PASS  row 7 {5,3,5/2} m=4 k=1 t=1/2*E(40)^8+E(40)^16-1/2*E(40)^21+E(40)^24-1/2*E(40)^29+1/2*E(40)^31+1/2*E(40)^32+1/2*E(40)^39: ord(X) equals the target m = 4
      vertex-figure group <S2,X>: neighbour orbit finite: true (size 6), order 24 S4
      Gamma: orbit finite true, |V| = 48, |Gamma| = 1152, orders [ 12, 3, 4 ], relations true, IP true (defect 1), coset f-vector [ 48, 144, 48, 8 ], directly regular false, geometric f-vector [ 48, 144, 48, 8 ], stabilisers [ true, true, true, true ], diamond [ 2, 2, 2 ], span 4, 2-face span 4, faithful true, skeletal true
      => SURVIVOR: faithful skeletal 4-polytope, geometrically chiral (2-face spans E^4), combinatorially chiral
AU-PASS  row 7 {5,3,5/2} m=4 k=1 t=1/2*E(40)^7+1/2*E(40)^8-1/2*E(40)^13-1/2*E(40)^21+1/2*E(40)^23-1/2*E(40)^29+1/2*E(40)^31+1/2*E(40)^32-1/2*E(40)^37+1/2*E(40)^39: A is an orthogonal involution inverting S1 and fixing w
AU-PASS  row 7 {5,3,5/2} m=4 k=1 t=1/2*E(40)^7+1/2*E(40)^8-1/2*E(40)^13-1/2*E(40)^21+1/2*E(40)^23-1/2*E(40)^29+1/2*E(40)^31+1/2*E(40)^32-1/2*E(40)^37+1/2*E(40)^39: (S2 X)^2 = (S1 S2 X)^2 = 1, X fixes w and w S1^-1, det X = 1
   row 7 {5,3,5/2} m=4 k=1 t=1/2*E(40)^7+1/2*E(40)^8-1/2*E(40)^13-1/2*E(40)^21+1/2*E(40)^23-1/2*E(40)^29+1/2*E(40)^31+1/2*E(40)^32-1/2*E(40)^37+1/2*E(40)^39: alpha ~ 0.3297883774791578, ord(X) = 4, tr(X) = 2
AU-PASS  row 7 {5,3,5/2} m=4 k=1 t=1/2*E(40)^7+1/2*E(40)^8-1/2*E(40)^13-1/2*E(40)^21+1/2*E(40)^23-1/2*E(40)^29+1/2*E(40)^31+1/2*E(40)^32-1/2*E(40)^37+1/2*E(40)^39: ord(X) equals the target m = 4
      vertex-figure group <S2,X>: neighbour orbit finite: true (size 6), order 24 S4
      Gamma: orbit finite true, |V| = 48, |Gamma| = 1152, orders [ 12, 3, 4 ], relations true, IP true (defect 1), coset f-vector [ 48, 144, 48, 8 ], directly regular false, geometric f-vector [ 48, 144, 48, 8 ], stabilisers [ true, true, true, true ], diamond [ 2, 2, 2 ], span 4, 2-face span 4, faithful true, skeletal true
      => SURVIVOR: faithful skeletal 4-polytope, geometrically chiral (2-face spans E^4), combinatorially chiral
AU-PASS  row 7 {5,3,5/2} m=4 k=1 t=-1/2*E(40)^7+1/2*E(40)^8+1/2*E(40)^13+1/2*E(40)^21-1/2*E(40)^23+1/2*E(40)^29-1/2*E(40)^31+1/2*E(40)^32+1/2*E(40)^37-1/2*E(40)^39: A is an orthogonal involution inverting S1 and fixing w
AU-PASS  row 7 {5,3,5/2} m=4 k=1 t=-1/2*E(40)^7+1/2*E(40)^8+1/2*E(40)^13+1/2*E(40)^21-1/2*E(40)^23+1/2*E(40)^29-1/2*E(40)^31+1/2*E(40)^32+1/2*E(40)^37-1/2*E(40)^39: (S2 X)^2 = (S1 S2 X)^2 = 1, X fixes w and w S1^-1, det X = 1
   row 7 {5,3,5/2} m=4 k=1 t=-1/2*E(40)^7+1/2*E(40)^8+1/2*E(40)^13+1/2*E(40)^21-1/2*E(40)^23+1/2*E(40)^29-1/2*E(40)^31+1/2*E(40)^32+1/2*E(40)^37-1/2*E(40)^39: alpha ~ 4.906279600020631, ord(X) = 4, tr(X) = 2
AU-PASS  row 7 {5,3,5/2} m=4 k=1 t=-1/2*E(40)^7+1/2*E(40)^8+1/2*E(40)^13+1/2*E(40)^21-1/2*E(40)^23+1/2*E(40)^29-1/2*E(40)^31+1/2*E(40)^32+1/2*E(40)^37-1/2*E(40)^39: ord(X) equals the target m = 4
      vertex-figure group <S2,X>: neighbour orbit finite: true (size 6), order 24 S4
      Gamma: orbit finite true, |V| = 48, |Gamma| = 1152, orders [ 12, 3, 4 ], relations true, IP true (defect 1), coset f-vector [ 48, 144, 48, 8 ], directly regular false, geometric f-vector [ 48, 144, 48, 8 ], stabilisers [ true, true, true, true ], diamond [ 2, 2, 2 ], span 4, 2-face span 4, faithful true, skeletal true
      => SURVIVOR: faithful skeletal 4-polytope, geometrically chiral (2-face spans E^4), combinatorially chiral
AU-PASS  row 7 {5,3,5/2} m=5 k=1 t=0: A is an orthogonal involution inverting S1 and fixing w
AU-PASS  row 7 {5,3,5/2} m=5 k=1 t=0: (S2 X)^2 = (S1 S2 X)^2 = 1, X fixes w and w S1^-1, det X = 1
   row 7 {5,3,5/2} m=5 k=1 t=0: alpha ~ 1., ord(X) = 5, tr(X) = -E(5)-2*E(5)^2-2*E(5)^3-E(5)^4
AU-PASS  row 7 {5,3,5/2} m=5 k=1 t=0: ord(X) equals the target m = 5
      vertex-figure group <S2,X>: neighbour orbit finite: true (size 12), order 60 A5
      Gamma: orbit finite true, |V| = 120, |Gamma| = 7200, orders [ 12, 3, 5 ], relations true, IP true (defect 1), coset f-vector [ 120, 720, 300, 50 ], directly regular false, geometric f-vector [ 120, 720, 300, 50 ], stabilisers [ true, true, true, true ], diamond [ 2, 2, 2 ], span 4, 2-face span 4, faithful true, skeletal true
      => SURVIVOR: faithful skeletal 4-polytope, geometrically chiral (2-face spans E^4), combinatorially chiral
AU-PASS  row 7 {5,3,5/2} m=5 k=1 t=-1: A is an orthogonal involution inverting S1 and fixing w
AU-PASS  row 7 {5,3,5/2} m=5 k=1 t=-1: (S2 X)^2 = (S1 S2 X)^2 = 1, X fixes w and w S1^-1, det X = 1
   row 7 {5,3,5/2} m=5 k=1 t=-1: alpha ~ -1., ord(X) = 5, tr(X) = -E(5)-2*E(5)^2-2*E(5)^3-E(5)^4
AU-PASS  row 7 {5,3,5/2} m=5 k=1 t=-1: ord(X) equals the target m = 5
      vertex-figure group <S2,X>: neighbour orbit finite: true (size 12), order 60 A5
      Gamma: orbit finite true, |V| = 120, |Gamma| = 7200, orders [ 12, 3, 5 ], relations true, IP true (defect 1), coset f-vector [ 120, 720, 300, 50 ], directly regular false, geometric f-vector [ 120, 720, 300, 50 ], stabilisers [ true, true, true, true ], diamond [ 2, 2, 2 ], span 4, 2-face span 4, faithful true, skeletal true
      => SURVIVOR: faithful skeletal 4-polytope, geometrically chiral (2-face spans E^4), combinatorially chiral
AU-PASS  row 7 {5,3,5/2} m=5 k=1 t=1/2*E(5)+1/2*E(5)^4: A is an orthogonal involution inverting S1 and fixing w
AU-PASS  row 7 {5,3,5/2} m=5 k=1 t=1/2*E(5)+1/2*E(5)^4: (S2 X)^2 = (S1 S2 X)^2 = 1, X fixes w and w S1^-1, det X = 1
   row 7 {5,3,5/2} m=5 k=1 t=1/2*E(5)+1/2*E(5)^4: alpha ~ 0.6180339887498947, ord(X) = 5, tr(X) = -E(5)-2*E(5)^2-2*E(5)^3-E(5)^4
AU-PASS  row 7 {5,3,5/2} m=5 k=1 t=1/2*E(5)+1/2*E(5)^4: ord(X) equals the target m = 5
      vertex-figure group <S2,X>: neighbour orbit finite: true (size 12), order 60 A5
      Gamma: orbit finite true, |V| = 120, |Gamma| = 7200, orders [ 12, 3, 5 ], relations true, IP true (defect 1), coset f-vector [ 120, 720, 300, 50 ], directly regular false, geometric f-vector [ 120, 720, 300, 50 ], stabilisers [ true, true, true, true ], diamond [ 2, 2, 2 ], span 4, 2-face span 4, faithful true, skeletal true
      => SURVIVOR: faithful skeletal 4-polytope, geometrically chiral (2-face spans E^4), combinatorially chiral
AU-PASS  row 7 {5,3,5/2} m=5 k=1 t=1/10*E(5)+2/5*E(5)^2+2/5*E(5)^3+1/10*E(5)^4: A is an orthogonal involution inverting S1 and fixing w
AU-PASS  row 7 {5,3,5/2} m=5 k=1 t=1/10*E(5)+2/5*E(5)^2+2/5*E(5)^3+1/10*E(5)^4: (S2 X)^2 = (S1 S2 X)^2 = 1, X fixes w and w S1^-1, det X = 1
   row 7 {5,3,5/2} m=5 k=1 t=1/10*E(5)+2/5*E(5)^2+2/5*E(5)^3+1/10*E(5)^4: alpha ~ -5.854101966249684, ord(X) = 5, tr(X) = -E(5)-2*E(5)^2-2*E(5)^3-E(5)^4
AU-PASS  row 7 {5,3,5/2} m=5 k=1 t=1/10*E(5)+2/5*E(5)^2+2/5*E(5)^3+1/10*E(5)^4: ord(X) equals the target m = 5
      vertex-figure group <S2,X>: neighbour orbit finite: true (size 12), order 60 A5
      Gamma: orbit finite true, |V| = 120, |Gamma| = 7200, orders [ 12, 3, 5 ], relations true, IP true (defect 1), coset f-vector [ 120, 720, 300, 50 ], directly regular false, geometric f-vector [ 120, 720, 300, 50 ], stabilisers [ true, true, true, true ], diamond [ 2, 2, 2 ], span 4, 2-face span 4, faithful true, skeletal true
      => SURVIVOR: faithful skeletal 4-polytope, geometrically chiral (2-face spans E^4), combinatorially chiral
AU-PASS  row 7 {5,3,5/2} m=5 k=2 t=-1/4: A is an orthogonal involution inverting S1 and fixing w
AU-PASS  row 7 {5,3,5/2} m=5 k=2 t=-1/4: (S2 X)^2 = (S1 S2 X)^2 = 1, X fixes w and w S1^-1, det X = 1
   row 7 {5,3,5/2} m=5 k=2 t=-1/4: alpha ~ 2., ord(X) = 5, tr(X) = -2*E(5)-E(5)^2-E(5)^3-2*E(5)^4
AU-PASS  row 7 {5,3,5/2} m=5 k=2 t=-1/4: ord(X) equals the target m = 5
      vertex-figure group <S2,X>: neighbour orbit finite: true (size 12), order 60 A5
      Gamma: orbit finite true, |V| = 120, |Gamma| = 7200, orders [ 12, 3, 5 ], relations true, IP true (defect 1), coset f-vector [ 120, 720, 300, 50 ], directly regular false, geometric f-vector [ 120, 720, 300, 50 ], stabilisers [ true, true, true, true ], diamond [ 2, 2, 2 ], span 4, 2-face span 4, faithful true, skeletal true
      => SURVIVOR: faithful skeletal 4-polytope, geometrically chiral (2-face spans E^4), combinatorially chiral
AU-PASS  row 7 {5,3,5/2} m=5 k=2 t=-1/2*E(5)-1/2*E(5)^4: A is an orthogonal involution inverting S1 and fixing w
AU-PASS  row 7 {5,3,5/2} m=5 k=2 t=-1/2*E(5)-1/2*E(5)^4: (S2 X)^2 = (S1 S2 X)^2 = 1, X fixes w and w S1^-1, det X = 1
   row 7 {5,3,5/2} m=5 k=2 t=-1/2*E(5)-1/2*E(5)^4: alpha ~ 2.618033988749895, ord(X) = 5, tr(X) = -2*E(5)-E(5)^2-E(5)^3-2*E(5)^4
AU-PASS  row 7 {5,3,5/2} m=5 k=2 t=-1/2*E(5)-1/2*E(5)^4: ord(X) equals the target m = 5
      vertex-figure group <S2,X>: neighbour orbit finite: true (size 12), order 60 A5
      Gamma: orbit finite true, |V| = 120, |Gamma| = 7200, orders [ 12, 3, 5 ], relations true, IP true (defect 1), coset f-vector [ 120, 720, 300, 50 ], directly regular false, geometric f-vector [ 120, 720, 300, 50 ], stabilisers [ true, true, true, true ], diamond [ 2, 2, 2 ], span 4, 2-face span 4, faithful true, skeletal true
      => SURVIVOR: faithful skeletal 4-polytope, geometrically chiral (2-face spans E^4), combinatorially chiral
AU-PASS  row 7 {5,3,5/2} m=5 k=2 t=-1/2*E(5)-2*E(5)^2-2*E(5)^3-1/2*E(5)^4: A is an orthogonal involution inverting S1 and fixing w
AU-PASS  row 7 {5,3,5/2} m=5 k=2 t=-1/2*E(5)-2*E(5)^2-2*E(5)^3-1/2*E(5)^4: (S2 X)^2 = (S1 S2 X)^2 = 1, X fixes w and w S1^-1, det X = 1
   row 7 {5,3,5/2} m=5 k=2 t=-1/2*E(5)-2*E(5)^2-2*E(5)^3-1/2*E(5)^4: alpha ~ 0.1458980337503162, ord(X) = 5, tr(X) = -2*E(5)-E(5)^2-E(5)^3-2*E(5)^4
AU-PASS  row 7 {5,3,5/2} m=5 k=2 t=-1/2*E(5)-2*E(5)^2-2*E(5)^3-1/2*E(5)^4: ord(X) equals the target m = 5
      vertex-figure group <S2,X>: neighbour orbit finite: true (size 12), order 60 A5
      Gamma: orbit finite true, |V| = 120, |Gamma| = 7200, orders [ 12, 3, 5 ], relations true, IP true (defect 1), coset f-vector [ 120, 720, 300, 50 ], directly regular false, geometric f-vector [ 120, 720, 300, 50 ], stabilisers [ true, true, true, true ], diamond [ 2, 2, 2 ], span 4, 2-face span 4, faithful true, skeletal true
      => SURVIVOR: faithful skeletal 4-polytope, geometrically chiral (2-face spans E^4), combinatorially chiral
AU-PASS  row 7 {5,3,5/2} m=inf k=- t=infinity: A is an orthogonal involution inverting S1 and fixing w
AU-PASS  row 7 {5,3,5/2} m=inf k=- t=infinity: (S2 X)^2 = (S1 S2 X)^2 = 1, X fixes w and w S1^-1, det X = 1
   row 7 {5,3,5/2} m=inf k=- t=infinity: alpha ~ 0., ord(X) = 5, tr(X) = -2*E(5)-E(5)^2-E(5)^3-2*E(5)^4
      vertex-figure group <S2,X>: neighbour orbit finite: true (size 12), order 60 A5
      Gamma: orbit finite true, |V| = 120, |Gamma| = 7200, orders [ 12, 3, 5 ], relations true, IP true (defect 1), coset f-vector [ 120, 720, 300, 50 ], directly regular false, geometric f-vector [ 120, 720, 300, 50 ], stabilisers [ true, true, true, true ], diamond [ 2, 2, 2 ], span 4, 2-face span 4, faithful true, skeletal true
      => SURVIVOR: faithful skeletal 4-polytope, geometrically chiral (2-face spans E^4), combinatorially chiral


############################################################
## AUDIT Level 3, row 8: T = {3,3,5/2}, dim 4, p = ord(S1) = 30, q = ord(S2) = 3
############################################################
invariant planes of S1: k = [ 7, 13 ], dims [ 2, 2 ]
AU-PASS  {3,3,5/2}: exactly two invariant planes, each 2-dimensional
AU-PASS  {3,3,5/2}: rotation angles distinct and non-opposite
AU-PASS  {3,3,5/2}: neither angle is pi
AU-PASS  {3,3,5/2}: planes mutually orthogonal
AU-PASS  {3,3,5/2}: S1 has no fixed vector in the effective 4-space
AU-PASS  {3,3,5/2}: PETCOX circle avoids the invariant plane k = 7
AU-PASS  {3,3,5/2}: PETCOX circle avoids the invariant plane k = 13
deg d1 = 2, deg d2 = 2, deg tau = 4
AU-PASS  {3,3,5/2}: d1*d2 has no real zero (Sturm), so A(t) is defined for every real t
AU-PASS  {3,3,5/2}: the trace numerator tau and d1*d2 have coefficients in CF(5) = Q(zeta_5)

-- target ord(X) = 2 (k = 1), tr(X) = 0 ~ 0.; degree 4; exact number of distinct real roots (Sturm) = 2
   quadratic factor t^2+(-1/2*E(5)-1/2*E(5)^4)*t+(1/8*E(5)+1/16*E(5)^2+1/16*E(5)^3+1/8*E(5)^4): discriminant D = -E(5)-1/2*E(5)^2-1/2*E(5)^3-E(5)^4 ~ 0.1909830056250527, sign 1
      exact root t = 1/4*E(40)^7+1/4*E(40)^8-1/4*E(40)^13+1/4*E(40)^23+1/4*E(40)^32-1/4*E(40)^37 ~ -0.06399951503693688
      exact root t = -1/4*E(40)^7+1/4*E(40)^8+1/4*E(40)^13-1/4*E(40)^23+1/4*E(40)^32+1/4*E(40)^37 ~ 0.3730165094118842
AU-PASS  {3,3,5/2} m=2 k=1: every real root accounted for (exact roots + KW-killed = Sturm count, nothing unresolved)

-- target ord(X) = 3 (k = 1), tr(X) = 1 ~ 1.; degree 4; exact number of distinct real roots (Sturm) = 4
   linear factor: t = 0 ~ 0.
   linear factor: t = 3/4*E(5)+1/2*E(5)^2+1/2*E(5)^3+3/4*E(5)^4 ~ -0.3454915028125264
   linear factor: t = 3/4*E(5)+1/4*E(5)^2+1/4*E(5)^3+3/4*E(5)^4 ~ 0.05901699437494731
   linear factor: t = -1/4*E(5)-1/4*E(5)^4 ~ -0.1545084971874737
AU-PASS  {3,3,5/2} m=3 k=1: every real root accounted for (exact roots + KW-killed = Sturm count, nothing unresolved)

-- target ord(X) = 4 (k = 1), tr(X) = 2 ~ 2.; degree 4; exact number of distinct real roots (Sturm) = 0
   quadratic factor t^2+(1/2*E(5)+3/16*E(5)^2+3/16*E(5)^3+1/2*E(5)^4): discriminant D = -2*E(5)-3/4*E(5)^2-3/4*E(5)^3-2*E(5)^4 ~ -0.0225424859373683, sign -1
      no real roots
   quadratic factor t^2+(-E(5)-1/2*E(5)^2-1/2*E(5)^3-E(5)^4)*t+(-1/8*E(5)-1/16*E(5)^2-1/16*E(5)^3-1/8*E(5)^4): discriminant D = -3/4*E(5)-1/4*E(5)^2-1/4*E(5)^3-3/4*E(5)^4 ~ -0.05901699437494731, sign -1
      no real roots
AU-PASS  {3,3,5/2} m=4 k=1: every real root accounted for (exact roots + KW-killed = Sturm count, nothing unresolved)

-- target ord(X) = 5 (k = 1), tr(X) = -E(5)-2*E(5)^2-2*E(5)^3-E(5)^4 ~ 2.618033988749895; degree 4; exact number of distinct real roots (Sturm) = 0
   quadratic factor t^2+(-7/10*E(5)-3/10*E(5)^2-3/10*E(5)^3-7/10*E(5)^4)*t+(1/20*E(5)+1/80*E(5)^2+1/80*E(5)^3+1/20*E(5)^4): discriminant D = -17/20*E(5)-3/10*E(5)^2-3/10*E(5)^3-17/20*E(5)^4 ~ -0.03991869381244204, sign -1
      no real roots
   quadratic factor t^2+(-1/2*E(5)-1/4*E(5)^2-1/4*E(5)^3-1/2*E(5)^4)*t+(3/16*E(5)+1/16*E(5)^2+1/16*E(5)^3+3/16*E(5)^4): discriminant D = -17/16*E(5)-3/8*E(5)^2-3/8*E(5)^3-17/16*E(5)^4 ~ -0.04989836726555258, sign -1
      no real roots
AU-PASS  {3,3,5/2} m=5 k=1: every real root accounted for (exact roots + KW-killed = Sturm count, nothing unresolved)

-- target ord(X) = 5 (k = 2), tr(X) = -2*E(5)-E(5)^2-E(5)^3-2*E(5)^4 ~ 0.3819660112501054; degree 3; exact number of distinct real roots (Sturm) = 3
   linear factor: t = 5/4*E(5)+1/2*E(5)^2+1/2*E(5)^3+5/4*E(5)^4 ~ -0.03647450843757905
   linear factor: t = 1/2*E(5)+1/4*E(5)^2+1/4*E(5)^3+1/2*E(5)^4 ~ -0.09549150281252636
   linear factor: t = 1/4*E(5)+1/4*E(5)^4 ~ 0.1545084971874737
AU-PASS  {3,3,5/2} m=5 k=2: every real root accounted for (exact roots + KW-killed = Sturm count, nothing unresolved)

-- target ord(X) = 6 (k = 1), tr(X) = 3 ~ 3.; degree 4; exact number of distinct real roots (Sturm) = 0
   quadratic factor t^2+(-5/4*E(5)-1/2*E(5)^2-1/2*E(5)^3-5/4*E(5)^4)*t+(-5/8*E(5)-1/4*E(5)^2-1/4*E(5)^3-5/8*E(5)^4): discriminant D = 3/8*E(5)+3/16*E(5)^2+3/16*E(5)^3+3/8*E(5)^4 ~ -0.07161862710939476, sign -1
      no real roots
   quadratic factor t^2+(-1/2*E(5)-1/4*E(5)^2-1/4*E(5)^3-1/2*E(5)^4)*t+(-5/16*E(5)-1/8*E(5)^2-1/8*E(5)^3-5/16*E(5)^4): discriminant D = 15/16*E(5)+3/8*E(5)^2+3/8*E(5)^3+15/16*E(5)^4 ~ -0.02735588132818428, sign -1
      no real roots
AU-PASS  {3,3,5/2} m=6 k=1: every real root accounted for (exact roots + KW-killed = Sturm count, nothing unresolved)

-- target ord(X) = 10 (k = 1), tr(X) = -2*E(5)-3*E(5)^2-3*E(5)^3-2*E(5)^4 ~ 3.618033988749895; degree 4; exact number of distinct real roots (Sturm) = 0
   irreducible factor of degree 4 with 0 real roots: t^4+(-9/8*E(5)-1/2*E(5)^2-1/2*E(5)^3-9/8*E(5)^4)*t^3+1/32*t^2+(45/128*E(5)+17/128*E(5)^2+17/128*E(5)^3+45/128*E(5)^4)*t+(1/64*E(5)+3/512*E(5)^2+3/512*E(5)^3+1/64*E(5)^4)
      no real roots
AU-PASS  {3,3,5/2} m=10 k=1: every real root accounted for (exact roots + KW-killed = Sturm count, nothing unresolved)

-- target ord(X) = 10 (k = 3), tr(X) = -3*E(5)-2*E(5)^2-2*E(5)^3-3*E(5)^4 ~ 1.381966011250106; degree 4; exact number of distinct real roots (Sturm) = 0
   factor of degree 2 with NON-REAL coefficients (its complex-conjugate factor also occurs; no real roots): t^2+(-3/4*E(5)-1/2*E(5)^2-1/4*E(5)^3-3/4*E(5)^4)*t+(-3/16*E(5)^2+1/8*E(5)^3-3/16*E(5)^4)
   factor of degree 2 with NON-REAL coefficients (its complex-conjugate factor also occurs; no real roots): t^2+(-3/4*E(5)-1/4*E(5)^2-1/2*E(5)^3-3/4*E(5)^4)*t+(-3/16*E(5)+1/8*E(5)^2-3/16*E(5)^3)
AU-PASS  {3,3,5/2} m=10 k=3: every real root accounted for (exact roots + KW-killed = Sturm count, nothing unresolved)

-- verification of every exact real root (10 base vertices incl. t = infinity) --
AU-PASS  row 8 {3,3,5/2} m=2 k=1 t=1/4*E(40)^7+1/4*E(40)^8-1/4*E(40)^13+1/4*E(40)^23+1/4*E(40)^32-1/4*E(40)^37: A is an orthogonal involution inverting S1 and fixing w
AU-PASS  row 8 {3,3,5/2} m=2 k=1 t=1/4*E(40)^7+1/4*E(40)^8-1/4*E(40)^13+1/4*E(40)^23+1/4*E(40)^32-1/4*E(40)^37: (S2 X)^2 = (S1 S2 X)^2 = 1, X fixes w and w S1^-1, det X = 1
   row 8 {3,3,5/2} m=2 k=1 t=1/4*E(40)^7+1/4*E(40)^8-1/4*E(40)^13+1/4*E(40)^23+1/4*E(40)^32-1/4*E(40)^37: alpha ~ 1.900819724547944, ord(X) = 2, tr(X) = 0
AU-PASS  row 8 {3,3,5/2} m=2 k=1 t=1/4*E(40)^7+1/4*E(40)^8-1/4*E(40)^13+1/4*E(40)^23+1/4*E(40)^32-1/4*E(40)^37: ord(X) equals the target m = 2
      vertex-figure group <S2,X>: neighbour orbit finite: true (size 3), order 6 S3
      => REJECTED: ord(X) < 3 (degenerate)
AU-PASS  row 8 {3,3,5/2} m=2 k=1 t=-1/4*E(40)^7+1/4*E(40)^8+1/4*E(40)^13-1/4*E(40)^23+1/4*E(40)^32+1/4*E(40)^37: A is an orthogonal involution inverting S1 and fixing w
AU-PASS  row 8 {3,3,5/2} m=2 k=1 t=-1/4*E(40)^7+1/4*E(40)^8+1/4*E(40)^13-1/4*E(40)^23+1/4*E(40)^32+1/4*E(40)^37: (S2 X)^2 = (S1 S2 X)^2 = 1, X fixes w and w S1^-1, det X = 1
   row 8 {3,3,5/2} m=2 k=1 t=-1/4*E(40)^7+1/4*E(40)^8+1/4*E(40)^13-1/4*E(40)^23+1/4*E(40)^32+1/4*E(40)^37: alpha ~ 0.2658049769463149, ord(X) = 2, tr(X) = 0
AU-PASS  row 8 {3,3,5/2} m=2 k=1 t=-1/4*E(40)^7+1/4*E(40)^8+1/4*E(40)^13-1/4*E(40)^23+1/4*E(40)^32+1/4*E(40)^37: ord(X) equals the target m = 2
      vertex-figure group <S2,X>: neighbour orbit finite: true (size 3), order 6 S3
      => REJECTED: ord(X) < 3 (degenerate)
AU-PASS  row 8 {3,3,5/2} m=3 k=1 t=0: A is an orthogonal involution inverting S1 and fixing w
AU-PASS  row 8 {3,3,5/2} m=3 k=1 t=0: (S2 X)^2 = (S1 S2 X)^2 = 1, X fixes w and w S1^-1, det X = 1
   row 8 {3,3,5/2} m=3 k=1 t=0: alpha ~ 1., ord(X) = 3, tr(X) = 1
AU-PASS  row 8 {3,3,5/2} m=3 k=1 t=0: ord(X) equals the target m = 3
      vertex-figure group <S2,X>: neighbour orbit finite: true (size 4), order 12 A4
      Gamma: orbit finite true, |V| = 600, |Gamma| = 7200, orders [ 30, 3, 3 ], relations true, IP true (defect 1), coset f-vector [ 600, 1200, 120, 5 ], directly regular false, geometric f-vector [ 600, 1200, 120, 5 ], stabilisers [ true, true, true, true ], diamond [ 2, 2, 2 ], span 4, 2-face span 4, faithful true, skeletal true
      => SURVIVOR: faithful skeletal 4-polytope, geometrically chiral (2-face spans E^4), combinatorially chiral
AU-PASS  row 8 {3,3,5/2} m=3 k=1 t=3/4*E(5)+1/2*E(5)^2+1/2*E(5)^3+3/4*E(5)^4: A is an orthogonal involution inverting S1 and fixing w
AU-PASS  row 8 {3,3,5/2} m=3 k=1 t=3/4*E(5)+1/2*E(5)^2+1/2*E(5)^3+3/4*E(5)^4: (S2 X)^2 = (S1 S2 X)^2 = 1, X fixes w and w S1^-1, det X = 1
   row 8 {3,3,5/2} m=3 k=1 t=3/4*E(5)+1/2*E(5)^2+1/2*E(5)^3+3/4*E(5)^4: alpha ~ -0.6417099802900599, ord(X) = 3, tr(X) = 1
AU-PASS  row 8 {3,3,5/2} m=3 k=1 t=3/4*E(5)+1/2*E(5)^2+1/2*E(5)^3+3/4*E(5)^4: ord(X) equals the target m = 3
      vertex-figure group <S2,X>: neighbour orbit finite: true (size 4), order 12 A4
      Gamma: orbit finite true, |V| = 120, |Gamma| = 7200, orders [ 30, 3, 3 ], relations true, IP true (defect 1), coset f-vector [ 600, 1200, 120, 5 ], directly regular false, geometric f-vector [ 120, 1200, 120, 5 ], stabilisers [ false, true, true, true ], diamond [ 2, 2, 2 ], span 4, 2-face span 4, faithful false, skeletal false
      => REJECTED: abstract polytope but realisation not a faithful skeletal 4-polytope
AU-PASS  row 8 {3,3,5/2} m=3 k=1 t=3/4*E(5)+1/4*E(5)^2+1/4*E(5)^3+3/4*E(5)^4: A is an orthogonal involution inverting S1 and fixing w
AU-PASS  row 8 {3,3,5/2} m=3 k=1 t=3/4*E(5)+1/4*E(5)^2+1/4*E(5)^3+3/4*E(5)^4: (S2 X)^2 = (S1 S2 X)^2 = 1, X fixes w and w S1^-1, det X = 1
   row 8 {3,3,5/2} m=3 k=1 t=3/4*E(5)+1/4*E(5)^2+1/4*E(5)^3+3/4*E(5)^4: alpha ~ 0.6958864640243366, ord(X) = 3, tr(X) = 1
AU-PASS  row 8 {3,3,5/2} m=3 k=1 t=3/4*E(5)+1/4*E(5)^2+1/4*E(5)^3+3/4*E(5)^4: ord(X) equals the target m = 3
      vertex-figure group <S2,X>: neighbour orbit finite: true (size 4), order 12 A4
      Gamma: orbit finite true, |V| = 120, |Gamma| = 7200, orders [ 30, 3, 3 ], relations true, IP true (defect 1), coset f-vector [ 600, 1200, 120, 5 ], directly regular false, geometric f-vector [ 120, 1200, 120, 5 ], stabilisers [ false, true, true, true ], diamond [ 2, 2, 2 ], span 4, 2-face span 4, faithful false, skeletal false
      => REJECTED: abstract polytope but realisation not a faithful skeletal 4-polytope
AU-PASS  row 8 {3,3,5/2} m=3 k=1 t=-1/4*E(5)-1/4*E(5)^4: A is an orthogonal involution inverting S1 and fixing w
AU-PASS  row 8 {3,3,5/2} m=3 k=1 t=-1/4*E(5)-1/4*E(5)^4: (S2 X)^2 = (S1 S2 X)^2 = 1, X fixes w and w S1^-1, det X = 1
   row 8 {3,3,5/2} m=3 k=1 t=-1/4*E(5)-1/4*E(5)^4: alpha ~ -6.938527151143623, ord(X) = 3, tr(X) = 1
AU-PASS  row 8 {3,3,5/2} m=3 k=1 t=-1/4*E(5)-1/4*E(5)^4: ord(X) equals the target m = 3
      vertex-figure group <S2,X>: neighbour orbit finite: true (size 4), order 12 A4
      Gamma: orbit finite true, |V| = 600, |Gamma| = 7200, orders [ 30, 3, 3 ], relations true, IP true (defect 1), coset f-vector [ 600, 1200, 120, 5 ], directly regular false, geometric f-vector [ 600, 1200, 120, 5 ], stabilisers [ true, true, true, true ], diamond [ 2, 2, 2 ], span 4, 2-face span 4, faithful true, skeletal true
      => SURVIVOR: faithful skeletal 4-polytope, geometrically chiral (2-face spans E^4), combinatorially chiral
AU-PASS  row 8 {3,3,5/2} m=5 k=2 t=5/4*E(5)+1/2*E(5)^2+1/2*E(5)^3+5/4*E(5)^4: A is an orthogonal involution inverting S1 and fixing w
AU-PASS  row 8 {3,3,5/2} m=5 k=2 t=5/4*E(5)+1/2*E(5)^2+1/2*E(5)^3+5/4*E(5)^4: (S2 X)^2 = (S1 S2 X)^2 = 1, X fixes w and w S1^-1, det X = 1
   row 8 {3,3,5/2} m=5 k=2 t=5/4*E(5)+1/2*E(5)^2+1/2*E(5)^3+5/4*E(5)^4: alpha ~ 1.370033342132477, ord(X) = 5, tr(X) = -2*E(5)-E(5)^2-E(5)^3-2*E(5)^4
AU-PASS  row 8 {3,3,5/2} m=5 k=2 t=5/4*E(5)+1/2*E(5)^2+1/2*E(5)^3+5/4*E(5)^4: ord(X) equals the target m = 5
      vertex-figure group <S2,X>: neighbour orbit finite: true (size 12), order 60 A5
      Gamma: orbit finite true, |V| = 120, |Gamma| = 7200, orders [ 30, 3, 5 ], relations true, IP false (defect 4), coset f-vector [ 120, 720, 120, 5 ], directly regular false
      => REJECTED: intersection condition fails (defect 4)
AU-PASS  row 8 {3,3,5/2} m=5 k=2 t=1/2*E(5)+1/4*E(5)^2+1/4*E(5)^3+1/2*E(5)^4: A is an orthogonal involution inverting S1 and fixing w
AU-PASS  row 8 {3,3,5/2} m=5 k=2 t=1/2*E(5)+1/4*E(5)^2+1/4*E(5)^3+1/2*E(5)^4: (S2 X)^2 = (S1 S2 X)^2 = 1, X fixes w and w S1^-1, det X = 1
   row 8 {3,3,5/2} m=5 k=2 t=1/2*E(5)+1/4*E(5)^2+1/4*E(5)^3+1/2*E(5)^4: alpha ~ 3.414213562373095, ord(X) = 5, tr(X) = -2*E(5)-E(5)^2-E(5)^3-2*E(5)^4
AU-PASS  row 8 {3,3,5/2} m=5 k=2 t=1/2*E(5)+1/4*E(5)^2+1/4*E(5)^3+1/2*E(5)^4: ord(X) equals the target m = 5
      vertex-figure group <S2,X>: neighbour orbit finite: true (size 12), order 60 A5
      Gamma: orbit finite true, |V| = 120, |Gamma| = 7200, orders [ 30, 3, 5 ], relations true, IP false (defect 4), coset f-vector [ 120, 720, 120, 5 ], directly regular false
      => REJECTED: intersection condition fails (defect 4)
AU-PASS  row 8 {3,3,5/2} m=5 k=2 t=1/4*E(5)+1/4*E(5)^4: A is an orthogonal involution inverting S1 and fixing w
AU-PASS  row 8 {3,3,5/2} m=5 k=2 t=1/4*E(5)+1/4*E(5)^4: (S2 X)^2 = (S1 S2 X)^2 = 1, X fixes w and w S1^-1, det X = 1
   row 8 {3,3,5/2} m=5 k=2 t=1/4*E(5)+1/4*E(5)^4: alpha ~ 0.4663911961440423, ord(X) = 5, tr(X) = -2*E(5)-E(5)^2-E(5)^3-2*E(5)^4
AU-PASS  row 8 {3,3,5/2} m=5 k=2 t=1/4*E(5)+1/4*E(5)^4: ord(X) equals the target m = 5
      vertex-figure group <S2,X>: neighbour orbit finite: true (size 12), order 60 A5
      Gamma: orbit finite true, |V| = 120, |Gamma| = 7200, orders [ 30, 3, 5 ], relations true, IP false (defect 4), coset f-vector [ 120, 720, 120, 5 ], directly regular false
      => REJECTED: intersection condition fails (defect 4)
AU-PASS  row 8 {3,3,5/2} m=inf k=- t=infinity: A is an orthogonal involution inverting S1 and fixing w
AU-PASS  row 8 {3,3,5/2} m=inf k=- t=infinity: (S2 X)^2 = (S1 S2 X)^2 = 1, X fixes w and w S1^-1, det X = 1
   row 8 {3,3,5/2} m=inf k=- t=infinity: alpha ~ 0., ord(X) = 5, tr(X) = -2*E(5)-E(5)^2-E(5)^3-2*E(5)^4
      vertex-figure group <S2,X>: neighbour orbit finite: true (size 12), order 60 A5
      Gamma: orbit finite true, |V| = 120, |Gamma| = 7200, orders [ 30, 3, 5 ], relations true, IP false (defect 4), coset f-vector [ 120, 720, 120, 5 ], directly regular false
      => REJECTED: intersection condition fails (defect 4)


############################################################
## AUDIT Level 3, row 9: T = {3,5/2,5}, dim 4, p = ord(S1) = 20, q = ord(S2) = 5
############################################################
invariant planes of S1: k = [ 3, 7 ], dims [ 2, 2 ]
AU-PASS  {3,5/2,5}: exactly two invariant planes, each 2-dimensional
AU-PASS  {3,5/2,5}: rotation angles distinct and non-opposite
AU-PASS  {3,5/2,5}: neither angle is pi
AU-PASS  {3,5/2,5}: planes mutually orthogonal
AU-PASS  {3,5/2,5}: S1 has no fixed vector in the effective 4-space
AU-PASS  {3,5/2,5}: PETCOX circle avoids the invariant plane k = 3
AU-PASS  {3,5/2,5}: PETCOX circle avoids the invariant plane k = 7
deg d1 = 2, deg d2 = 2, deg tau = 4
AU-PASS  {3,5/2,5}: d1*d2 has no real zero (Sturm), so A(t) is defined for every real t
AU-PASS  {3,5/2,5}: the trace numerator tau and d1*d2 have coefficients in CF(5) = Q(zeta_5)

-- target ord(X) = 2 (k = 1), tr(X) = 0 ~ 0.; degree 4; exact number of distinct real roots (Sturm) = 2
   quadratic factor t^2+(E(5)+E(5)^4)*t+(5/4*E(5)+1/2*E(5)^2+1/2*E(5)^3+5/4*E(5)^4): discriminant D = -7*E(5)-3*E(5)^2-3*E(5)^3-7*E(5)^4 ~ 0.5278640450004217, sign 1
      exact root t = 1/2*E(20)-1/2*E(20)^4-1/2*E(20)^9+1/2*E(20)^13-1/2*E(20)^16-1/2*E(20)^17 ~ 0.054254269627733
      exact root t = -1/2*E(20)-1/2*E(20)^4+1/2*E(20)^9-1/2*E(20)^13-1/2*E(20)^16+1/2*E(20)^17 ~ -0.672288258377628
AU-PASS  {3,5/2,5} m=2 k=1: every real root accounted for (exact roots + KW-killed = Sturm count, nothing unresolved)

-- target ord(X) = 3 (k = 1), tr(X) = 1 ~ 1.; degree 4; exact number of distinct real roots (Sturm) = 4
   linear factor: t = 0 ~ 0.
   linear factor: t = -1/2 ~ -0.5
   linear factor: t = -1 ~ -1.
   linear factor: t = 3/2*E(5)+1/2*E(5)^2+1/2*E(5)^3+3/2*E(5)^4 ~ 0.1180339887498946
AU-PASS  {3,5/2,5} m=3 k=1: every real root accounted for (exact roots + KW-killed = Sturm count, nothing unresolved)

-- target ord(X) = 4 (k = 1), tr(X) = 2 ~ 2.; degree 4; exact number of distinct real roots (Sturm) = 4
   irreducible factor of degree 4 with 4 real roots: t^4+2*t^3+(-2*E(5)-E(5)^2-E(5)^3-2*E(5)^4)*t^2+(-3/2*E(5)-1/2*E(5)^2-1/2*E(5)^3-3/2*E(5)^4)*t+(-1/2*E(5)-3/16*E(5)^2-3/16*E(5)^3-1/2*E(5)^4)
AU-FAIL  {3,5/2,5} m=4 k=1: every real root accounted for (exact roots + KW-killed = Sturm count, nothing unresolved)   (got false)

-- target ord(X) = 5 (k = 1), tr(X) = -E(5)-2*E(5)^2-2*E(5)^3-E(5)^4 ~ 2.618033988749895; degree 3; exact number of distinct real roots (Sturm) = 3
   linear factor: t = 1/2*E(5)+1/4*E(5)^2+1/4*E(5)^3+1/2*E(5)^4 ~ -0.09549150281252636
   linear factor: t = 1/2*E(5)+1/2*E(5)^4 ~ 0.3090169943749473
   linear factor: t = -1/2*E(5)-1/2*E(5)^4 ~ -0.3090169943749473
AU-PASS  {3,5/2,5} m=5 k=1: every real root accounted for (exact roots + KW-killed = Sturm count, nothing unresolved)

-- target ord(X) = 5 (k = 2), tr(X) = -2*E(5)-E(5)^2-E(5)^3-2*E(5)^4 ~ 0.3819660112501054; degree 4; exact number of distinct real roots (Sturm) = 4
   irreducible factor of degree 4 with 4 real roots: t^4+(-8/5*E(5)-7/5*E(5)^2-7/5*E(5)^3-8/5*E(5)^4)*t^3+(-37/20*E(5)-9/10*E(5)^2-9/10*E(5)^3-37/20*E(5)^4)*t^2+(-33/20*E(5)-3/5*E(5)^2-3/5*E(5)^3-33/20*E(5)^4)*t+(-47/80*E(5)-9/40*E(5)^2-9/40*E(5)^3-47/80*E(5)^4)
AU-FAIL  {3,5/2,5} m=5 k=2: every real root accounted for (exact roots + KW-killed = Sturm count, nothing unresolved)   (got false)

-- target ord(X) = 6 (k = 1), tr(X) = 3 ~ 3.; degree 4; exact number of distinct real roots (Sturm) = 0
   irreducible factor of degree 4 with 0 real roots: t^4+(-E(5)-E(5)^4)*t^3+(-7/4*E(5)-3/4*E(5)^2-3/4*E(5)^3-7/4*E(5)^4)*t^2+(-7/4*E(5)-3/4*E(5)^2-3/4*E(5)^3-7/4*E(5)^4)*t+(-5/8*E(5)-1/4*E(5)^2-1/4*E(5)^3-5/8*E(5)^4)
      no real roots
AU-PASS  {3,5/2,5} m=6 k=1: every real root accounted for (exact roots + KW-killed = Sturm count, nothing unresolved)

-- target ord(X) = 10 (k = 1), tr(X) = -2*E(5)-3*E(5)^2-3*E(5)^3-2*E(5)^4 ~ 3.618033988749895; degree 4; exact number of distinct real roots (Sturm) = 0
   factor of degree 1 with NON-REAL coefficients (its complex-conjugate factor also occurs; no real roots): t+(-1/2*E(5)-1/2*E(5)^2-1/2*E(5)^4)
   factor of degree 1 with NON-REAL coefficients (its complex-conjugate factor also occurs; no real roots): t+(-1/2*E(5)-1/2*E(5)^3-1/2*E(5)^4)
AU-PASS  {3,5/2,5} m=10 k=1: every real root accounted for (exact roots + KW-killed = Sturm count, nothing unresolved)

-- target ord(X) = 10 (k = 3), tr(X) = -3*E(5)-2*E(5)^2-2*E(5)^3-3*E(5)^4 ~ 1.381966011250106; degree 4; exact number of distinct real roots (Sturm) = 4
   irreducible factor of degree 4 with 4 real roots: t^4+3/2*t^3+(-7/4*E(5)-7/8*E(5)^2-7/8*E(5)^3-7/4*E(5)^4)*t^2+(-7/4*E(5)-5/8*E(5)^2-5/8*E(5)^3-7/4*E(5)^4)*t+(-21/32*E(5)-1/4*E(5)^2-1/4*E(5)^3-21/32*E(5)^4)
AU-FAIL  {3,5/2,5} m=10 k=3: every real root accounted for (exact roots + KW-killed = Sturm count, nothing unresolved)   (got false)

-- verification of every exact real root (10 base vertices incl. t = infinity) --
AU-PASS  row 9 {3,5/2,5} m=2 k=1 t=1/2*E(20)-1/2*E(20)^4-1/2*E(20)^9+1/2*E(20)^13-1/2*E(20)^16-1/2*E(20)^17: A is an orthogonal involution inverting S1 and fixing w
AU-PASS  row 9 {3,5/2,5} m=2 k=1 t=1/2*E(20)-1/2*E(20)^4-1/2*E(20)^9+1/2*E(20)^13-1/2*E(20)^16-1/2*E(20)^17: (S2 X)^2 = (S1 S2 X)^2 = 1, X fixes w and w S1^-1, det X = 1
   row 9 {3,5/2,5} m=2 k=1 t=1/2*E(20)-1/2*E(20)^4-1/2*E(20)^9+1/2*E(20)^13-1/2*E(20)^16-1/2*E(20)^17: alpha ~ 0.8506508083520399, ord(X) = 2, tr(X) = 0
AU-PASS  row 9 {3,5/2,5} m=2 k=1 t=1/2*E(20)-1/2*E(20)^4-1/2*E(20)^9+1/2*E(20)^13-1/2*E(20)^16-1/2*E(20)^17: ord(X) equals the target m = 2
      vertex-figure group <S2,X>: neighbour orbit finite: true (size 5), order 10 D10
      => REJECTED: ord(X) < 3 (degenerate)
AU-PASS  row 9 {3,5/2,5} m=2 k=1 t=-1/2*E(20)-1/2*E(20)^4+1/2*E(20)^9-1/2*E(20)^13-1/2*E(20)^16+1/2*E(20)^17: A is an orthogonal involution inverting S1 and fixing w
AU-PASS  row 9 {3,5/2,5} m=2 k=1 t=-1/2*E(20)-1/2*E(20)^4+1/2*E(20)^9-1/2*E(20)^13-1/2*E(20)^16+1/2*E(20)^17: (S2 X)^2 = (S1 S2 X)^2 = 1, X fixes w and w S1^-1, det X = 1
   row 9 {3,5/2,5} m=2 k=1 t=-1/2*E(20)-1/2*E(20)^4+1/2*E(20)^9-1/2*E(20)^13-1/2*E(20)^16+1/2*E(20)^17: alpha ~ -0.8506508083520399, ord(X) = 2, tr(X) = 0
AU-PASS  row 9 {3,5/2,5} m=2 k=1 t=-1/2*E(20)-1/2*E(20)^4+1/2*E(20)^9-1/2*E(20)^13-1/2*E(20)^16+1/2*E(20)^17: ord(X) equals the target m = 2
      vertex-figure group <S2,X>: neighbour orbit finite: true (size 5), order 10 D10
      => REJECTED: ord(X) < 3 (degenerate)
AU-PASS  row 9 {3,5/2,5} m=3 k=1 t=0: A is an orthogonal involution inverting S1 and fixing w
AU-PASS  row 9 {3,5/2,5} m=3 k=1 t=0: (S2 X)^2 = (S1 S2 X)^2 = 1, X fixes w and w S1^-1, det X = 1
   row 9 {3,5/2,5} m=3 k=1 t=0: alpha ~ 1., ord(X) = 3, tr(X) = 1
AU-PASS  row 9 {3,5/2,5} m=3 k=1 t=0: ord(X) equals the target m = 3
      vertex-figure group <S2,X>: neighbour orbit finite: true (size 20), order 60 A5
      Gamma: orbit finite true, |V| = 120, |Gamma| = 7200, orders [ 20, 5, 3 ], relations true, IP false (defect 2), coset f-vector [ 120, 1200, 180, 6 ], directly regular false
      => REJECTED: intersection condition fails (defect 2)
AU-PASS  row 9 {3,5/2,5} m=3 k=1 t=-1/2: A is an orthogonal involution inverting S1 and fixing w
AU-PASS  row 9 {3,5/2,5} m=3 k=1 t=-1/2: (S2 X)^2 = (S1 S2 X)^2 = 1, X fixes w and w S1^-1, det X = 1
   row 9 {3,5/2,5} m=3 k=1 t=-1/2: alpha ~ -1.618033988749895, ord(X) = 3, tr(X) = 1
AU-PASS  row 9 {3,5/2,5} m=3 k=1 t=-1/2: ord(X) equals the target m = 3
      vertex-figure group <S2,X>: neighbour orbit finite: true (size 20), order 60 A5
      Gamma: orbit finite true, |V| = 120, |Gamma| = 7200, orders [ 20, 5, 3 ], relations true, IP false (defect 2), coset f-vector [ 120, 1200, 180, 6 ], directly regular false
      => REJECTED: intersection condition fails (defect 2)
AU-PASS  row 9 {3,5/2,5} m=3 k=1 t=-1: A is an orthogonal involution inverting S1 and fixing w
AU-PASS  row 9 {3,5/2,5} m=3 k=1 t=-1: (S2 X)^2 = (S1 S2 X)^2 = 1, X fixes w and w S1^-1, det X = 1
   row 9 {3,5/2,5} m=3 k=1 t=-1: alpha ~ -0.447213595499958, ord(X) = 3, tr(X) = 1
AU-PASS  row 9 {3,5/2,5} m=3 k=1 t=-1: ord(X) equals the target m = 3
      vertex-figure group <S2,X>: neighbour orbit finite: true (size 20), order 60 A5
      Gamma: orbit finite true, |V| = 120, |Gamma| = 7200, orders [ 20, 5, 3 ], relations true, IP false (defect 2), coset f-vector [ 120, 1200, 180, 6 ], directly regular false
      => REJECTED: intersection condition fails (defect 2)
AU-PASS  row 9 {3,5/2,5} m=3 k=1 t=3/2*E(5)+1/2*E(5)^2+1/2*E(5)^3+3/2*E(5)^4: A is an orthogonal involution inverting S1 and fixing w
AU-PASS  row 9 {3,5/2,5} m=3 k=1 t=3/2*E(5)+1/2*E(5)^2+1/2*E(5)^3+3/2*E(5)^4: (S2 X)^2 = (S1 S2 X)^2 = 1, X fixes w and w S1^-1, det X = 1
   row 9 {3,5/2,5} m=3 k=1 t=3/2*E(5)+1/2*E(5)^2+1/2*E(5)^3+3/2*E(5)^4: alpha ~ 0.7236067977499789, ord(X) = 3, tr(X) = 1
AU-PASS  row 9 {3,5/2,5} m=3 k=1 t=3/2*E(5)+1/2*E(5)^2+1/2*E(5)^3+3/2*E(5)^4: ord(X) equals the target m = 3
      vertex-figure group <S2,X>: neighbour orbit finite: true (size 20), order 60 A5
      Gamma: orbit finite true, |V| = 120, |Gamma| = 7200, orders [ 20, 5, 3 ], relations true, IP false (defect 2), coset f-vector [ 120, 1200, 180, 6 ], directly regular false
      => REJECTED: intersection condition fails (defect 2)
AU-PASS  row 9 {3,5/2,5} m=5 k=1 t=1/2*E(5)+1/4*E(5)^2+1/4*E(5)^3+1/2*E(5)^4: A is an orthogonal involution inverting S1 and fixing w
AU-PASS  row 9 {3,5/2,5} m=5 k=1 t=1/2*E(5)+1/4*E(5)^2+1/4*E(5)^3+1/2*E(5)^4: (S2 X)^2 = (S1 S2 X)^2 = 1, X fixes w and w S1^-1, det X = 1
   row 9 {3,5/2,5} m=5 k=1 t=1/2*E(5)+1/4*E(5)^2+1/4*E(5)^3+1/2*E(5)^4: alpha ~ 1.447213595499958, ord(X) = 5, tr(X) = -E(5)-2*E(5)^2-2*E(5)^3-E(5)^4
AU-PASS  row 9 {3,5/2,5} m=5 k=1 t=1/2*E(5)+1/4*E(5)^2+1/4*E(5)^3+1/2*E(5)^4: ord(X) equals the target m = 5
      vertex-figure group <S2,X>: neighbour orbit finite: true (size 12), order 60 A5
      Gamma: orbit finite true, |V| = 120, |Gamma| = 7200, orders [ 20, 5, 5 ], relations true, IP false (defect 2), coset f-vector [ 120, 720, 180, 6 ], directly regular false
      => REJECTED: intersection condition fails (defect 2)
AU-PASS  row 9 {3,5/2,5} m=5 k=1 t=1/2*E(5)+1/2*E(5)^4: A is an orthogonal involution inverting S1 and fixing w
AU-PASS  row 9 {3,5/2,5} m=5 k=1 t=1/2*E(5)+1/2*E(5)^4: (S2 X)^2 = (S1 S2 X)^2 = 1, X fixes w and w S1^-1, det X = 1
   row 9 {3,5/2,5} m=5 k=1 t=1/2*E(5)+1/2*E(5)^4: alpha ~ 0.5, ord(X) = 5, tr(X) = -E(5)-2*E(5)^2-2*E(5)^3-E(5)^4
AU-PASS  row 9 {3,5/2,5} m=5 k=1 t=1/2*E(5)+1/2*E(5)^4: ord(X) equals the target m = 5
      vertex-figure group <S2,X>: neighbour orbit finite: true (size 12), order 60 A5
      Gamma: orbit finite true, |V| = 120, |Gamma| = 7200, orders [ 20, 5, 5 ], relations true, IP false (defect 2), coset f-vector [ 120, 720, 180, 6 ], directly regular false
      => REJECTED: intersection condition fails (defect 2)
AU-PASS  row 9 {3,5/2,5} m=5 k=1 t=-1/2*E(5)-1/2*E(5)^4: A is an orthogonal involution inverting S1 and fixing w
AU-PASS  row 9 {3,5/2,5} m=5 k=1 t=-1/2*E(5)-1/2*E(5)^4: (S2 X)^2 = (S1 S2 X)^2 = 1, X fixes w and w S1^-1, det X = 1
   row 9 {3,5/2,5} m=5 k=1 t=-1/2*E(5)-1/2*E(5)^4: alpha ~ infinity, ord(X) = 5, tr(X) = -E(5)-2*E(5)^2-2*E(5)^3-E(5)^4
AU-PASS  row 9 {3,5/2,5} m=5 k=1 t=-1/2*E(5)-1/2*E(5)^4: ord(X) equals the target m = 5
      vertex-figure group <S2,X>: neighbour orbit finite: true (size 12), order 60 A5
      Gamma: orbit finite true, |V| = 120, |Gamma| = 7200, orders [ 20, 5, 5 ], relations true, IP false (defect 2), coset f-vector [ 120, 720, 180, 6 ], directly regular false
      => REJECTED: intersection condition fails (defect 2)
AU-PASS  row 9 {3,5/2,5} m=inf k=- t=infinity: A is an orthogonal involution inverting S1 and fixing w
AU-PASS  row 9 {3,5/2,5} m=inf k=- t=infinity: (S2 X)^2 = (S1 S2 X)^2 = 1, X fixes w and w S1^-1, det X = 1
   row 9 {3,5/2,5} m=inf k=- t=infinity: alpha ~ 0., ord(X) = 5, tr(X) = -E(5)-2*E(5)^2-2*E(5)^3-E(5)^4
      vertex-figure group <S2,X>: neighbour orbit finite: true (size 12), order 60 A5
      Gamma: orbit finite true, |V| = 120, |Gamma| = 7200, orders [ 20, 5, 5 ], relations true, IP false (defect 2), coset f-vector [ 120, 720, 180, 6 ], directly regular false
      => REJECTED: intersection condition fails (defect 2)


############################################################
## AUDIT Level 3, row 10: T = {5/2,5,5/2}, dim 4, p = ord(S1) = 15, q = ord(S2) = 5
############################################################
invariant planes of S1: k = [ 2, 7 ], dims [ 2, 2 ]
AU-PASS  {5/2,5,5/2}: exactly two invariant planes, each 2-dimensional
AU-PASS  {5/2,5,5/2}: rotation angles distinct and non-opposite
AU-PASS  {5/2,5,5/2}: neither angle is pi
AU-PASS  {5/2,5,5/2}: planes mutually orthogonal
AU-PASS  {5/2,5,5/2}: S1 has no fixed vector in the effective 4-space
AU-PASS  {5/2,5,5/2}: PETCOX circle avoids the invariant plane k = 2
AU-PASS  {5/2,5,5/2}: PETCOX circle avoids the invariant plane k = 7
deg d1 = 2, deg d2 = 2, deg tau = 4
AU-PASS  {5/2,5,5/2}: d1*d2 has no real zero (Sturm), so A(t) is defined for every real t
AU-PASS  {5/2,5,5/2}: the trace numerator tau and d1*d2 have coefficients in CF(5) = Q(zeta_5)

-- target ord(X) = 2 (k = 1), tr(X) = 0 ~ 0.; degree 4; exact number of distinct real roots (Sturm) = 2
   linear factor: t = 1/2*E(5)+1/2*E(5)^4 ~ 0.3090169943749473
   linear factor: t = -1/2*E(5)-1/2*E(5)^4 ~ -0.3090169943749473
AU-PASS  {5/2,5,5/2} m=2 k=1: every real root accounted for (exact roots + KW-killed = Sturm count, nothing unresolved)

-- target ord(X) = 3 (k = 1), tr(X) = 1 ~ 1.; degree 4; exact number of distinct real roots (Sturm) = 0
   quadratic factor t^2+1/2*t+(1/4*E(5)+1/4*E(5)^4): discriminant D = -5/4*E(5)-1/4*E(5)^2-1/4*E(5)^3-5/4*E(5)^4 ~ -0.3680339887498947, sign -1
      no real roots
   quadratic factor t^2+(1/2*E(5)+1/2*E(5)^4)*t+(3/4*E(5)+1/4*E(5)^2+1/4*E(5)^3+3/4*E(5)^4): discriminant D = -7/2*E(5)-5/4*E(5)^2-5/4*E(5)^3-7/2*E(5)^4 ~ -0.1405764746872629, sign -1
      no real roots
AU-PASS  {5/2,5,5/2} m=3 k=1: every real root accounted for (exact roots + KW-killed = Sturm count, nothing unresolved)

-- target ord(X) = 4 (k = 1), tr(X) = 2 ~ 2.; degree 4; exact number of distinct real roots (Sturm) = 0
   irreducible factor of degree 4 with 0 real roots: t^4+(E(5)+E(5)^4)*t^3+(3*E(5)+E(5)^2+E(5)^3+3*E(5)^4)*t^2+(3/4*E(5)+1/4*E(5)^2+1/4*E(5)^3+3/4*E(5)^4)*t+(-5/16*E(5)-1/8*E(5)^2-1/8*E(5)^3-5/16*E(5)^4)
      no real roots
AU-PASS  {5/2,5,5/2} m=4 k=1: every real root accounted for (exact roots + KW-killed = Sturm count, nothing unresolved)

-- target ord(X) = 5 (k = 1), tr(X) = -E(5)-2*E(5)^2-2*E(5)^3-E(5)^4 ~ 2.618033988749895; degree 4; exact number of distinct real roots (Sturm) = 0
   irreducible factor of degree 4 with 0 real roots: t^4+(-1/10*E(5)-2/5*E(5)^2-2/5*E(5)^3-1/10*E(5)^4)*t^3+(E(5)+1/4*E(5)^2+1/4*E(5)^3+E(5)^4)*t^2+(1/40*E(5)-1/40*E(5)^2-1/40*E(5)^3+1/40*E(5)^4)*t+(-5/16*E(5)-1/8*E(5)^2-1/8*E(5)^3-5/16*E(5)^4)
      no real roots
AU-PASS  {5/2,5,5/2} m=5 k=1: every real root accounted for (exact roots + KW-killed = Sturm count, nothing unresolved)

-- target ord(X) = 5 (k = 2), tr(X) = -2*E(5)-E(5)^2-E(5)^3-2*E(5)^4 ~ 0.3819660112501054; degree 3; exact number of distinct real roots (Sturm) = 3
   linear factor: t = 0 ~ 0.
   linear factor: t = -1/2 ~ -0.5
   linear factor: t = E(5)+1/2*E(5)^2+1/2*E(5)^3+E(5)^4 ~ -0.1909830056250527
AU-PASS  {5/2,5,5/2} m=5 k=2: every real root accounted for (exact roots + KW-killed = Sturm count, nothing unresolved)

-- target ord(X) = 6 (k = 1), tr(X) = 3 ~ 3.; degree 4; exact number of distinct real roots (Sturm) = 0
   irreducible factor of degree 4 with 0 real roots: t^4+(-3*E(5)-3/2*E(5)^2-3/2*E(5)^3-3*E(5)^4)*t^3+(-17/4*E(5)-7/4*E(5)^2-7/4*E(5)^3-17/4*E(5)^4)*t^2+(-15/8*E(5)-3/4*E(5)^2-3/4*E(5)^3-15/8*E(5)^4)*t+(-5/16*E(5)-1/8*E(5)^2-1/8*E(5)^3-5/16*E(5)^4)
      no real roots
AU-PASS  {5/2,5,5/2} m=6 k=1: every real root accounted for (exact roots + KW-killed = Sturm count, nothing unresolved)

-- target ord(X) = 10 (k = 1), tr(X) = -2*E(5)-3*E(5)^2-3*E(5)^3-2*E(5)^4 ~ 3.618033988749895; degree 4; exact number of distinct real roots (Sturm) = 0
   irreducible factor of degree 4 with 0 real roots: t^4+(1/4*E(5)-1/4*E(5)^2-1/4*E(5)^3+1/4*E(5)^4)*t^3+(13/8*E(5)+1/2*E(5)^2+1/2*E(5)^3+13/8*E(5)^4)*t^2+(1/4*E(5)+1/16*E(5)^2+1/16*E(5)^3+1/4*E(5)^4)*t+(-5/16*E(5)-1/8*E(5)^2-1/8*E(5)^3-5/16*E(5)^4)
      no real roots
AU-PASS  {5/2,5,5/2} m=10 k=1: every real root accounted for (exact roots + KW-killed = Sturm count, nothing unresolved)

-- target ord(X) = 10 (k = 3), tr(X) = -3*E(5)-2*E(5)^2-2*E(5)^3-3*E(5)^4 ~ 1.381966011250106; degree 4; exact number of distinct real roots (Sturm) = 0
   factor of degree 1 with NON-REAL coefficients (its complex-conjugate factor also occurs; no real roots): t+(-1/2*E(5)-1/2*E(5)^2-1/2*E(5)^4)
   factor of degree 1 with NON-REAL coefficients (its complex-conjugate factor also occurs; no real roots): t+(-1/2*E(5)-1/2*E(5)^3-1/2*E(5)^4)
   factor of degree 1 with NON-REAL coefficients (its complex-conjugate factor also occurs; no real roots): t+(-1/2*E(5)-1/2*E(5)^3)
   factor of degree 1 with NON-REAL coefficients (its complex-conjugate factor also occurs; no real roots): t+(-1/2*E(5)^2-1/2*E(5)^4)
AU-PASS  {5/2,5,5/2} m=10 k=3: every real root accounted for (exact roots + KW-killed = Sturm count, nothing unresolved)

-- verification of every exact real root (6 base vertices incl. t = infinity) --
AU-PASS  row 10 {5/2,5,5/2} m=2 k=1 t=1/2*E(5)+1/2*E(5)^4: A is an orthogonal involution inverting S1 and fixing w
AU-PASS  row 10 {5/2,5,5/2} m=2 k=1 t=1/2*E(5)+1/2*E(5)^4: (S2 X)^2 = (S1 S2 X)^2 = 1, X fixes w and w S1^-1, det X = 1
   row 10 {5/2,5,5/2} m=2 k=1 t=1/2*E(5)+1/2*E(5)^4: alpha ~ 0.5, ord(X) = 2, tr(X) = 0
AU-PASS  row 10 {5/2,5,5/2} m=2 k=1 t=1/2*E(5)+1/2*E(5)^4: ord(X) equals the target m = 2
      vertex-figure group <S2,X>: neighbour orbit finite: true (size 5), order fail -
      => REJECTED: ord(X) < 3 (degenerate)
AU-PASS  row 10 {5/2,5,5/2} m=2 k=1 t=-1/2*E(5)-1/2*E(5)^4: A is an orthogonal involution inverting S1 and fixing w
AU-PASS  row 10 {5/2,5,5/2} m=2 k=1 t=-1/2*E(5)-1/2*E(5)^4: (S2 X)^2 = (S1 S2 X)^2 = 1, X fixes w and w S1^-1, det X = 1
   row 10 {5/2,5,5/2} m=2 k=1 t=-1/2*E(5)-1/2*E(5)^4: alpha ~ infinity, ord(X) = 2, tr(X) = 0
AU-PASS  row 10 {5/2,5,5/2} m=2 k=1 t=-1/2*E(5)-1/2*E(5)^4: ord(X) equals the target m = 2
      vertex-figure group <S2,X>: neighbour orbit finite: true (size 5), order 10 D10
      => REJECTED: ord(X) < 3 (degenerate)
AU-PASS  row 10 {5/2,5,5/2} m=5 k=2 t=0: A is an orthogonal involution inverting S1 and fixing w
AU-PASS  row 10 {5/2,5,5/2} m=5 k=2 t=0: (S2 X)^2 = (S1 S2 X)^2 = 1, X fixes w and w S1^-1, det X = 1
   row 10 {5/2,5,5/2} m=5 k=2 t=0: alpha ~ 1., ord(X) = 5, tr(X) = -2*E(5)-E(5)^2-E(5)^3-2*E(5)^4
AU-PASS  row 10 {5/2,5,5/2} m=5 k=2 t=0: ord(X) equals the target m = 5
      vertex-figure group <S2,X>: neighbour orbit finite: true (size 12), order 60 A5
      Gamma: orbit finite true, |V| = 120, |Gamma| = 7200, orders [ 15, 5, 5 ], relations true, IP false (defect 12), coset f-vector [ 120, 720, 240, 1 ], directly regular false
      => REJECTED: intersection condition fails (defect 12)
AU-PASS  row 10 {5/2,5,5/2} m=5 k=2 t=-1/2: A is an orthogonal involution inverting S1 and fixing w
AU-PASS  row 10 {5/2,5,5/2} m=5 k=2 t=-1/2: (S2 X)^2 = (S1 S2 X)^2 = 1, X fixes w and w S1^-1, det X = 1
   row 10 {5/2,5,5/2} m=5 k=2 t=-1/2: alpha ~ -1.618033988749895, ord(X) = 5, tr(X) = -2*E(5)-E(5)^2-E(5)^3-2*E(5)^4
AU-PASS  row 10 {5/2,5,5/2} m=5 k=2 t=-1/2: ord(X) equals the target m = 5
      vertex-figure group <S2,X>: neighbour orbit finite: true (size 12), order 60 A5
      Gamma: orbit finite true, |V| = 120, |Gamma| = 7200, orders [ 15, 5, 5 ], relations true, IP false (defect 12), coset f-vector [ 120, 720, 240, 1 ], directly regular false
      => REJECTED: intersection condition fails (defect 12)
AU-PASS  row 10 {5/2,5,5/2} m=5 k=2 t=E(5)+1/2*E(5)^2+1/2*E(5)^3+E(5)^4: A is an orthogonal involution inverting S1 and fixing w
AU-PASS  row 10 {5/2,5,5/2} m=5 k=2 t=E(5)+1/2*E(5)^2+1/2*E(5)^3+E(5)^4: (S2 X)^2 = (S1 S2 X)^2 = 1, X fixes w and w S1^-1, det X = 1
   row 10 {5/2,5,5/2} m=5 k=2 t=E(5)+1/2*E(5)^2+1/2*E(5)^3+E(5)^4: alpha ~ 2.618033988749895, ord(X) = 5, tr(X) = -2*E(5)-E(5)^2-E(5)^3-2*E(5)^4
AU-PASS  row 10 {5/2,5,5/2} m=5 k=2 t=E(5)+1/2*E(5)^2+1/2*E(5)^3+E(5)^4: ord(X) equals the target m = 5
      vertex-figure group <S2,X>: neighbour orbit finite: true (size 12), order 60 A5
      Gamma: orbit finite true, |V| = 120, |Gamma| = 7200, orders [ 15, 5, 5 ], relations true, IP false (defect 12), coset f-vector [ 120, 720, 240, 1 ], directly regular false
      => REJECTED: intersection condition fails (defect 12)
AU-PASS  row 10 {5/2,5,5/2} m=inf k=- t=infinity: A is an orthogonal involution inverting S1 and fixing w
AU-PASS  row 10 {5/2,5,5/2} m=inf k=- t=infinity: (S2 X)^2 = (S1 S2 X)^2 = 1, X fixes w and w S1^-1, det X = 1
   row 10 {5/2,5,5/2} m=inf k=- t=infinity: alpha ~ 0., ord(X) = 5, tr(X) = -2*E(5)-E(5)^2-E(5)^3-2*E(5)^4
      vertex-figure group <S2,X>: neighbour orbit finite: true (size 12), order 60 A5
      Gamma: orbit finite true, |V| = 120, |Gamma| = 7200, orders [ 15, 5, 5 ], relations true, IP false (defect 12), coset f-vector [ 120, 720, 240, 1 ], directly regular false
      => REJECTED: intersection condition fails (defect 12)


############################################################
## AUDIT SUMMARY
############################################################
survivors (faithful skeletal 4-polytopes) found by the independent Level-3 sweep: 24
  row 2 {4,3,3} m=3 k=1 t=1/2 alpha~0.5 |Gamma|=192 f=[ 16, 32, 12, 4 ] dr=false
  row 2 {4,3,3} m=3 k=1 t=-1/4 alpha~2. |Gamma|=192 f=[ 16, 32, 12, 4 ] dr=false
  row 2 {4,3,3} m=3 k=1 t=-1/2 alpha~infinity |Gamma|=192 f=[ 16, 32, 12, 4 ] dr=false
  row 2 {4,3,3} m=inf k=- t=infinity alpha~0. |Gamma|=192 f=[ 16, 32, 12, 4 ] dr=false
  row 4 {5,3,3} m=3 k=1 t=-1/2*E(5)-3/2*E(5)^2-3/2*E(5)^3-1/2*E(5)^4 alpha~0.3041135359756636 |Gamma|=7200 f=[ 600, 1200, 120, 5 ] dr=false
  row 4 {5,3,3} m=inf k=- t=infinity alpha~0. |Gamma|=7200 f=[ 600, 1200, 120, 5 ] dr=false
  row 7 {5,3,5/2} m=3 k=1 t=E(40)^7+3/2*E(40)^8-E(40)^13+3*E(40)^16-2*E(40)^21+E(40)^23+3*E(40)^24-2*E(40)^29+2*E(40)^31+3/2*E(40)^32-E(40)^37+2*E(40)^39 alpha~1.815487037832028 |Gamma|=2880 f=[ 240, 480, 120, 20 ] dr=true
  row 7 {5,3,5/2} m=3 k=1 t=-E(40)^7+3/2*E(40)^8+E(40)^13+3*E(40)^16+2*E(40)^21-E(40)^23+3*E(40)^24+2*E(40)^29-2*E(40)^31+3/2*E(40)^32+E(40)^37-2*E(40)^39 alpha~-0.07013104533209813 |Gamma|=2880 f=[ 240, 480, 120, 20 ] dr=true
  row 7 {5,3,5/2} m=3 k=1 t=-1/2*E(40)^16+1/2*E(40)^21-1/2*E(40)^24+1/2*E(40)^29-1/2*E(40)^31-1/2*E(40)^39 alpha~3.03224755112299 |Gamma|=2880 f=[ 240, 480, 120, 20 ] dr=true
  row 7 {5,3,5/2} m=3 k=1 t=-1/2*E(40)^16-1/2*E(40)^21-1/2*E(40)^24-1/2*E(40)^29+1/2*E(40)^31+1/2*E(40)^39 alpha~0.2038204263767999 |Gamma|=2880 f=[ 240, 480, 120, 20 ] dr=true
  row 7 {5,3,5/2} m=4 k=1 t=1/2*E(40)^8+E(40)^16+1/2*E(40)^21+E(40)^24+1/2*E(40)^29-1/2*E(40)^31+1/2*E(40)^32-1/2*E(40)^39 alpha~-0.2559980601477475 |Gamma|=1152 f=[ 48, 144, 48, 8 ] dr=false
  row 7 {5,3,5/2} m=4 k=1 t=1/2*E(40)^8+E(40)^16-1/2*E(40)^21+E(40)^24-1/2*E(40)^29+1/2*E(40)^31+1/2*E(40)^32+1/2*E(40)^39 alpha~1.492066037647537 |Gamma|=1152 f=[ 48, 144, 48, 8 ] dr=false
  row 7 {5,3,5/2} m=4 k=1 t=1/2*E(40)^7+1/2*E(40)^8-1/2*E(40)^13-1/2*E(40)^21+1/2*E(40)^23-1/2*E(40)^29+1/2*E(40)^31+1/2*E(40)^32-1/2*E(40)^37+1/2*E(40)^39 alpha~0.3297883774791578 |Gamma|=1152 f=[ 48, 144, 48, 8 ] dr=false
  row 7 {5,3,5/2} m=4 k=1 t=-1/2*E(40)^7+1/2*E(40)^8+1/2*E(40)^13+1/2*E(40)^21-1/2*E(40)^23+1/2*E(40)^29-1/2*E(40)^31+1/2*E(40)^32+1/2*E(40)^37-1/2*E(40)^39 alpha~4.906279600020631 |Gamma|=1152 f=[ 48, 144, 48, 8 ] dr=false
  row 7 {5,3,5/2} m=5 k=1 t=0 alpha~1. |Gamma|=7200 f=[ 120, 720, 300, 50 ] dr=false
  row 7 {5,3,5/2} m=5 k=1 t=-1 alpha~-1. |Gamma|=7200 f=[ 120, 720, 300, 50 ] dr=false
  row 7 {5,3,5/2} m=5 k=1 t=1/2*E(5)+1/2*E(5)^4 alpha~0.6180339887498947 |Gamma|=7200 f=[ 120, 720, 300, 50 ] dr=false
  row 7 {5,3,5/2} m=5 k=1 t=1/10*E(5)+2/5*E(5)^2+2/5*E(5)^3+1/10*E(5)^4 alpha~-5.854101966249684 |Gamma|=7200 f=[ 120, 720, 300, 50 ] dr=false
  row 7 {5,3,5/2} m=5 k=2 t=-1/4 alpha~2. |Gamma|=7200 f=[ 120, 720, 300, 50 ] dr=false
  row 7 {5,3,5/2} m=5 k=2 t=-1/2*E(5)-1/2*E(5)^4 alpha~2.618033988749895 |Gamma|=7200 f=[ 120, 720, 300, 50 ] dr=false
  row 7 {5,3,5/2} m=5 k=2 t=-1/2*E(5)-2*E(5)^2-2*E(5)^3-1/2*E(5)^4 alpha~0.1458980337503162 |Gamma|=7200 f=[ 120, 720, 300, 50 ] dr=false
  row 7 {5,3,5/2} m=inf k=- t=infinity alpha~0. |Gamma|=7200 f=[ 120, 720, 300, 50 ] dr=false
  row 8 {3,3,5/2} m=3 k=1 t=0 alpha~1. |Gamma|=7200 f=[ 600, 1200, 120, 5 ] dr=false
  row 8 {3,3,5/2} m=3 k=1 t=-1/4*E(5)-1/4*E(5)^4 alpha~-6.938527151143623 |Gamma|=7200 f=[ 600, 1200, 120, 5 ] dr=false

survivors with vertex-figure type (q,m) = (5,5) [the case the producer excluded a priori]: 0
survivors with ord(X) not in {3,4,5}: 3
AU-PASS  number of survivors of the independent sweep = 24
AU-PASS  survivors with a (5,5) vertex-figure = 0

l3-audit.g: 421 passed, 11 failed.
FAILED: [ "{4,3,3} m=5 k=2: every real root accounted for (exact roots + KW-killed = Sturm count, nothing unresolved)", "{4,3,3} m=10 k=3: every real root accounted for (exact roots + KW-killed = Sturm count, nothing unresolved)", "{3,4,3} m=5 k=2: every real root accounted for (exact roots + KW-killed = Sturm count, nothing unresolved)", "{5,3,3} m=10 k=3: every real root accounted for (exact roots + KW-killed = Sturm count, nothing unresolved)", "{5,5/2,5} m=4 k=1: every real root accounted for (exact roots + KW-killed = Sturm count, nothing unresolved)", "{5,5/2,5} m=5 k=2: every real root accounted for (exact roots + KW-killed = Sturm count, nothing unresolved)", "{5,5/2,5} m=10 k=3: every real root accounted for (exact roots + KW-killed = Sturm count, nothing unresolved)", "{5,3,5/2} m=10 k=3: every real root accounted for (exact roots + KW-killed = Sturm count, nothing unresolved)", "{3,5/2,5} m=4 k=1: every real root accounted for (exact roots + KW-killed = Sturm count, nothing unresolved)", "{3,5/2,5} m=5 k=2: every real root accounted for (exact roots + KW-killed = Sturm count, nothing unresolved)", "{3,5/2,5} m=10 k=3: every real root accounted for (exact roots + KW-killed = Sturm count, nothing unresolved)" ]
Done: l3-audit.g
gap exit: 
finished: 2026-09-09T16:10:16Z
